-0.003569,0.019387,0.790411,-0.009762,-0.004026,-0.706544,0.707590,0.030887,0.112862,0.268657,0.120227,-0.133949,-0.103735,-0.000883,-0.076965,-0.164104,0.143244,-0.116365,0.073555,-0.062453,0.007515,0.164892,-0.056825,0.343447,-0.656433,0.907041,0.367124,-0.060104,-0.030775,-0.039946,-0.315072,0.618930,0.930011,-0.166977,0.089648,-0.049668
-0.003702,0.019461,0.790418,-0.009873,-0.004016,-0.706236,0.707896,0.030560,0.113246,0.267782,0.120143,-0.132760,-0.104745,-0.000519,-0.076727,-0.165272,0.142869,-0.115991,0.073531,-0.062704,0.007520,0.165820,-0.056594,0.344233,-0.654790,0.903832,0.369535,-0.060208,-0.032097,-0.042908,-0.316204,0.623107,0.930832,-0.162148,0.089193,-0.045072
-0.003842,0.019587,0.790435,-0.009979,-0.004004,-0.705956,0.708174,0.030286,0.113620,0.266997,0.120074,-0.131738,-0.105738,-0.000118,-0.076469,-0.166342,0.142430,-0.115632,0.073569,-0.063187,0.007612,0.166738,-0.056005,0.345097,-0.652853,0.900397,0.371906,-0.060321,-0.033448,-0.045489,-0.317767,0.627508,0.931137,-0.157246,0.088793,-0.040775
-0.004003,0.019815,0.790494,-0.010091,-0.003998,-0.705619,0.708508,0.029898,0.113981,0.266046,0.119986,-0.130399,-0.106801,0.000201,-0.076250,-0.167604,0.142114,-0.115238,0.073490,-0.063695,0.007746,0.167950,-0.055551,0.346078,-0.650736,0.896564,0.374517,-0.060487,-0.034837,-0.048477,-0.319680,0.632060,0.931175,-0.152132,0.088416,-0.035744
-0.004224,0.020139,0.790574,-0.010203,-0.004022,-0.705141,0.708982,0.029204,0.114335,0.264670,0.119875,-0.128268,-0.108031,0.000375,-0.076107,-0.169351,0.141978,-0.114678,0.073123,-0.064339,0.007895,0.169814,-0.055408,0.347378,-0.648137,0.891833,0.377709,-0.060780,-0.036312,-0.052784,-0.322055,0.637080,0.931107,-0.146550,0.088059,-0.028944
-0.004512,0.020577,0.790693,-0.010340,-0.004129,-0.704499,0.709618,0.028295,0.114659,0.262832,0.119747,-0.125203,-0.109364,0.000472,-0.076100,-0.171678,0.142175,-0.114025,0.072418,-0.065317,0.007959,0.172503,-0.055238,0.349148,-0.644580,0.885576,0.381897,-0.061154,-0.038004,-0.058459,-0.324955,0.642639,0.930703,-0.139950,0.087715,-0.019591
-0.004864,0.021134,0.790838,-0.010492,-0.004292,-0.703737,0.710371,0.026918,0.115041,0.260626,0.120264,-0.121809,-0.110790,0.000513,-0.076175,-0.174428,0.142581,-0.113275,0.071479,-0.066576,0.007954,0.175844,-0.054912,0.351447,-0.640264,0.877944,0.386778,-0.061596,-0.039876,-0.065096,-0.328358,0.648632,0.929864,-0.132623,0.087434,-0.008391
-0.005265,0.021830,0.791023,-0.010599,-0.004427,-0.702871,0.711225,0.025191,0.115384,0.258095,0.120639,-0.117810,-0.112470,0.000288,-0.076271,-0.177493,0.143030,-0.112315,0.070365,-0.067808,0.008011,0.179698,-0.054913,0.354355,-0.635920,0.869545,0.391621,-0.062217,-0.041740,-0.072852,-0.332264,0.655106,0.928808,-0.125513,0.087287,0.003460
-0.005631,0.022688,0.791220,-0.010608,-0.004445,-0.701918,0.712165,0.022986,0.115680,0.255250,0.120606,-0.113204,-0.114568,-0.000380,-0.076299,-0.180774,0.143285,-0.110990,0.069128,-0.068689,0.008286,0.183926,-0.055704,0.357959,-0.632274,0.860964,0.395728,-0.063124,-0.043409,-0.081869,-0.336694,0.662095,0.927749,-0.119560,0.087310,0.014774
-0.006047,0.023690,0.791410,-0.010570,-0.004306,-0.700890,0.713178,0.020297,0.116097,0.252199,0.120254,-0.108112,-0.117220,-0.001445,-0.076101,-0.184215,0.143249,-0.109258,0.067750,-0.069184,0.008906,0.188560,-0.057258,0.362317,-0.629576,0.851970,0.399191,-0.064139,-0.044883,-0.092299,-0.341695,0.670083,0.926948,-0.114217,0.087089,0.025681
-0.006540,0.024895,0.791571,-0.010552,-0.003987,-0.699763,0.714286,0.014172,0.117572,0.248479,0.126148,-0.105908,-0.120340,-0.002768,-0.075548,-0.187959,0.142867,-0.107106,0.066198,-0.069482,0.009959,0.193654,-0.059324,0.367443,-0.627420,0.842266,0.402280,-0.065270,-0.046262,-0.103981,-0.347263,0.678895,0.926129,-0.109266,0.086735,0.036686
-0.007044,0.026174,0.791750,-0.010508,-0.003467,-0.698513,0.715512,0.004053,0.120075,0.243748,0.139133,-0.106920,-0.123715,-0.004462,-0.074740,-0.192128,0.142156,-0.104516,0.064513,-0.069526,0.011446,0.199136,-0.062133,0.373344,-0.625656,0.832434,0.404485,-0.066892,-0.047504,-0.116645,-0.353325,0.687622,0.924807,-0.106095,0.087007,0.047147
-0.007565,0.027569,0.791957,-0.010297,-0.002832,-0.697135,0.716860,-0.006545,0.122216,0.238255,0.151322,-0.106862,-0.127081,-0.006731,-0.074117,-0.196732,0.141385,-0.101597,0.062765,-0.069168,0.013045,0.204928,-0.065933,0.380012,-0.624178,0.823094,0.405302,-0.069379,-0.048565,-0.129866,-0.359751,0.695196,0.922439,-0.106241,0.088625,0.056418
-0.008135,0.029173,0.792180,-0.009877,-0.002084,-0.695659,0.718301,-0.017713,0.123961,0.231965,0.162792,-0.105871,-0.130299,-0.009629,-0.073694,-0.201735,0.140470,-0.098237,0.061063,-0.068257,0.014725,0.210885,-0.070913,0.387498,-0.623670,0.814447,0.404583,-0.073323,-0.049096,-0.143835,-0.366476,0.701813,0.919482,-0.110441,0.091792,0.064492
-0.008720,0.030887,0.792361,-0.009227,-0.001289,-0.694086,0.719831,-0.029711,0.125308,0.225004,0.174329,-0.104377,-0.133506,-0.013204,-0.073575,-0.207053,0.139690,-0.094625,0.059357,-0.066844,0.016350,0.217042,-0.076894,0.395808,-0.624029,0.806166,0.402598,-0.078356,-0.049252,-0.158653,-0.373491,0.707868,0.916124,-0.117858,0.096047,0.071691
-0.009372,0.032750,0.792462,-0.008245,-0.000567,-0.692375,0.721490,-0.042483,0.125815,0.217531,0.185867,-0.102191,-0.136866,-0.022318,-0.075316,-0.212260,0.149727,-0.096487,0.057545,-0.065075,0.017517,0.223474,-0.083697,0.404840,-0.624060,0.798242,0.399367,-0.083420,-0.049740,-0.173929,-0.380753,0.712750,0.911580,-0.127489,0.101116,0.077849
-0.010082,0.034719,0.792557,-0.007063,0.000111,-0.690433,0.723362,-0.056071,0.125704,0.209404,0.197745,-0.099329,-0.140640,-0.033039,-0.077963,-0.217842,0.162624,-0.099736,0.055378,-0.063257,0.018416,0.230423,-0.091167,0.414416,-0.622530,0.790731,0.394934,-0.087447,-0.051234,-0.189302,-0.388237,0.715801,0.905106,-0.138388,0.106748,0.082789
-0.010826,0.036810,0.792670,-0.005704,0.000714,-0.688277,0.725425,-0.070278,0.124934,0.200701,0.209790,-0.095601,-0.144771,-0.044436,-0.081372,-0.223812,0.176500,-0.103332,0.052702,-0.061292,0.019065,0.237970,-0.099445,0.424439,-0.619403,0.784074,0.389229,-0.090749,-0.053783,-0.204672,-0.395896,0.716598,0.896518,-0.151906,0.113635,0.086405
-0.011711,0.039065,0.792767,-0.004138,0.001254,-0.685928,0.727657,-0.085129,0.123519,0.191417,0.221933,-0.091078,-0.149183,-0.056680,-0.085516,-0.230118,0.191573,-0.107316,0.049678,-0.059100,0.019514,0.245959,-0.108660,0.434890,-0.615303,0.778323,0.382259,-0.093686,-0.057063,-0.220343,-0.403734,0.715667,0.886381,-0.167966,0.121664,0.088886
-0.012669,0.041423,0.792802,-0.002421,0.001854,-0.683314,0.730119,-0.100983,0.121583,0.181360,0.234597,-0.086119,-0.154141,-0.069479,-0.090188,-0.236931,0.207178,-0.111595,0.046569,-0.056991,0.019868,0.254231,-0.118594,0.445678,-0.609907,0.772926,0.374242,-0.095251,-0.061172,-0.236330,-0.411804,0.713589,0.874839,-0.183647,0.129424,0.090423
-0.013690,0.043844,0.792806,-0.000560,0.002580,-0.680357,0.732876,-0.118122,0.119238,0.170344,0.248027,-0.081062,-0.159906,-0.082508,-0.095157,-0.244441,0.222587,-0.116050,0.043614,-0.055324,0.020246,0.262635,-0.129054,0.456686,-0.602855,0.767385,0.365413,-0.094439,-0.066187,-0.252738,-0.420209,0.711066,0.862080,-0.195928,0.135511,0.091119
-0.014789,0.046405,0.792725,0.001520,0.003462,-0.677007,0.735967,-0.136893,0.116327,0.158313,0.262502,-0.075961,-0.166226,-0.095943,-0.100570,-0.252737,0.237844,-0.120742,0.040768,-0.054189,0.020534,0.271135,-0.140237,0.467835,-0.593942,0.762387,0.354346,-0.090494,-0.072613,-0.269607,-0.428990,0.708143,0.848053,-0.203635,0.139670,0.090879
-0.015996,0.049035,0.792558,0.003805,0.004447,-0.673307,0.739340,-0.157043,0.112772,0.145396,0.277850,-0.070701,-0.173135,-0.109807,-0.106518,-0.261686,0.253172,-0.125662,0.037933,-0.053418,0.020721,0.279785,-0.152246,0.479101,-0.583415,0.758117,0.341477,-0.084068,-0.080166,-0.286898,-0.438149,0.704561,0.832685,-0.208462,0.142649,0.089635
-0.017237,0.051764,0.792287,0.006114,0.005531,-0.669321,0.742928,-0.178185,0.108845,0.131651,0.294086,-0.065522,-0.181394,-0.123910,-0.112751,-0.271119,0.268843,-0.130965,0.035242,-0.052944,0.021098,0.288605,-0.164695,0.490439,-0.571544,0.753222,0.329884,-0.076310,-0.087758,-0.304549,-0.447728,0.700583,0.815998,-0.211575,0.144557,0.087478
-0.018593,0.054562,0.791893,0.008268,0.006709,-0.665112,0.746668,-0.199962,0.104814,0.117114,0.311269,-0.060709,-0.191805,-0.137883,-0.118967,-0.280899,0.284724,-0.136675,0.032817,-0.052744,0.021951,0.297606,-0.177147,0.501798,-0.558548,0.746335,0.322615,-0.068435,-0.094378,-0.322500,-0.457811,0.696482,0.798039,-0.214192,0.145497,0.084518
-0.020079,0.057409,0.791303,0.010269,0.008066,-0.660586,0.750636,-0.223001,0.100791,0.102045,0.330245,-0.056570,-0.204354,-0.151658,-0.124992,-0.291248,0.300444,-0.142719,0.030693,-0.052899,0.023392,0.306777,-0.189992,0.513135,-0.544289,0.738199,0.319034,-0.059913,-0.100767,-0.340779,-0.468469,0.692354,0.778728,-0.215190,0.145280,0.080580
-0.021585,0.060320,0.790610,0.012205,0.009574,-0.655738,0.754829,-0.247298,0.096500,0.086361,0.350823,-0.053089,-0.218874,-0.165446,-0.131064,-0.302148,0.316246,-0.149176,0.028758,-0.053396,0.025254,0.316086,-0.203375,0.524436,-0.528774,0.729336,0.318005,-0.050438,-0.107164,-0.359292,-0.479727,0.688015,0.757975,-0.214451,0.143920,0.075680
-0.023039,0.063276,0.789737,0.014024,0.011057,-0.650767,0.759067,-0.271576,0.091628,0.069576,0.371623,-0.050177,-0.235930,-0.179597,-0.137567,-0.313063,0.333524,-0.156434,0.026945,-0.054033,0.027407,0.325530,-0.216424,0.535705,-0.512398,0.717910,0.321804,-0.041619,-0.111904,-0.377915,-0.491607,0.683449,0.735832,-0.214475,0.141839,0.070203
-0.024533,0.066241,0.788664,0.015673,0.012335,-0.645884,0.763175,-0.294443,0.085882,0.051210,0.391046,-0.047681,-0.256034,-0.194303,-0.144833,-0.323460,0.353322,-0.164785,0.025232,-0.054603,0.029726,0.335115,-0.228258,0.546964,-0.495552,0.702047,0.332622,-0.035055,-0.113349,-0.396500,-0.504123,0.678600,0.712324,-0.217819,0.139474,0.064527
-0.025856,0.069309,0.787412,0.018009,0.012632,-0.640716,0.767463,-0.313953,0.074963,0.033641,0.404328,-0.043136,-0.261800,-0.211686,-0.156953,-0.332741,0.380706,-0.176521,0.024531,-0.055873,0.030264,0.344305,-0.240073,0.557163,-0.479122,0.683552,0.355147,-0.031517,-0.110090,-0.415851,-0.515853,0.673488,0.689321,-0.225445,0.137026,0.059209
-0.027062,0.072332,0.785925,0.020651,0.012319,-0.635372,0.771832,-0.331468,0.061226,0.016463,0.414731,-0.038269,-0.261800,-0.230245,-0.171827,-0.341140,0.412187,-0.190077,0.024495,-0.057767,0.029809,0.354580,-0.249390,0.568890,-0.460871,0.658643,0.386654,-0.029894,-0.103800,-0.434210,-0.530064,0.667641,0.662117,-0.235481,0.134389,0.054116
-0.028209,0.075331,0.784260,0.023409,0.011756,-0.630240,0.775958,-0.348142,0.047032,0.000297,0.425889,-0.035190,-0.261800,-0.249247,-0.187637,-0.348262,0.444974,-0.204035,0.024771,-0.059165,0.028912,0.364614,-0.257840,0.580535,-0.442300,0.629852,0.418520,-0.028928,-0.095979,-0.452535,-0.544881,0.661813,0.633802,-0.247564,0.131162,0.047810
-0.029293,0.078278,0.782376,0.026402,0.011124,-0.625599,0.779618,-0.364649,0.033410,-0.013413,0.439756,-0.034833,-0.261800,-0.268912,-0.203854,-0.353575,0.478071,-0.217862,0.025287,-0.059814,0.027514,0.373784,-0.264697,0.591941,-0.422926,0.596498,0.442316,-0.027594,-0.088526,-0.471086,-0.560315,0.656868,0.604830,-0.261030,0.127065,0.038996
-0.030371,0.081171,0.780323,0.029784,0.010306,-0.621386,0.782870,-0.380544,0.018997,-0.025798,0.454429,-0.035820,-0.261800,-0.289589,-0.221133,-0.356878,0.512095,-0.231782,0.026436,-0.059920,0.025358,0.381911,-0.269713,0.603056,-0.402594,0.557885,0.457327,-0.025632,-0.081199,-0.490038,-0.576454,0.653331,0.575191,-0.277242,0.121875,0.027074
-0.031392,0.084060,0.778115,0.033434,0.009282,-0.617499,0.785806,-0.395703,0.003808,-0.037231,0.469556,-0.038107,-0.261800,-0.311153,-0.239271,-0.358441,0.547253,-0.245906,0.028241,-0.059635,0.022681,0.389333,-0.272946,0.613888,-0.381234,0.514292,0.467651,-0.023615,-0.073211,-0.509186,-0.593312,0.650775,0.544564,-0.296129,0.115946,0.012749
-0.032466,0.086816,0.775773,0.037045,0.008439,-0.614122,0.788296,-0.411666,-0.009067,-0.045383,0.489579,-0.044276,-0.261800,-0.332987,-0.256359,-0.358730,0.581476,-0.259435,0.029995,-0.058592,0.020254,0.396051,-0.274650,0.624371,-0.358975,0.466950,0.471796,-0.021965,-0.065613,-0.528488,-0.610719,0.648680,0.513320,-0.314691,0.109820,-0.003303
-0.033584,0.089521,0.773260,0.040288,0.008206,-0.611430,0.790230,-0.429846,-0.016474,-0.048154,0.518403,-0.056302,-0.261800,-0.354551,-0.270541,-0.358389,0.612900,-0.271652,0.030889,-0.056477,0.018939,0.401981,-0.275004,0.634342,-0.335895,0.417082,0.468370,-0.021135,-0.059431,-0.547635,-0.628352,0.646295,0.481771,-0.330148,0.103939,-0.020382
-0.034855,0.092125,0.770606,0.042951,0.008843,-0.609627,0.791474,-0.450905,-0.017208,-0.046082,0.557509,-0.075376,-0.261800,-0.375967,-0.280909,-0.357666,0.641344,-0.282591,0.030371,-0.052878,0.019342,0.406764,-0.273768,0.643745,-0.311790,0.364264,0.455079,-0.021385,-0.055168,-0.567234,-0.646138,0.644457,0.450433,-0.342618,0.098385,-0.039636
-0.036151,0.094622,0.767887,0.045098,0.010157,-0.608603,0.792127,-0.473494,-0.012557,-0.040748,0.603569,-0.099318,-0.261800,-0.397421,-0.288246,-0.356535,0.667867,-0.292685,0.028892,-0.048108,0.021229,0.410501,-0.270683,0.652564,-0.286519,0.308017,0.433331,-0.022479,-0.052171,-0.587013,-0.664050,0.643193,0.418953,-0.353577,0.092933,-0.060999
-0.037490,0.097109,0.765089,0.046803,0.011903,-0.608053,0.792426,-0.495970,-0.002890,-0.031776,0.653329,-0.125071,-0.261800,-0.418465,-0.293321,-0.355271,0.692645,-0.301903,0.027059,-0.042732,0.024229,0.413854,-0.266299,0.660606,-0.260563,0.249689,0.407275,-0.024114,-0.049689,-0.606708,-0.681756,0.641038,0.387736,-0.361543,0.087305,-0.081929
-0.038908,0.099663,0.762203,0.048195,0.013805,-0.607667,0.792608,-0.516861,0.011389,-0.018630,0.703942,-0.149884,-0.261800,-0.438696,-0.297055,-0.354055,0.715865,-0.310229,0.025478,-0.037383,0.027811,0.417277,-0.261635,0.667554,-0.234704,0.191213,0.381017,-0.025996,-0.046902,-0.624771,-0.698769,0.635776,0.356511,-0.365786,0.081140,-0.099901
-0.040295,0.102058,0.759345,0.049188,0.015941,-0.607627,0.792537,-0.536216,0.032386,0.000423,0.756556,-0.173999,-0.261800,-0.458148,-0.298878,-0.352711,0.737299,-0.317449,0.024130,-0.031667,0.032144,0.420678,-0.257028,0.673123,-0.208971,0.132802,0.353448,-0.028333,-0.043594,-0.641820,-0.714843,0.627117,0.325919,-0.364880,0.073974,-0.114066
-0.041681,0.104404,0.756490,0.049635,0.018379,-0.608114,0.792084,-0.553877,0.060479,0.023653,0.811871,-0.198964,-0.261800,-0.476721,-0.298319,-0.351282,0.756919,-0.323685,0.022639,-0.025165,0.037581,0.423860,-0.252424,0.677232,-0.183375,0.074051,0.323203,-0.031205,-0.040122,-0.658352,-0.729940,0.616067,0.296468,-0.359807,0.065922,-0.125811
-0.042972,0.106650,0.753685,0.049679,0.020810,-0.608752,0.791530,-0.568566,0.092191,0.046994,0.866784,-0.223987,-0.261800,-0.493966,-0.296711,-0.350155,0.775275,-0.329402,0.021123,-0.018483,0.043699,0.427051,-0.248618,0.679897,-0.158917,0.016157,0.293981,-0.034120,-0.036486,-0.673183,-0.743874,0.602511,0.268231,-0.353055,0.057517,-0.135975
-0.044292,0.108796,0.750939,0.049546,0.022936,-0.609103,0.791210,-0.579565,0.123436,0.066947,0.918294,-0.248125,-0.261800,-0.509587,-0.295603,-0.349708,0.792926,-0.335056,0.019751,-0.012261,0.049930,0.430334,-0.246506,0.681186,-0.136796,-0.039631,0.269526,-0.036555,-0.032631,-0.685099,-0.756403,0.586191,0.241345,-0.347133,0.049334,-0.145411
-0.045532,0.110807,0.748302,0.049271,0.024693,-0.609152,0.791136,-0.586880,0.154184,0.083937,0.966742,-0.271663,-0.261800,-0.523512,-0.295145,-0.349892,0.809891,-0.340663,0.018597,-0.006499,0.056132,0.433723,-0.246272,0.681018,-0.117192,-0.093288,0.250465,-0.038113,-0.028104,-0.693781,-0.767235,0.566228,0.215757,-0.342373,0.041297,-0.153748
-0.046706,0.112690,0.745749,0.048740,0.026208,-0.609115,0.791149,-0.590850,0.186147,0.099590,1.013511,-0.295216,-0.261800,-0.535854,-0.294630,-0.350533,0.825939,-0.346036,0.017553,-0.000802,0.062591,0.437148,-0.247876,0.679394,-0.099822,-0.145153,0.234977,-0.039159,-0.023025,-0.700255,-0.776217,0.543069,0.192053,-0.337602,0.033177,-0.160734
-0.047642,0.114565,0.743302,0.049583,0.026765,-0.608178,0.791798,-0.591751,0.213473,0.118413,1.055262,-0.316512,-0.242569,-0.549147,-0.299441,-0.349856,0.843780,-0.352122,0.017601,0.002840,0.066092,0.439710,-0.251389,0.676631,-0.084861,-0.194743,0.223125,-0.040279,-0.018230,-0.704929,-0.783438,0.518421,0.170696,-0.332973,0.025347,-0.167443
-0.048361,0.116486,0.741011,0.051081,0.026929,-0.606431,0.793036,-0.590825,0.236201,0.135743,1.092354,-0.335390,-0.216599,-0.562398,-0.307268,-0.349284,0.861954,-0.358417,0.018021,0.004700,0.068259,0.441447,-0.256948,0.673198,-0.072482,-0.241575,0.214830,-0.042035,-0.014595,-0.708247,-0.789103,0.493945,0.152047,-0.328646,0.018177,-0.174932
-0.049048,0.118354,0.738792,0.052504,0.027076,-0.604034,0.794766,-0.588685,0.255362,0.148030,1.126070,-0.351807,-0.194712,-0.574362,-0.316018,-0.350114,0.879270,-0.364558,0.018235,0.005253,0.070570,0.442729,-0.264423,0.669330,-0.062617,-0.286123,0.210662,-0.044314,-0.012488,-0.709928,-0.793177,0.469271,0.135878,-0.325218,0.011909,-0.183439
-0.049725,0.120101,0.736696,0.053887,0.027152,-0.601075,0.796912,-0.585253,0.271779,0.156625,1.156921,-0.366174,-0.175576,-0.585093,-0.325669,-0.352046,0.895735,-0.370496,0.018338,0.004671,0.072816,0.443668,-0.273617,0.665033,-0.055041,-0.328695,0.210307,-0.046868,-0.011403,-0.710054,-0.795532,0.443777,0.121993,-0.322397,0.006305,-0.192417
-0.050395,0.121775,0.734734,0.055112,0.027263,-0.597815,0.799273,-0.580587,0.286420,0.162486,1.184485,-0.379020,-0.159310,-0.594644,-0.335359,-0.354745,0.910992,-0.376041,0.018268,0.003389,0.075121,0.444293,-0.284270,0.660412,-0.049547,-0.368918,0.212398,-0.050013,-0.010927,-0.709297,-0.796323,0.418550,0.110498,-0.319010,0.001013,-0.201738
-0.051077,0.123400,0.732913,0.056057,0.027520,-0.594517,0.801654,-0.574719,0.300248,0.166538,1.208380,-0.390913,-0.146066,-0.603104,-0.344230,-0.357879,0.924728,-0.380985,0.017951,0.001740,0.077587,0.444642,-0.295912,0.655594,-0.045760,-0.406487,0.215564,-0.054078,-0.010659,-0.708178,-0.795902,0.394724,0.101267,-0.313797,-0.004339,-0.211275
-0.051659,0.124933,0.731223,0.056644,0.027958,-0.591198,0.804049,-0.567715,0.312732,0.167935,1.228567,-0.401538,-0.136822,-0.610293,-0.352039,-0.361515,0.936728,-0.385343,0.017265,-0.000128,0.080486,0.444878,-0.308707,0.650576,-0.043588,-0.441519,0.220114,-0.059378,-0.010624,-0.706642,-0.794338,0.372145,0.094296,-0.306086,-0.009957,-0.221299
-0.052252,0.126441,0.729687,0.056962,0.028513,-0.587730,0.806546,-0.559687,0.323519,0.166748,1.245308,-0.410562,-0.131272,-0.616257,-0.359298,-0.365795,0.947287,-0.389215,0.016257,-0.002533,0.083611,0.444939,-0.322629,0.645339,-0.043019,-0.474196,0.226512,-0.065662,-0.010988,-0.704174,-0.791691,0.350288,0.089147,-0.296538,-0.015659,-0.231744
-0.052814,0.127883,0.728338,0.057129,0.029155,-0.584167,0.809096,-0.550605,0.333832,0.165241,1.258573,-0.418551,-0.127649,-0.621290,-0.366207,-0.370567,0.956555,-0.392545,0.015097,-0.005408,0.086626,0.444836,-0.337379,0.639929,-0.044108,-0.504545,0.233534,-0.072414,-0.011567,-0.701004,-0.788185,0.329460,0.085610,-0.286182,-0.021202,-0.241994
-0.053360,0.129289,0.727116,0.057264,0.029853,-0.580562,0.811651,-0.540422,0.344919,0.165630,1.268378,-0.426138,-0.124182,-0.625695,-0.372955,-0.375675,0.964710,-0.395286,0.013966,-0.008556,0.089300,0.444680,-0.352796,0.634378,-0.046996,-0.532582,0.239886,-0.079116,-0.012190,-0.697744,-0.783992,0.310028,0.083865,-0.276091,-0.026307,-0.251456
-0.053834,0.130648,0.726075,0.057321,0.030629,-0.576985,0.814165,-0.528880,0.356931,0.168004,1.274493,-0.433747,-0.120910,-0.629365,-0.379290,-0.381187,0.971538,-0.397330,0.012892,-0.011913,0.091624,0.444475,-0.368797,0.628648,-0.051689,-0.558420,0.245079,-0.085944,-0.012872,-0.693909,-0.779257,0.291943,0.083411,-0.265470,-0.030684,-0.260135
-0.054297,0.132035,0.725200,0.057265,0.031491,-0.573388,0.816674,-0.516070,0.369219,0.171450,1.277048,-0.440941,-0.118639,-0.632206,-0.385214,-0.387170,0.977067,-0.398756,0.011783,-0.015564,0.093722,0.444205,-0.385498,0.622691,-0.058108,-0.582042,0.249813,-0.093065,-0.013686,-0.688946,-0.774076,0.274836,0.083869,-0.253993,-0.034552,-0.268295
-0.054773,0.133400,0.724481,0.057230,0.032375,-0.569646,0.819256,-0.502406,0.381792,0.176670,1.276498,-0.447054,-0.116735,-0.634503,-0.391290,-0.393470,0.981725,-0.399734,0.010641,-0.019904,0.095338,0.443738,-0.402632,0.616592,-0.066020,-0.603189,0.254676,-0.099954,-0.014587,-0.682165,-0.768763,0.258396,0.084398,-0.243203,-0.038343,-0.275751
-0.055196,0.134763,0.723914,0.057344,0.033227,-0.565635,0.821988,-0.488298,0.394660,0.184335,1.273299,-0.451430,-0.114572,-0.636540,-0.398068,-0.399939,0.985926,-0.400433,0.009473,-0.024297,0.096810,0.443526,-0.421142,0.610318,-0.075965,-0.621730,0.259942,-0.106068,-0.015407,-0.677142,-0.763048,0.243220,0.088319,-0.235123,-0.042482,-0.282281
-0.055557,0.136165,0.723453,0.057653,0.034034,-0.561304,0.824898,-0.473560,0.408192,0.195173,1.267350,-0.454176,-0.112228,-0.638359,-0.405724,-0.406598,0.989725,-0.400857,0.008190,-0.029744,0.097509,0.443019,-0.440242,0.603962,-0.087399,-0.637422,0.266619,-0.111345,-0.016081,-0.670361,-0.757287,0.228664,0.092500,-0.229821,-0.047227,-0.287960
-0.055885,0.137573,0.723099,0.058087,0.034827,-0.556719,0.827935,-0.457981,0.422150,0.208754,1.258515,-0.455554,-0.110000,-0.639803,-0.413951,-0.413526,0.992901,-0.400919,0.006829,-0.035722,0.097725,0.442492,-0.460181,0.597440,-0.100577,-0.650591,0.274090,-0.116020,-0.016606,-0.662549,-0.751488,0.214708,0.097597,-0.226432,-0.052258,-0.292841
-0.056256,0.139036,0.722876,0.058604,0.035597,-0.551931,0.831066,-0.441981,0.435627,0.223982,1.247266,-0.455199,-0.107564,-0.640922,-0.422620,-0.420598,0.995557,-0.400693,0.005586,-0.042130,0.097595,0.441989,-0.480548,0.590754,-0.115182,-0.661255,0.280911,-0.120068,-0.017302,-0.654027,-0.745727,0.201357,0.103203,-0.224581,-0.057084,-0.296852
-0.056548,0.140528,0.722734,0.059164,0.036340,-0.546991,0.834254,-0.426034,0.447767,0.239695,1.234083,-0.452760,-0.104568,-0.641760,-0.431592,-0.427704,0.997789,-0.400263,0.004643,-0.048824,0.097290,0.441613,-0.501054,0.583992,-0.130862,-0.669390,0.285487,-0.123476,-0.018509,-0.645435,-0.740097,0.188704,0.109203,-0.223873,-0.061221,-0.299923
-0.056792,0.142064,0.722676,0.059782,0.037035,-0.541796,0.837563,-0.410500,0.459041,0.256149,1.219510,-0.448070,-0.097526,-0.642189,-0.441027,-0.435007,0.999513,-0.399670,0.004065,-0.056205,0.096630,0.441297,-0.521624,0.577247,-0.147592,-0.675165,0.287080,-0.125871,-0.020605,-0.635285,-0.734736,0.176262,0.114380,-0.224640,-0.064490,-0.301775
-0.056995,0.143632,0.722690,0.060477,0.037690,-0.536351,0.840981,-0.395031,0.469660,0.273860,1.203234,-0.441480,-0.087730,-0.642245,-0.450931,-0.442509,1.000729,-0.398869,0.003750,-0.063965,0.095694,0.441248,-0.542296,0.570369,-0.165722,-0.678972,0.286721,-0.127341,-0.023214,-0.625268,-0.729533,0.164462,0.120499,-0.226863,-0.067172,-0.302508
-0.057117,0.145225,0.722719,0.061202,0.038343,-0.530880,0.844364,-0.379191,0.478333,0.291798,1.184328,-0.433165,-0.082009,-0.642187,-0.460922,-0.449876,1.001591,-0.397758,0.003627,-0.071839,0.094625,0.441246,-0.562832,0.563398,-0.184576,-0.680045,0.285036,-0.128665,-0.025879,-0.614571,-0.724562,0.153304,0.126214,-0.229666,-0.069398,-0.302740
-0.057156,0.146892,0.722803,0.061912,0.039033,-0.525604,0.847575,-0.362583,0.483712,0.308812,1.161718,-0.423126,-0.087193,-0.642292,-0.470627,-0.456758,1.002239,-0.396237,0.003624,-0.079386,0.093631,0.441340,-0.582726,0.556335,-0.203704,-0.678210,0.282974,-0.130573,-0.027996,-0.604278,-0.719895,0.143295,0.131799,-0.232101,-0.071319,-0.303042
-0.057110,0.148562,0.722883,0.062578,0.039782,-0.520564,0.850597,-0.345153,0.485512,0.324393,1.135112,-0.408753,-0.106573,-0.642513,-0.479868,-0.463156,1.002515,-0.394216,0.003666,-0.086542,0.092887,0.441427,-0.602620,0.549471,-0.223108,-0.672710,0.278998,-0.133521,-0.029319,-0.593668,-0.715676,0.134410,0.136926,-0.234290,-0.072743,-0.303536
-0.056901,0.150328,0.723016,0.063236,0.040564,-0.515648,0.853500,-0.327290,0.484164,0.338798,1.104875,-0.390754,-0.135978,-0.642770,-0.488864,-0.469220,1.002389,-0.391764,0.003805,-0.093781,0.092079,0.441825,-0.621078,0.542514,-0.243209,-0.665255,0.274373,-0.136935,-0.029941,-0.583149,-0.711802,0.126701,0.141802,-0.236472,-0.073672,-0.303909
-0.056597,0.152150,0.723152,0.063921,0.041354,-0.510861,0.856286,-0.309346,0.479616,0.351985,1.070951,-0.374114,-0.171034,-0.643267,-0.497834,-0.474842,1.002252,-0.389034,0.004157,-0.100588,0.091436,0.441964,-0.640596,0.535863,-0.262610,-0.653637,0.268548,-0.140413,-0.030911,-0.571996,-0.708395,0.119555,0.145835,-0.238322,-0.074495,-0.304203
-0.056199,0.154020,0.723318,0.064677,0.042125,-0.506209,0.858950,-0.291492,0.472110,0.364309,1.033153,-0.363784,-0.207327,-0.644211,-0.507003,-0.479896,1.002469,-0.386166,0.004831,-0.107444,0.090564,0.442191,-0.658571,0.529063,-0.280922,-0.640193,0.265544,-0.143263,-0.032415,-0.561165,-0.705290,0.113186,0.148621,-0.239169,-0.075620,-0.304402
-0.055625,0.155943,0.723408,0.065494,0.042901,-0.501683,0.861501,-0.272915,0.460846,0.375921,0.988532,-0.361405,-0.248330,-0.645471,-0.516429,-0.484578,1.002898,-0.383230,0.005898,-0.114288,0.089644,0.442233,-0.675917,0.522076,-0.298036,-0.623389,0.264979,-0.145875,-0.034743,-0.550483,-0.702542,0.107759,0.150343,-0.238839,-0.077162,-0.304495
-0.054822,0.158229,0.723552,0.070008,0.043033,-0.495526,0.864697,-0.256559,0.434959,0.391494,0.933751,-0.362089,-0.261800,-0.653448,-0.536107,-0.483987,1.006486,-0.380089,0.008940,-0.125509,0.082503,0.439402,-0.690002,0.515453,-0.313867,-0.605933,0.267186,-0.148330,-0.037306,-0.540708,-0.700289,0.104014,0.151067,-0.237346,-0.078863,-0.304594
-0.053903,0.160593,0.723642,0.075029,0.043092,-0.489271,0.867829,-0.241782,0.405208,0.405572,0.876680,-0.365633,-0.261800,-0.662988,-0.557073,-0.481739,1.010674,-0.376434,0.012400,-0.135502,0.075005,0.435073,-0.708510,0.508221,-0.329298,-0.581976,0.268320,-0.150080,-0.041079,-0.529245,-0.698106,0.099295,0.150715,-0.235943,-0.080696,-0.304610
-0.052979,0.162867,0.723612,0.078707,0.043363,-0.483854,0.870523,-0.228410,0.380387,0.416025,0.825324,-0.371664,-0.261800,-0.671095,-0.574098,-0.479964,1.014464,-0.372349,0.015305,-0.144426,0.069526,0.432399,-0.724075,0.500850,-0.343272,-0.559445,0.272886,-0.150020,-0.045122,-0.518846,-0.696158,0.095338,0.148983,-0.234250,-0.082508,-0.304633
-0.052104,0.165022,0.723386,0.080705,0.043924,-0.479454,0.872744,-0.215869,0.362896,0.424516,0.780895,-0.382299,-0.261800,-0.676749,-0.586909,-0.480705,1.017973,-0.368388,0.017058,-0.151040,0.066934,0.430949,-0.740201,0.493692,-0.355372,-0.534407,0.277608,-0.147625,-0.050373,-0.508519,-0.694495,0.091587,0.145948,-0.232334,-0.084409,-0.304719
-0.051341,0.167124,0.723080,0.081598,0.044662,-0.475789,0.874627,-0.203951,0.350185,0.431996,0.740645,-0.397457,-0.261800,-0.680889,-0.596960,-0.482948,1.021460,-0.364478,0.018116,-0.156384,0.066054,0.430572,-0.755369,0.486560,-0.366097,-0.507902,0.284133,-0.143420,-0.056417,-0.498756,-0.693065,0.088470,0.141737,-0.230008,-0.086420,-0.304795
-0.050678,0.169236,0.722704,0.082014,0.045381,-0.472552,0.876304,-0.194120,0.340415,0.437961,0.706349,-0.413210,-0.261800,-0.685497,-0.604771,-0.482722,1.025196,-0.359783,0.019629,-0.160693,0.065896,0.430807,-0.770431,0.479751,-0.375530,-0.481570,0.292434,-0.138635,-0.062595,-0.489140,-0.691761,0.085235,0.136475,-0.227885,-0.088286,-0.304907
-0.050141,0.171423,0.722266,0.082569,0.045897,-0.469442,0.877895,-0.187787,0.331325,0.441323,0.679352,-0.425544,-0.261800,-0.692636,-0.610769,-0.475968,1.029393,-0.353417,0.022746,-0.164600,0.065265,0.431516,-0.784791,0.473469,-0.383965,-0.458333,0.303793,-0.134396,-0.067956,-0.480049,-0.690338,0.081521,0.130503,-0.226486,-0.089769,-0.305044
-0.049690,0.173634,0.721810,0.083517,0.046151,-0.466403,0.879411,-0.185704,0.321970,0.441351,0.660479,-0.433430,-0.261800,-0.703283,-0.614948,-0.460852,1.034187,-0.345038,0.028127,-0.168239,0.063569,0.432570,-0.798787,0.467970,-0.391455,-0.437752,0.319685,-0.130475,-0.072305,-0.471404,-0.688638,0.077174,0.123408,-0.226111,-0.090797,-0.305137
-0.049384,0.175853,0.721444,0.084542,0.046233,-0.463581,0.880800,-0.187053,0.313556,0.438993,0.649139,-0.439109,-0.261800,-0.716265,-0.617020,-0.439672,1.039446,-0.335172,0.035125,-0.171329,0.061329,0.434085,-0.812548,0.463441,-0.397883,-0.418835,0.338935,-0.126447,-0.076090,-0.463334,-0.686633,0.072464,0.115377,-0.226485,-0.091517,-0.305197
-0.049122,0.178052,0.721007,0.085399,0.046184,-0.460985,0.882081,-0.190917,0.306798,0.435257,0.644290,-0.443429,-0.261800,-0.730401,-0.616923,-0.414571,1.045001,-0.324248,0.042945,-0.174022,0.059036,0.436175,-0.825074,0.459853,-0.403209,-0.403579,0.358997,-0.123114,-0.079344,-0.455702,-0.684215,0.067565,0.106842,-0.227363,-0.091993,-0.305363
-0.048991,0.180297,0.720610,0.085838,0.046054,-0.458622,0.883276,-0.196352,0.302420,0.431128,0.644810,-0.447196,-0.261800,-0.744458,-0.614673,-0.387765,1.050651,-0.312663,0.050767,-0.176289,0.057254,0.438884,-0.835865,0.457159,-0.407435,-0.393498,0.376947,-0.121286,-0.082137,-0.448473,-0.681285,0.062576,0.098528,-0.228517,-0.092294,-0.305780
-0.048948,0.182487,0.720270,0.085770,0.045815,-0.456430,0.884430,-0.204574,0.301162,0.426179,0.653299,-0.449964,-0.261800,-0.758971,-0.609652,-0.357788,1.056983,-0.299681,0.058697,-0.178193,0.056035,0.442506,-0.845024,0.455350,-0.410405,-0.389602,0.395169,-0.121560,-0.084872,-0.441767,-0.677681,0.057275,0.090430,-0.230121,-0.092309,-0.306555
-0.049025,0.184601,0.719874,0.085344,0.045461,-0.454428,0.885520,-0.215611,0.302328,0.420098,0.669326,-0.451483,-0.261800,-0.774031,-0.601876,-0.324366,1.063940,-0.285421,0.067178,-0.179685,0.055064,0.446856,-0.852964,0.454494,-0.412267,-0.390652,0.414068,-0.123368,-0.087360,-0.435729,-0.673389,0.051748,0.082445,-0.232284,-0.092048,-0.307583
-0.049139,0.186540,0.719422,0.084657,0.045061,-0.452742,0.886469,-0.226689,0.304548,0.414057,0.687148,-0.452810,-0.261800,-0.787906,-0.592572,-0.291385,1.070399,-0.271542,0.075807,-0.180871,0.054303,0.451372,-0.858877,0.454440,-0.413424,-0.395425,0.428489,-0.125685,-0.088722,-0.430165,-0.668563,0.046667,0.074691,-0.234662,-0.091754,-0.308714
-0.049131,0.188318,0.718947,0.083824,0.044672,-0.451498,0.887202,-0.235102,0.306513,0.409291,0.701217,-0.455100,-0.261800,-0.799067,-0.583213,-0.262555,1.075183,-0.259658,0.084095,-0.181783,0.053773,0.455466,-0.862123,0.454907,-0.414261,-0.402533,0.433196,-0.127475,-0.088173,-0.425041,-0.663476,0.042729,0.067549,-0.236834,-0.091671,-0.309799
-0.049037,0.189919,0.718539,0.082805,0.044221,-0.450783,0.887684,-0.239647,0.307893,0.406306,0.709776,-0.458741,-0.261800,-0.807432,-0.573814,-0.237587,1.078099,-0.249593,0.092140,-0.182285,0.053632,0.459197,-0.862355,0.455696,-0.414638,-0.412457,0.424562,-0.128515,-0.085777,-0.420211,-0.658342,0.040023,0.061089,-0.238350,-0.091855,-0.310714
-0.048871,0.191387,0.718148,0.081563,0.043702,-0.450511,0.887962,-0.241952,0.309400,0.404363,0.715948,-0.463173,-0.261800,-0.813741,-0.563920,-0.214881,1.079730,-0.240691,0.100081,-0.182325,0.053972,0.462788,-0.860118,0.456750,-0.414426,-0.425495,0.406135,-0.129407,-0.081937,-0.415568,-0.653209,0.038112,0.055063,-0.239449,-0.092166,-0.311590
-0.048613,0.192710,0.717750,0.080231,0.043276,-0.450541,0.888090,-0.243509,0.311378,0.403074,0.721520,-0.467927,-0.261800,-0.817994,-0.554515,-0.196004,1.080029,-0.233773,0.107352,-0.182119,0.054633,0.465902,-0.856016,0.457914,-0.414113,-0.439949,0.383648,-0.130365,-0.076350,-0.411279,-0.648120,0.036999,0.049461,-0.240766,-0.092562,-0.312643
-0.048358,0.193916,0.717329,0.078937,0.043101,-0.450735,0.888116,-0.245881,0.314065,0.401820,0.728383,-0.472811,-0.261800,-0.820277,-0.546583,-0.182469,1.078960,-0.229646,0.113374,-0.181727,0.055489,0.468118,-0.851072,0.459048,-0.414191,-0.453823,0.362488,-0.131606,-0.068765,-0.407419,-0.643132,0.036583,0.044318,-0.242960,-0.093004,-0.314089
-0.048096,0.194977,0.716830,0.077664,0.043345,-0.451173,0.887994,-0.249582,0.317900,0.400620,0.737117,-0.477844,-0.261800,-0.820756,-0.540427,-0.175304,1.076471,-0.228254,0.118006,-0.181013,0.056787,0.469132,-0.845022,0.459943,-0.414989,-0.467176,0.341914,-0.133200,-0.057664,-0.403978,-0.638302,0.037053,0.039611,-0.246568,-0.093579,-0.316292
-0.047826,0.195895,0.716265,0.076361,0.043879,-0.451887,0.887717,-0.253753,0.322620,0.399681,0.746705,-0.483157,-0.261800,-0.819537,-0.535607,-0.173384,1.072571,-0.229199,0.121480,-0.179874,0.058547,0.469196,-0.837797,0.460477,-0.416299,-0.480522,0.319820,-0.135217,-0.043699,-0.400829,-0.633662,0.038270,0.035343,-0.251104,-0.094269,-0.319031
-0.047583,0.196723,0.715643,0.075103,0.044418,-0.452670,0.887399,-0.257839,0.327477,0.398822,0.756495,-0.488480,-0.261800,-0.816556,-0.532013,-0.175044,1.067269,-0.232738,0.123769,-0.178544,0.060285,0.468789,-0.830363,0.460648,-0.417805,-0.492958,0.299787,-0.137651,-0.029824,-0.397622,-0.629159,0.039610,0.031269,-0.255707,-0.094871,-0.321646
-0.047373,0.197457,0.714954,0.073974,0.044676,-0.453312,0.887153,-0.261293,0.331725,0.397884,0.765863,-0.493549,-0.261800,-0.811766,-0.529528,-0.178603,1.060638,-0.239168,0.124854,-0.177248,0.061497,0.468400,-0.823679,0.460513,-0.419198,-0.503576,0.285350,-0.140272,-0.018975,-0.394079,-0.624677,0.040429,0.027209,-0.259503,-0.095197,-0.323474
-0.047233,0.198033,0.714216,0.072999,0.044531,-0.453691,0.887047,-0.264019,0.335142,0.396680,0.774877,-0.498384,-0.261800,-0.803641,-0.528791,-0.185710,1.051218,-0.250493,0.124048,-0.176099,0.061966,0.468056,-0.817823,0.460108,-0.420522,-0.512373,0.278173,-0.143248,-0.011315,-0.389736,-0.620110,0.040483,0.022921,-0.262322,-0.095275,-0.324289
-0.047092,0.198463,0.713485,0.072134,0.044153,-0.453942,0.887009,-0.266266,0.338172,0.395381,0.783742,-0.503038,-0.261800,-0.792691,-0.529522,-0.196558,1.039432,-0.265894,0.121648,-0.174994,0.061920,0.467560,-0.812191,0.459351,-0.422004,-0.519886,0.276350,-0.146429,-0.005423,-0.384950,-0.615442,0.040163,0.018584,-0.264635,-0.095197,-0.324441
-0.047016,0.198753,0.712721,0.071349,0.043689,-0.454244,0.886940,-0.268132,0.341027,0.394233,0.792309,-0.507575,-0.261800,-0.781951,-0.530309,-0.207276,1.028246,-0.281472,0.119053,-0.173631,0.061617,0.466938,-0.807399,0.458317,-0.423453,-0.525379,0.277263,-0.149074,-0.001958,-0.380097,-0.610729,0.039515,0.014316,-0.266635,-0.094864,-0.324120
-0.046948,0.198904,0.711923,0.070618,0.043281,-0.454774,0.886747,-0.269676,0.343909,0.393523,0.800358,-0.511985,-0.261800,-0.774478,-0.529927,-0.214002,1.020599,-0.293308,0.117564,-0.171758,0.061285,0.466246,-0.803923,0.457169,-0.424636,-0.528325,0.278302,-0.150474,-0.001570,-0.375610,-0.606083,0.038627,0.010238,-0.268488,-0.094177,-0.323506
-0.046913,0.199075,0.711192,0.069948,0.042908,-0.455458,0.886467,-0.270888,0.346696,0.393079,0.807724,-0.516194,-0.261800,-0.771132,-0.528262,-0.215302,1.017673,-0.300384,0.117748,-0.169534,0.060898,0.465504,-0.801670,0.455963,-0.425434,-0.528738,0.279945,-0.150262,-0.005391,-0.371451,-0.601524,0.037412,0.006256,-0.270202,-0.092920,-0.322401
-0.046885,0.199208,0.710435,0.069352,0.042514,-0.456241,0.886131,-0.271747,0.349309,0.392807,0.814565,-0.520277,-0.261800,-0.770271,-0.525982,-0.213384,1.017788,-0.304794,0.118803,-0.167050,0.060361,0.464695,-0.800390,0.454730,-0.425908,-0.526939,0.283101,-0.148891,-0.012750,-0.367400,-0.597041,0.035879,0.002270,-0.271693,-0.091206,-0.320794
-0.046866,0.199273,0.709686,0.068814,0.042178,-0.457327,0.885629,-0.272266,0.352104,0.393277,0.821105,-0.524196,-0.261800,-0.771214,-0.523099,-0.209848,1.019580,-0.307297,0.119936,-0.164128,0.059775,0.463913,-0.799791,0.453545,-0.426113,-0.523392,0.286265,-0.146855,-0.021525,-0.364138,-0.592705,0.034484,-0.001275,-0.272867,-0.089430,-0.319159
-0.046871,0.199482,0.709014,0.068319,0.041982,-0.458923,0.884850,-0.272440,0.355421,0.395045,0.827545,-0.527932,-0.261800,-0.773287,-0.519627,-0.206280,1.021679,-0.308632,0.120349,-0.160608,0.059252,0.463238,-0.799569,0.452558,-0.426018,-0.518561,0.287802,-0.144624,-0.029601,-0.362245,-0.588638,0.033697,-0.004024,-0.273657,-0.087973,-0.317991
-0.046855,0.199794,0.708414,0.067979,0.041990,-0.461317,0.883630,-0.272108,0.359324,0.398897,0.833806,-0.531536,-0.261800,-0.777437,-0.515363,-0.202335,1.024434,-0.308142,0.119684,-0.156051,0.058714,0.462564,-0.799752,0.451918,-0.425392,-0.511647,0.285910,-0.142133,-0.037136,-0.362230,-0.584946,0.033756,-0.005741,-0.273831,-0.086926,-0.317359
-0.046846,0.200098,0.707845,0.067762,0.042146,-0.464319,0.882065,-0.271284,0.363644,0.404347,0.839796,-0.534975,-0.261800,-0.783613,-0.510348,-0.197457,1.028322,-0.305706,0.118427,-0.150816,0.058135,0.461936,-0.800110,0.451680,-0.424181,-0.503044,0.281982,-0.139149,-0.044968,-0.363867,-0.581640,0.034553,-0.006564,-0.273443,-0.086075,-0.317049
-0.046871,0.200315,0.707291,0.067440,0.042345,-0.467418,0.880443,-0.270293,0.368381,0.409993,0.845817,-0.538201,-0.261800,-0.789693,-0.504986,-0.192882,1.032222,-0.302886,0.117033,-0.145773,0.057800,0.461615,-0.800349,0.451925,-0.422555,-0.494821,0.278748,-0.135909,-0.052059,-0.366391,-0.578649,0.035810,-0.006798,-0.272829,-0.085354,-0.317123
-0.046919,0.200453,0.706795,0.066785,0.042479,-0.470105,0.879055,-0.269467,0.373538,0.414441,0.852130,-0.541111,-0.261800,-0.793565,-0.499699,-0.189811,1.034981,-0.301240,0.115952,-0.141892,0.057922,0.461905,-0.799911,0.452663,-0.420767,-0.489185,0.279259,-0.132689,-0.057349,-0.369168,-0.575844,0.037344,-0.006715,-0.272333,-0.084705,-0.317630
-0.046972,0.200528,0.706340,0.065594,0.042487,-0.472386,0.877920,-0.268466,0.379441,0.417550,0.858731,-0.543790,-0.261800,-0.794250,-0.494171,-0.188625,1.035929,-0.301249,0.115393,-0.139247,0.058760,0.463078,-0.798695,0.454002,-0.418865,-0.486260,0.286348,-0.129060,-0.060073,-0.372203,-0.573146,0.039231,-0.006247,-0.271973,-0.084234,-0.318805
-0.047072,0.200501,0.705891,0.064038,0.042433,-0.474488,0.876903,-0.267249,0.385956,0.419994,0.865447,-0.546269,-0.261800,-0.793038,-0.488333,-0.188630,1.035791,-0.302058,0.115080,-0.137444,0.060067,0.464927,-0.796842,0.455991,-0.416730,-0.485134,0.297772,-0.125056,-0.060971,-0.375848,-0.570535,0.041582,-0.005277,-0.271624,-0.083937,-0.320536
-0.047214,0.200411,0.705511,0.062447,0.042414,-0.476226,0.876077,-0.266656,0.392458,0.421586,0.872400,-0.548286,-0.261800,-0.791256,-0.482977,-0.189391,1.035529,-0.303233,0.114740,-0.136559,0.061372,0.466936,-0.794727,0.458547,-0.414355,-0.486053,0.308527,-0.121681,-0.061306,-0.379758,-0.567992,0.044058,-0.004053,-0.271459,-0.083595,-0.322347
-0.047482,0.200269,0.705161,0.061149,0.042526,-0.477419,0.875513,-0.267501,0.398294,0.422133,0.879645,-0.549588,-0.261800,-0.790216,-0.478901,-0.190495,1.036096,-0.304329,0.114104,-0.136634,0.062207,0.468609,-0.792738,0.461437,-0.411816,-0.489180,0.313769,-0.119951,-0.062282,-0.383510,-0.565484,0.046244,-0.002899,-0.271637,-0.082986,-0.323754
-0.047840,0.200074,0.704802,0.060243,0.042800,-0.477861,0.875322,-0.270018,0.403127,0.421445,0.886807,-0.550159,-0.261800,-0.790098,-0.476623,-0.192095,1.037819,-0.305379,0.113051,-0.137893,0.062486,0.469755,-0.791081,0.464448,-0.409060,-0.494763,0.311996,-0.120335,-0.064712,-0.386855,-0.562964,0.047836,-0.001847,-0.272150,-0.081990,-0.324624
-0.048259,0.199871,0.704423,0.059548,0.043184,-0.477704,0.875436,-0.273787,0.407337,0.419637,0.893989,-0.550136,-0.261800,-0.790246,-0.475617,-0.194338,1.040146,-0.306560,0.111742,-0.140067,0.062483,0.470596,-0.789973,0.467544,-0.406211,-0.502209,0.305745,-0.122216,-0.067826,-0.389858,-0.560455,0.048919,-0.000797,-0.272956,-0.080751,-0.325196
-0.048748,0.199681,0.704041,0.058981,0.043646,-0.477301,0.875671,-0.278663,0.411403,0.417027,0.901986,-0.549465,-0.261800,-0.790735,-0.475104,-0.196780,1.042792,-0.307690,0.110331,-0.142597,0.062210,0.471327,-0.789349,0.470631,-0.403666,-0.510757,0.296695,-0.124984,-0.070382,-0.392691,-0.558045,0.049807,0.000085,-0.274151,-0.079444,-0.325553
-0.049293,0.199536,0.703652,0.058453,0.044158,-0.477009,0.875840,-0.284458,0.415795,0.413934,0.911517,-0.548009,-0.261800,-0.791608,-0.474312,-0.199002,1.045415,-0.308555,0.108970,-0.144862,0.061717,0.472108,-0.789346,0.473619,-0.401813,-0.519539,0.286368,-0.128061,-0.071156,-0.395503,-0.555891,0.050772,0.000677,-0.275809,-0.078246,-0.325766
-0.049926,0.199421,0.703230,0.057998,0.044712,-0.476869,0.875918,-0.291284,0.420532,0.410394,0.922879,-0.545708,-0.261800,-0.793026,-0.473169,-0.200793,1.048033,-0.309103,0.107739,-0.146732,0.060938,0.472903,-0.790103,0.476415,-0.400814,-0.528691,0.273110,-0.131584,-0.069589,-0.398283,-0.554085,0.051770,0.000921,-0.278306,-0.077112,-0.325750
-0.050642,0.199302,0.702810,0.057641,0.045327,-0.476710,0.875997,-0.299195,0.425385,0.406229,0.935633,-0.542641,-0.261800,-0.794903,-0.472040,-0.202423,1.050787,-0.309441,0.106539,-0.148357,0.059984,0.473593,-0.791987,0.479040,-0.400444,-0.538178,0.256458,-0.135837,-0.066505,-0.400737,-0.552659,0.052516,0.000797,-0.281456,-0.075977,-0.325500
-0.051393,0.199182,0.702416,0.057285,0.046002,-0.476566,0.876063,-0.307923,0.430449,0.401418,0.949430,-0.538903,-0.261800,-0.796951,-0.470806,-0.204165,1.053554,-0.309633,0.105268,-0.149823,0.059072,0.474383,-0.794468,0.481437,-0.400587,-0.547700,0.240620,-0.140435,-0.062602,-0.402955,-0.551615,0.053198,0.000318,-0.284412,-0.074974,-0.325241
-0.052126,0.199025,0.702053,0.056830,0.046740,-0.476473,0.876104,-0.317213,0.435827,0.395937,0.963934,-0.534615,-0.261800,-0.798905,-0.469362,-0.206283,1.056269,-0.309768,0.103822,-0.151068,0.058500,0.475391,-0.797518,0.483629,-0.401030,-0.556598,0.229297,-0.144967,-0.058619,-0.404840,-0.550942,0.053862,-0.000513,-0.286353,-0.074231,-0.325212
-0.052914,0.198872,0.701686,0.056245,0.047599,-0.476494,0.876085,-0.327283,0.441747,0.389656,0.979520,-0.529541,-0.261800,-0.800704,-0.467498,-0.208934,1.058721,-0.309830,0.102177,-0.152000,0.058391,0.476547,-0.801169,0.485655,-0.401779,-0.565128,0.224415,-0.149440,-0.054086,-0.406304,-0.550677,0.054544,-0.001862,-0.287123,-0.073868,-0.325533
-0.053691,0.198747,0.701281,0.055584,0.048560,-0.476590,0.876022,-0.338191,0.448044,0.382592,0.996182,-0.523693,-0.261800,-0.802501,-0.465338,-0.211947,1.061033,-0.309800,0.100387,-0.152610,0.058613,0.477791,-0.805662,0.487578,-0.402850,-0.573329,0.223394,-0.154015,-0.048826,-0.407353,-0.550843,0.055154,-0.003679,-0.287134,-0.073786,-0.326064
-0.054520,0.198641,0.700870,0.054878,0.049506,-0.476650,0.875981,-0.349451,0.454262,0.374966,1.013059,-0.517573,-0.261800,-0.804296,-0.463246,-0.215106,1.063536,-0.309700,0.098461,-0.153227,0.058965,0.479358,-0.810451,0.489329,-0.404175,-0.580855,0.223999,-0.158439,-0.043882,-0.408265,-0.551354,0.055796,-0.005636,-0.286434,-0.073787,-0.326646
-0.055376,0.198527,0.700471,0.054160,0.050321,-0.476556,0.876030,-0.360553,0.459959,0.367014,1.029290,-0.511692,-0.261800,-0.806096,-0.461590,-0.218193,1.066586,-0.309567,0.096414,-0.154000,0.059289,0.481373,-0.815639,0.490903,-0.405617,-0.586826,0.223404,-0.162516,-0.040417,-0.409160,-0.552093,0.056419,-0.007372,-0.285119,-0.073680,-0.327116
-0.056225,0.198442,0.700040,0.053416,0.051003,-0.476239,0.876209,-0.371748,0.465086,0.358393,1.045108,-0.505839,-0.261800,-0.807791,-0.460480,-0.221297,1.070217,-0.309471,0.094176,-0.155158,0.059541,0.483865,-0.821024,0.492167,-0.407107,-0.591887,0.221761,-0.165803,-0.039569,-0.410066,-0.552961,0.057012,-0.008859,-0.283035,-0.073529,-0.327417
-0.057092,0.198414,0.699552,0.052636,0.051605,-0.475772,0.876475,-0.383169,0.469860,0.349153,1.060788,-0.499771,-0.261800,-0.809401,-0.459715,-0.224496,1.074241,-0.309362,0.091759,-0.156488,0.059794,0.486709,-0.826906,0.493102,-0.408756,-0.595915,0.220127,-0.168544,-0.040491,-0.410870,-0.553955,0.057552,-0.010228,-0.280253,-0.073402,-0.327634
-0.058034,0.198461,0.699046,0.051861,0.052088,-0.475264,0.876768,-0.394162,0.474191,0.340019,1.075683,-0.494246,-0.261800,-0.811182,-0.459213,-0.227506,1.078758,-0.309144,0.089308,-0.157875,0.059913,0.490003,-0.832860,0.493746,-0.410855,-0.597878,0.218208,-0.171529,-0.041213,-0.411910,-0.555075,0.058339,-0.011307,-0.277161,-0.073113,-0.327833
-0.058997,0.198568,0.698490,0.051131,0.052417,-0.474826,0.877028,-0.404017,0.478062,0.331811,1.089060,-0.489853,-0.261800,-0.813376,-0.458892,-0.230058,1.083839,-0.308700,0.086957,-0.159314,0.059691,0.493857,-0.838235,0.494105,-0.413728,-0.596863,0.215962,-0.175552,-0.039760,-0.413688,-0.556189,0.059812,-0.011822,-0.274195,-0.072478,-0.328077
-0.059924,0.198773,0.697896,0.050433,0.052548,-0.474477,0.877249,-0.412573,0.481471,0.324605,1.100838,-0.486618,-0.261800,-0.815914,-0.458795,-0.232225,1.089508,-0.307984,0.084689,-0.160703,0.059040,0.498367,-0.843613,0.494326,-0.417446,-0.593331,0.213511,-0.180514,-0.036461,-0.416191,-0.557243,0.061955,-0.011645,-0.271869,-0.071245,-0.328505
-0.060919,0.199022,0.697255,0.049751,0.052512,-0.474162,0.877461,-0.420185,0.484475,0.318044,1.111388,-0.484267,-0.261800,-0.818708,-0.458946,-0.234106,1.095735,-0.307074,0.082442,-0.162047,0.058131,0.503456,-0.849143,0.494513,-0.421829,-0.587609,0.210677,-0.186089,-0.031999,-0.419204,-0.558490,0.064609,-0.010930,-0.269695,-0.069562,-0.329099
-0.061960,0.199330,0.696528,0.049129,0.052384,-0.473882,0.877655,-0.426904,0.487163,0.312308,1.120693,-0.482995,-0.261800,-0.821973,-0.459234,-0.235460,1.102472,-0.306005,0.080289,-0.163726,0.057111,0.509107,-0.852766,0.494418,-0.426718,-0.579053,0.207633,-0.192757,-0.025011,-0.423121,-0.560243,0.068139,-0.009910,-0.266626,-0.067856,-0.329625
-0.062904,0.199750,0.695720,0.048609,0.052235,-0.473635,0.877826,-0.432804,0.489622,0.307568,1.128760,-0.483018,-0.261800,-0.825932,-0.459557,-0.236034,1.109708,-0.304828,0.078309,-0.165812,0.055816,0.515010,-0.853670,0.493957,-0.431834,-0.565809,0.203549,-0.201095,-0.014561,-0.427963,-0.561706,0.072452,-0.008721,-0.262359,-0.066653,-0.329618
-0.063886,0.200217,0.694830,0.048291,0.052107,-0.473483,0.877933,-0.437897,0.491772,0.304084,1.135459,-0.484357,-0.261800,-0.831171,-0.459850,-0.235385,1.117723,-0.303218,0.076509,-0.168301,0.054042,0.520000,-0.851502,0.492907,-0.438146,-0.547060,0.197165,-0.212840,0.001301,-0.434383,-0.562822,0.078629,-0.005402,-0.255885,-0.066374,-0.329206
-0.064946,0.200716,0.693866,0.048445,0.052387,-0.473384,0.877961,-0.443336,0.493472,0.301812,1.140850,-0.486786,-0.261800,-0.838699,-0.460250,-0.233599,1.126359,-0.301037,0.074776,-0.171473,0.051616,0.520000,-0.844529,0.490583,-0.446276,-0.522266,0.189540,-0.227500,0.021671,-0.442950,-0.562981,0.088688,0.003213,-0.247613,-0.066830,-0.328593
-0.065991,0.201223,0.692826,0.048674,0.052712,-0.473233,0.878010,-0.448260,0.495023,0.300290,1.145161,-0.490377,-0.261800,-0.846557,-0.460807,-0.231581,1.135091,-0.299103,0.073153,-0.174908,0.049089,0.520000,-0.835703,0.487347,-0.454173,-0.492183,0.182955,-0.241718,0.042747,-0.452095,-0.562415,0.099057,0.011335,-0.239533,-0.067192,-0.327521
-0.066967,0.201849,0.691683,0.048954,0.053230,-0.472903,0.878141,-0.453200,0.496543,0.299160,1.148620,-0.495041,-0.261800,-0.854275,-0.461645,-0.230054,1.143275,-0.297955,0.071601,-0.178764,0.046834,0.520000,-0.824277,0.483236,-0.460573,-0.457217,0.179906,-0.252208,0.061458,-0.461134,-0.561197,0.108922,0.017034,-0.233043,-0.066797,-0.325853
-0.067911,0.202452,0.690505,0.049270,0.054003,-0.472361,0.878368,-0.458091,0.498107,0.298570,1.150871,-0.501113,-0.261800,-0.861809,-0.462760,-0.229211,1.150775,-0.297729,0.070107,-0.183186,0.044974,0.520000,-0.809450,0.478262,-0.465897,-0.417834,0.180039,-0.257793,0.078105,-0.470119,-0.559391,0.118517,0.020694,-0.228454,-0.065092,-0.323170
-0.068797,0.203047,0.689218,0.049671,0.054973,-0.471671,0.878657,-0.462774,0.499591,0.298680,1.151906,-0.508498,-0.261800,-0.869480,-0.464121,-0.228627,1.157911,-0.298119,0.068689,-0.188650,0.043028,0.520000,-0.789028,0.471870,-0.470723,-0.375557,0.184531,-0.260161,0.094302,-0.479859,-0.556878,0.128739,0.023191,-0.224883,-0.062559,-0.319696
-0.069649,0.203633,0.687912,0.050090,0.055979,-0.470856,0.879006,-0.467364,0.500957,0.299021,1.152565,-0.516549,-0.261800,-0.876946,-0.465741,-0.228231,1.164789,-0.299118,0.067374,-0.193016,0.041715,0.520000,-0.772139,0.465484,-0.473840,-0.324505,0.188077,-0.260556,0.107754,-0.488117,-0.554122,0.136739,0.022521,-0.222478,-0.060061,-0.316219
-0.070463,0.204211,0.686526,0.050647,0.057034,-0.469938,0.879398,-0.472445,0.502013,0.299257,1.153628,-0.524535,-0.261800,-0.884543,-0.467724,-0.227746,1.171533,-0.300640,0.066163,-0.198020,0.040001,0.520000,-0.751468,0.458178,-0.473976,-0.269704,0.198370,-0.259773,0.117872,-0.496500,-0.550833,0.143949,0.017868,-0.220602,-0.058508,-0.313582
-0.071290,0.204733,0.685106,0.051257,0.058207,-0.468876,0.879852,-0.477926,0.503045,0.299537,1.154806,-0.532801,-0.261800,-0.892005,-0.469910,-0.227455,1.177936,-0.302843,0.065095,-0.203446,0.038264,0.520000,-0.727228,0.449468,-0.469989,-0.210173,0.217203,-0.256433,0.121180,-0.504460,-0.546906,0.149866,0.008606,-0.220561,-0.058366,-0.312053
-0.072009,0.205303,0.683637,0.051872,0.059458,-0.467674,0.880372,-0.483566,0.504076,0.299928,1.155892,-0.541580,-0.261800,-0.899219,-0.472290,-0.227407,1.184011,-0.305718,0.064167,-0.208330,0.037036,0.520000,-0.704132,0.440152,-0.463387,-0.142999,0.239405,-0.250793,0.119001,-0.511218,-0.542655,0.153751,-0.004754,-0.222290,-0.059075,-0.311168
-0.072689,0.205893,0.682157,0.052683,0.060620,-0.466422,0.880909,-0.489605,0.504484,0.300026,1.157663,-0.549908,-0.261800,-0.906712,-0.475185,-0.226961,1.190184,-0.308926,0.063313,-0.213427,0.035212,0.520000,-0.678958,0.429853,-0.455197,-0.071769,0.264107,-0.245887,0.117834,-0.518429,-0.538053,0.156921,-0.020998,-0.223080,-0.060008,-0.310725
-0.073339,0.206556,0.680587,0.053777,0.061446,-0.465215,0.881424,-0.496093,0.503759,0.299317,1.160993,-0.556893,-0.261800,-0.914707,-0.478866,-0.225576,1.196899,-0.312183,0.062482,-0.217952,0.032638,0.520000,-0.656696,0.419390,-0.447189,0.005965,0.284634,-0.244732,0.123682,-0.526447,-0.533451,0.159146,-0.039126,-0.220682,-0.060501,-0.310520
-0.073995,0.207254,0.678962,0.055259,0.061998,-0.464029,0.881918,-0.503378,0.501623,0.297620,1.165935,-0.562440,-0.261800,-0.923428,-0.483526,-0.223348,1.204113,-0.315631,0.061533,-0.222084,0.029130,0.520000,-0.636422,0.409118,-0.438778,0.091398,0.305417,-0.248154,0.139119,-0.534678,-0.528790,0.160141,-0.060805,-0.212952,-0.060380,-0.310785
-0.074571,0.208059,0.677271,0.057045,0.062360,-0.462830,0.882409,-0.511302,0.498407,0.295229,1.172098,-0.566969,-0.261800,-0.932716,-0.488949,-0.220457,1.211651,-0.319349,0.060562,-0.226008,0.024911,0.520000,-0.616334,0.399172,-0.429244,0.182945,0.327342,-0.254175,0.160859,-0.543001,-0.524034,0.159976,-0.086024,-0.201641,-0.060000,-0.311539
-0.075077,0.208936,0.675584,0.058993,0.062364,-0.461691,0.882877,-0.519315,0.494430,0.292394,1.179640,-0.570372,-0.261800,-0.942342,-0.494836,-0.216472,1.219679,-0.322919,0.059781,-0.229618,0.020083,0.520000,-0.596450,0.390008,-0.419581,0.276371,0.340738,-0.261706,0.186454,-0.552884,-0.519586,0.159544,-0.111395,-0.189931,-0.059482,-0.312224
-0.075660,0.209891,0.673801,0.060975,0.061854,-0.460685,0.883304,-0.526897,0.489998,0.289367,1.188712,-0.572491,-0.261800,-0.952136,-0.500890,-0.210950,1.228374,-0.325917,0.059414,-0.232827,0.014798,0.520000,-0.576957,0.382290,-0.410852,0.367654,0.335565,-0.270279,0.213249,-0.565708,-0.516055,0.159755,-0.133622,-0.180866,-0.058956,-0.312291
-0.076139,0.210991,0.671988,0.063050,0.060874,-0.459752,0.883712,-0.534434,0.484877,0.285978,1.199422,-0.572957,-0.261800,-0.962300,-0.507144,-0.203706,1.237830,-0.328326,0.059557,-0.235955,0.008884,0.520000,-0.558179,0.376532,-0.404528,0.458875,0.306472,-0.282342,0.242877,-0.581459,-0.513541,0.160882,-0.153264,-0.173716,-0.058843,-0.311940
-0.076537,0.212079,0.670169,0.065282,0.059488,-0.458869,0.884103,-0.542069,0.478893,0.282281,1.211615,-0.571944,-0.261800,-0.972924,-0.513715,-0.194938,1.247908,-0.330316,0.060094,-0.239013,0.002285,0.520000,-0.539204,0.372910,-0.399502,0.550597,0.259498,-0.298629,0.275302,-0.599378,-0.511923,0.162481,-0.171837,-0.167168,-0.058940,-0.311393
-0.076794,0.213321,0.668285,0.067550,0.057589,-0.458164,0.884424,-0.548966,0.472427,0.278891,1.225042,-0.570116,-0.261800,-0.983737,-0.520431,-0.184765,1.258498,-0.331753,0.060932,-0.241646,-0.004678,0.520000,-0.518343,0.371465,-0.392812,0.636530,0.201365,-0.316119,0.305376,-0.620089,-0.511617,0.164724,-0.187397,-0.163239,-0.058382,-0.310161
-0.076964,0.214750,0.666373,0.069740,0.055088,-0.457770,0.884618,-0.554326,0.465854,0.276403,1.239427,-0.568164,-0.261800,-0.994463,-0.527122,-0.173326,1.269432,-0.332476,0.061989,-0.243638,-0.011568,0.520000,-0.493714,0.371986,-0.381211,0.710095,0.138551,-0.330965,0.328459,-0.644307,-0.513272,0.168062,-0.198003,-0.163785,-0.056287,-0.307858
-0.077015,0.216334,0.664428,0.071853,0.051878,-0.457693,0.884682,-0.558235,0.459027,0.275012,1.254529,-0.566081,-0.261800,-1.005160,-0.533820,-0.160411,1.281049,-0.332299,0.063307,-0.245270,-0.018586,0.520000,-0.464643,0.373997,-0.363873,0.771469,0.064764,-0.342479,0.340477,-0.672434,-0.517109,0.172815,-0.203824,-0.170660,-0.052339,-0.304478
-0.076899,0.218084,0.662458,0.073963,0.048050,-0.457858,0.884639,-0.561096,0.451638,0.274512,1.270470,-0.563607,-0.261800,-1.015991,-0.540557,-0.145976,1.293265,-0.331322,0.064965,-0.246667,-0.025680,0.520000,-0.432260,0.377134,-0.342285,0.823957,-0.021365,-0.351985,0.344620,-0.704124,-0.522995,0.179158,-0.205758,-0.182232,-0.047054,-0.300330
-0.076586,0.219983,0.660435,0.076072,0.043816,-0.458272,0.884466,-0.562611,0.443973,0.274970,1.287582,-0.560880,-0.261800,-1.026873,-0.547203,-0.130469,1.305366,-0.329876,0.066856,-0.247460,-0.032075,0.520000,-0.397443,0.381282,-0.316564,0.865596,-0.105820,-0.358548,0.348118,-0.739222,-0.531136,0.187550,-0.202975,-0.195056,-0.040795,-0.295482
-0.076092,0.222061,0.658336,0.078184,0.039400,-0.458951,0.884138,-0.562466,0.436372,0.276431,1.306223,-0.558047,-0.261800,-1.037752,-0.553609,-0.114340,1.316634,-0.328281,0.068861,-0.247336,-0.036985,0.520000,-0.360578,0.386503,-0.286623,0.893748,-0.174295,-0.362162,0.358456,-0.777601,-0.541848,0.198533,-0.194674,-0.205559,-0.033869,-0.290116
-0.075323,0.224312,0.656291,0.080346,0.034836,-0.459859,0.883663,-0.561288,0.428182,0.278610,1.326173,-0.555228,-0.261800,-1.048809,-0.559935,-0.097570,1.327142,-0.326523,0.070891,-0.246558,-0.040628,0.520000,-0.320381,0.392503,-0.250500,0.906147,-0.224037,-0.361808,0.380775,-0.819952,-0.555351,0.211875,-0.181695,-0.212774,-0.025468,-0.283524
-0.074331,0.226738,0.654206,0.082569,0.030034,-0.460991,0.883045,-0.559089,0.419428,0.281749,1.347408,-0.552374,-0.261800,-1.060106,-0.566172,-0.079914,1.337197,-0.324449,0.073053,-0.245070,-0.043320,0.520000,-0.276931,0.398671,-0.208774,0.904712,-0.262554,-0.358190,0.410435,-0.865978,-0.571383,0.227732,-0.164554,-0.218476,-0.015706,-0.275987
-0.073119,0.229327,0.652067,0.084785,0.025033,-0.462403,0.882252,-0.554400,0.411551,0.286701,1.370296,-0.549459,-0.261800,-1.071270,-0.571987,-0.061563,1.346316,-0.322165,0.075504,-0.242151,-0.044465,0.520000,-0.232641,0.404826,-0.165131,0.893018,-0.290814,-0.353906,0.440110,-0.914763,-0.589485,0.247266,-0.141492,-0.222961,-0.006245,-0.269147
-0.071694,0.232102,0.649958,0.086925,0.019868,-0.464163,0.881251,-0.545723,0.406002,0.294142,1.395312,-0.546459,-0.261800,-1.081955,-0.576975,-0.042703,1.354095,-0.319777,0.078397,-0.237173,-0.043517,0.520000,-0.189771,0.411255,-0.123132,0.874482,-0.309475,-0.351170,0.462333,-0.965864,-0.609201,0.271673,-0.110353,-0.226253,0.001244,-0.264590
-0.070024,0.235036,0.647890,0.089204,0.014519,-0.466204,0.880049,-0.532827,0.403097,0.305289,1.422861,-0.543926,-0.261800,-1.092395,-0.581662,-0.023121,1.360325,-0.317759,0.081756,-0.230180,-0.040823,0.520000,-0.147533,0.418240,-0.082429,0.847511,-0.316645,-0.349871,0.475979,-1.019296,-0.630309,0.300672,-0.072050,-0.228102,0.005793,-0.264000
-0.068109,0.238083,0.645866,0.091584,0.008972,-0.468522,0.878646,-0.516235,0.402300,0.319355,1.452671,-0.541651,-0.261800,-1.102648,-0.586031,-0.002807,1.365301,-0.315915,0.085482,-0.221383,-0.036894,0.520000,-0.104936,0.425614,-0.041288,0.811063,-0.312818,-0.348342,0.484647,-1.076019,-0.652677,0.334066,-0.027110,-0.228171,0.008438,-0.266040
-0.065954,0.241209,0.643926,0.093601,0.003273,-0.471286,0.876994,-0.495463,0.403746,0.333904,1.484031,-0.538338,-0.261800,-1.111906,-0.588983,0.017616,1.369204,-0.313441,0.089547,-0.209957,-0.031025,0.520000,-0.064512,0.433328,-0.001648,0.769645,-0.301820,-0.346600,0.488095,-1.133261,-0.675448,0.372035,0.024197,-0.228370,0.010607,-0.267783
-0.063639,0.244454,0.642082,0.094787,-0.002542,-0.474684,0.875034,-0.470007,0.407361,0.346435,1.516110,-0.532696,-0.261800,-1.119307,-0.589456,0.037519,1.372289,-0.309573,0.093952,-0.195301,-0.022630,0.520000,-0.028541,0.441771,0.034896,0.727470,-0.287307,-0.344846,0.486184,-1.188528,-0.697580,0.414795,0.081949,-0.230768,0.013730,-0.266195
-0.061241,0.247769,0.640295,0.094787,-0.008518,-0.479050,0.872613,-0.438482,0.415266,0.357051,1.550050,-0.525453,-0.261800,-1.124218,-0.586383,0.056585,1.374927,-0.304153,0.098674,-0.177102,-0.011444,0.520000,0.004599,0.451662,0.068589,0.683853,-0.267314,-0.343702,0.477002,-1.242935,-0.718576,0.463442,0.147516,-0.236915,0.018780,-0.261521
-0.058709,0.251160,0.638601,0.093861,-0.014674,-0.484254,0.869755,-0.401094,0.426616,0.366458,1.585558,-0.516973,-0.261800,-1.126900,-0.580470,0.074972,1.376943,-0.297654,0.103724,-0.155944,0.001704,0.520000,0.036414,0.463305,0.101192,0.636293,-0.240879,-0.343171,0.461245,-1.297334,-0.738212,0.517321,0.219905,-0.245750,0.024748,-0.254882
-0.055985,0.254645,0.637024,0.092491,-0.020933,-0.489770,0.866679,-0.360093,0.436790,0.373150,1.619644,-0.505304,-0.261800,-1.127972,-0.573399,0.092878,1.377798,-0.290234,0.109174,-0.132916,0.015663,0.520000,0.064733,0.476639,0.133730,0.585952,-0.213080,-0.342432,0.442688,-1.349023,-0.756022,0.573833,0.296361,-0.255489,0.030035,-0.244533
-0.053048,0.258290,0.635684,0.091228,-0.027240,-0.495031,0.863644,-0.318107,0.441230,0.375833,1.649425,-0.488320,-0.261800,-1.128222,-0.566946,0.110727,1.376903,-0.282010,0.115115,-0.109248,0.029196,0.520000,0.087251,0.491472,0.167127,0.534141,-0.188960,-0.340333,0.425083,-1.394747,-0.771541,0.629865,0.374514,-0.265198,0.033040,-0.228765
-0.049914,0.262092,0.634533,0.090244,-0.033578,-0.500148,0.860570,-0.274962,0.439445,0.374735,1.675021,-0.465556,-0.261800,-1.128364,-0.561037,0.129055,1.374349,-0.272797,0.121501,-0.085036,0.042021,0.520000,0.105541,0.507614,0.203575,0.479080,-0.167621,-0.336067,0.408706,-1.437244,-0.784858,0.686676,0.458716,-0.277509,0.033761,-0.205129
-0.046541,0.266059,0.633654,0.089206,-0.040031,-0.505345,0.857360,-0.229682,0.433629,0.370704,1.697615,-0.437959,-0.261800,-1.127663,-0.554919,0.147559,1.370358,-0.262636,0.128316,-0.060073,0.054543,0.520000,0.120592,0.524960,0.242708,0.420729,-0.147268,-0.330417,0.391703,-1.477326,-0.796052,0.745056,0.549116,-0.292642,0.032756,-0.175314
-0.043138,0.270201,0.633009,0.088566,-0.045988,-0.510061,0.854330,-0.186179,0.423592,0.362872,1.716400,-0.405254,-0.261800,-1.127247,-0.549646,0.165924,1.364349,-0.251548,0.135597,-0.034498,0.067350,0.512559,0.128148,0.544198,0.277480,0.368044,-0.130478,-0.324160,0.374754,-1.507464,-0.804865,0.804654,0.640628,-0.303701,0.029400,-0.144037
-0.039608,0.274487,0.632650,0.087916,-0.052171,-0.513909,0.851732,-0.144294,0.409038,0.350683,1.730080,-0.367410,-0.261800,-1.124616,-0.546318,0.183749,1.356117,-0.240291,0.143611,-0.010443,0.079091,0.503544,0.126538,0.566214,0.307872,0.320676,-0.121733,-0.318044,0.358249,-1.529379,-0.811643,0.863747,0.727679,-0.303937,0.023803,-0.115549
-0.036018,0.278927,0.632612,0.087647,-0.058808,-0.516942,0.849488,-0.103369,0.388479,0.334804,1.737925,-0.320788,-0.261800,-1.120481,-0.545062,0.202524,1.345450,-0.229035,0.152770,0.012472,0.089455,0.493979,0.115597,0.591745,0.335310,0.277534,-0.125562,-0.311292,0.341571,-1.544339,-0.817134,0.926490,0.814440,-0.286117,0.013632,-0.090493
-0.032475,0.283548,0.632962,0.087672,-0.065852,-0.519366,0.847488,-0.062546,0.363030,0.315464,1.740794,-0.266575,-0.261800,-1.115016,-0.545484,0.222184,1.332550,-0.217504,0.162892,0.034856,0.098944,0.483476,0.095841,0.621170,0.359604,0.238454,-0.138860,-0.303521,0.324881,-1.554419,-0.821854,0.993610,0.903730,-0.255348,0.000496,-0.066447
-0.028886,0.288213,0.633677,0.087113,-0.073138,-0.520969,0.845963,-0.022483,0.336038,0.291311,1.739919,-0.211911,-0.261800,-1.106107,-0.547828,0.239799,1.317679,-0.205652,0.173181,0.055269,0.108011,0.472414,0.067426,0.654590,0.377462,0.205208,-0.153907,-0.296040,0.309429,-1.559275,-0.826008,1.057891,0.987440,-0.223133,-0.010092,-0.043156
-0.025432,0.293016,0.634678,0.085071,-0.080422,-0.521503,0.845180,0.016073,0.310386,0.260835,1.736548,-0.163995,-0.261800,-1.091776,-0.552420,0.252287,1.301199,-0.193413,0.182833,0.072376,0.117312,0.461311,0.030231,0.692159,0.385524,0.179174,-0.163077,-0.290431,0.296227,-1.557231,-0.829734,1.110956,1.056602,-0.201094,-0.013303,-0.020777
-0.022066,0.297963,0.635982,0.081445,-0.087978,-0.521038,0.845072,0.053081,0.280762,0.220365,1.730273,-0.121920,-0.261800,-1.071985,-0.559034,0.260186,1.283641,-0.180709,0.191953,0.086924,0.127893,0.450823,-0.019491,0.734437,0.382130,0.160370,-0.166196,-0.286502,0.285359,-1.545316,-0.833163,1.148586,1.109318,-0.195019,-0.005130,0.003400
-0.018882,0.303111,0.637527,0.076663,-0.095748,-0.519604,0.845557,0.090062,0.247419,0.171972,1.720916,-0.082910,-0.261800,-1.047728,-0.567581,0.264412,1.264690,-0.167540,0.200838,0.100039,0.139668,0.440127,-0.083796,0.781808,0.366179,0.149514,-0.166905,-0.283785,0.276289,-1.522987,-0.836707,1.174149,1.150771,-0.198883,0.010175,0.028487
-0.015922,0.308383,0.639318,0.070556,-0.102838,-0.516834,0.846952,0.127189,0.221578,0.122161,1.710016,-0.051224,-0.261800,-1.018576,-0.578357,0.262069,1.243555,-0.153951,0.208936,0.110510,0.151531,0.427696,-0.160856,0.833720,0.335067,0.148373,-0.163415,-0.283587,0.269023,-1.492226,-0.841019,1.191869,1.181525,-0.204221,0.024926,0.048666
-0.013227,0.313715,0.641408,0.062943,-0.108339,-0.512312,0.849610,0.162732,0.214711,0.077056,1.698931,-0.030993,-0.261800,-0.983972,-0.591500,0.250055,1.219451,-0.139967,0.215740,0.116950,0.162425,0.412408,-0.249389,0.888743,0.285834,0.157606,-0.153816,-0.287183,0.263630,-1.454018,-0.846604,1.202101,1.201373,-0.205230,0.031858,0.057885
-0.010828,0.319130,0.643769,0.053556,-0.112024,-0.505616,0.853776,0.195157,0.230958,0.038230,1.688486,-0.027404,-0.261800,-0.943247,-0.607067,0.227033,1.192767,-0.126126,0.221853,0.117432,0.172634,0.394518,-0.350626,0.946204,0.216015,0.173947,-0.136300,-0.296578,0.261921,-1.408525,-0.853933,1.206118,1.205502,-0.200065,0.028297,0.052006
-0.008710,0.324700,0.646424,0.042485,-0.114279,-0.496859,0.859224,0.223488,0.264696,0.002555,1.677441,-0.037158,-0.261800,-0.896251,-0.624140,0.194004,1.163898,-0.112245,0.227539,0.112486,0.181953,0.375096,-0.470445,1.004159,0.123072,0.196212,-0.113180,-0.310323,0.263743,-1.353176,-0.863009,1.199837,1.192995,-0.192667,0.018429,0.035024
-0.006783,0.330415,0.649431,0.029993,-0.115065,-0.486426,0.865593,0.245989,0.312552,-0.030449,1.663944,-0.051847,-0.261800,-0.842912,-0.641123,0.151051,1.132063,-0.097313,0.231728,0.102483,0.188475,0.355375,-0.606686,1.057982,0.010082,0.222783,-0.088803,-0.324459,0.265933,-1.288292,-0.873523,1.181400,1.168340,-0.181335,0.005409,0.013107
-0.004757,0.336275,0.652909,0.018807,-0.115787,-0.474192,0.872572,0.259668,0.374135,-0.051850,1.646098,-0.062018,-0.241065,-0.787409,-0.660546,0.106100,1.096286,-0.079671,0.235084,0.086517,0.186402,0.337773,-0.747177,1.102297,-0.110948,0.248029,-0.066132,-0.335241,0.264588,-1.216772,-0.884713,1.151950,1.137133,-0.163979,-0.007650,-0.007332
-0.002443,0.342346,0.657039,0.009944,-0.117172,-0.459439,0.880391,0.260637,0.466159,-0.045257,1.625833,-0.068714,-0.153781,-0.728623,-0.685537,0.059544,1.054880,-0.059495,0.240045,0.062267,0.176281,0.323221,-0.880411,1.134514,-0.228615,0.267999,-0.040541,-0.343788,0.255931,-1.141533,-0.895718,1.116281,1.099824,-0.133688,-0.022781,-0.026622
-0.000097,0.348424,0.661659,0.000554,-0.117765,-0.442852,0.888827,0.253210,0.573471,-0.029097,1.603816,-0.083407,-0.050198,-0.662079,-0.710051,0.003234,1.009672,-0.038144,0.244973,0.030875,0.167447,0.310140,-1.001697,1.154910,-0.337707,0.281374,-0.009534,-0.351841,0.242425,-1.063376,-0.905788,1.077153,1.055807,-0.093622,-0.041234,-0.046665
0.002414,0.354527,0.666641,-0.008333,-0.118055,-0.425750,0.897068,0.243340,0.676147,-0.008388,1.576291,-0.107108,0.046754,-0.593375,-0.731636,-0.055138,0.962732,-0.013757,0.247221,-0.003323,0.159157,0.297672,-1.106502,1.164126,-0.433247,0.288085,0.021904,-0.356597,0.228909,-0.982458,-0.914004,1.033123,1.010405,-0.056403,-0.058109,-0.063986
0.005137,0.360843,0.671931,-0.015741,-0.118332,-0.409475,0.904478,0.236919,0.756143,0.011903,1.539236,-0.133709,0.115256,-0.528986,-0.749190,-0.107800,0.916081,0.015254,0.243669,-0.035893,0.150256,0.284658,-1.192233,1.163650,-0.512906,0.288543,0.047112,-0.354779,0.219910,-0.898895,-0.919336,0.982394,0.969001,-0.034333,-0.067817,-0.075789
0.007999,0.367432,0.677479,-0.021956,-0.118590,-0.393512,0.911374,0.235058,0.817608,0.033457,1.491120,-0.162239,0.154179,-0.466486,-0.765664,-0.159814,0.868209,0.052231,0.231255,-0.068165,0.140172,0.270814,-1.256991,1.154508,-0.576627,0.285302,0.063836,-0.341754,0.217245,-0.810484,-0.920141,0.920361,0.932794,-0.033146,-0.066611,-0.081161
0.010970,0.374206,0.683079,-0.027328,-0.118630,-0.377409,0.918010,0.236299,0.867809,0.058929,1.434201,-0.190984,0.173544,-0.404828,-0.781006,-0.213391,0.820110,0.093815,0.211990,-0.101517,0.129301,0.255584,-1.304396,1.137752,-0.627704,0.280872,0.075305,-0.320289,0.217914,-0.718386,-0.915162,0.849815,0.899833,-0.044991,-0.057917,-0.081900
0.014072,0.381024,0.688590,-0.031477,-0.118088,-0.362720,0.923850,0.241076,0.899360,0.083522,1.370490,-0.209171,0.173033,-0.352922,-0.790847,-0.256431,0.776613,0.132058,0.189765,-0.132463,0.117711,0.238117,-1.339966,1.114807,-0.668846,0.275075,0.083930,-0.298071,0.219278,-0.628714,-0.904246,0.780230,0.870639,-0.061755,-0.046791,-0.079476
0.017158,0.387806,0.693825,-0.034127,-0.116588,-0.351122,0.928416,0.248658,0.906822,0.100625,1.302205,-0.207391,0.154374,-0.319533,-0.791547,-0.275931,0.740801,0.160640,0.168399,-0.157643,0.105304,0.217938,-1.368433,1.087494,-0.701997,0.267005,0.092275,-0.282834,0.218743,-0.547666,-0.888434,0.721102,0.846221,-0.075570,-0.038243,-0.075746
0.020203,0.394600,0.698621,-0.034886,-0.113771,-0.343195,0.931695,0.257668,0.885646,0.102259,1.226254,-0.179059,0.113115,-0.308244,-0.782943,-0.264460,0.711000,0.180368,0.141765,-0.176548,0.089851,0.194523,-1.389509,1.057434,-0.727449,0.255139,0.099297,-0.277799,0.216641,-0.475382,-0.868450,0.674025,0.827551,-0.084821,-0.032942,-0.070118
0.023003,0.401647,0.702756,-0.034081,-0.109885,-0.338150,0.934033,0.267929,0.843954,0.089193,1.142423,-0.134946,0.052997,-0.313322,-0.767774,-0.230582,0.685882,0.194514,0.109470,-0.191923,0.071328,0.168746,-1.401379,1.025673,-0.745408,0.239593,0.103886,-0.278452,0.214097,-0.410801,-0.844328,0.635589,0.814529,-0.093540,-0.028540,-0.061967
0.025624,0.409350,0.706332,-0.032603,-0.105505,-0.335630,0.935499,0.280034,0.795101,0.068639,1.057379,-0.091080,-0.011817,-0.328048,-0.746837,-0.185021,0.666604,0.202610,0.084213,-0.204765,0.052399,0.142706,-1.406888,0.992998,-0.757471,0.221810,0.108405,-0.280986,0.209633,-0.357062,-0.817216,0.606385,0.806616,-0.102358,-0.025317,-0.053489
0.028065,0.417596,0.709171,-0.031469,-0.101186,-0.335227,0.936159,0.293543,0.751526,0.050403,0.978276,-0.058615,-0.067084,-0.345255,-0.720819,-0.138316,0.652880,0.204499,0.079064,-0.215529,0.036070,0.118689,-1.408855,0.959871,-0.764587,0.203231,0.115182,-0.281616,0.201721,-0.315836,-0.788953,0.585723,0.802360,-0.111985,-0.023455,-0.046888
0.030416,0.426448,0.711223,-0.030482,-0.096632,-0.337615,0.935815,0.307765,0.711266,0.038373,0.903285,-0.037143,-0.107341,-0.365477,-0.684768,-0.084335,0.641473,0.198305,0.106068,-0.222464,0.022445,0.096607,-1.408334,0.926583,-0.765864,0.183442,0.126059,-0.280234,0.188918,-0.286275,-0.761634,0.572974,0.799521,-0.123935,-0.023248,-0.041947
0.032865,0.435955,0.712519,-0.029273,-0.091847,-0.342621,0.934515,0.321554,0.670553,0.026430,0.830094,-0.021141,-0.139363,-0.389729,-0.640739,-0.022343,0.633514,0.181136,0.154964,-0.225533,0.009650,0.076509,-1.404295,0.893438,-0.760883,0.160856,0.139250,-0.278646,0.172301,-0.264704,-0.736535,0.565999,0.797105,-0.137214,-0.024313,-0.037670
0.035332,0.446262,0.713039,-0.028482,-0.087743,-0.348602,0.932720,0.334715,0.634800,0.012882,0.764663,-0.009213,-0.169695,-0.414986,-0.599550,0.031302,0.635314,0.153612,0.205973,-0.227055,-0.002151,0.060564,-1.396604,0.860643,-0.751287,0.135404,0.151582,-0.275913,0.154151,-0.248451,-0.714164,0.561525,0.795406,-0.148717,-0.025767,-0.035102
0.037691,0.457293,0.712890,-0.028775,-0.085054,-0.354088,0.930892,0.348946,0.606786,-0.002061,0.711727,0.000802,-0.207386,-0.439838,-0.569999,0.063141,0.651635,0.122569,0.241050,-0.229008,-0.012413,0.050493,-1.385171,0.828195,-0.739048,0.107275,0.159849,-0.270963,0.136822,-0.235339,-0.694382,0.556439,0.795072,-0.155498,-0.026767,-0.035311
0.039877,0.468312,0.713057,-0.030297,-0.084054,-0.359142,0.928996,0.365990,0.583754,-0.019283,0.673021,0.016816,-0.261800,-0.465918,-0.554399,0.069390,0.685423,0.091082,0.257292,-0.230726,-0.020951,0.047164,-1.370273,0.795952,-0.724032,0.075894,0.162370,-0.261941,0.120213,-0.225871,-0.677328,0.550270,0.796873,-0.156600,-0.027241,-0.039135
0.042309,0.480059,0.713435,-0.025737,-0.087086,-0.363452,0.927176,0.381100,0.547979,-0.021072,0.646109,0.039334,-0.261800,-0.501518,-0.563202,0.071846,0.733860,0.057971,0.261800,-0.231505,-0.042348,0.046280,-1.351713,0.763999,-0.705884,0.040508,0.161401,-0.249843,0.103418,-0.219374,-0.663089,0.543346,0.799320,-0.153743,-0.027539,-0.046012
0.044276,0.493224,0.712252,-0.021667,-0.090905,-0.367655,0.925255,0.396635,0.515077,-0.018560,0.626631,0.056791,-0.261800,-0.539391,-0.577209,0.068172,0.790785,0.025470,0.261800,-0.231837,-0.062746,0.049233,-1.329590,0.732290,-0.686133,0.002758,0.159128,-0.237704,0.087589,-0.214883,-0.651559,0.535411,0.801663,-0.147923,-0.027655,-0.054454
0.045963,0.506895,0.710146,-0.019616,-0.094298,-0.371259,0.923520,0.411815,0.489425,-0.012010,0.610517,0.055405,-0.261800,-0.575013,-0.589375,0.062217,0.849603,-0.004009,0.261800,-0.233495,-0.078846,0.055170,-1.303859,0.700635,-0.666680,-0.035803,0.157667,-0.228661,0.073867,-0.210663,-0.642277,0.525688,0.802621,-0.140336,-0.027514,-0.063109
0.047554,0.520532,0.707607,-0.020204,-0.096708,-0.373449,0.922375,0.425991,0.472482,-0.001424,0.597317,0.024774,-0.261800,-0.607138,-0.600942,0.051207,0.910519,-0.029463,0.261800,-0.238683,-0.089179,0.064788,-1.273319,0.668411,-0.647049,-0.076381,0.156422,-0.223050,0.062191,-0.208324,-0.635050,0.513917,0.803427,-0.129561,-0.027079,-0.072444
0.049091,0.533827,0.704984,-0.022712,-0.098640,-0.374787,0.921569,0.439203,0.461908,0.012692,0.589458,-0.026446,-0.261800,-0.637221,-0.615940,0.031429,0.975549,-0.052109,0.250895,-0.245840,-0.095454,0.078016,-1.238590,0.635273,-0.627280,-0.118488,0.154664,-0.219320,0.052213,-0.208286,-0.629896,0.500411,0.804602,-0.115677,-0.026500,-0.082966
0.050529,0.546612,0.702293,-0.025800,-0.100934,-0.376501,0.920540,0.452053,0.452980,0.028366,0.586220,-0.085006,-0.261800,-0.664858,-0.631871,0.009790,1.040965,-0.073049,0.231582,-0.251495,-0.101080,0.092673,-1.202802,0.601656,-0.610137,-0.157754,0.153930,-0.217864,0.044494,-0.207774,-0.626416,0.485828,0.804408,-0.101721,-0.025884,-0.093384
0.051877,0.558628,0.699653,-0.028380,-0.104308,-0.379945,0.918671,0.466264,0.441757,0.044673,0.585237,-0.136923,-0.261800,-0.689833,-0.644342,-0.006108,1.102978,-0.093173,0.211709,-0.251815,-0.108757,0.106746,-1.167144,0.568589,-0.597845,-0.191815,0.156483,-0.219143,0.039485,-0.204450,-0.623855,0.471132,0.801617,-0.090484,-0.025277,-0.102412
0.053081,0.570183,0.696696,-0.030590,-0.109484,-0.386241,0.915366,0.483763,0.427820,0.064280,0.587613,-0.180766,-0.261800,-0.712092,-0.652633,-0.016944,1.162161,-0.112713,0.189349,-0.244932,-0.119039,0.121285,-1.133272,0.536957,-0.591617,-0.218979,0.161501,-0.224873,0.038279,-0.199526,-0.621623,0.458203,0.797291,-0.082913,-0.024369,-0.110055
0.054140,0.581321,0.693893,-0.032924,-0.115895,-0.394380,0.911015,0.503166,0.412779,0.087462,0.593201,-0.223160,-0.261800,-0.731108,-0.658868,-0.026016,1.219818,-0.131514,0.163335,-0.233267,-0.130290,0.136999,-1.097097,0.507239,-0.589642,-0.243414,0.169007,-0.234292,0.040294,-0.194573,-0.619343,0.446628,0.792755,-0.077443,-0.023223,-0.116959
0.055406,0.591958,0.691805,-0.034967,-0.122165,-0.402570,0.906526,0.520205,0.396740,0.110031,0.599569,-0.262712,-0.261800,-0.747033,-0.662125,-0.030899,1.273629,-0.149140,0.139269,-0.220776,-0.141230,0.151352,-1.059959,0.479636,-0.590008,-0.264016,0.178121,-0.244147,0.043335,-0.188520,-0.616640,0.434856,0.787102,-0.073659,-0.022347,-0.122816
0.056716,0.602071,0.690536,-0.036213,-0.126972,-0.409076,0.902897,0.531476,0.380384,0.127719,0.603929,-0.298070,-0.261800,-0.760453,-0.660819,-0.029133,1.321243,-0.164495,0.123266,-0.210933,-0.151136,0.161551,-1.020616,0.454226,-0.590943,-0.282230,0.189173,-0.251249,0.045175,-0.179440,-0.613124,0.420608,0.778954,-0.071185,-0.022267,-0.127286
0.058074,0.611676,0.689803,-0.035995,-0.130147,-0.413668,0.900358,0.536429,0.363213,0.139757,0.605469,-0.327394,-0.261800,-0.772355,-0.651850,-0.017214,1.361464,-0.175965,0.118677,-0.204411,-0.161227,0.166074,-0.978296,0.431146,-0.592880,-0.298576,0.203191,-0.255086,0.046571,-0.166598,-0.608205,0.402936,0.768020,-0.071365,-0.023169,-0.130017
0.059617,0.620742,0.689376,-0.034753,-0.132340,-0.417252,0.898431,0.537123,0.345569,0.148511,0.605546,-0.351896,-0.261800,-0.782111,-0.636009,0.001783,1.395871,-0.184157,0.122434,-0.199868,-0.171757,0.166467,-0.933476,0.410313,-0.596822,-0.312628,0.219648,-0.257281,0.048355,-0.151686,-0.601632,0.383705,0.755528,-0.074032,-0.024765,-0.131288
0.061370,0.629348,0.689233,-0.033568,-0.133508,-0.419810,0.897111,0.534836,0.329703,0.154550,0.604499,-0.374732,-0.261800,-0.788331,-0.617573,0.020816,1.426307,-0.191205,0.130968,-0.197657,-0.180717,0.164454,-0.887766,0.391221,-0.601712,-0.323519,0.236227,-0.257919,0.048348,-0.136515,-0.593863,0.364896,0.742332,-0.076315,-0.026881,-0.131704
0.063308,0.637755,0.689168,-0.033511,-0.133602,-0.421321,0.896391,0.530914,0.317680,0.158382,0.602820,-0.399221,-0.261800,-0.790156,-0.601286,0.033483,1.454448,-0.199080,0.140376,-0.197586,-0.185987,0.161801,-0.842620,0.373248,-0.606177,-0.330542,0.250795,-0.257085,0.044259,-0.121565,-0.585951,0.347489,0.728185,-0.075497,-0.029303,-0.131816
0.065395,0.646005,0.689100,-0.035162,-0.132235,-0.421302,0.896539,0.525320,0.310730,0.158221,0.600272,-0.426550,-0.261800,-0.786270,-0.587335,0.038167,1.479929,-0.208137,0.151867,-0.200512,-0.185791,0.158406,-0.796760,0.355745,-0.608978,-0.333480,0.262592,-0.253875,0.033652,-0.105354,-0.578809,0.330491,0.711389,-0.069438,-0.032038,-0.130908
0.067580,0.653986,0.688952,-0.037803,-0.129584,-0.419909,0.897472,0.517811,0.307323,0.154544,0.596685,-0.454851,-0.261800,-0.777912,-0.573663,0.038527,1.502117,-0.217520,0.166672,-0.205643,-0.181429,0.153743,-0.750296,0.338399,-0.610896,-0.332496,0.273015,-0.248649,0.018284,-0.086887,-0.572691,0.312933,0.691285,-0.059807,-0.035095,-0.128798
0.069788,0.661780,0.688820,-0.040571,-0.126428,-0.418084,0.898652,0.509387,0.305394,0.151324,0.592573,-0.482767,-0.261800,-0.768232,-0.561920,0.036493,1.522052,-0.227006,0.180695,-0.210134,-0.175481,0.148940,-0.706857,0.321350,-0.613292,-0.327253,0.283141,-0.243317,0.002146,-0.067344,-0.567686,0.295693,0.669269,-0.049561,-0.038285,-0.126866
0.071853,0.669345,0.688733,-0.042595,-0.123569,-0.416794,0.899555,0.501117,0.303114,0.152659,0.588443,-0.508961,-0.261800,-0.760193,-0.553867,0.034050,1.540829,-0.236157,0.189844,-0.211518,-0.170585,0.144913,-0.669882,0.305126,-0.617171,-0.317379,0.294007,-0.239730,-0.010761,-0.048238,-0.563722,0.280037,0.647022,-0.041779,-0.041467,-0.126571
0.073638,0.676683,0.688676,-0.043572,-0.120958,-0.416355,0.900066,0.493696,0.300384,0.161084,0.582736,-0.533718,-0.261800,-0.754986,-0.550752,0.031436,1.558879,-0.244581,0.192561,-0.209027,-0.167250,0.141264,-0.639235,0.290185,-0.622311,-0.301937,0.306426,-0.238894,-0.019872,-0.029941,-0.561042,0.267195,0.624802,-0.036936,-0.044892,-0.128475
0.075219,0.683834,0.688643,-0.043980,-0.118275,-0.416242,0.900455,0.486503,0.298114,0.174202,0.575745,-0.557613,-0.261800,-0.750854,-0.551586,0.027998,1.575606,-0.252445,0.191096,-0.204170,-0.164187,0.137713,-0.612968,0.276823,-0.627622,-0.281904,0.319557,-0.239596,-0.027125,-0.011665,-0.559684,0.256320,0.601709,-0.033511,-0.048554,-0.131757
0.076401,0.690803,0.688631,-0.044121,-0.115920,-0.416187,0.900780,0.478705,0.296178,0.188672,0.570740,-0.579720,-0.261800,-0.746162,-0.554712,0.024318,1.590466,-0.260043,0.187101,-0.198062,-0.161460,0.135290,-0.591453,0.265483,-0.632904,-0.259894,0.332151,-0.240238,-0.032247,0.005974,-0.559024,0.245994,0.578449,-0.031484,-0.051973,-0.135872
0.077225,0.697660,0.688692,-0.044292,-0.114258,-0.415911,0.901111,0.469404,0.294434,0.200914,0.570990,-0.599094,-0.261800,-0.739339,-0.558422,0.020887,1.602918,-0.267661,0.182260,-0.191655,-0.159210,0.134900,-0.575239,0.256870,-0.638198,-0.238531,0.342529,-0.239259,-0.035016,0.022052,-0.557989,0.234798,0.556305,-0.030862,-0.054689,-0.140347
0.077705,0.704410,0.688857,-0.044595,-0.113575,-0.415227,0.901498,0.458105,0.293183,0.210180,0.578483,-0.615571,-0.261800,-0.729565,-0.563330,0.017476,1.612851,-0.275772,0.176243,-0.185076,-0.158063,0.137223,-0.565958,0.251827,-0.644399,-0.217110,0.349792,-0.235767,-0.034321,0.035643,-0.555770,0.222824,0.536452,-0.032761,-0.056531,-0.145913
0.077893,0.711009,0.689221,-0.044853,-0.113625,-0.414326,0.901893,0.445388,0.292373,0.218011,0.591124,-0.629750,-0.261800,-0.717836,-0.569933,0.013990,1.620537,-0.284124,0.168450,-0.178494,-0.158207,0.141773,-0.561908,0.250351,-0.651247,-0.195506,0.355746,-0.230575,-0.030397,0.046267,-0.552228,0.211347,0.518689,-0.037158,-0.057792,-0.152661
0.077897,0.717432,0.689859,-0.045032,-0.113918,-0.413495,0.902229,0.432025,0.291442,0.224402,0.605831,-0.641528,-0.261800,-0.705335,-0.576358,0.010958,1.626023,-0.291853,0.160126,-0.171334,-0.158729,0.147090,-0.561405,0.252842,-0.657273,-0.175917,0.358988,-0.224922,-0.025572,0.055301,-0.547327,0.199375,0.502180,-0.042260,-0.058710,-0.159189
0.077928,0.723598,0.690770,-0.045052,-0.113985,-0.413014,0.902440,0.418828,0.289695,0.229432,0.619378,-0.650678,-0.261800,-0.693274,-0.580804,0.008941,1.629344,-0.298035,0.152474,-0.164758,-0.158971,0.152252,-0.559849,0.258541,-0.660699,-0.161912,0.362158,-0.219838,-0.021723,0.062813,-0.541165,0.187164,0.485714,-0.046382,-0.059541,-0.164044
0.077881,0.729643,0.691897,-0.044868,-0.113807,-0.412846,0.902548,0.405269,0.286764,0.232097,0.632504,-0.656567,-0.261800,-0.681742,-0.582755,0.008520,1.630395,-0.302365,0.145204,-0.158525,-0.158751,0.156954,-0.557989,0.267290,-0.661256,-0.153421,0.366521,-0.215596,-0.019635,0.069009,-0.533603,0.173753,0.469917,-0.048933,-0.060090,-0.166365
0.077857,0.735505,0.693203,-0.044528,-0.113593,-0.412876,0.902578,0.391177,0.283008,0.232657,0.646355,-0.659485,-0.261800,-0.670236,-0.583175,0.009217,1.629218,-0.305327,0.137845,-0.152353,-0.158425,0.161754,-0.557311,0.279073,-0.659967,-0.148933,0.371171,-0.211631,-0.018187,0.073498,-0.524641,0.159448,0.455133,-0.050897,-0.060322,-0.167089
0.077868,0.741235,0.694613,-0.044126,-0.113189,-0.413262,0.902472,0.377757,0.278824,0.233113,0.658578,-0.660747,-0.261800,-0.659057,-0.582483,0.009995,1.626064,-0.307138,0.131335,-0.146053,-0.157874,0.166529,-0.556677,0.293487,-0.657033,-0.148197,0.372817,-0.207918,-0.016815,0.076574,-0.514881,0.145473,0.439925,-0.052749,-0.060725,-0.167487
0.077874,0.746847,0.696111,-0.043749,-0.112453,-0.414164,0.902169,0.366125,0.274659,0.235495,0.666927,-0.661718,-0.261800,-0.648511,-0.581042,0.009840,1.621220,-0.308035,0.126624,-0.139468,-0.156782,0.171181,-0.554980,0.309874,-0.652426,-0.150899,0.368206,-0.204462,-0.014970,0.078695,-0.505291,0.133069,0.422677,-0.054725,-0.061759,-0.168808
0.077982,0.752299,0.697682,-0.043442,-0.111338,-0.415849,0.901547,0.357205,0.270528,0.240946,0.669755,-0.662523,-0.261800,-0.638713,-0.578721,0.008347,1.614582,-0.307977,0.123980,-0.132169,-0.154439,0.175531,-0.552085,0.327812,-0.645623,-0.156979,0.354555,-0.201616,-0.012602,0.080585,-0.496518,0.122168,0.402369,-0.056363,-0.063802,-0.171153
0.078112,0.757641,0.699325,-0.043149,-0.109906,-0.418148,0.900672,0.350080,0.266297,0.248287,0.668683,-0.662455,-0.261800,-0.629485,-0.575379,0.006102,1.606065,-0.306864,0.122897,-0.124363,-0.150822,0.179657,-0.548535,0.347125,-0.636521,-0.166405,0.334328,-0.199337,-0.010007,0.082247,-0.488655,0.112110,0.379567,-0.057379,-0.066459,-0.173878
0.078241,0.762862,0.700999,-0.042812,-0.108234,-0.420585,0.899756,0.343177,0.262087,0.255869,0.666211,-0.661634,-0.261800,-0.620635,-0.571395,0.003585,1.595945,-0.304827,0.123173,-0.116810,-0.146666,0.183878,-0.544363,0.367435,-0.625666,-0.178717,0.312153,-0.197082,-0.007110,0.083216,-0.481812,0.103183,0.355044,-0.058336,-0.069104,-0.177102
0.078223,0.767944,0.702701,-0.042357,-0.106398,-0.422677,0.899016,0.334901,0.258090,0.262112,0.664920,-0.660157,-0.261800,-0.611973,-0.567179,0.001272,1.584510,-0.302011,0.124600,-0.110249,-0.142714,0.188500,-0.539725,0.388202,-0.613626,-0.193239,0.292678,-0.194267,-0.003847,0.083119,-0.476089,0.095678,0.329531,-0.059793,-0.071089,-0.180950
0.078100,0.772961,0.704446,-0.041768,-0.104349,-0.424389,0.898477,0.324789,0.254367,0.266639,0.665345,-0.657840,-0.261800,-0.603539,-0.562700,-0.001006,1.571599,-0.298233,0.127609,-0.104561,-0.139011,0.193452,-0.534842,0.408909,-0.600383,-0.209593,0.275767,-0.190684,0.000090,0.082156,-0.471592,0.089819,0.302493,-0.061277,-0.072292,-0.185867
0.077905,0.777861,0.706254,-0.041084,-0.102061,-0.425943,0.898036,0.313650,0.250854,0.270256,0.666203,-0.654695,-0.261800,-0.595398,-0.557819,-0.003378,1.557150,-0.293523,0.132131,-0.099323,-0.135140,0.198550,-0.529997,0.429261,-0.585784,-0.227435,0.259477,-0.186692,0.004597,0.080714,-0.468321,0.085271,0.273708,-0.062633,-0.073038,-0.191630
0.077706,0.782728,0.708057,-0.040326,-0.099677,-0.427253,0.897715,0.301906,0.247499,0.273143,0.667181,-0.651019,-0.261800,-0.587382,-0.552710,-0.005347,1.541560,-0.288324,0.137188,-0.094776,-0.131201,0.203954,-0.525520,0.449077,-0.570298,-0.246214,0.245733,-0.182511,0.009104,0.078633,-0.466144,0.081475,0.244487,-0.064910,-0.073359,-0.197363
0.077389,0.787533,0.709894,-0.039515,-0.097322,-0.428232,0.897543,0.289998,0.244231,0.275501,0.667981,-0.647128,-0.261800,-0.579316,-0.547547,-0.006428,1.525230,-0.283065,0.141801,-0.091124,-0.127345,0.209832,-0.521776,0.468254,-0.554472,-0.265387,0.236456,-0.178329,0.013013,0.075696,-0.464834,0.077859,0.216185,-0.069204,-0.073280,-0.202201
0.076958,0.792202,0.711718,-0.038571,-0.095088,-0.428783,0.897561,0.277957,0.240842,0.277323,0.668575,-0.642885,-0.261800,-0.571243,-0.542293,-0.005989,1.508222,-0.278488,0.145505,-0.088309,-0.123927,0.216342,-0.519270,0.486671,-0.538458,-0.284861,0.234066,-0.173958,0.016129,0.071943,-0.464223,0.074294,0.188791,-0.076213,-0.072470,-0.205841
0.076438,0.796777,0.713537,-0.037508,-0.092889,-0.428977,0.897744,0.265588,0.237421,0.278566,0.669108,-0.638156,-0.261800,-0.563213,-0.536926,-0.004434,1.490382,-0.274202,0.148846,-0.086116,-0.120871,0.223308,-0.518090,0.504182,-0.522305,-0.304444,0.236917,-0.169327,0.018751,0.067518,-0.464270,0.070985,0.161781,-0.085296,-0.071027,-0.208752
0.075912,0.801287,0.715302,-0.036499,-0.090590,-0.428978,0.898020,0.252984,0.234269,0.279239,0.669535,-0.633387,-0.261800,-0.555048,-0.531689,-0.002861,1.471724,-0.268862,0.152390,-0.084530,-0.117684,0.230413,-0.517932,0.520714,-0.506400,-0.323484,0.240853,-0.164801,0.021019,0.062263,-0.464942,0.067892,0.135842,-0.095529,-0.069631,-0.211244
0.075423,0.805706,0.717105,-0.035684,-0.088087,-0.428951,0.898314,0.240225,0.231737,0.279421,0.669831,-0.628920,-0.261800,-0.546620,-0.526702,-0.002367,1.452288,-0.261128,0.156761,-0.083550,-0.113853,0.237357,-0.518427,0.536242,-0.491100,-0.341398,0.241721,-0.160760,0.023127,0.056020,-0.466184,0.064964,0.111643,-0.105995,-0.068961,-0.213642
0.074881,0.810084,0.718834,-0.035193,-0.085357,-0.428884,0.898629,0.227387,0.230009,0.278937,0.669963,-0.624897,-0.261800,-0.537756,-0.522162,-0.003404,1.432124,-0.250480,0.161894,-0.083302,-0.109180,0.244230,-0.519749,0.550759,-0.476501,-0.358013,0.238653,-0.157476,0.025144,0.048527,-0.467997,0.062299,0.089630,-0.117447,-0.069526,-0.215932
0.074333,0.814383,0.720499,-0.034914,-0.082455,-0.428707,0.898995,0.214399,0.228858,0.277810,0.669960,-0.621107,-0.261800,-0.528605,-0.517876,-0.005319,1.411224,-0.237673,0.167594,-0.083746,-0.103978,0.251106,-0.522172,0.564240,-0.462569,-0.373511,0.233814,-0.154701,0.026980,0.039857,-0.470373,0.059933,0.069471,-0.130058,-0.070862,-0.217999
0.073730,0.818630,0.722164,-0.034684,-0.079358,-0.428504,0.899380,0.201148,0.228000,0.276401,0.669840,-0.617385,-0.261800,-0.519443,-0.513341,-0.007565,1.389356,-0.223323,0.174327,-0.084609,-0.098515,0.257672,-0.525447,0.576661,-0.449456,-0.387812,0.227599,-0.152045,0.028604,0.030391,-0.473218,0.057681,0.050653,-0.142046,-0.072187,-0.220014
0.073097,0.822779,0.723797,-0.034333,-0.076038,-0.428358,0.899749,0.187534,0.227167,0.275075,0.669606,-0.613515,-0.261800,-0.510572,-0.508114,-0.009554,1.366335,-0.207999,0.182548,-0.085572,-0.093065,0.263623,-0.529337,0.587995,-0.437338,-0.400911,0.220399,-0.149116,0.029992,0.020577,-0.476400,0.055288,0.032610,-0.151664,-0.072722,-0.222125
0.072449,0.826820,0.725413,-0.033845,-0.072403,-0.428274,0.900108,0.173278,0.226430,0.273782,0.669359,-0.609535,-0.261800,-0.502099,-0.502383,-0.011567,1.342074,-0.191383,0.192477,-0.086610,-0.087561,0.268808,-0.533971,0.598202,-0.426281,-0.412539,0.210366,-0.146011,0.031110,0.010399,-0.479865,0.052664,0.015212,-0.158399,-0.072085,-0.224283
0.071760,0.830784,0.726992,-0.033310,-0.068491,-0.428211,0.900464,0.158533,0.225889,0.272378,0.669028,-0.605479,-0.261800,-0.493866,-0.496174,-0.013717,1.316680,-0.173328,0.203885,-0.087811,-0.081920,0.273403,-0.539558,0.607267,-0.416344,-0.422671,0.197976,-0.142878,0.031988,-0.000292,-0.483623,0.049900,-0.001246,-0.163250,-0.070765,-0.226420
0.071120,0.834595,0.728555,-0.032690,-0.064502,-0.428190,0.900791,0.143783,0.225349,0.271050,0.668478,-0.601281,-0.261800,-0.485700,-0.488951,-0.015141,1.290181,-0.154709,0.216535,-0.089018,-0.076371,0.277618,-0.545939,0.615230,-0.407638,-0.431710,0.187092,-0.139384,0.032671,-0.011208,-0.487594,0.046983,-0.016727,-0.166730,-0.069291,-0.228656
0.070412,0.838257,0.730071,-0.031971,-0.060617,-0.428231,0.901067,0.129519,0.224618,0.269991,0.667575,-0.596843,-0.261800,-0.477455,-0.480243,-0.014950,1.262631,-0.136435,0.230152,-0.090063,-0.071178,0.281670,-0.552950,0.622169,-0.400289,-0.440062,0.181577,-0.135181,0.033186,-0.022075,-0.491663,0.043881,-0.031186,-0.169380,-0.068185,-0.231109
0.069610,0.841792,0.731565,-0.031143,-0.056892,-0.428351,0.901282,0.115922,0.223623,0.269272,0.666118,-0.592080,-0.261800,-0.469183,-0.468832,-0.011628,1.233889,-0.116987,0.245313,-0.090850,-0.066468,0.285626,-0.560565,0.628135,-0.394403,-0.447920,0.183461,-0.129793,0.033767,-0.032922,-0.495787,0.040528,-0.044482,-0.170823,-0.067670,-0.233776
0.068819,0.845215,0.732991,-0.030207,-0.053228,-0.428530,0.901452,0.102710,0.222495,0.268775,0.664238,-0.587085,-0.261800,-0.460871,-0.455494,-0.005963,1.203983,-0.096583,0.261800,-0.091527,-0.062131,0.289412,-0.568136,0.633088,-0.389810,-0.455662,0.190741,-0.123502,0.034276,-0.043916,-0.499962,0.036989,-0.056687,-0.170991,-0.067448,-0.236598
0.067920,0.848533,0.734431,-0.029743,-0.049138,-0.429128,0.901415,0.089042,0.223387,0.268728,0.663217,-0.582334,-0.261800,-0.452624,-0.443878,-0.006855,1.172816,-0.078175,0.261800,-0.091370,-0.056674,0.292714,-0.577982,0.637292,-0.386633,-0.461280,0.199236,-0.117163,0.034063,-0.054755,-0.504172,0.033200,-0.068068,-0.170912,-0.067277,-0.239624
0.066975,0.851680,0.735843,-0.029650,-0.044677,-0.430032,0.901220,0.074778,0.225935,0.268956,0.663472,-0.578047,-0.261800,-0.444113,-0.433475,-0.011269,1.140457,-0.065087,0.261800,-0.090956,-0.050293,0.295714,-0.585640,0.640482,-0.384080,-0.468193,0.208675,-0.111547,0.032815,-0.065688,-0.508231,0.029596,-0.078922,-0.171604,-0.066911,-0.242865
0.066019,0.854721,0.737187,-0.029463,-0.040229,-0.430914,0.901014,0.060333,0.228564,0.269114,0.664245,-0.573753,-0.261800,-0.434704,-0.425943,-0.019401,1.106768,-0.059634,0.261800,-0.090446,-0.044034,0.298287,-0.596185,0.643175,-0.382899,-0.472374,0.216380,-0.106978,0.030088,-0.076301,-0.512172,0.025818,-0.089163,-0.173483,-0.066208,-0.246635
0.065013,0.857618,0.738429,-0.029196,-0.035781,-0.431806,0.900783,0.045801,0.231275,0.269262,0.665343,-0.569409,-0.261800,-0.424634,-0.419847,-0.029884,1.071693,-0.059490,0.261800,-0.090091,-0.038113,0.300665,-0.606253,0.645251,-0.382648,-0.476634,0.225380,-0.102963,0.026385,-0.086932,-0.515929,0.022060,-0.098779,-0.175978,-0.065331,-0.250778
0.064048,0.860419,0.739597,-0.028751,-0.031451,-0.432647,0.900556,0.031470,0.233584,0.269403,0.666376,-0.564961,-0.261800,-0.414656,-0.414810,-0.041187,1.036133,-0.061616,0.261800,-0.090004,-0.032735,0.302946,-0.616094,0.646711,-0.383009,-0.480657,0.233784,-0.099341,0.021861,-0.097545,-0.519456,0.018343,-0.107810,-0.178669,-0.064424,-0.254766
0.063110,0.863095,0.740667,-0.028036,-0.027344,-0.433372,0.900364,0.017650,0.234999,0.269553,0.666926,-0.560317,-0.261800,-0.405567,-0.410745,-0.051900,1.001148,-0.063104,0.261800,-0.090323,-0.028163,0.305266,-0.625565,0.647554,-0.383661,-0.484387,0.239954,-0.095924,0.016718,-0.108050,-0.522715,0.014668,-0.116384,-0.181169,-0.063641,-0.258054
0.062183,0.865732,0.741685,-0.027002,-0.023516,-0.433935,0.900233,0.004463,0.235297,0.269693,0.666841,-0.555417,-0.261800,-0.397407,-0.408229,-0.062351,0.966673,-0.063613,0.261800,-0.091213,-0.024546,0.307636,-0.634545,0.647779,-0.384400,-0.487983,0.242995,-0.092577,0.010535,-0.118490,-0.525661,0.010919,-0.124524,-0.183646,-0.062970,-0.260250
0.061349,0.868228,0.742627,-0.025718,-0.019888,-0.434396,0.900135,-0.008263,0.234845,0.269871,0.666368,-0.550319,-0.261800,-0.389788,-0.407227,-0.073408,0.932328,-0.064644,0.261800,-0.092531,-0.021690,0.309990,-0.643164,0.647424,-0.385396,-0.491372,0.243894,-0.089415,0.003375,-0.128883,-0.528303,0.007121,-0.132172,-0.186248,-0.062351,-0.261725
0.060485,0.870667,0.743471,-0.024261,-0.016390,-0.434863,0.900020,-0.020631,0.233981,0.270222,0.665646,-0.545161,-0.261800,-0.382920,-0.406957,-0.084425,0.898829,-0.066082,0.261800,-0.093987,-0.019359,0.312363,-0.651440,0.646528,-0.386834,-0.494432,0.243933,-0.086601,-0.003822,-0.139152,-0.530681,0.003514,-0.139310,-0.188513,-0.061877,-0.263076
0.059587,0.873006,0.744265,-0.022699,-0.012950,-0.435437,0.899840,-0.032751,0.233013,0.270877,0.664817,-0.540082,-0.261800,-0.376960,-0.406539,-0.094665,0.866706,-0.067756,0.261800,-0.095310,-0.017307,0.314792,-0.659348,0.645139,-0.388861,-0.497054,0.244380,-0.084314,-0.010130,-0.149241,-0.532834,0.000355,-0.145908,-0.189950,-0.061632,-0.264923
0.058651,0.875305,0.745014,-0.020986,-0.009547,-0.436080,0.899612,-0.044731,0.231807,0.271767,0.663841,-0.535068,-0.261800,-0.371947,-0.406051,-0.103997,0.835958,-0.070101,0.261800,-0.096558,-0.015570,0.317216,-0.666799,0.643278,-0.391489,-0.499477,0.245135,-0.082480,-0.015611,-0.159042,-0.534784,-0.002356,-0.152082,-0.190121,-0.061698,-0.267523
0.057766,0.877512,0.745718,-0.019109,-0.006219,-0.436761,0.899353,-0.056481,0.230283,0.272874,0.662678,-0.530072,-0.261800,-0.367779,-0.405943,-0.112897,0.806345,-0.073067,0.261800,-0.097840,-0.014223,0.319656,-0.673739,0.640953,-0.394571,-0.501763,0.245649,-0.081034,-0.020652,-0.168621,-0.536524,-0.004734,-0.157823,-0.189366,-0.062011,-0.270522
0.056864,0.879595,0.746368,-0.017183,-0.002992,-0.437590,0.899006,-0.067797,0.228787,0.274384,0.661414,-0.525146,-0.261800,-0.364522,-0.405863,-0.121363,0.778138,-0.075765,0.261800,-0.098983,-0.013120,0.322261,-0.680213,0.638195,-0.398035,-0.503495,0.246508,-0.080188,-0.024814,-0.178170,-0.538049,-0.006677,-0.162922,-0.188391,-0.062433,-0.273622
0.055944,0.881586,0.746995,-0.015320,0.000109,-0.438677,0.898514,-0.078464,0.227659,0.276478,0.660113,-0.520317,-0.261800,-0.362200,-0.405486,-0.129341,0.751552,-0.077285,0.261800,-0.099824,-0.012130,0.325180,-0.686254,0.635056,-0.401797,-0.504242,0.248294,-0.080155,-0.027661,-0.187893,-0.539358,-0.008058,-0.167179,-0.187915,-0.062826,-0.276517
0.054964,0.883552,0.747586,-0.013496,0.003068,-0.440135,0.897825,-0.088384,0.226898,0.279417,0.658795,-0.515589,-0.261800,-0.361149,-0.404737,-0.136475,0.726797,-0.077316,0.261800,-0.100207,-0.011327,0.328441,-0.691859,0.631592,-0.405822,-0.504056,0.251235,-0.081111,-0.028957,-0.197953,-0.540463,-0.008796,-0.170537,-0.188114,-0.063146,-0.279191
0.053963,0.885431,0.748186,-0.011667,0.005899,-0.441877,0.896980,-0.097685,0.226337,0.283033,0.657426,-0.510948,-0.261800,-0.361255,-0.403826,-0.142882,0.703716,-0.076376,0.261800,-0.100285,-0.010750,0.331978,-0.696912,0.627832,-0.410080,-0.503200,0.254978,-0.082896,-0.028965,-0.208247,-0.541354,-0.008942,-0.173088,-0.188603,-0.063467,-0.281789
0.052972,0.887273,0.748737,-0.009914,0.008621,-0.443707,0.896076,-0.106516,0.226057,0.286862,0.656064,-0.506446,-0.261800,-0.361888,-0.402739,-0.149179,0.681992,-0.074807,0.261800,-0.100362,-0.010225,0.335803,-0.701337,0.623780,-0.414526,-0.501531,0.259238,-0.085211,-0.027998,-0.218583,-0.541987,-0.008571,-0.174843,-0.189246,-0.063814,-0.284257
0.051920,0.889030,0.749294,-0.008245,0.011242,-0.445395,0.895225,-0.115076,0.225902,0.290398,0.654669,-0.502072,-0.261800,-0.362490,-0.401749,-0.155948,0.661335,-0.072908,0.261800,-0.100806,-0.009740,0.339857,-0.705086,0.619425,-0.419147,-0.498858,0.263736,-0.087762,-0.026378,-0.228746,-0.542310,-0.007771,-0.175826,-0.189933,-0.064215,-0.286526
0.050895,0.890781,0.749860,-0.006681,0.013747,-0.446929,0.894439,-0.123354,0.225799,0.293581,0.653224,-0.497879,-0.261333,-0.363151,-0.400995,-0.163383,0.642087,-0.070644,0.261800,-0.101714,-0.009267,0.344229,-0.708110,0.614751,-0.423937,-0.495192,0.268835,-0.090706,-0.023724,-0.238844,-0.542270,-0.006584,-0.176007,-0.190853,-0.064536,-0.288351
0.049828,0.892421,0.750360,-0.005249,0.016144,-0.448428,0.893658,-0.131309,0.225667,0.296530,0.651779,-0.493885,-0.258930,-0.364059,-0.400300,-0.171158,0.624247,-0.067868,0.261800,-0.103088,-0.008844,0.349056,-0.709707,0.609548,-0.428925,-0.491084,0.275351,-0.094072,-0.019922,-0.249148,-0.541821,-0.004762,-0.175387,-0.192010,-0.064813,-0.289828
0.048753,0.893987,0.750825,-0.003899,0.018455,-0.449837,0.892911,-0.139002,0.225739,0.299291,0.650395,-0.490001,-0.256526,-0.364964,-0.399506,-0.178993,0.607263,-0.064893,0.261800,-0.104024,-0.008272,0.353747,-0.712636,0.604377,-0.434260,-0.484601,0.279955,-0.097549,-0.016160,-0.258521,-0.541094,-0.003052,-0.174058,-0.193044,-0.065322,-0.291426
0.047620,0.895400,0.751289,-0.002560,0.020704,-0.451104,0.892228,-0.146548,0.225892,0.301763,0.649029,-0.486081,-0.254266,-0.365622,-0.398565,-0.186571,0.590567,-0.062006,0.261800,-0.105551,-0.008038,0.358626,-0.713455,0.598712,-0.439750,-0.478015,0.285068,-0.100565,-0.012854,-0.267690,-0.539989,-0.000528,-0.172173,-0.193440,-0.066339,-0.293602
0.046446,0.896721,0.751728,-0.001262,0.022862,-0.452203,0.891621,-0.153931,0.226199,0.303863,0.647775,-0.482116,-0.252151,-0.365926,-0.397361,-0.193834,0.574148,-0.059192,0.261800,-0.107002,-0.007886,0.363449,-0.714471,0.592797,-0.445666,-0.469505,0.287988,-0.103391,-0.010346,-0.276030,-0.538568,0.002360,-0.169429,-0.192815,-0.068184,-0.296755
0.045248,0.897845,0.752138,-0.000024,0.024930,-0.453168,0.891077,-0.161100,0.226670,0.305667,0.646585,-0.478151,-0.250111,-0.366001,-0.395980,-0.200922,0.558214,-0.056300,0.261800,-0.108512,-0.007839,0.368356,-0.715158,0.586659,-0.451931,-0.459606,0.289653,-0.106141,-0.008166,-0.283758,-0.536827,0.005629,-0.165922,-0.191479,-0.070633,-0.300529
0.044007,0.898896,0.752513,0.001236,0.026973,-0.454030,0.890577,-0.168188,0.227177,0.307269,0.645414,-0.474239,-0.248204,-0.366062,-0.394533,-0.207813,0.542711,-0.053509,0.261800,-0.110009,-0.007916,0.373032,-0.715450,0.580333,-0.458295,-0.448674,0.291173,-0.108383,-0.006574,-0.290727,-0.534812,0.009078,-0.162123,-0.190214,-0.073135,-0.304331
0.042753,0.899795,0.752881,0.002598,0.029054,-0.454820,0.890106,-0.175289,0.227593,0.308772,0.644137,-0.470394,-0.246492,-0.366321,-0.393124,-0.214500,0.527567,-0.050992,0.261800,-0.111560,-0.008170,0.377230,-0.714852,0.573730,-0.464487,-0.437359,0.294104,-0.109663,-0.005774,-0.296906,-0.532572,0.012612,-0.158518,-0.189774,-0.075132,-0.307574
0.041488,0.900566,0.753209,0.004181,0.031147,-0.455559,0.889651,-0.182368,0.227654,0.310303,0.642636,-0.466610,-0.244883,-0.366800,-0.392086,-0.221207,0.512717,-0.049078,0.261800,-0.112887,-0.008760,0.380694,-0.714045,0.566973,-0.470557,-0.425133,0.297822,-0.109624,-0.006311,-0.302082,-0.530176,0.016087,-0.154947,-0.190126,-0.076395,-0.310127
0.040287,0.901207,0.753502,0.005911,0.033231,-0.456228,0.889223,-0.189372,0.227504,0.311781,0.640962,-0.462856,-0.243384,-0.367401,-0.391273,-0.227906,0.498202,-0.047574,0.261527,-0.114463,-0.009737,0.383815,-0.711764,0.559783,-0.476524,-0.412689,0.303076,-0.108539,-0.007767,-0.306714,-0.527573,0.019945,-0.151283,-0.190889,-0.077239,-0.312304
0.038952,0.901750,0.753754,0.007346,0.035608,-0.456940,0.888754,-0.196917,0.228629,0.312935,0.640019,-0.459459,-0.242409,-0.368127,-0.389063,-0.234918,0.483549,-0.045551,0.257433,-0.115423,-0.009793,0.386384,-0.709824,0.552489,-0.482481,-0.399166,0.308452,-0.107141,-0.009538,-0.310233,-0.524886,0.023508,-0.147902,-0.192412,-0.077929,-0.314183
0.037666,0.902166,0.753998,0.008543,0.038092,-0.457489,0.888358,-0.204635,0.230368,0.313538,0.639398,-0.456188,-0.241913,-0.369049,-0.386116,-0.240680,0.469638,-0.042824,0.254292,-0.116581,-0.009229,0.388952,-0.707031,0.545010,-0.488227,-0.385710,0.315259,-0.106007,-0.010633,-0.312875,-0.522131,0.026862,-0.145363,-0.194921,-0.078718,-0.315845
0.036284,0.902611,0.754373,0.009392,0.040725,-0.457821,0.888061,-0.212602,0.232962,0.313389,0.639192,-0.453056,-0.242116,-0.369942,-0.382049,-0.244808,0.456120,-0.038956,0.252420,-0.117927,-0.007744,0.391567,-0.703879,0.537417,-0.493840,-0.371858,0.324134,-0.105155,-0.010911,-0.314536,-0.519326,0.029896,-0.143679,-0.198799,-0.079594,-0.317133
0.035018,0.902907,0.754669,0.010021,0.043461,-0.457973,0.887847,-0.220733,0.236130,0.312653,0.639237,-0.450025,-0.242861,-0.370896,-0.377243,-0.247668,0.443085,-0.034342,0.251427,-0.119330,-0.005619,0.394086,-0.700515,0.529799,-0.499365,-0.357461,0.334411,-0.104305,-0.010815,-0.315168,-0.516491,0.032648,-0.142669,-0.203795,-0.080445,-0.318063
0.033769,0.903071,0.754926,0.010633,0.046184,-0.458005,0.887686,-0.228860,0.239288,0.311609,0.639372,-0.447072,-0.243732,-0.372290,-0.372526,-0.249792,0.431260,-0.029676,0.250904,-0.120718,-0.003345,0.396400,-0.696656,0.522220,-0.504640,-0.343214,0.344162,-0.103654,-0.010425,-0.314866,-0.513685,0.035139,-0.142339,-0.209218,-0.081378,-0.318989
0.032498,0.903130,0.755121,0.011434,0.048774,-0.457979,0.887550,-0.236802,0.241852,0.310558,0.639389,-0.444147,-0.244312,-0.374628,-0.368680,-0.251689,0.421592,-0.025687,0.250428,-0.122096,-0.001402,0.398449,-0.691766,0.514668,-0.509443,-0.329973,0.351688,-0.103390,-0.009800,-0.313775,-0.510974,0.037450,-0.142711,-0.214355,-0.082492,-0.320283
0.031185,0.903169,0.755255,0.012492,0.051251,-0.457854,0.887461,-0.244746,0.243668,0.309410,0.639364,-0.441236,-0.244458,-0.378168,-0.366001,-0.253407,0.414459,-0.022494,0.250103,-0.123363,0.000214,0.400072,-0.686354,0.507292,-0.513931,-0.317213,0.355064,-0.103668,-0.008941,-0.311645,-0.508468,0.039514,-0.143917,-0.219034,-0.083988,-0.322089
0.029933,0.903133,0.755401,0.013689,0.053664,-0.457620,0.887422,-0.252711,0.245052,0.308079,0.639354,-0.438363,-0.244409,-0.382654,-0.364011,-0.254707,0.409423,-0.019780,0.250064,-0.124689,0.001715,0.401439,-0.680027,0.500073,-0.518041,-0.305120,0.355989,-0.104330,-0.007767,-0.308598,-0.506161,0.041430,-0.145957,-0.223574,-0.085746,-0.324212
0.028707,0.903099,0.755520,0.014950,0.055946,-0.457381,0.887384,-0.260299,0.246176,0.306847,0.639234,-0.435579,-0.244316,-0.387772,-0.362490,-0.255638,0.406166,-0.017619,0.249970,-0.126005,0.003082,0.402695,-0.672410,0.492954,-0.521412,-0.294549,0.356868,-0.105188,-0.006395,-0.305035,-0.504015,0.043194,-0.148478,-0.228069,-0.087389,-0.326490
0.027550,0.903005,0.755635,0.016188,0.058036,-0.457241,0.887299,-0.267106,0.247218,0.305994,0.638879,-0.432941,-0.244341,-0.393191,-0.361162,-0.256267,0.404327,-0.016082,0.249474,-0.126832,0.004448,0.403770,-0.664574,0.486246,-0.523867,-0.285419,0.358738,-0.106112,-0.005064,-0.300951,-0.502051,0.044443,-0.151134,-0.232663,-0.088542,-0.328748
0.026388,0.902885,0.755697,0.017457,0.059900,-0.457246,0.887149,-0.272952,0.248038,0.305728,0.638070,-0.430408,-0.244402,-0.399220,-0.360267,-0.256396,0.404399,-0.015293,0.248411,-0.127556,0.005556,0.404887,-0.654977,0.479849,-0.524948,-0.278982,0.363542,-0.106979,-0.003658,-0.296760,-0.500216,0.045629,-0.153911,-0.237582,-0.089169,-0.331121
0.025232,0.902641,0.755730,0.018776,0.061580,-0.457334,0.886962,-0.278081,0.248605,0.305867,0.636940,-0.427969,-0.244456,-0.405951,-0.359845,-0.256032,0.406421,-0.015196,0.246993,-0.128590,0.006302,0.406111,-0.642586,0.473425,-0.524717,-0.275520,0.371121,-0.107844,-0.002044,-0.292757,-0.498469,0.047118,-0.156821,-0.242679,-0.089442,-0.333649
0.024122,0.902356,0.755752,0.020010,0.063125,-0.457461,0.886760,-0.282741,0.249299,0.306088,0.635909,-0.425742,-0.244714,-0.412685,-0.359476,-0.255565,0.409342,-0.015578,0.245458,-0.128734,0.007414,0.406862,-0.632076,0.467830,-0.524076,-0.271916,0.376611,-0.108951,-0.000611,-0.287730,-0.496931,0.047604,-0.159918,-0.247569,-0.089314,-0.335996
0.023089,0.901972,0.755751,0.021051,0.064577,-0.457586,0.886568,-0.287155,0.250433,0.306101,0.635336,-0.423821,-0.245380,-0.418811,-0.358795,-0.255327,0.412213,-0.016275,0.244029,-0.129021,0.008627,0.407778,-0.619730,0.462678,-0.522831,-0.270869,0.382334,-0.110155,0.001002,-0.282621,-0.495453,0.047650,-0.163379,-0.251609,-0.088753,-0.337793
0.022012,0.901484,0.755724,0.021819,0.065956,-0.457749,0.886363,-0.291311,0.252268,0.305878,0.635331,-0.422286,-0.246637,-0.424062,-0.357504,-0.255431,0.414606,-0.017170,0.242823,-0.129014,0.010207,0.408663,-0.606810,0.458078,-0.521055,-0.271573,0.387881,-0.111549,0.002724,-0.277083,-0.493990,0.046907,-0.167271,-0.254789,-0.087488,-0.338709
0.020955,0.901016,0.755682,0.022395,0.067237,-0.457958,0.886145,-0.295099,0.254572,0.305568,0.635676,-0.421067,-0.248340,-0.428821,-0.355872,-0.255684,0.417107,-0.018385,0.241695,-0.128771,0.011988,0.409523,-0.593123,0.454061,-0.518624,-0.274146,0.393506,-0.113091,0.004558,-0.271144,-0.492533,0.045515,-0.171562,-0.257365,-0.085637,-0.338988
0.019875,0.900455,0.755644,0.022889,0.068392,-0.458113,0.885964,-0.298648,0.256950,0.305088,0.636317,-0.420047,-0.250189,-0.433368,-0.354336,-0.256009,0.420182,-0.020064,0.240491,-0.128544,0.013763,0.410329,-0.578735,0.450552,-0.515832,-0.278266,0.397734,-0.114752,0.006367,-0.265025,-0.491107,0.043675,-0.175905,-0.259352,-0.083747,-0.339194
0.018806,0.899867,0.755555,0.023408,0.069399,-0.458110,0.885873,-0.302069,0.259015,0.304372,0.637178,-0.419098,-0.251894,-0.437962,-0.353324,-0.256343,0.424288,-0.022347,0.239051,-0.128340,0.015438,0.410943,-0.564713,0.447590,-0.513095,-0.282873,0.398322,-0.116547,0.007943,-0.258690,-0.489787,0.041348,-0.179964,-0.260756,-0.082358,-0.339896
0.017730,0.899195,0.755413,0.023965,0.070255,-0.457922,0.885888,-0.305470,0.260750,0.303360,0.638428,-0.418243,-0.253407,-0.442613,-0.352889,-0.256711,0.429506,-0.025323,0.237272,-0.128141,0.017025,0.411354,-0.551152,0.445202,-0.510474,-0.287883,0.393681,-0.118726,0.009414,-0.251998,-0.488623,0.038405,-0.183830,-0.261319,-0.081712,-0.341327
0.016716,0.898508,0.755226,0.024510,0.070971,-0.457602,0.885981,-0.308743,0.262319,0.302114,0.639995,-0.417503,-0.254874,-0.447237,-0.352829,-0.257117,0.435688,-0.028903,0.235255,-0.128068,0.018506,0.411720,-0.536876,0.443201,-0.507728,-0.294301,0.385924,-0.121188,0.010863,-0.245117,-0.487592,0.034999,-0.187658,-0.261084,-0.081485,-0.343157
0.015734,0.897843,0.754987,0.025054,0.071543,-0.457179,0.886139,-0.311767,0.263644,0.300724,0.641645,-0.416867,-0.256299,-0.451826,-0.353147,-0.257504,0.442678,-0.032953,0.233153,-0.127977,0.019935,0.411938,-0.522815,0.441589,-0.504927,-0.301328,0.376896,-0.123472,0.011897,-0.238084,-0.486689,0.031177,-0.191241,-0.260545,-0.081379,-0.345129
0.014810,0.897160,0.754733,0.025612,0.071962,-0.456679,0.886346,-0.314390,0.264625,0.299295,0.643081,-0.416289,-0.257679,-0.456359,-0.353854,-0.257813,0.450316,-0.037321,0.231113,-0.127887,0.021257,0.412007,-0.509118,0.440316,-0.502086,-0.308804,0.369058,-0.125073,0.012213,-0.231084,-0.485891,0.027113,-0.194426,-0.260186,-0.081084,-0.346960
0.013887,0.896417,0.754443,0.026225,0.072204,-0.456093,0.886611,-0.316502,0.265112,0.297887,0.644093,-0.415697,-0.259042,-0.460967,-0.355116,-0.257980,0.458861,-0.042118,0.229141,-0.127869,0.022344,0.411932,-0.495484,0.439283,-0.499193,-0.316967,0.363000,-0.125811,0.011846,-0.224196,-0.485179,0.022811,-0.197125,-0.260264,-0.080502,-0.348834
0.013031,0.895663,0.754140,0.026875,0.072276,-0.455409,0.886936,-0.318201,0.265186,0.296437,0.644879,-0.415130,-0.260373,-0.465582,-0.356864,-0.258055,0.468243,-0.047350,0.227163,-0.127881,0.023283,0.411680,-0.482099,0.438528,-0.496230,-0.325660,0.357317,-0.125967,0.010915,-0.217342,-0.484584,0.018213,-0.199378,-0.260469,-0.079788,-0.350833
0.012187,0.894911,0.753850,0.027483,0.072231,-0.454662,0.887305,-0.319671,0.265139,0.294871,0.645784,-0.414731,-0.261624,-0.470001,-0.358813,-0.258116,0.478018,-0.052822,0.225218,-0.127881,0.024227,0.411287,-0.468993,0.437968,-0.493246,-0.334700,0.352308,-0.125693,0.009317,-0.210580,-0.484081,0.013473,-0.201200,-0.260475,-0.079085,-0.352497
0.011400,0.894164,0.753540,0.027981,0.072121,-0.453882,0.887697,-0.321122,0.265105,0.293076,0.647099,-0.414613,-0.261800,-0.474046,-0.360707,-0.258242,0.487755,-0.058331,0.223363,-0.127807,0.025369,0.410712,-0.456610,0.437601,-0.490268,-0.343554,0.347896,-0.125155,0.006920,-0.204026,-0.483675,0.008781,-0.202465,-0.259951,-0.078524,-0.353404
0.010682,0.893442,0.753218,0.028392,0.071923,-0.453042,0.888129,-0.322554,0.265107,0.291034,0.648874,-0.414817,-0.261800,-0.477786,-0.362647,-0.258367,0.497633,-0.063907,0.221587,-0.127519,0.026662,0.410039,-0.444949,0.437357,-0.487413,-0.352371,0.344557,-0.124261,0.003470,-0.197217,-0.483275,0.003619,-0.203596,-0.258795,-0.078181,-0.353223
0.009966,0.892680,0.752881,0.028677,0.071630,-0.452163,0.888592,-0.323865,0.265255,0.288787,0.651085,-0.415351,-0.261800,-0.481159,-0.364549,-0.258542,0.507653,-0.069573,0.219842,-0.127200,0.028138,0.409191,-0.433782,0.437269,-0.484522,-0.361167,0.342097,-0.122955,-0.000845,-0.190721,-0.482973,-0.001486,-0.204012,-0.257172,-0.077930,-0.352407
0.009277,0.891913,0.752536,0.028895,0.071285,-0.451255,0.889074,-0.325079,0.265466,0.286453,0.653533,-0.416045,-0.261800,-0.484207,-0.366446,-0.258798,0.517603,-0.075344,0.218205,-0.126792,0.029717,0.408169,-0.423274,0.437351,-0.481671,-0.369926,0.339879,-0.121494,-0.005666,-0.184296,-0.482752,-0.006599,-0.204096,-0.255231,-0.077770,-0.351077
0.008609,0.891095,0.752166,0.029099,0.070934,-0.450327,0.889566,-0.326219,0.265655,0.284140,0.656046,-0.416746,-0.261800,-0.486928,-0.368365,-0.259179,0.527191,-0.081185,0.216764,-0.126401,0.031308,0.406884,-0.413502,0.437581,-0.478834,-0.378495,0.337263,-0.120127,-0.010602,-0.178070,-0.482601,-0.011389,-0.203838,-0.253131,-0.077670,-0.349491
0.008040,0.890274,0.751775,0.029273,0.070609,-0.449367,0.890071,-0.327370,0.265909,0.281833,0.658735,-0.417422,-0.261800,-0.489271,-0.370245,-0.259781,0.536321,-0.087140,0.215482,-0.125971,0.032986,0.405298,-0.404511,0.438063,-0.476006,-0.386845,0.334074,-0.118828,-0.015908,-0.171927,-0.482525,-0.016031,-0.203244,-0.250538,-0.077702,-0.347383
0.007497,0.889451,0.751365,0.029398,0.070280,-0.448374,0.890594,-0.328491,0.266237,0.279484,0.661634,-0.418150,-0.261800,-0.491231,-0.372089,-0.260559,0.545124,-0.093192,0.214337,-0.125590,0.034756,0.403421,-0.396082,0.438720,-0.473107,-0.395103,0.330746,-0.117489,-0.021668,-0.166073,-0.482506,-0.020376,-0.202097,-0.247507,-0.077834,-0.344799
0.007004,0.888640,0.750940,0.029525,0.069895,-0.447379,0.891120,-0.329431,0.266445,0.277177,0.664492,-0.418955,-0.261800,-0.492987,-0.374043,-0.261327,0.553808,-0.099307,0.213420,-0.125176,0.036418,0.401393,-0.388447,0.439565,-0.470265,-0.403271,0.327177,-0.116234,-0.027251,-0.160362,-0.482565,-0.024453,-0.200825,-0.244753,-0.077952,-0.342182
0.006520,0.887777,0.750483,0.029706,0.069402,-0.446416,0.891635,-0.330034,0.266330,0.274989,0.667037,-0.419847,-0.261800,-0.494697,-0.376245,-0.261898,0.562564,-0.105442,0.212824,-0.124707,0.037774,0.399367,-0.381627,0.440584,-0.467582,-0.411564,0.323411,-0.115183,-0.032008,-0.154734,-0.482707,-0.028205,-0.199775,-0.242982,-0.077949,-0.340014
0.006076,0.886948,0.750018,0.029967,0.068766,-0.445482,0.892143,-0.330204,0.265757,0.272925,0.669160,-0.420873,-0.261800,-0.496379,-0.378797,-0.262225,0.571460,-0.111678,0.212732,-0.124171,0.038726,0.397316,-0.375713,0.441790,-0.465072,-0.419975,0.319311,-0.114417,-0.035886,-0.149156,-0.482943,-0.031582,-0.198898,-0.242684,-0.077731,-0.338398
0.005677,0.886159,0.749546,0.030277,0.068021,-0.444565,0.892647,-0.330033,0.264857,0.270949,0.670994,-0.422000,-0.261800,-0.497937,-0.381590,-0.262420,0.580361,-0.117997,0.213042,-0.123581,0.039386,0.395179,-0.370647,0.443190,-0.462693,-0.428443,0.314931,-0.113855,-0.039193,-0.143688,-0.483293,-0.034628,-0.198033,-0.243385,-0.077390,-0.337081
0.005270,0.885365,0.749069,0.030600,0.067221,-0.443675,0.893139,-0.329685,0.263856,0.269079,0.672744,-0.423181,-0.261800,-0.499436,-0.384466,-0.262509,0.589253,-0.124246,0.213428,-0.122924,0.039922,0.393049,-0.366378,0.444759,-0.460447,-0.436874,0.310445,-0.113397,-0.041826,-0.138265,-0.483734,-0.037455,-0.197504,-0.244327,-0.077042,-0.336024
0.004877,0.884604,0.748602,0.030898,0.066416,-0.442823,0.893612,-0.329299,0.262963,0.267332,0.674561,-0.424341,-0.261800,-0.500904,-0.387256,-0.262536,0.598061,-0.130248,0.213563,-0.122167,0.040488,0.390996,-0.362960,0.446460,-0.458373,-0.445096,0.306023,-0.112945,-0.043687,-0.132824,-0.484244,-0.040199,-0.197634,-0.244771,-0.076804,-0.335164
0.004510,0.883880,0.748178,0.031186,0.065597,-0.442025,0.894057,-0.328869,0.262151,0.265743,0.676450,-0.425467,-0.261800,-0.502440,-0.389993,-0.262403,0.606916,-0.135952,0.213351,-0.121190,0.041069,0.389031,-0.360616,0.448280,-0.456628,-0.453045,0.301789,-0.112528,-0.044509,-0.127204,-0.484851,-0.042943,-0.198689,-0.244605,-0.076670,-0.334536
0.004107,0.883150,0.747736,0.031475,0.064743,-0.441270,0.894482,-0.328334,0.261327,0.264292,0.678328,-0.426588,-0.261800,-0.503984,-0.392734,-0.262132,0.615790,-0.141440,0.212973,-0.120010,0.041624,0.387112,-0.359360,0.450212,-0.455186,-0.460717,0.297601,-0.112191,-0.044428,-0.121437,-0.485553,-0.045650,-0.200458,-0.244183,-0.076592,-0.334152
0.003727,0.882407,0.747326,0.031725,0.063894,-0.440533,0.894898,-0.327763,0.260633,0.262919,0.680282,-0.427733,-0.261800,-0.505374,-0.395358,-0.261909,0.624418,-0.146773,0.212512,-0.118832,0.042215,0.385228,-0.358734,0.452196,-0.453817,-0.468180,0.293360,-0.111852,-0.043944,-0.115766,-0.486284,-0.048226,-0.202558,-0.243513,-0.076607,-0.333907
0.003435,0.881708,0.746917,0.031897,0.063087,-0.439790,0.895314,-0.327246,0.260207,0.261558,0.682430,-0.428946,-0.261800,-0.506451,-0.397756,-0.261915,0.632557,-0.152021,0.212052,-0.117849,0.042912,0.383355,-0.358400,0.454156,-0.452276,-0.475332,0.288900,-0.111431,-0.043573,-0.110503,-0.486937,-0.050562,-0.204478,-0.242605,-0.076793,-0.333706
0.003169,0.880976,0.746493,0.031957,0.062366,-0.439042,0.895730,-0.326879,0.260226,0.260242,0.684922,-0.430300,-0.261800,-0.507171,-0.399807,-0.262243,0.640074,-0.157150,0.211513,-0.117039,0.043814,0.381450,-0.358393,0.456051,-0.450513,-0.482115,0.283997,-0.110974,-0.043365,-0.105622,-0.487472,-0.052615,-0.206220,-0.241245,-0.077246,-0.333586
0.002883,0.880227,0.746039,0.031932,0.061699,-0.438299,0.896140,-0.326588,0.260567,0.258990,0.687652,-0.431747,-0.261800,-0.507633,-0.401605,-0.262772,0.647143,-0.162154,0.210883,-0.116313,0.044839,0.379515,-0.358939,0.457875,-0.448679,-0.488422,0.278805,-0.110504,-0.043089,-0.101036,-0.487904,-0.054434,-0.207944,-0.239532,-0.077912,-0.333569
0.002600,0.879472,0.745631,0.031880,0.061015,-0.437552,0.896554,-0.326217,0.260928,0.257719,0.690366,-0.433162,-0.261800,-0.507853,-0.403361,-0.263402,0.653938,-0.167111,0.210340,-0.115778,0.045798,0.377592,-0.359905,0.459610,-0.446829,-0.494381,0.273774,-0.109902,-0.042830,-0.096827,-0.488195,-0.056052,-0.209552,-0.237972,-0.078590,-0.333537
0.002288,0.878701,0.745209,0.031860,0.060242,-0.436793,0.896977,-0.325623,0.261010,0.256345,0.692840,-0.434426,-0.261800,-0.507901,-0.405292,-0.264001,0.660717,-0.172160,0.210066,-0.115527,0.046480,0.375714,-0.361243,0.461252,-0.445029,-0.499929,0.269313,-0.109046,-0.042680,-0.093123,-0.488297,-0.057503,-0.210893,-0.237087,-0.079086,-0.333360
0.002054,0.877961,0.744786,0.031890,0.059351,-0.436042,0.897400,-0.324718,0.260718,0.254876,0.694963,-0.435480,-0.261800,-0.507740,-0.407451,-0.264552,0.667430,-0.177299,0.210200,-0.115587,0.046805,0.373883,-0.362925,0.462777,-0.443212,-0.505225,0.265747,-0.107736,-0.042671,-0.090010,-0.488154,-0.058740,-0.211898,-0.237145,-0.079367,-0.332986
0.001809,0.877206,0.744395,0.031937,0.058385,-0.435298,0.897824,-0.323601,0.260218,0.253346,0.696891,-0.436404,-0.261800,-0.507377,-0.409736,-0.265109,0.674025,-0.182494,0.210617,-0.115892,0.046875,0.372077,-0.365061,0.464187,-0.441395,-0.510127,0.262771,-0.106091,-0.042757,-0.087409,-0.487764,-0.059774,-0.212633,-0.237851,-0.079538,-0.332478
0.001530,0.876406,0.744019,0.031985,0.057374,-0.434511,0.898268,-0.322373,0.259600,0.251715,0.698699,-0.437248,-0.261800,-0.506815,-0.412098,-0.265708,0.680540,-0.187705,0.211087,-0.116419,0.046788,0.370297,-0.367634,0.465499,-0.439765,-0.514443,0.259938,-0.104467,-0.042896,-0.085120,-0.487146,-0.060721,-0.213267,-0.238870,-0.079595,-0.331899
0.001320,0.875630,0.743633,0.032019,0.056348,-0.433635,0.898755,-0.321130,0.258951,0.249950,0.700458,-0.438071,-0.261800,-0.506103,-0.414504,-0.266365,0.687106,-0.192944,0.211387,-0.117128,0.046640,0.368546,-0.370678,0.466744,-0.438512,-0.517957,0.256769,-0.103223,-0.043044,-0.082937,-0.486340,-0.061724,-0.213965,-0.239862,-0.079533,-0.331308
0.001106,0.874841,0.743258,0.032028,0.055296,-0.432641,0.899299,-0.319840,0.258239,0.248030,0.702113,-0.438828,-0.261800,-0.505198,-0.416973,-0.267061,0.693742,-0.198221,0.211474,-0.118052,0.046439,0.366874,-0.374205,0.467932,-0.437580,-0.520655,0.253107,-0.102499,-0.043287,-0.080822,-0.485324,-0.062834,-0.214770,-0.240988,-0.079195,-0.330680
0.000873,0.874063,0.742893,0.032026,0.054206,-0.431559,0.899885,-0.318469,0.257435,0.245976,0.703653,-0.439513,-0.261800,-0.504085,-0.419523,-0.267800,0.700380,-0.203525,0.211462,-0.119183,0.046135,0.365269,-0.378204,0.469063,-0.436918,-0.522670,0.249212,-0.102085,-0.043614,-0.078883,-0.484093,-0.063992,-0.215593,-0.242343,-0.078638,-0.329990
0.000593,0.873268,0.742527,0.032016,0.053116,-0.430429,0.900491,-0.317120,0.256637,0.243814,0.705211,-0.440219,-0.261800,-0.502870,-0.422092,-0.268606,0.706999,-0.208818,0.211361,-0.120444,0.045777,0.363650,-0.382671,0.470157,-0.436687,-0.523926,0.245181,-0.101820,-0.043825,-0.077027,-0.482696,-0.065173,-0.216508,-0.243467,-0.078174,-0.329311
0.000359,0.872397,0.742161,0.032010,0.052059,-0.429287,0.901098,-0.315892,0.255929,0.241571,0.706918,-0.441041,-0.261800,-0.501662,-0.424631,-0.269512,0.713585,-0.214063,0.211180,-0.121748,0.045391,0.361954,-0.387564,0.471234,-0.437084,-0.524398,0.241154,-0.101540,-0.043713,-0.075212,-0.481249,-0.066361,-0.217550,-0.243893,-0.078116,-0.328702
0.000087,0.871515,0.741783,0.032010,0.051042,-0.428116,0.901713,-0.314819,0.255329,0.239211,0.708817,-0.442041,-0.261800,-0.500455,-0.427163,-0.270519,0.720134,-0.219251,0.210857,-0.123123,0.045040,0.360148,-0.392976,0.472332,-0.438289,-0.523899,0.236598,-0.101263,-0.042967,-0.073378,-0.479806,-0.067562,-0.218746,-0.243090,-0.078712,-0.328157
-0.000140,0.870665,0.741404,0.032011,0.050048,-0.426906,0.902343,-0.313855,0.254791,0.236725,0.710859,-0.443164,-0.261800,-0.499224,-0.429717,-0.271603,0.726691,-0.224420,0.210408,-0.124605,0.044707,0.358284,-0.398888,0.473455,-0.440138,-0.522575,0.231581,-0.101061,-0.041776,-0.071569,-0.478367,-0.068790,-0.220068,-0.241412,-0.079736,-0.327653
-0.000366,0.869745,0.740998,0.032004,0.049078,-0.425701,0.902965,-0.312960,0.254328,0.234204,0.712968,-0.444308,-0.261800,-0.497969,-0.432207,-0.272783,0.733171,-0.229530,0.209960,-0.126137,0.044355,0.356416,-0.404994,0.474541,-0.442258,-0.520828,0.227205,-0.100851,-0.040681,-0.069900,-0.476931,-0.069995,-0.221499,-0.239678,-0.080784,-0.327269
-0.000620,0.868777,0.740591,0.031975,0.048136,-0.424551,0.903558,-0.312074,0.253941,0.231734,0.715031,-0.445346,-0.261800,-0.496718,-0.434559,-0.274063,0.739531,-0.234566,0.209645,-0.127665,0.043949,0.354575,-0.411055,0.475498,-0.444279,-0.519006,0.224539,-0.100547,-0.040236,-0.068488,-0.475519,-0.071125,-0.222998,-0.238717,-0.081450,-0.327082
-0.000900,0.867839,0.740196,0.031932,0.047232,-0.423454,0.904122,-0.311241,0.253592,0.229298,0.717048,-0.446237,-0.261800,-0.495493,-0.436790,-0.275507,0.745769,-0.239536,0.209564,-0.129206,0.043492,0.352715,-0.417050,0.476230,-0.446116,-0.517100,0.224127,-0.100024,-0.040760,-0.067381,-0.474124,-0.072123,-0.224564,-0.238796,-0.081571,-0.327252
-0.001188,0.866928,0.739793,0.031876,0.046361,-0.422390,0.904667,-0.310465,0.253295,0.226864,0.719062,-0.447049,-0.261800,-0.494285,-0.438933,-0.277084,0.751926,-0.244458,0.209629,-0.130775,0.043016,0.350808,-0.423180,0.476717,-0.447979,-0.514827,0.225322,-0.099366,-0.041928,-0.066520,-0.472761,-0.073019,-0.226176,-0.239464,-0.081380,-0.327693
-0.001518,0.865983,0.739418,0.031790,0.045505,-0.421375,0.905186,-0.309678,0.253129,0.224494,0.721101,-0.447855,-0.261800,-0.493039,-0.440926,-0.278685,0.757965,-0.249283,0.209667,-0.132334,0.042545,0.348958,-0.429337,0.476972,-0.449914,-0.512305,0.227519,-0.098797,-0.043312,-0.065885,-0.471472,-0.073874,-0.227781,-0.240436,-0.081061,-0.328152
-0.001808,0.865013,0.739065,0.031658,0.044640,-0.420429,0.905673,-0.308806,0.253177,0.222253,0.723218,-0.448731,-0.261800,-0.491726,-0.442708,-0.280188,0.763885,-0.253986,0.209511,-0.133873,0.042096,0.347276,-0.435300,0.477027,-0.451951,-0.509781,0.230158,-0.098538,-0.044476,-0.065498,-0.470319,-0.074716,-0.229289,-0.241416,-0.080798,-0.328371
-0.002071,0.864068,0.738695,0.031437,0.043761,-0.419560,0.906127,-0.307852,0.253553,0.220147,0.725530,-0.449749,-0.261800,-0.490270,-0.444185,-0.281609,0.769671,-0.258547,0.209116,-0.135434,0.041752,0.345821,-0.441102,0.476928,-0.454031,-0.507196,0.233693,-0.098705,-0.045368,-0.065449,-0.469366,-0.075518,-0.230685,-0.242432,-0.080595,-0.328319
-0.002423,0.863133,0.738326,0.031150,0.042879,-0.418758,0.906550,-0.306831,0.254182,0.218150,0.727947,-0.450831,-0.261800,-0.488697,-0.445415,-0.283000,0.775303,-0.262972,0.208573,-0.136995,0.041440,0.344547,-0.446721,0.476643,-0.456225,-0.504561,0.238336,-0.099155,-0.046170,-0.065682,-0.468545,-0.076306,-0.232028,-0.243618,-0.080373,-0.328101
-0.002717,0.862205,0.737963,0.030870,0.042002,-0.418009,0.906946,-0.305767,0.254875,0.216251,0.730327,-0.451916,-0.261800,-0.487187,-0.446553,-0.284279,0.780887,-0.267331,0.207915,-0.138815,0.041173,0.343396,-0.451670,0.476448,-0.457932,-0.502416,0.242532,-0.099769,-0.046944,-0.066494,-0.468191,-0.076716,-0.233063,-0.244626,-0.080142,-0.327836
-0.003061,0.861269,0.737593,0.030674,0.041137,-0.417302,0.907318,-0.304634,0.255431,0.214458,0.732438,-0.452883,-0.261800,-0.485877,-0.447744,-0.285373,0.786445,-0.271635,0.207174,-0.140162,0.040695,0.342210,-0.457016,0.475898,-0.460356,-0.499933,0.245250,-0.100311,-0.047431,-0.066842,-0.467684,-0.077613,-0.234332,-0.245423,-0.080019,-0.327370
-0.003437,0.860305,0.737230,0.030574,0.040280,-0.416619,0.907673,-0.303481,0.255828,0.212707,0.734363,-0.453742,-0.261800,-0.484804,-0.449047,-0.286263,0.792058,-0.275938,0.206273,-0.141743,0.040056,0.341055,-0.461626,0.475487,-0.462367,-0.498067,0.245749,-0.100878,-0.047779,-0.067611,-0.467522,-0.078163,-0.235362,-0.245888,-0.079925,-0.326797
-0.003799,0.859349,0.736889,0.030532,0.039428,-0.415973,0.908009,-0.302302,0.256163,0.211019,0.736170,-0.454534,-0.261800,-0.483883,-0.450370,-0.286989,0.797654,-0.280192,0.205223,-0.143131,0.039310,0.339932,-0.466186,0.474847,-0.464730,-0.496231,0.244976,-0.101480,-0.047854,-0.068279,-0.467513,-0.078907,-0.236476,-0.246104,-0.079875,-0.326063
-0.004143,0.858352,0.736547,0.030545,0.038595,-0.415391,0.908310,-0.301013,0.256425,0.209504,0.737665,-0.455239,-0.261800,-0.483125,-0.451660,-0.287566,0.803172,-0.284363,0.204195,-0.144424,0.038537,0.338836,-0.470578,0.474050,-0.466939,-0.494498,0.243319,-0.102060,-0.047977,-0.069053,-0.467741,-0.079650,-0.237455,-0.246066,-0.079913,-0.325271
-0.004552,0.857365,0.736220,0.030606,0.037790,-0.414908,0.908563,-0.299563,0.256602,0.208262,0.738701,-0.455846,-0.261800,-0.482537,-0.452869,-0.288001,0.808514,-0.288397,0.203362,-0.145664,0.037730,0.337813,-0.474416,0.473152,-0.468779,-0.493210,0.241544,-0.102520,-0.048319,-0.070054,-0.468183,-0.080281,-0.238215,-0.245761,-0.080092,-0.324512
-0.004957,0.856445,0.735907,0.030724,0.037016,-0.414539,0.908759,-0.297879,0.256658,0.207347,0.739108,-0.456354,-0.261800,-0.482149,-0.454006,-0.288296,0.813686,-0.292276,0.202833,-0.146771,0.036884,0.336829,-0.477829,0.472110,-0.470193,-0.492347,0.239253,-0.102843,-0.049027,-0.071270,-0.468816,-0.080913,-0.238694,-0.245079,-0.080573,-0.323696
-0.005314,0.855511,0.735636,0.030898,0.036267,-0.414266,0.908908,-0.296022,0.256607,0.206688,0.739038,-0.456788,-0.261800,-0.481961,-0.455096,-0.288441,0.818748,-0.296041,0.202494,-0.147778,0.035986,0.335890,-0.480819,0.470902,-0.471311,-0.491842,0.236347,-0.103072,-0.049959,-0.072683,-0.469628,-0.081530,-0.238961,-0.244061,-0.081277,-0.322817
-0.005693,0.854521,0.735381,0.031112,0.035543,-0.414062,0.909022,-0.294096,0.256529,0.206223,0.738719,-0.457115,-0.261800,-0.481900,-0.456107,-0.288445,0.823646,-0.299705,0.202186,-0.148665,0.035085,0.335002,-0.483644,0.469566,-0.472312,-0.491397,0.233557,-0.103215,-0.050910,-0.074104,-0.470637,-0.082081,-0.239169,-0.242958,-0.081911,-0.322056
-0.006122,0.853580,0.735118,0.031354,0.034844,-0.413901,0.909114,-0.292239,0.256506,0.205881,0.738445,-0.457337,-0.261800,-0.481910,-0.457014,-0.288310,0.828344,-0.303292,0.201749,-0.149459,0.034216,0.334202,-0.486372,0.468143,-0.473367,-0.490807,0.231731,-0.103279,-0.051651,-0.075426,-0.471874,-0.082473,-0.239480,-0.241999,-0.082183,-0.321596
-0.006543,0.852703,0.734862,0.031596,0.034165,-0.413774,0.909189,-0.290496,0.256592,0.205605,0.738361,-0.457495,-0.261800,-0.481900,-0.457769,-0.288089,0.832786,-0.306815,0.201183,-0.150147,0.033415,0.333545,-0.489120,0.466690,-0.474513,-0.490073,0.231026,-0.103189,-0.052065,-0.076565,-0.473374,-0.082629,-0.239975,-0.241165,-0.081886,-0.321612
-0.007008,0.851777,0.734607,0.031854,0.033508,-0.413696,0.909240,-0.288792,0.256737,0.205452,0.738282,-0.457558,-0.261800,-0.481938,-0.458401,-0.287757,0.837024,-0.310263,0.200557,-0.150768,0.032640,0.333017,-0.491630,0.465203,-0.475641,-0.489474,0.231110,-0.102966,-0.052271,-0.077660,-0.475139,-0.082572,-0.240574,-0.240344,-0.081220,-0.321968
-0.007451,0.850882,0.734368,0.032176,0.032882,-0.413676,0.909261,-0.287077,0.256848,0.205494,0.738030,-0.457489,-0.261800,-0.482169,-0.458990,-0.287222,0.841144,-0.313623,0.199829,-0.151280,0.031889,0.332487,-0.494114,0.463723,-0.476646,-0.488640,0.231499,-0.102773,-0.052466,-0.078724,-0.477123,-0.082490,-0.241110,-0.239641,-0.080495,-0.322393
-0.007900,0.849951,0.734124,0.032612,0.032299,-0.413723,0.909245,-0.285297,0.256824,0.205806,0.737422,-0.457240,-0.261800,-0.482763,-0.459630,-0.286384,0.845289,-0.316902,0.198954,-0.151768,0.031078,0.331889,-0.496148,0.462193,-0.477507,-0.487745,0.232282,-0.102758,-0.052784,-0.079867,-0.479255,-0.082470,-0.241512,-0.239186,-0.080025,-0.322599
-0.008379,0.849048,0.733902,0.033191,0.031791,-0.413827,0.909194,-0.283549,0.256649,0.206402,0.736447,-0.456790,-0.261800,-0.483862,-0.460366,-0.285197,0.849514,-0.320021,0.197831,-0.152134,0.030235,0.331108,-0.498167,0.460639,-0.478210,-0.486471,0.233288,-0.103042,-0.053257,-0.080993,-0.481513,-0.082708,-0.241749,-0.239188,-0.079964,-0.322468
-0.008860,0.848152,0.733693,0.033881,0.031342,-0.413990,0.909111,-0.281822,0.256365,0.207242,0.735195,-0.456168,-0.261800,-0.485367,-0.461153,-0.283708,0.853778,-0.323027,0.196516,-0.152436,0.029332,0.330256,-0.499861,0.459016,-0.478840,-0.485125,0.234882,-0.103509,-0.053774,-0.082123,-0.483895,-0.083061,-0.241934,-0.239543,-0.080126,-0.322153
-0.009347,0.847177,0.733515,0.034642,0.030890,-0.414229,0.908988,-0.279907,0.255990,0.208328,0.733597,-0.455379,-0.261800,-0.486986,-0.461900,-0.282003,0.857898,-0.326004,0.195193,-0.152596,0.028398,0.329390,-0.501542,0.457377,-0.479366,-0.483334,0.236381,-0.103994,-0.054440,-0.083183,-0.486354,-0.083434,-0.242065,-0.239902,-0.080312,-0.321779
-0.009809,0.846188,0.733361,0.035432,0.030371,-0.414567,0.908821,-0.277578,0.255526,0.209666,0.731539,-0.454385,-0.261800,-0.488470,-0.462505,-0.280152,0.861749,-0.329077,0.194044,-0.152672,0.027387,0.328641,-0.502930,0.455733,-0.479796,-0.481223,0.237577,-0.104320,-0.055300,-0.084202,-0.488800,-0.083620,-0.242132,-0.239938,-0.080325,-0.321470
-0.010330,0.845210,0.733235,0.036259,0.029773,-0.415003,0.908610,-0.274840,0.254922,0.211238,0.729039,-0.453225,-0.261800,-0.489794,-0.463028,-0.278168,0.865305,-0.332316,0.193204,-0.152600,0.026249,0.328035,-0.504280,0.454150,-0.480043,-0.478760,0.238158,-0.104388,-0.056659,-0.085130,-0.491208,-0.083694,-0.242278,-0.239569,-0.080114,-0.321302
-0.010906,0.844206,0.733130,0.037139,0.029130,-0.415528,0.908355,-0.271783,0.254185,0.213056,0.726108,-0.451873,-0.261800,-0.491074,-0.463494,-0.276016,0.868624,-0.335642,0.192545,-0.152473,0.024971,0.327556,-0.505236,0.452602,-0.480144,-0.476255,0.238611,-0.104298,-0.058355,-0.086047,-0.493561,-0.083645,-0.242436,-0.238986,-0.079789,-0.321190
-0.011486,0.843138,0.733081,0.038043,0.028439,-0.416147,0.908056,-0.268338,0.253423,0.215127,0.722746,-0.450319,-0.261800,-0.492278,-0.463795,-0.273688,0.871743,-0.338965,0.191869,-0.152212,0.023654,0.327076,-0.506161,0.451164,-0.480221,-0.472974,0.238695,-0.104208,-0.059882,-0.086900,-0.495845,-0.083420,-0.242409,-0.238307,-0.079389,-0.320994
-0.012097,0.842060,0.733054,0.038950,0.027699,-0.416869,0.907709,-0.264453,0.252739,0.217461,0.718980,-0.448570,-0.261800,-0.493353,-0.463898,-0.271171,0.874696,-0.342196,0.190988,-0.151878,0.022380,0.326533,-0.506880,0.449871,-0.480383,-0.468687,0.238548,-0.104264,-0.060683,-0.087744,-0.497983,-0.082861,-0.241964,-0.237632,-0.078958,-0.320585
-0.012672,0.840939,0.733030,0.039901,0.026896,-0.417715,0.907303,-0.260043,0.252042,0.220148,0.714673,-0.446625,-0.261800,-0.494403,-0.463825,-0.268291,0.877542,-0.345364,0.189890,-0.151349,0.021056,0.325882,-0.507572,0.448796,-0.480658,-0.463428,0.238181,-0.104443,-0.060589,-0.088486,-0.499947,-0.081986,-0.241109,-0.236923,-0.078475,-0.319985
-0.013294,0.839705,0.733030,0.040894,0.026035,-0.418672,0.906843,-0.255154,0.251302,0.223154,0.709842,-0.444478,-0.261800,-0.495406,-0.463607,-0.265111,0.880237,-0.348498,0.188666,-0.150762,0.019622,0.325230,-0.507753,0.447892,-0.480998,-0.457678,0.237901,-0.104675,-0.059853,-0.089221,-0.501704,-0.080765,-0.239976,-0.236156,-0.077932,-0.319245
-0.013938,0.838425,0.733055,0.041832,0.025144,-0.419703,0.906348,-0.249942,0.250740,0.226301,0.704781,-0.442122,-0.261800,-0.496161,-0.463104,-0.261975,0.882684,-0.351513,0.187266,-0.150184,0.018279,0.324556,-0.507792,0.447199,-0.481376,-0.450727,0.237100,-0.105065,-0.058686,-0.090016,-0.503269,-0.079250,-0.238422,-0.235520,-0.077390,-0.318239
-0.014572,0.837121,0.733107,0.042622,0.024252,-0.420767,0.905842,-0.244543,0.250562,0.229427,0.699741,-0.439527,-0.261800,-0.496435,-0.462233,-0.259228,0.884766,-0.354315,0.185649,-0.149803,0.017197,0.323906,-0.507533,0.446712,-0.481767,-0.442309,0.235568,-0.105709,-0.057254,-0.091036,-0.504635,-0.077400,-0.236313,-0.235175,-0.076906,-0.316851
-0.015241,0.835754,0.733234,0.043236,0.023365,-0.421888,0.905315,-0.238955,0.250910,0.232637,0.694820,-0.436770,-0.261800,-0.496283,-0.460911,-0.256885,0.886568,-0.356852,0.183689,-0.149598,0.016373,0.323326,-0.506866,0.446431,-0.482168,-0.432425,0.232550,-0.106862,-0.055748,-0.092311,-0.505684,-0.075259,-0.233572,-0.235270,-0.076647,-0.314967
-0.015925,0.834322,0.733420,0.043726,0.022469,-0.423075,0.904760,-0.233122,0.251636,0.235969,0.689885,-0.433858,-0.261800,-0.495794,-0.459206,-0.254787,0.888135,-0.359201,0.181448,-0.149586,0.015784,0.322760,-0.505714,0.446260,-0.482513,-0.421267,0.228508,-0.108411,-0.054042,-0.093966,-0.506619,-0.072659,-0.230111,-0.235611,-0.076513,-0.312736
-0.016659,0.832848,0.733671,0.044116,0.021558,-0.424270,0.904204,-0.227087,0.252541,0.239178,0.684831,-0.430600,-0.261800,-0.494782,-0.457210,-0.253009,0.889214,-0.361404,0.179159,-0.149502,0.015342,0.322272,-0.504614,0.446275,-0.483188,-0.408658,0.224881,-0.109863,-0.051792,-0.095074,-0.507119,-0.070271,-0.226886,-0.236172,-0.076271,-0.310096
-0.017314,0.831349,0.734008,0.044423,0.020633,-0.425415,0.903672,-0.220895,0.253429,0.242005,0.679557,-0.426846,-0.261800,-0.493083,-0.455010,-0.251621,0.889602,-0.363537,0.177057,-0.150134,0.015048,0.321571,-0.502649,0.446423,-0.483801,-0.394870,0.223657,-0.110727,-0.048575,-0.097162,-0.507806,-0.066618,-0.222647,-0.236648,-0.075524,-0.307574
-0.018043,0.829787,0.734426,0.044628,0.019707,-0.426475,0.903183,-0.214538,0.254266,0.244324,0.673919,-0.422639,-0.261800,-0.490571,-0.452553,-0.250750,0.889158,-0.365622,0.175298,-0.150846,0.014993,0.320945,-0.500549,0.446686,-0.484747,-0.379936,0.223634,-0.110627,-0.045062,-0.098479,-0.508210,-0.063237,-0.219081,-0.237211,-0.074237,-0.304797
-0.018784,0.828138,0.734897,0.044729,0.018774,-0.427490,0.902718,-0.208001,0.255157,0.246295,0.668014,-0.418044,-0.261800,-0.487375,-0.449853,-0.250305,0.888055,-0.367634,0.173732,-0.151994,0.015108,0.320272,-0.497701,0.447057,-0.485757,-0.363990,0.224694,-0.109892,-0.041152,-0.100049,-0.508483,-0.059273,-0.215187,-0.237883,-0.072537,-0.301905
-0.019517,0.826444,0.735448,0.044778,0.017808,-0.428508,0.902252,-0.201359,0.256108,0.248067,0.662150,-0.412916,-0.261800,-0.483679,-0.446954,-0.250069,0.886434,-0.369519,0.172125,-0.153265,0.015287,0.319570,-0.494710,0.447591,-0.487174,-0.346511,0.229040,-0.109096,-0.035538,-0.101568,-0.508619,-0.055027,-0.211118,-0.238466,-0.070626,-0.298819
-0.020229,0.824717,0.736041,0.044830,0.016778,-0.429581,0.901759,-0.194679,0.257120,0.249800,0.656622,-0.407108,-0.261800,-0.479716,-0.443897,-0.249807,0.884499,-0.371256,0.170241,-0.154627,0.015323,0.318850,-0.491439,0.448428,-0.489222,-0.327450,0.239280,-0.108735,-0.026807,-0.103219,-0.508610,-0.050334,-0.206716,-0.238754,-0.068655,-0.295548
-0.021051,0.822955,0.736686,0.044881,0.015653,-0.430682,0.901251,-0.187940,0.258184,0.251442,0.651487,-0.400587,-0.261800,-0.475394,-0.440782,-0.249541,0.882281,-0.372860,0.168013,-0.155950,0.015207,0.318199,-0.488169,0.449690,-0.492164,-0.306636,0.256796,-0.108792,-0.014225,-0.104649,-0.508442,-0.045605,-0.202347,-0.238641,-0.066729,-0.291911
-0.021784,0.821099,0.737408,0.044910,0.014457,-0.431797,0.900736,-0.181117,0.259306,0.252941,0.646585,-0.393421,-0.261800,-0.470653,-0.437525,-0.249367,0.879685,-0.374346,0.165570,-0.157260,0.015040,0.317634,-0.484604,0.451227,-0.495877,-0.284416,0.280200,-0.108778,0.001390,-0.105761,-0.508104,-0.040887,-0.198117,-0.238224,-0.064743,-0.287945
-0.022620,0.819171,0.738125,0.044937,0.013241,-0.432996,0.900178,-0.174324,0.260527,0.254448,0.642017,-0.385693,-0.261800,-0.465712,-0.434066,-0.249140,0.876713,-0.375672,0.162984,-0.158490,0.014799,0.316997,-0.480896,0.453063,-0.500098,-0.260708,0.307040,-0.108488,0.019036,-0.106796,-0.507603,-0.035821,-0.193604,-0.237691,-0.062595,-0.283901
-0.023519,0.817240,0.738916,0.044988,0.012051,-0.434349,0.899540,-0.167659,0.261882,0.256114,0.637865,-0.377469,-0.261800,-0.460778,-0.430293,-0.248739,0.873344,-0.376789,0.160319,-0.159652,0.014449,0.316216,-0.476655,0.455157,-0.504508,-0.235927,0.335269,-0.107802,0.037742,-0.108011,-0.506923,-0.030034,-0.188470,-0.237189,-0.060186,-0.280024
-0.024409,0.815235,0.739783,0.045089,0.010907,-0.435862,0.898817,-0.161096,0.263328,0.258013,0.633971,-0.368699,-0.261800,-0.455912,-0.426252,-0.248162,0.869573,-0.377699,0.157578,-0.160763,0.013988,0.315181,-0.471923,0.457545,-0.509246,-0.209632,0.367092,-0.106701,0.058815,-0.109485,-0.506047,-0.023464,-0.182698,-0.236034,-0.057333,-0.276260
-0.025325,0.813179,0.740669,0.045220,0.009779,-0.437504,0.898026,-0.154612,0.264874,0.260060,0.630377,-0.359379,-0.261800,-0.451002,-0.421976,-0.247467,0.865427,-0.378432,0.154733,-0.161854,0.013420,0.313955,-0.466631,0.460248,-0.514363,-0.181962,0.402799,-0.104867,0.082240,-0.111152,-0.504981,-0.016230,-0.176387,-0.234402,-0.054135,-0.272528
-0.026278,0.811037,0.741616,0.045333,0.008648,-0.439281,0.897164,-0.148288,0.266620,0.262153,0.627408,-0.349617,-0.261800,-0.445988,-0.417378,-0.246593,0.860912,-0.378981,0.151818,-0.162874,0.012771,0.312672,-0.460907,0.463237,-0.519451,-0.153595,0.436999,-0.102230,0.105038,-0.112944,-0.503756,-0.008303,-0.169373,-0.233722,-0.050924,-0.269042
-0.027264,0.808911,0.742599,0.045379,0.007499,-0.441198,0.896230,-0.142201,0.268667,0.264212,0.625360,-0.339503,-0.261800,-0.440806,-0.412404,-0.245485,0.856064,-0.379359,0.148868,-0.163826,0.012056,0.311485,-0.454716,0.466435,-0.524042,-0.125297,0.464454,-0.099142,0.124237,-0.114872,-0.502421,0.000414,-0.161469,-0.235408,-0.048038,-0.266019
-0.028236,0.806709,0.743631,0.045310,0.006297,-0.443323,0.895194,-0.136075,0.271084,0.266302,0.624053,-0.329093,-0.261800,-0.435374,-0.406907,-0.244016,0.850866,-0.379537,0.145917,-0.164692,0.011315,0.310460,-0.448015,0.469779,-0.527906,-0.096815,0.483440,-0.095945,0.138928,-0.117091,-0.501006,0.010054,-0.152560,-0.239357,-0.045153,-0.263056
-0.029160,0.804549,0.744681,0.045162,0.005062,-0.445629,0.894063,-0.129960,0.273815,0.268444,0.623406,-0.318324,-0.261800,-0.429734,-0.400961,-0.242253,0.845308,-0.379525,0.142944,-0.165499,0.010546,0.309498,-0.440875,0.473271,-0.531291,-0.067804,0.496885,-0.092790,0.150753,-0.119579,-0.499524,0.020573,-0.142730,-0.244949,-0.042233,-0.260195
-0.030218,0.802310,0.745758,0.045010,0.003854,-0.447989,0.892897,-0.124452,0.276783,0.270461,0.623933,-0.307143,-0.261800,-0.424033,-0.394836,-0.240415,0.839436,-0.379369,0.139883,-0.166302,0.009686,0.308530,-0.433360,0.476914,-0.534439,-0.038964,0.506611,-0.089915,0.160617,-0.122061,-0.497992,0.031775,-0.132099,-0.252813,-0.040055,-0.258331
-0.031287,0.800122,0.746855,0.044926,0.002736,-0.450278,0.891753,-0.120130,0.279918,0.272168,0.626101,-0.295472,-0.261800,-0.418427,-0.388788,-0.238717,0.833335,-0.379145,0.136676,-0.167145,0.008683,0.307473,-0.425611,0.480721,-0.537620,-0.010934,0.514384,-0.087481,0.169406,-0.124212,-0.496436,0.043446,-0.120839,-0.263590,-0.039376,-0.258368
-0.032419,0.797886,0.747964,0.044956,0.001730,-0.452494,0.890632,-0.117020,0.283168,0.273694,0.629813,-0.283139,-0.261800,-0.412988,-0.382871,-0.237181,0.826933,-0.378838,0.133287,-0.167980,0.007449,0.306265,-0.417719,0.484685,-0.540868,0.016484,0.519510,-0.085664,0.176895,-0.126029,-0.494889,0.055695,-0.108759,-0.277893,-0.040707,-0.261051
-0.033570,0.795678,0.749083,0.045047,0.000804,-0.454692,0.889508,-0.114857,0.286619,0.275066,0.634884,-0.270229,-0.261800,-0.407612,-0.376929,-0.235717,0.820209,-0.378421,0.129757,-0.168782,0.006051,0.304957,-0.409679,0.488799,-0.544088,0.043595,0.521419,-0.084428,0.182786,-0.127622,-0.493363,0.068557,-0.095875,-0.295241,-0.043465,-0.265783
-0.034800,0.793398,0.750175,0.045126,-0.000064,-0.456843,0.888402,-0.113810,0.290428,0.275946,0.641737,-0.257088,-0.261800,-0.402190,-0.370910,-0.234380,0.813303,-0.377941,0.126136,-0.169635,0.004667,0.303670,-0.401324,0.493060,-0.547304,0.069737,0.522167,-0.083532,0.187843,-0.128888,-0.491825,0.081706,-0.082623,-0.314599,-0.046773,-0.271449
-0.036002,0.791193,0.751276,0.045116,-0.000893,-0.458916,0.887333,-0.114038,0.294719,0.275949,0.650763,-0.244075,-0.261800,-0.396593,-0.364752,-0.233224,0.806299,-0.377411,0.122475,-0.170582,0.003484,0.302527,-0.392660,0.497475,-0.550620,0.094373,0.523721,-0.082705,0.192830,-0.129667,-0.490212,0.094756,-0.069472,-0.334930,-0.049806,-0.276891
-0.037255,0.788893,0.752381,0.045062,-0.001708,-0.460906,0.886303,-0.115628,0.299379,0.274914,0.662113,-0.231059,-0.261800,-0.390848,-0.358553,-0.232122,0.799252,-0.376867,0.118834,-0.171647,0.002375,0.301518,-0.383689,0.502060,-0.554202,0.117494,0.526620,-0.081971,0.198302,-0.129987,-0.488477,0.107777,-0.056286,-0.356722,-0.052568,-0.282332
-0.038536,0.786621,0.753442,0.044972,-0.002488,-0.462832,0.885301,-0.118466,0.304364,0.272940,0.675494,-0.217956,-0.261800,-0.384980,-0.352263,-0.231095,0.792049,-0.376266,0.115168,-0.172777,0.001298,0.300588,-0.374520,0.506816,-0.558006,0.139445,0.529776,-0.081434,0.203739,-0.129898,-0.486620,0.120896,-0.042891,-0.380307,-0.055385,-0.288222
-0.039802,0.784346,0.754514,0.044721,-0.003177,-0.464695,0.884335,-0.122427,0.310017,0.270194,0.690641,-0.205015,-0.261800,-0.378912,-0.345648,-0.230433,0.784672,-0.375575,0.111371,-0.173911,0.000561,0.299815,-0.365115,0.511691,-0.561775,0.160039,0.532844,-0.080922,0.208291,-0.129243,-0.484653,0.133800,-0.029759,-0.404407,-0.058006,-0.293682
-0.041129,0.782019,0.755569,0.044184,-0.003723,-0.466495,0.883412,-0.127366,0.316655,0.266825,0.707229,-0.192468,-0.261800,-0.372524,-0.338459,-0.230433,0.777009,-0.374723,0.107338,-0.174956,0.000460,0.299271,-0.355460,0.516594,-0.565277,0.179121,0.535502,-0.080271,0.211105,-0.127854,-0.482633,0.146153,-0.017365,-0.427745,-0.060240,-0.297803
-0.042487,0.779751,0.756592,0.043299,-0.004060,-0.468206,0.882548,-0.133583,0.324449,0.262519,0.725479,-0.180149,-0.261800,-0.365781,-0.330537,-0.231344,0.768968,-0.373669,0.102947,-0.175939,0.001183,0.298939,-0.345645,0.521467,-0.568550,0.196651,0.537765,-0.079400,0.211790,-0.125646,-0.480586,0.157825,-0.005775,-0.451174,-0.062086,-0.300231
-0.043813,0.777490,0.757591,0.042133,-0.004229,-0.469839,0.881736,-0.141035,0.333143,0.257177,0.745330,-0.167969,-0.261800,-0.358711,-0.321995,-0.232954,0.760549,-0.372428,0.098288,-0.176858,0.002589,0.298795,-0.335739,0.526277,-0.571738,0.212813,0.539771,-0.078422,0.210853,-0.122681,-0.478514,0.168978,0.005222,-0.474956,-0.063702,-0.301477
-0.045113,0.775262,0.758538,0.040749,-0.004332,-0.471453,0.880939,-0.149120,0.342448,0.251273,0.766167,-0.156340,-0.261800,-0.351358,-0.313004,-0.234832,0.751918,-0.371068,0.093561,-0.177577,0.004477,0.298902,-0.325691,0.530957,-0.574771,0.227794,0.541418,-0.077469,0.208790,-0.119050,-0.476481,0.179716,0.015615,-0.496922,-0.065164,-0.301893
-0.046513,0.773039,0.759391,0.039214,-0.004477,-0.473107,0.880120,-0.157213,0.352086,0.245316,0.787382,-0.145678,-0.261800,-0.343775,-0.303762,-0.236544,0.743242,-0.369648,0.088959,-0.177960,0.006686,0.299331,-0.315467,0.535418,-0.577578,0.241782,0.542575,-0.076675,0.206091,-0.114846,-0.474564,0.190144,0.025381,-0.514844,-0.066530,-0.301853
-0.047801,0.770838,0.760261,0.037535,-0.004695,-0.474779,0.879292,-0.165376,0.362001,0.239154,0.809138,-0.135877,-0.261800,-0.335933,-0.294329,-0.238002,0.734542,-0.368154,0.084478,-0.178003,0.009204,0.300137,-0.305152,0.539594,-0.580250,0.254765,0.543040,-0.076057,0.202513,-0.109956,-0.472844,0.200197,0.034289,-0.528238,-0.067663,-0.301090
-0.049078,0.768702,0.761043,0.035675,-0.004926,-0.476452,0.878463,-0.173859,0.372289,0.232497,0.831598,-0.126793,-0.261800,-0.327813,-0.284579,-0.239408,0.725695,-0.366531,0.080021,-0.177736,0.012174,0.301272,-0.294836,0.543445,-0.582846,0.266773,0.542927,-0.075558,0.197919,-0.104340,-0.471336,0.209833,0.042387,-0.538214,-0.068610,-0.299513
-0.050361,0.766589,0.761806,0.033633,-0.005139,-0.478202,0.877591,-0.182318,0.382904,0.225693,0.854201,-0.118791,-0.261800,-0.319499,-0.274440,-0.240744,0.716687,-0.364790,0.075630,-0.177097,0.015603,0.302631,-0.284395,0.546916,-0.585204,0.277990,0.542653,-0.075182,0.192958,-0.098271,-0.470041,0.219222,0.050147,-0.544974,-0.069664,-0.297743
-0.051610,0.764444,0.762519,0.031413,-0.005304,-0.480104,0.876633,-0.190380,0.393816,0.219140,0.876382,-0.112229,-0.261800,-0.311086,-0.263856,-0.241986,0.707526,-0.362955,0.071350,-0.176047,0.019494,0.304103,-0.273707,0.549957,-0.587137,0.288626,0.542616,-0.074949,0.188276,-0.092029,-0.468939,0.228566,0.058059,-0.548730,-0.071108,-0.296418
-0.052757,0.762391,0.763218,0.029576,-0.005618,-0.481907,0.875705,-0.198267,0.404278,0.216250,0.898186,-0.106455,-0.248458,-0.303173,-0.254581,-0.242800,0.698908,-0.361262,0.067598,-0.175029,0.022871,0.305358,-0.262834,0.552547,-0.588717,0.298726,0.543102,-0.074846,0.184044,-0.085644,-0.468037,0.237930,0.066199,-0.548149,-0.073231,-0.295731
-0.053860,0.760502,0.763872,0.029124,-0.006348,-0.483177,0.875015,-0.206330,0.412014,0.217244,0.918857,-0.100979,-0.225472,-0.297149,-0.249530,-0.242623,0.692644,-0.360535,0.064882,-0.174945,0.023797,0.305532,-0.251820,0.554686,-0.590012,0.308228,0.543873,-0.074889,0.179928,-0.078961,-0.467293,0.247219,0.074314,-0.543584,-0.075799,-0.295345
-0.054845,0.758629,0.764509,0.028633,-0.007017,-0.484561,0.874260,-0.213714,0.420355,0.219783,0.938625,-0.097684,-0.201347,-0.291355,-0.244390,-0.242264,0.686533,-0.359801,0.062300,-0.174263,0.025081,0.305565,-0.241053,0.556035,-0.591257,0.317627,0.544493,-0.075104,0.175820,-0.071689,-0.466828,0.255984,0.082207,-0.537787,-0.078351,-0.294982
-0.055786,0.756707,0.765112,0.028059,-0.007513,-0.486146,0.873395,-0.219895,0.429502,0.224251,0.956465,-0.097620,-0.177268,-0.285957,-0.238864,-0.241646,0.680504,-0.358977,0.059783,-0.173034,0.026856,0.305280,-0.230178,0.556828,-0.592082,0.326750,0.544454,-0.075542,0.171569,-0.064140,-0.466506,0.264396,0.090100,-0.533520,-0.080360,-0.294517
-0.056624,0.754902,0.765638,0.027342,-0.007765,-0.487942,0.872413,-0.224845,0.440485,0.231697,0.972977,-0.101330,-0.151197,-0.281019,-0.232773,-0.240895,0.674540,-0.358035,0.057275,-0.171523,0.029213,0.304561,-0.218665,0.557272,-0.592122,0.335277,0.543407,-0.076357,0.167050,-0.056830,-0.466224,0.272972,0.098466,-0.531043,-0.081707,-0.294160
-0.057408,0.753066,0.766118,0.026533,-0.007850,-0.489906,0.871336,-0.228722,0.452719,0.241489,0.988442,-0.108328,-0.123442,-0.276454,-0.226346,-0.239990,0.668679,-0.357011,0.054819,-0.170765,0.031849,0.303351,-0.205386,0.557520,-0.590206,0.342720,0.541850,-0.077547,0.162254,-0.051307,-0.465752,0.283308,0.108576,-0.528988,-0.082462,-0.294220
-0.058150,0.751340,0.766534,0.025760,-0.007883,-0.492029,0.870162,-0.231421,0.463873,0.251418,1.001464,-0.117951,-0.098817,-0.272260,-0.219928,-0.238634,0.663036,-0.355986,0.052510,-0.168971,0.034613,0.302012,-0.192619,0.557263,-0.588578,0.349945,0.540050,-0.078678,0.157510,-0.044673,-0.465385,0.292348,0.117988,-0.527903,-0.082963,-0.293897
-0.058792,0.749643,0.766899,0.025150,-0.007977,-0.494311,0.868885,-0.232913,0.471607,0.259320,1.010596,-0.129232,-0.082136,-0.268420,-0.213853,-0.236542,0.657689,-0.355018,0.050437,-0.166866,0.037076,0.300445,-0.179656,0.556540,-0.586433,0.356796,0.538686,-0.079492,0.152986,-0.038207,-0.465054,0.301273,0.127751,-0.528024,-0.083049,-0.293194
-0.059352,0.747948,0.767262,0.024747,-0.008145,-0.496770,0.867491,-0.232832,0.475466,0.265268,1.015065,-0.143115,-0.075905,-0.265064,-0.208224,-0.233545,0.652817,-0.354182,0.048693,-0.164201,0.039111,0.298665,-0.166499,0.555523,-0.583975,0.363034,0.538056,-0.079815,0.148831,-0.031571,-0.464791,0.309799,0.137456,-0.530033,-0.082342,-0.291809
-0.059841,0.746282,0.767630,0.024480,-0.008332,-0.499400,0.865985,-0.231391,0.476608,0.270265,1.015786,-0.159433,-0.077214,-0.262152,-0.202859,-0.229842,0.648325,-0.353425,0.047199,-0.161875,0.040893,0.296469,-0.152377,0.553859,-0.580153,0.368754,0.538065,-0.079933,0.144824,-0.026151,-0.464464,0.319367,0.148360,-0.533466,-0.080828,-0.290172
-0.060320,0.744642,0.768042,0.024299,-0.008544,-0.502156,0.864393,-0.229511,0.475212,0.273600,1.013861,-0.175490,-0.082644,-0.259436,-0.197685,-0.225678,0.643967,-0.352667,0.045797,-0.159544,0.042550,0.294021,-0.138074,0.551455,-0.575591,0.374385,0.538076,-0.079996,0.140793,-0.021301,-0.464011,0.329123,0.160155,-0.537250,-0.079430,-0.288554
-0.060746,0.743003,0.768472,0.024156,-0.008790,-0.504994,0.862740,-0.228108,0.471409,0.274477,1.010423,-0.188678,-0.088774,-0.256699,-0.192632,-0.221289,0.639542,-0.351851,0.044334,-0.156800,0.044138,0.291559,-0.124154,0.548696,-0.570961,0.379864,0.537264,-0.080115,0.136583,-0.016221,-0.463438,0.338102,0.172298,-0.540284,-0.079073,-0.287223
-0.061161,0.741389,0.768902,0.024057,-0.009115,-0.507942,0.861007,-0.227229,0.464901,0.272543,1.005555,-0.198564,-0.095118,-0.253890,-0.187750,-0.216628,0.635095,-0.351016,0.042744,-0.153875,0.045570,0.289128,-0.110243,0.545586,-0.565822,0.384943,0.535601,-0.080377,0.132113,-0.011355,-0.462677,0.346686,0.185310,-0.542692,-0.080264,-0.286441
-0.061525,0.739795,0.769325,0.024012,-0.009500,-0.511013,0.859185,-0.226431,0.455835,0.268314,0.998758,-0.206546,-0.103228,-0.251116,-0.183033,-0.211610,0.630716,-0.350183,0.041113,-0.150789,0.046822,0.286657,-0.096204,0.542129,-0.560122,0.389567,0.533380,-0.080683,0.127484,-0.006797,-0.461711,0.355044,0.199144,-0.544940,-0.082438,-0.285979
-0.061805,0.738169,0.769753,0.023986,-0.009857,-0.514139,0.857315,-0.225848,0.444948,0.262225,0.990196,-0.212752,-0.112788,-0.248367,-0.178329,-0.206409,0.626210,-0.349241,0.039525,-0.147646,0.048047,0.284054,-0.082190,0.538346,-0.554043,0.394008,0.530606,-0.080948,0.122715,-0.002425,-0.460524,0.363170,0.213435,-0.546383,-0.084776,-0.285584
-0.062092,0.736611,0.770164,0.023940,-0.010096,-0.517250,0.855440,-0.225592,0.432956,0.254707,0.980027,-0.217292,-0.123507,-0.245647,-0.173486,-0.201198,0.621396,-0.348085,0.038064,-0.144521,0.049393,0.281221,-0.068420,0.534271,-0.547809,0.398607,0.527258,-0.081096,0.117836,0.001851,-0.459115,0.371035,0.227870,-0.546351,-0.086467,-0.284990
-0.062320,0.734984,0.770588,0.023875,-0.010208,-0.520358,0.853553,-0.225787,0.419526,0.245172,0.968198,-0.219550,-0.135302,-0.242945,-0.168448,-0.195949,0.616210,-0.346676,0.036842,-0.141340,0.050868,0.278133,-0.054867,0.529924,-0.541432,0.403229,0.523274,-0.080953,0.112832,0.006119,-0.457470,0.378638,0.242345,-0.544385,-0.087255,-0.284144
-0.062531,0.733443,0.771000,0.023801,-0.010232,-0.523493,0.851636,-0.226214,0.404517,0.233610,0.954628,-0.219810,-0.148285,-0.240242,-0.163290,-0.190598,0.610731,-0.345069,0.035790,-0.138088,0.052404,0.274851,-0.041430,0.525306,-0.534812,0.407748,0.518688,-0.080607,0.107700,0.010339,-0.455568,0.385978,0.257009,-0.540943,-0.087587,-0.283172
-0.062651,0.731924,0.771457,0.023714,-0.010167,-0.526605,0.849718,-0.226560,0.388936,0.221295,0.939498,-0.219513,-0.162484,-0.237562,-0.158078,-0.185248,0.605046,-0.343313,0.034722,-0.134922,0.054026,0.271386,-0.028225,0.520443,-0.528029,0.412456,0.513586,-0.080317,0.102459,0.014371,-0.453454,0.393026,0.271965,-0.536738,-0.087699,-0.282087
-0.062785,0.730382,0.771884,0.023606,-0.010003,-0.529645,0.847832,-0.226557,0.373784,0.209513,0.922956,-0.220032,-0.177919,-0.234896,-0.152869,-0.180010,0.599178,-0.341425,0.033449,-0.131989,0.055794,0.267771,-0.015361,0.515361,-0.521154,0.417602,0.508053,-0.080344,0.097129,0.018194,-0.451175,0.399717,0.287189,-0.532481,-0.087832,-0.280899
-0.062935,0.728946,0.772286,0.023451,-0.009668,-0.532604,0.845984,-0.226276,0.358900,0.197928,0.904635,-0.221564,-0.195915,-0.232346,-0.147538,-0.174928,0.593113,-0.339364,0.031775,-0.129339,0.057852,0.263941,-0.002711,0.510058,-0.514009,0.423049,0.501901,-0.080704,0.091489,0.021812,-0.448755,0.406048,0.302714,-0.528142,-0.088043,-0.279525
-0.062976,0.727459,0.772744,0.023254,-0.009187,-0.535508,0.844160,-0.225747,0.343986,0.186095,0.884514,-0.223473,-0.215952,-0.229840,-0.142077,-0.169947,0.586777,-0.337104,0.029849,-0.126892,0.060140,0.259921,0.009755,0.504537,-0.506594,0.428678,0.495153,-0.081262,0.085596,0.025261,-0.446211,0.412045,0.318501,-0.523402,-0.088205,-0.277985
-0.062963,0.725977,0.773224,0.023059,-0.008694,-0.538366,0.842351,-0.224803,0.329773,0.175101,0.863352,-0.225763,-0.235339,-0.227246,-0.136746,-0.165014,0.580317,-0.334786,0.027992,-0.124586,0.062429,0.255884,0.021747,0.498836,-0.499294,0.434796,0.488178,-0.082069,0.079892,0.028606,-0.443571,0.417644,0.334347,-0.518537,-0.088277,-0.276443
-0.062934,0.724539,0.773722,0.022911,-0.008330,-0.541183,0.840551,-0.223291,0.316898,0.166010,0.841819,-0.228270,-0.251462,-0.224417,-0.131811,-0.160076,0.573847,-0.332540,0.026528,-0.122340,0.064489,0.251999,0.032968,0.493015,-0.492513,0.441700,0.481353,-0.083177,0.074820,0.031950,-0.440864,0.422754,0.350025,-0.513827,-0.088219,-0.275059
-0.062887,0.723165,0.774222,0.023151,-0.008290,-0.543819,0.838842,-0.221143,0.304271,0.159440,0.819339,-0.230777,-0.261800,-0.221699,-0.128412,-0.155026,0.568097,-0.330791,0.025817,-0.120384,0.065563,0.248151,0.043440,0.487089,-0.486155,0.449390,0.474601,-0.084661,0.070465,0.035434,-0.438090,0.427240,0.365446,-0.509569,-0.088113,-0.274042
-0.062714,0.721853,0.774743,0.023999,-0.008593,-0.546182,0.837278,-0.218518,0.290649,0.155754,0.795214,-0.232909,-0.261800,-0.219569,-0.127164,-0.149775,0.563550,-0.329722,0.025864,-0.118921,0.065354,0.244097,0.053291,0.481065,-0.480077,0.457713,0.467779,-0.086476,0.066599,0.039019,-0.435243,0.431153,0.380687,-0.505547,-0.087952,-0.273253
-0.062496,0.720523,0.775247,0.024666,-0.008839,-0.548610,0.835668,-0.215607,0.278667,0.152965,0.770957,-0.234828,-0.261800,-0.217141,-0.125477,-0.144580,0.558596,-0.328438,0.025928,-0.117358,0.065484,0.240203,0.062367,0.475027,-0.474621,0.466746,0.461126,-0.088512,0.063196,0.042471,-0.432373,0.434685,0.395821,-0.501247,-0.087579,-0.272315
-0.062310,0.719130,0.775721,0.025152,-0.008915,-0.551126,0.833996,-0.212746,0.268683,0.151306,0.747168,-0.236112,-0.261800,-0.214649,-0.123173,-0.139397,0.553219,-0.326810,0.025817,-0.115701,0.066094,0.236312,0.070526,0.469098,-0.470140,0.476536,0.454874,-0.090662,0.060241,0.045653,-0.429550,0.437967,0.410810,-0.496176,-0.086823,-0.270860
-0.062080,0.717790,0.776192,0.025448,-0.008775,-0.553734,0.832259,-0.210140,0.261094,0.151188,0.724205,-0.236453,-0.261800,-0.212116,-0.120152,-0.134250,0.547283,-0.324725,0.025515,-0.113934,0.067256,0.232406,0.077711,0.463380,-0.466758,0.487196,0.448975,-0.093015,0.058023,0.048557,-0.426806,0.440950,0.425581,-0.490286,-0.085442,-0.268697
-0.061792,0.716459,0.776647,0.025587,-0.008485,-0.556408,0.830472,-0.207656,0.255497,0.152570,0.701758,-0.236137,-0.261800,-0.209486,-0.116610,-0.129139,0.540899,-0.322296,0.025127,-0.112071,0.068824,0.228561,0.084089,0.457908,-0.464246,0.498529,0.443315,-0.095599,0.056447,0.051321,-0.424135,0.443552,0.440048,-0.483800,-0.083579,-0.266051
-0.061588,0.715234,0.777039,0.025630,-0.008109,-0.559129,0.828645,-0.205055,0.251067,0.154983,0.679330,-0.235603,-0.261800,-0.206831,-0.112794,-0.123986,0.534345,-0.319714,0.024648,-0.110161,0.070619,0.224773,0.089843,0.452703,-0.462410,0.510141,0.438026,-0.098206,0.054921,0.053934,-0.421564,0.445884,0.454288,-0.476615,-0.081679,-0.263198
-0.061344,0.713984,0.777455,0.025627,-0.007712,-0.561883,0.826784,-0.202098,0.247012,0.157878,0.656411,-0.235280,-0.261800,-0.204228,-0.108928,-0.118715,0.527930,-0.317181,0.024070,-0.108253,0.072495,0.221059,0.095172,0.447769,-0.461042,0.521616,0.433254,-0.100625,0.052854,0.056401,-0.419118,0.448061,0.468332,-0.468604,-0.080189,-0.260410
-0.061016,0.712766,0.777854,0.025581,-0.007263,-0.564667,0.824890,-0.198771,0.243611,0.161721,0.632881,-0.235472,-0.261800,-0.201738,-0.104981,-0.113326,0.521668,-0.314679,0.023274,-0.106329,0.074526,0.217358,0.100071,0.443101,-0.460120,0.532930,0.428932,-0.102849,0.049920,0.058756,-0.416831,0.450042,0.482252,-0.459467,-0.079381,-0.257742
-0.060703,0.711551,0.778246,0.025479,-0.006748,-0.567485,0.822962,-0.195179,0.241043,0.166685,0.608982,-0.235875,-0.261800,-0.199341,-0.100897,-0.107851,0.515486,-0.312166,0.022315,-0.104388,0.076745,0.213691,0.104473,0.438703,-0.459718,0.544261,0.425019,-0.104972,0.046494,0.061006,-0.414711,0.451794,0.495942,-0.449340,-0.078937,-0.255040
-0.060420,0.710376,0.778607,0.025319,-0.006243,-0.570335,0.820998,-0.191234,0.238437,0.171660,0.584703,-0.235994,-0.261800,-0.196907,-0.096779,-0.102266,0.509389,-0.309691,0.021413,-0.102503,0.078973,0.210193,0.108482,0.434610,-0.459765,0.555483,0.421691,-0.106937,0.043028,0.063048,-0.412746,0.453473,0.509342,-0.438762,-0.078507,-0.252294
-0.060060,0.709139,0.778927,0.025093,-0.005825,-0.573221,0.818996,-0.186876,0.235020,0.175430,0.560064,-0.235335,-0.261800,-0.194304,-0.092705,-0.096559,0.503380,-0.307317,0.020786,-0.100760,0.081042,0.207012,0.112239,0.430877,-0.460168,0.566435,0.419135,-0.108693,0.039972,0.064715,-0.410914,0.455274,0.522449,-0.428259,-0.077730,-0.249505
-0.059732,0.708000,0.779243,0.024737,-0.005503,-0.576165,0.816940,-0.181930,0.230861,0.177849,0.534766,-0.233817,-0.261800,-0.191381,-0.088536,-0.090736,0.497323,-0.305011,0.020456,-0.099169,0.083013,0.204275,0.115748,0.427573,-0.461009,0.577094,0.417633,-0.110196,0.037597,0.065913,-0.409192,0.457318,0.535241,-0.417866,-0.076590,-0.246847
-0.059325,0.706898,0.779536,0.024259,-0.005233,-0.579161,0.814835,-0.176467,0.226390,0.179397,0.508869,-0.231666,-0.261800,-0.188241,-0.084235,-0.084810,0.491271,-0.302767,0.020312,-0.097693,0.084947,0.201893,0.118996,0.424723,-0.462270,0.587475,0.416999,-0.111492,0.035615,0.066695,-0.407580,0.459495,0.547782,-0.407344,-0.075254,-0.244272
-0.058938,0.705815,0.779773,0.023748,-0.005004,-0.582172,0.812703,-0.170746,0.221420,0.179759,0.482828,-0.228811,-0.261800,-0.185067,-0.080012,-0.078790,0.485388,-0.300611,0.020365,-0.096344,0.086731,0.199705,0.122127,0.422286,-0.463693,0.597430,0.416715,-0.112658,0.033621,0.067206,-0.406049,0.461637,0.560059,-0.396802,-0.073635,-0.241446
-0.058494,0.704754,0.779959,0.023294,-0.004806,-0.585159,0.810570,-0.165001,0.215764,0.178645,0.457069,-0.225158,-0.261800,-0.182130,-0.076078,-0.072684,0.480006,-0.298634,0.020626,-0.095147,0.088245,0.197536,0.125258,0.420183,-0.465021,0.606879,0.416273,-0.113772,0.031213,0.067539,-0.404575,0.463605,0.572133,-0.386349,-0.071642,-0.238036
-0.058031,0.703685,0.780115,0.022934,-0.004643,-0.588100,0.808450,-0.159273,0.209127,0.175497,0.431403,-0.220524,-0.261800,-0.179425,-0.072526,-0.066485,0.475041,-0.296859,0.021231,-0.094158,0.089425,0.195327,0.128339,0.418389,-0.466284,0.615880,0.415709,-0.114855,0.028219,0.067643,-0.403153,0.465386,0.584027,-0.375982,-0.069031,-0.233743
-0.057481,0.702649,0.780250,0.022593,-0.004510,-0.591026,0.806324,-0.153390,0.201827,0.170569,0.405678,-0.215019,-0.261800,-0.176840,-0.069169,-0.060203,0.470404,-0.295237,0.022115,-0.093341,0.090409,0.193188,0.131305,0.416899,-0.467589,0.624498,0.415242,-0.115865,0.024878,0.067495,-0.401769,0.467051,0.595708,-0.365667,-0.065907,-0.228829
-0.056956,0.701651,0.780362,0.022202,-0.004384,-0.593973,0.804167,-0.147272,0.194531,0.164824,0.380392,-0.208999,-0.261800,-0.174303,-0.065830,-0.053869,0.466045,-0.293704,0.022991,-0.092588,0.091328,0.191167,0.134237,0.415663,-0.468790,0.632714,0.414686,-0.116786,0.021418,0.067129,-0.400445,0.468587,0.607313,-0.355487,-0.062704,-0.223802
-0.056394,0.700689,0.780483,0.021706,-0.004246,-0.596978,0.801953,-0.140971,0.187856,0.159240,0.356222,-0.202867,-0.261800,-0.171736,-0.062352,-0.047515,0.461873,-0.292161,0.023573,-0.091810,0.092308,0.189301,0.137201,0.414601,-0.469736,0.640519,0.413850,-0.117603,0.018062,0.066612,-0.399211,0.469984,0.618925,-0.345511,-0.059867,-0.219166
-0.055821,0.699714,0.780547,0.021131,-0.004102,-0.600040,0.799680,-0.134548,0.181658,0.153704,0.333151,-0.196724,-0.261800,-0.169240,-0.058810,-0.041151,0.458040,-0.290640,0.023667,-0.090993,0.093347,0.187583,0.140168,0.413648,-0.470407,0.647968,0.412772,-0.118362,0.014822,0.065944,-0.398100,0.471220,0.630530,-0.335603,-0.057463,-0.214800
-0.055211,0.698719,0.780655,0.020496,-0.003956,-0.603143,0.797360,-0.127825,0.175691,0.147879,0.310596,-0.190155,-0.261800,-0.166881,-0.055264,-0.034762,0.454660,-0.289246,0.023466,-0.090135,0.094423,0.186079,0.143210,0.413001,-0.470892,0.654792,0.411475,-0.119059,0.011565,0.065353,-0.397383,0.472190,0.641676,-0.325699,-0.055281,-0.210464
-0.054547,0.697787,0.780716,0.019750,-0.003799,-0.606285,0.794993,-0.121051,0.170397,0.142314,0.289459,-0.183572,-0.261800,-0.164378,-0.051539,-0.028339,0.451248,-0.287777,0.023276,-0.089392,0.095572,0.184613,0.146082,0.412229,-0.471152,0.661633,0.409987,-0.119593,0.008429,0.064411,-0.396551,0.473206,0.653167,-0.316197,-0.053330,-0.206643
-0.053909,0.696831,0.780779,0.018862,-0.003629,-0.609465,0.792580,-0.114257,0.166124,0.137645,0.270163,-0.177084,-0.261800,-0.161568,-0.047524,-0.021857,0.447547,-0.286165,0.023414,-0.088590,0.096840,0.183397,0.148988,0.411806,-0.471296,0.667815,0.408031,-0.119877,0.005402,0.063838,-0.396080,0.473905,0.664023,-0.307306,-0.051659,-0.203593
-0.053282,0.695870,0.780863,0.017835,-0.003454,-0.612698,0.790109,-0.107451,0.162904,0.134140,0.252808,-0.170744,-0.261800,-0.158453,-0.043192,-0.015248,0.443536,-0.284399,0.024018,-0.087828,0.098183,0.182306,0.151836,0.411483,-0.471289,0.673691,0.405616,-0.119746,0.002635,0.063232,-0.395689,0.474635,0.674900,-0.298978,-0.050508,-0.201647
-0.052659,0.694897,0.780913,0.016715,-0.003289,-0.615973,0.787583,-0.100661,0.160437,0.131496,0.237208,-0.164488,-0.261800,-0.155136,-0.038705,-0.008517,0.439382,-0.282542,0.024919,-0.087520,0.099450,0.181104,0.154644,0.410829,-0.470800,0.679813,0.402988,-0.119292,0.000137,0.061637,-0.394744,0.476084,0.687002,-0.291108,-0.049774,-0.200728
-0.052001,0.693896,0.780929,0.015539,-0.003153,-0.619250,0.785034,-0.093992,0.158562,0.129506,0.223407,-0.158269,-0.261800,-0.151642,-0.034215,-0.001760,0.435171,-0.280670,0.025970,-0.086627,0.100704,0.180290,0.156957,0.410746,-0.470611,0.685316,0.399920,-0.118836,-0.002472,0.061543,-0.394607,0.476113,0.697065,-0.284072,-0.049047,-0.200004
-0.051308,0.692949,0.780952,0.014336,-0.003064,-0.622489,0.782491,-0.087519,0.157118,0.127963,0.211415,-0.152022,-0.261800,-0.147959,-0.029875,0.004926,0.430930,-0.278824,0.027020,-0.086636,0.101763,0.179194,0.159794,0.410258,-0.469578,0.690797,0.396905,-0.118568,-0.005105,0.059723,-0.393585,0.477032,0.709015,-0.277900,-0.047855,-0.199575
-0.050578,0.692015,0.780957,0.013129,-0.003086,-0.625660,0.779979,-0.080770,0.155514,0.126412,0.200170,-0.144814,-0.261800,-0.144073,-0.025885,0.011484,0.426834,-0.277131,0.028111,-0.086464,0.102529,0.178285,0.162016,0.409893,-0.468528,0.696387,0.393601,-0.118756,-0.008054,0.058539,-0.392544,0.476838,0.720079,-0.273609,-0.045912,-0.199173
-0.049833,0.691104,0.780923,0.011909,-0.003197,-0.628790,0.777477,-0.073895,0.153963,0.125122,0.190063,-0.137003,-0.261800,-0.139997,-0.022147,0.017984,0.422813,-0.275532,0.029301,-0.086286,0.103083,0.177495,0.163998,0.409664,-0.467388,0.701798,0.389956,-0.119179,-0.011159,0.057600,-0.391542,0.476022,0.730689,-0.270683,-0.043525,-0.198993
-0.049148,0.690192,0.780919,0.010677,-0.003308,-0.631925,0.774949,-0.068035,0.153478,0.124984,0.183567,-0.130594,-0.261800,-0.135835,-0.018414,0.024546,0.418673,-0.273874,0.030470,-0.086023,0.103593,0.176732,0.165817,0.409591,-0.466203,0.706823,0.386276,-0.119557,-0.014288,0.057219,-0.390951,0.474688,0.740328,-0.267717,-0.041064,-0.198810
-0.048482,0.689209,0.780950,0.009429,-0.003342,-0.635114,0.772353,-0.064231,0.155033,0.126918,0.183008,-0.127523,-0.261800,-0.131620,-0.014461,0.031304,0.414116,-0.271940,0.031505,-0.085656,0.104040,0.175864,0.167478,0.409569,-0.464686,0.711546,0.383181,-0.119677,-0.017389,0.056670,-0.390155,0.472818,0.749986,-0.263790,-0.039080,-0.198384
-0.047896,0.688239,0.781048,0.008134,-0.003297,-0.638434,0.769627,-0.063698,0.159621,0.131642,0.191696,-0.129213,-0.261800,-0.127272,-0.010096,0.038462,0.408989,-0.269632,0.032271,-0.084950,0.104286,0.174792,0.168882,0.409701,-0.463048,0.716140,0.380723,-0.119378,-0.020429,0.055963,-0.388803,0.470487,0.759798,-0.258764,-0.037486,-0.197683
-0.047354,0.687256,0.781151,0.006749,-0.003200,-0.641856,0.766789,-0.065327,0.166632,0.138496,0.207271,-0.134297,-0.261800,-0.122677,-0.005380,0.045919,0.403339,-0.266997,0.032850,-0.084006,0.104508,0.173705,0.170152,0.410010,-0.461257,0.720401,0.378625,-0.118830,-0.023466,0.055355,-0.387406,0.467724,0.769280,-0.253051,-0.036103,-0.196791
-0.046802,0.686277,0.781173,0.005295,-0.003023,-0.645267,0.763933,-0.067111,0.174602,0.146323,0.224327,-0.140866,-0.261800,-0.117920,-0.000519,0.053357,0.397320,-0.264139,0.033459,-0.083141,0.105024,0.172622,0.171327,0.410235,-0.459283,0.724255,0.376696,-0.118164,-0.026365,0.055208,-0.386618,0.464651,0.777854,-0.246319,-0.035010,-0.195902
-0.046188,0.685289,0.781203,0.003874,-0.002780,-0.648538,0.761168,-0.067126,0.181776,0.154078,0.237443,-0.147014,-0.261800,-0.113275,0.004080,0.060469,0.391387,-0.261328,0.034352,-0.082294,0.105397,0.171351,0.172341,0.410766,-0.457280,0.727668,0.374766,-0.117482,-0.029053,0.054989,-0.385225,0.460858,0.786648,-0.238959,-0.034389,-0.195351
-0.045514,0.684318,0.781247,0.002544,-0.002449,-0.651618,0.758539,-0.065122,0.187754,0.161763,0.245760,-0.152834,-0.261800,-0.108898,0.008275,0.067118,0.385659,-0.258620,0.035636,-0.081897,0.105827,0.169789,0.173372,0.411310,-0.455083,0.730585,0.372704,-0.116826,-0.031466,0.055007,-0.383994,0.456704,0.795060,-0.229898,-0.034425,-0.195213
-0.044680,0.683370,0.781314,0.001269,-0.002045,-0.654576,0.755992,-0.062049,0.193358,0.169899,0.251959,-0.159132,-0.261800,-0.104685,0.012226,0.073485,0.380001,-0.255940,0.037180,-0.081725,0.106304,0.168025,0.174282,0.411853,-0.452732,0.733112,0.370673,-0.116140,-0.033674,0.055302,-0.382889,0.452044,0.803025,-0.219491,-0.035004,-0.195302
-0.043873,0.682450,0.781384,0.000073,-0.001661,-0.657450,0.753496,-0.058197,0.198464,0.178252,0.256507,-0.165168,-0.261800,-0.100538,0.015825,0.079749,0.374399,-0.253301,0.038898,-0.081628,0.106647,0.166166,0.174983,0.412394,-0.450348,0.735372,0.368751,-0.115388,-0.035646,0.055728,-0.381917,0.447185,0.810666,-0.208993,-0.035687,-0.195554
-0.042927,0.681532,0.781443,-0.000708,-0.001547,-0.660145,0.751136,-0.053595,0.201344,0.186387,0.258487,-0.169422,-0.256866,-0.097081,0.018023,0.086000,0.370075,-0.251421,0.040954,-0.081818,0.106116,0.164121,0.175390,0.412869,-0.448019,0.737494,0.367012,-0.114541,-0.037349,0.056175,-0.381172,0.442486,0.818007,-0.199614,-0.036028,-0.195911
-0.041950,0.680616,0.781522,-0.001193,-0.001662,-0.662753,0.748835,-0.048342,0.202605,0.194425,0.258417,-0.172058,-0.248896,-0.094039,0.019225,0.092377,0.366563,-0.250009,0.043197,-0.082050,0.104899,0.161988,0.175482,0.413302,-0.445733,0.739512,0.365588,-0.113597,-0.038713,0.056629,-0.380584,0.437935,0.825086,-0.191763,-0.035949,-0.196418
-0.041006,0.679717,0.781616,-0.001596,-0.001847,-0.665330,0.746545,-0.042582,0.203364,0.202562,0.257184,-0.173992,-0.241521,-0.091010,0.020084,0.098804,0.363093,-0.248627,0.045519,-0.082141,0.103395,0.159838,0.175283,0.413834,-0.443515,0.741327,0.364367,-0.112570,-0.039786,0.057112,-0.380020,0.433277,0.831963,-0.184821,-0.035686,-0.197096
-0.039974,0.678851,0.781750,-0.001961,-0.002071,-0.667828,0.744310,-0.036484,0.203736,0.210567,0.255053,-0.175388,-0.234820,-0.087886,0.020662,0.105127,0.359496,-0.247240,0.047958,-0.082421,0.101834,0.157676,0.174893,0.414230,-0.441273,0.742958,0.363183,-0.111454,-0.040676,0.057550,-0.379684,0.428898,0.838609,-0.178295,-0.035233,-0.197868
-0.038898,0.677988,0.781896,-0.002317,-0.002317,-0.670200,0.742173,-0.030206,0.203841,0.218199,0.252279,-0.176399,-0.228879,-0.084534,0.021027,0.111185,0.355537,-0.245769,0.050550,-0.082894,0.100317,0.155514,0.174245,0.414580,-0.439234,0.744366,0.361753,-0.110227,-0.041508,0.057950,-0.379464,0.424737,0.845074,-0.171881,-0.034612,-0.198643
-0.037808,0.677096,0.782047,-0.002678,-0.002594,-0.672424,0.740157,-0.023718,0.203602,0.225365,0.248823,-0.176941,-0.223660,-0.080840,0.021110,0.116959,0.351102,-0.244229,0.053363,-0.083255,0.098685,0.153463,0.173259,0.415308,-0.437692,0.745190,0.359952,-0.108799,-0.042355,0.058639,-0.379206,0.420109,0.851049,-0.165981,-0.033721,-0.199384
-0.036713,0.676220,0.782199,-0.003016,-0.002912,-0.674529,0.738236,-0.016961,0.202990,0.232201,0.244549,-0.176947,-0.219146,-0.076925,0.020911,0.122524,0.346363,-0.242662,0.056357,-0.083927,0.096992,0.151393,0.172185,0.416078,-0.436255,0.745621,0.357923,-0.107203,-0.043092,0.059166,-0.379052,0.415889,0.856920,-0.160328,-0.032561,-0.200237
-0.035644,0.675347,0.782364,-0.003348,-0.003215,-0.676549,0.736383,-0.010023,0.202176,0.238808,0.239570,-0.176633,-0.215453,-0.072946,0.020571,0.127863,0.341409,-0.240987,0.059407,-0.084611,0.095321,0.149353,0.170912,0.416944,-0.434905,0.745772,0.355758,-0.105622,-0.043790,0.059740,-0.378961,0.411718,0.862544,-0.154767,-0.031419,-0.201019
-0.034531,0.674521,0.782544,-0.003698,-0.003432,-0.678516,0.734568,-0.003002,0.201341,0.245283,0.233990,-0.176189,-0.212694,-0.069081,0.020240,0.132959,0.336383,-0.239147,0.062391,-0.085205,0.093778,0.147331,0.169426,0.417851,-0.433513,0.745823,0.353541,-0.104233,-0.044495,0.060308,-0.378925,0.407628,0.868020,-0.148967,-0.030567,-0.201607
-0.033348,0.673726,0.782721,-0.004049,-0.003563,-0.680441,0.732783,0.004151,0.200501,0.251622,0.227673,-0.175633,-0.211132,-0.065393,0.019950,0.137791,0.331329,-0.237128,0.065309,-0.085769,0.092430,0.145296,0.167654,0.418648,-0.431969,0.745961,0.351185,-0.103120,-0.045235,0.060830,-0.378916,0.403618,0.873421,-0.142902,-0.030084,-0.201921
-0.032200,0.672931,0.782894,-0.004413,-0.003618,-0.682304,0.731046,0.011543,0.199560,0.257788,0.220398,-0.174773,-0.210637,-0.061729,0.019635,0.142368,0.326043,-0.234927,0.068215,-0.086288,0.091211,0.143253,0.165599,0.419424,-0.430412,0.746061,0.348689,-0.102174,-0.045980,0.061343,-0.378943,0.399618,0.878698,-0.136746,-0.029823,-0.202038
-0.031014,0.672197,0.783069,-0.004791,-0.003615,-0.684098,0.729366,0.018889,0.198586,0.263791,0.212824,-0.173753,-0.210699,-0.058119,0.019313,0.146719,0.320663,-0.232574,0.071061,-0.086832,0.090145,0.141193,0.163278,0.420057,-0.428862,0.746198,0.346349,-0.101293,-0.046627,0.061714,-0.378996,0.395940,0.883979,-0.130413,-0.029699,-0.202120
-0.029785,0.671423,0.783260,-0.005190,-0.003569,-0.685816,0.727748,0.026093,0.197605,0.269682,0.205196,-0.172583,-0.210835,-0.054510,0.018990,0.150875,0.315165,-0.230071,0.073801,-0.087122,0.089152,0.139231,0.160733,0.420927,-0.427609,0.746007,0.344308,-0.100367,-0.047151,0.062244,-0.379130,0.392331,0.888893,-0.123946,-0.029644,-0.202234
-0.028563,0.670696,0.783449,-0.005608,-0.003472,-0.687458,0.726194,0.033121,0.196661,0.275499,0.197542,-0.171251,-0.211134,-0.050919,0.018702,0.154872,0.309541,-0.227381,0.076392,-0.087396,0.088285,0.137263,0.157991,0.421788,-0.426514,0.745728,0.342738,-0.099404,-0.047499,0.062563,-0.379334,0.389376,0.893874,-0.116856,-0.029744,-0.202501
-0.027336,0.669999,0.783630,-0.006051,-0.003311,-0.689028,0.724702,0.040049,0.195735,0.281211,0.189700,-0.169741,-0.211775,-0.047364,0.018445,0.158682,0.303807,-0.224525,0.078870,-0.087713,0.087586,0.135239,0.154930,0.422433,-0.425503,0.745618,0.341566,-0.098448,-0.047678,0.062595,-0.379548,0.387008,0.899053,-0.109319,-0.030004,-0.202870
-0.026110,0.669340,0.783806,-0.006504,-0.003127,-0.690523,0.723275,0.046846,0.194758,0.286737,0.181805,-0.168137,-0.212350,-0.043785,0.018142,0.162245,0.297927,-0.221526,0.081307,-0.087834,0.086959,0.133373,0.151770,0.423312,-0.424618,0.745022,0.340549,-0.097468,-0.047777,0.062896,-0.379883,0.384490,0.903648,-0.102132,-0.030213,-0.203157
-0.024859,0.668757,0.783965,-0.006971,-0.002944,-0.691940,0.721915,0.053476,0.193660,0.291993,0.174023,-0.166541,-0.212447,-0.040142,0.017711,0.165503,0.291923,-0.218441,0.083779,-0.087938,0.086387,0.131674,0.148657,0.424215,-0.423597,0.743962,0.339684,-0.096430,-0.047772,0.063274,-0.380204,0.381855,0.907792,-0.095942,-0.030153,-0.203350
-0.023590,0.668157,0.784134,-0.007439,-0.002784,-0.693277,0.720627,0.059952,0.192417,0.296963,0.166379,-0.164979,-0.211935,-0.036372,0.017125,0.168461,0.285700,-0.215246,0.086317,-0.088023,0.085877,0.130115,0.145509,0.425071,-0.422477,0.742515,0.339088,-0.095245,-0.047613,0.063750,-0.380437,0.378958,0.911500,-0.091051,-0.029659,-0.203378
-0.022319,0.667568,0.784316,-0.007922,-0.002622,-0.694536,0.719410,0.066289,0.191070,0.301690,0.158779,-0.163386,-0.211041,-0.032512,0.016425,0.171144,0.279285,-0.211927,0.088881,-0.088212,0.085484,0.128577,0.142174,0.425602,-0.421240,0.741095,0.338855,-0.093955,-0.047253,0.064014,-0.380531,0.376208,0.915210,-0.087012,-0.028880,-0.203364
-0.021038,0.666981,0.784474,-0.008412,-0.002453,-0.695726,0.718253,0.072442,0.189653,0.306185,0.151287,-0.161784,-0.209905,-0.028675,0.015643,0.173528,0.272871,-0.208551,0.091422,-0.088130,0.085082,0.127258,0.138752,0.426340,-0.420053,0.739211,0.338614,-0.092728,-0.046861,0.064542,-0.380601,0.373089,0.918345,-0.083729,-0.028081,-0.203335
-0.019740,0.666462,0.784641,-0.008898,-0.002279,-0.696856,0.717152,0.078441,0.188182,0.310476,0.143795,-0.160102,-0.208670,-0.024930,0.014810,0.175586,0.266562,-0.205143,0.093897,-0.088145,0.084726,0.126047,0.135346,0.426870,-0.418550,0.737268,0.338279,-0.091736,-0.046441,0.064814,-0.380587,0.370339,0.921494,-0.080826,-0.027511,-0.203547
-0.018440,0.665975,0.784822,-0.009389,-0.002100,-0.697922,0.716109,0.084338,0.186615,0.314570,0.136187,-0.158259,-0.207273,-0.021265,0.013918,0.177410,0.260364,-0.201699,0.096337,-0.088091,0.084369,0.125044,0.131906,0.427344,-0.416726,0.735082,0.337914,-0.091057,-0.046192,0.064995,-0.380519,0.367662,0.924509,-0.078558,-0.027305,-0.204079
-0.017151,0.665546,0.785000,-0.009878,-0.001927,-0.698922,0.715127,0.090100,0.184959,0.318454,0.128563,-0.156325,-0.205676,-0.017592,0.012946,0.178982,0.254098,-0.198177,0.098755,-0.087996,0.084019,0.124228,0.128470,0.427781,-0.414615,0.732597,0.337585,-0.090591,-0.046031,0.065104,-0.380389,0.365050,0.927344,-0.076957,-0.027301,-0.204823
-0.015843,0.665119,0.785183,-0.010371,-0.001728,-0.699865,0.714198,0.094744,0.183602,0.321960,0.123042,-0.155435,-0.204076,-0.014055,0.011951,0.180105,0.247992,-0.194633,0.101074,-0.087908,0.083732,0.123491,0.125015,0.428107,-0.412462,0.730071,0.337004,-0.090232,-0.045614,0.065111,-0.380220,0.362669,0.929957,-0.075533,-0.027331,-0.205590
-0.014540,0.664743,0.785350,-0.010857,-0.001493,-0.700761,0.713312,0.097062,0.183022,0.324878,0.122244,-0.156977,-0.202658,-0.010713,0.010966,0.180583,0.242095,-0.191118,0.103218,-0.087721,0.083410,0.122894,0.121666,0.428577,-0.410361,0.727322,0.335970,-0.089890,-0.044713,0.065089,-0.379888,0.360249,0.932133,-0.074057,-0.027236,-0.206128
-0.013243,0.664390,0.785521,-0.011353,-0.001183,-0.701608,0.712472,0.099180,0.182550,0.327578,0.121407,-0.158486,-0.201516,-0.007576,0.010025,0.180395,0.236337,-0.187560,0.105210,-0.087507,0.083161,0.122256,0.118317,0.429032,-0.408544,0.724621,0.334362,-0.089455,-0.043021,0.064946,-0.379452,0.358127,0.934033,-0.072082,-0.026928,-0.206427
-0.011979,0.664087,0.785674,-0.011856,-0.000817,-0.702403,0.711681,0.101092,0.182146,0.330067,0.120584,-0.159918,-0.200528,-0.004587,0.009097,0.179635,0.230666,-0.183950,0.107075,-0.087267,0.083009,0.121642,0.114917,0.429368,-0.406857,0.721961,0.332363,-0.089014,-0.040755,0.064722,-0.379031,0.356221,0.935627,-0.069897,-0.026506,-0.206581
-0.010721,0.663800,0.785808,-0.012351,-0.000447,-0.703151,0.710933,0.102888,0.181769,0.332412,0.119782,-0.161280,-0.199548,-0.001742,0.008143,0.178283,0.225227,-0.180414,0.108746,-0.086939,0.082785,0.121147,0.111554,0.429778,-0.405227,0.719239,0.329910,-0.088720,-0.038284,0.064476,-0.378392,0.354333,0.936895,-0.067998,-0.026079,-0.206657
-0.009509,0.663540,0.785914,-0.012849,-0.000101,-0.703860,0.710223,0.104698,0.181360,0.334700,0.118901,-0.162497,-0.198429,0.001005,0.007124,0.176317,0.220075,-0.177049,0.110152,-0.086576,0.082426,0.120769,0.108244,0.430233,-0.403627,0.716605,0.326916,-0.088715,-0.035914,0.064157,-0.377547,0.352578,0.937946,-0.066670,-0.025751,-0.206754
-0.008321,0.663338,0.786002,-0.013338,0.000196,-0.704518,0.709561,0.106082,0.181084,0.336854,0.118971,-0.164089,-0.197068,0.003521,0.006020,0.173508,0.215568,-0.174046,0.111287,-0.086198,0.081955,0.120564,0.105000,0.430666,-0.401944,0.714005,0.323122,-0.089092,-0.033800,0.063840,-0.376560,0.350990,0.938636,-0.066005,-0.025546,-0.206827
-0.007116,0.663111,0.786113,-0.013833,0.000484,-0.705128,0.708945,0.107399,0.180809,0.338914,0.119073,-0.165585,-0.195552,0.005950,0.004839,0.169943,0.211294,-0.171156,0.112175,-0.085789,0.081373,0.120485,0.101805,0.431113,-0.400233,0.711433,0.318645,-0.089756,-0.031750,0.063443,-0.375391,0.349561,0.939076,-0.065837,-0.025414,-0.206864
-0.006013,0.662892,0.786188,-0.014326,0.000752,-0.705708,0.708358,0.108683,0.180548,0.340892,0.119174,-0.167018,-0.194060,0.008192,0.003686,0.166060,0.207448,-0.168495,0.112844,-0.085343,0.080713,0.120508,0.098662,0.431584,-0.398637,0.708974,0.314058,-0.090589,-0.029574,0.063001,-0.374032,0.348191,0.939278,-0.066060,-0.025322,-0.206938
-0.004863,0.662709,0.786235,-0.014807,0.000983,-0.706278,0.707779,0.109962,0.180247,0.342818,0.119238,-0.168415,-0.192775,0.010266,0.002569,0.162323,0.203977,-0.166051,0.113323,-0.084821,0.079961,0.120609,0.095555,0.432065,-0.397315,0.706728,0.309936,-0.091471,-0.027078,0.062544,-0.372515,0.346789,0.939246,-0.066523,-0.025236,-0.207108
-0.003758,0.662552,0.786268,-0.015286,0.001185,-0.706857,0.707190,0.111244,0.179885,0.344733,0.119309,-0.169847,-0.191780,0.012249,0.001476,0.158783,0.200717,-0.163726,0.113582,-0.084156,0.079079,0.120774,0.092462,0.432578,-0.396354,0.704700,0.306304,-0.092466,-0.024208,0.062111,-0.370815,0.345230,0.938968,-0.067405,-0.025159,-0.207425
-0.002645,0.662441,0.786316,-0.015748,0.001346,-0.707432,0.706605,0.112525,0.179473,0.346617,0.119359,-0.171258,-0.190969,0.014131,0.000385,0.155222,0.197704,-0.161536,0.113619,-0.083360,0.078071,0.121022,0.089386,0.433125,-0.395675,0.702837,0.302893,-0.093606,-0.021068,0.061690,-0.368910,0.343580,0.938428,-0.068699,-0.025108,-0.207840
-0.001627,0.662337,0.786348,-0.016179,0.001463,-0.707973,0.706052,0.113751,0.178961,0.348401,0.119410,-0.172592,-0.190221,0.015840,-0.000757,0.151709,0.195066,-0.159573,0.113506,-0.082539,0.076883,0.121343,0.086342,0.433697,-0.395183,0.701196,0.299854,-0.094721,-0.017699,0.061185,-0.366838,0.342024,0.937733,-0.070066,-0.025062,-0.208293
-0.000597,0.662266,0.786384,-0.016565,0.001537,-0.708452,0.705563,0.114896,0.178303,0.350026,0.119447,-0.173777,-0.189422,0.017266,-0.001984,0.148315,0.193018,-0.157984,0.113310,-0.081809,0.075498,0.121737,0.083367,0.434263,-0.394762,0.699802,0.297343,-0.095644,-0.014146,0.060568,-0.364638,0.340729,0.936899,-0.071165,-0.025005,-0.208709
0.000448,0.662220,0.786398,-0.016896,0.001572,-0.708866,0.705139,0.115931,0.177476,0.351513,0.119481,-0.174753,-0.188609,0.018325,-0.003335,0.144937,0.191684,-0.156825,0.112902,-0.081200,0.073894,0.122220,0.080503,0.434791,-0.394273,0.698582,0.295520,-0.096327,-0.010233,0.059800,-0.362316,0.339685,0.935919,-0.071860,-0.024913,-0.209069
0.001416,0.662197,0.786419,-0.017178,0.001562,-0.709228,0.704768,0.116873,0.176515,0.352879,0.119499,-0.175554,-0.187824,0.019064,-0.004774,0.141577,0.191004,-0.156059,0.112290,-0.080673,0.072102,0.122784,0.077725,0.435273,-0.393794,0.697562,0.294270,-0.096859,-0.005995,0.058917,-0.359877,0.338825,0.934767,-0.072355,-0.024799,-0.209412
0.002317,0.662178,0.786425,-0.017434,0.001510,-0.709536,0.704452,0.117774,0.175435,0.354064,0.119501,-0.176306,-0.186955,0.019708,-0.006274,0.138467,0.190575,-0.155487,0.111766,-0.080208,0.070183,0.123407,0.074940,0.435723,-0.393547,0.696916,0.293346,-0.097273,-0.001794,0.057936,-0.357368,0.338304,0.933506,-0.072732,-0.024704,-0.209743
0.003274,0.662160,0.786446,-0.017674,0.001405,-0.709784,0.704196,0.118634,0.174270,0.355001,0.119546,-0.177145,-0.185891,0.020441,-0.007794,0.135840,0.190101,-0.154974,0.111615,-0.079794,0.068194,0.124067,0.072044,0.436164,-0.393764,0.696832,0.292473,-0.097604,0.002007,0.056905,-0.354862,0.338260,0.932153,-0.073089,-0.024668,-0.210065
0.004201,0.662144,0.786451,-0.017931,0.001246,-0.709971,0.704002,0.119516,0.173040,0.355648,0.119600,-0.178113,-0.184569,0.021360,-0.009308,0.133769,0.189467,-0.154459,0.111938,-0.079446,0.066165,0.124811,0.069049,0.436598,-0.394448,0.697331,0.291672,-0.097897,0.005412,0.055868,-0.352393,0.338673,0.930614,-0.073357,-0.024700,-0.210396
0.005072,0.662124,0.786431,-0.018189,0.001039,-0.710097,0.703868,0.120399,0.171726,0.356050,0.119650,-0.179141,-0.183063,0.022334,-0.010830,0.132126,0.188889,-0.154049,0.112573,-0.079161,0.064082,0.125643,0.066007,0.437013,-0.395494,0.698300,0.291058,-0.098121,0.008580,0.054856,-0.349950,0.339467,0.928827,-0.073521,-0.024777,-0.210716
0.005936,0.662157,0.786416,-0.018404,0.000797,-0.710171,0.703788,0.121190,0.170287,0.356268,0.119707,-0.180141,-0.181468,0.023282,-0.012424,0.130840,0.188337,-0.153728,0.113414,-0.078891,0.061912,0.126477,0.062877,0.437414,-0.396977,0.699707,0.290481,-0.098199,0.011371,0.053799,-0.347574,0.340730,0.926966,-0.073699,-0.024892,-0.210971
0.006781,0.662193,0.786404,-0.018529,0.000531,-0.710199,0.703757,0.121803,0.168691,0.356361,0.119758,-0.181012,-0.179880,0.024065,-0.014135,0.129841,0.187916,-0.153546,0.114355,-0.078594,0.059639,0.127238,0.059620,0.437810,-0.398968,0.701504,0.289792,-0.098055,0.013649,0.052671,-0.345320,0.342543,0.925145,-0.074012,-0.025036,-0.211099
0.007672,0.662227,0.786381,-0.018554,0.000262,-0.710168,0.703788,0.122174,0.166916,0.356264,0.119791,-0.181717,-0.178237,0.024624,-0.015985,0.129145,0.187647,-0.153495,0.115454,-0.078269,0.057269,0.127887,0.056140,0.438219,-0.401652,0.703766,0.288845,-0.097629,0.015464,0.051520,-0.343238,0.344887,0.923280,-0.074521,-0.025212,-0.211027
0.008491,0.662250,0.786359,-0.018502,-0.000020,-0.710078,0.703880,0.122357,0.164982,0.355976,0.119825,-0.182318,-0.176514,0.025029,-0.017945,0.128778,0.187489,-0.153560,0.116739,-0.077926,0.054821,0.128483,0.052504,0.438628,-0.404928,0.706446,0.287758,-0.096973,0.016860,0.050407,-0.341318,0.347713,0.921264,-0.075143,-0.025422,-0.210789
0.009233,0.662303,0.786329,-0.018401,-0.000332,-0.709960,0.704001,0.122474,0.162946,0.355635,0.119847,-0.182832,-0.174859,0.025392,-0.019980,0.128680,0.187366,-0.153748,0.118057,-0.077560,0.052303,0.129086,0.048874,0.439010,-0.408477,0.709396,0.286736,-0.096189,0.017681,0.049224,-0.339566,0.351084,0.919294,-0.075798,-0.025652,-0.210511
0.010051,0.662400,0.786288,-0.018284,-0.000685,-0.709844,0.704121,0.122656,0.160852,0.355383,0.119841,-0.183282,-0.173415,0.025801,-0.022045,0.128794,0.187235,-0.154084,0.119255,-0.077184,0.049748,0.129769,0.045476,0.439309,-0.411914,0.712407,0.286028,-0.095377,0.017765,0.047930,-0.338030,0.355060,0.917477,-0.076399,-0.025888,-0.210298
0.010842,0.662447,0.786240,-0.018147,-0.001062,-0.709733,0.704237,0.122873,0.158670,0.355279,0.119819,-0.183629,-0.172330,0.026195,-0.024179,0.129162,0.187119,-0.154601,0.120351,-0.076824,0.047106,0.130516,0.042356,0.439491,-0.415034,0.715519,0.285723,-0.094570,0.016872,0.046376,-0.336710,0.359886,0.915928,-0.076786,-0.026144,-0.210246
0.011566,0.662511,0.786202,-0.017962,-0.001479,-0.709612,0.704362,0.123075,0.156388,0.355239,0.119780,-0.183871,-0.171489,0.026546,-0.026383,0.129796,0.187045,-0.155286,0.121408,-0.076461,0.044446,0.131349,0.039421,0.439551,-0.418040,0.718741,0.285703,-0.093721,0.015138,0.044778,-0.335723,0.365400,0.914339,-0.077037,-0.026414,-0.210231
0.012261,0.662620,0.786156,-0.017799,-0.001919,-0.709484,0.704495,0.123360,0.154101,0.355191,0.119720,-0.184106,-0.170652,0.027011,-0.028573,0.130587,0.186892,-0.156037,0.122341,-0.076190,0.041739,0.132159,0.036639,0.439523,-0.421178,0.722212,0.285885,-0.092778,0.013043,0.042867,-0.334656,0.371487,0.913295,-0.077426,-0.026682,-0.210253
0.012964,0.662710,0.786112,-0.017678,-0.002415,-0.709351,0.704629,0.123792,0.151903,0.355054,0.119705,-0.184472,-0.169578,0.027795,-0.030677,0.131427,0.186447,-0.156710,0.123074,-0.075856,0.039096,0.133032,0.033835,0.439469,-0.424856,0.725873,0.286139,-0.091709,0.011015,0.040978,-0.333570,0.377523,0.912554,-0.078288,-0.026924,-0.210135
0.013644,0.662760,0.786059,-0.017635,-0.002956,-0.709200,0.704780,0.124380,0.149791,0.354751,0.119736,-0.185012,-0.168134,0.028918,-0.032700,0.132329,0.185737,-0.157346,0.123600,-0.075347,0.036637,0.134150,0.030942,0.439493,-0.429314,0.729493,0.286454,-0.090383,0.009117,0.039639,-0.332881,0.383133,0.911363,-0.079875,-0.027124,-0.209653
0.014255,0.662822,0.785984,-0.017628,-0.003551,-0.709034,0.704945,0.125108,0.147715,0.354342,0.119758,-0.185644,-0.166469,0.030322,-0.034672,0.133333,0.184757,-0.157952,0.123963,-0.074779,0.034195,0.135319,0.028011,0.439548,-0.434378,0.733322,0.286851,-0.088844,0.007174,0.038338,-0.332205,0.388834,0.910411,-0.081946,-0.027309,-0.209035
0.014826,0.662854,0.785909,-0.017669,-0.004161,-0.708882,0.705094,0.125950,0.145732,0.353953,0.119802,-0.186307,-0.164774,0.031902,-0.036547,0.134380,0.183626,-0.158510,0.124161,-0.074057,0.031673,0.136367,0.025016,0.439602,-0.439971,0.737552,0.287157,-0.087344,0.005169,0.036765,-0.331128,0.394728,0.910277,-0.084093,-0.027484,-0.208510
0.015442,0.662908,0.785837,-0.017748,-0.004766,-0.708775,0.705195,0.126914,0.143876,0.353719,0.119835,-0.186916,-0.163238,0.033592,-0.038278,0.135411,0.182374,-0.158958,0.124190,-0.073192,0.029272,0.137570,0.022419,0.439646,-0.445362,0.741453,0.287443,-0.086194,0.002884,0.035283,-0.330292,0.400618,0.910134,-0.085887,-0.027604,-0.207995
0.016013,0.662953,0.785762,-0.017893,-0.005377,-0.708709,0.705253,0.128063,0.142182,0.353650,0.119870,-0.187450,-0.161931,0.035510,-0.039828,0.136345,0.180935,-0.159272,0.123955,-0.072184,0.026959,0.138883,0.020168,0.439635,-0.450611,0.745219,0.287599,-0.085500,0.000243,0.033793,-0.329570,0.406689,0.910226,-0.087082,-0.027674,-0.207601
0.016555,0.662985,0.785680,-0.018104,-0.005995,-0.708672,0.705280,0.129389,0.140614,0.353685,0.119896,-0.187950,-0.160747,0.037659,-0.041233,0.137232,0.179271,-0.159470,0.123505,-0.071071,0.024705,0.140273,0.018144,0.439565,-0.455899,0.748989,0.287671,-0.085100,-0.002666,0.032234,-0.328909,0.412944,0.910644,-0.087946,-0.027701,-0.207282
0.017040,0.662973,0.785605,-0.018332,-0.006584,-0.708682,0.705259,0.130730,0.139154,0.353839,0.119934,-0.188445,-0.159613,0.039832,-0.042532,0.138208,0.177462,-0.159552,0.123031,-0.069833,0.022596,0.141717,0.016419,0.439468,-0.461131,0.752525,0.287812,-0.084859,-0.005654,0.030736,-0.328414,0.419142,0.911092,-0.088751,-0.027675,-0.206911
0.017524,0.662980,0.785539,-0.018523,-0.007110,-0.708760,0.705170,0.131959,0.137758,0.354133,0.119977,-0.188982,-0.158451,0.041851,-0.043785,0.139411,0.175515,-0.159505,0.122720,-0.068518,0.020634,0.142911,0.014863,0.439273,-0.466545,0.756100,0.287972,-0.084612,-0.008402,0.029101,-0.327887,0.425489,0.911929,-0.089572,-0.027588,-0.206535
0.018050,0.663004,0.785467,-0.018655,-0.007554,-0.708914,0.705007,0.133009,0.136431,0.354576,0.120014,-0.189551,-0.157207,0.043542,-0.044978,0.140953,0.173637,-0.159366,0.122577,-0.067111,0.018890,0.143913,0.013484,0.438978,-0.472107,0.759550,0.288080,-0.084392,-0.011050,0.027314,-0.327368,0.431791,0.913104,-0.090686,-0.027411,-0.206100
0.018556,0.663000,0.785423,-0.018763,-0.007931,-0.709133,0.704781,0.133960,0.135189,0.355155,0.120049,-0.190135,-0.155932,0.045094,-0.046099,0.142734,0.171665,-0.159104,0.122510,-0.065588,0.017322,0.144712,0.012176,0.438483,-0.477879,0.763126,0.288148,-0.084249,-0.013628,0.025360,-0.326780,0.438127,0.914760,-0.091945,-0.027160,-0.205670
0.019030,0.662991,0.785371,-0.018868,-0.008276,-0.709406,0.704499,0.134903,0.134028,0.355864,0.120090,-0.190753,-0.154719,0.046601,-0.047152,0.144588,0.169596,-0.158715,0.122548,-0.063914,0.015896,0.145509,0.011150,0.437959,-0.483516,0.766498,0.288569,-0.084113,-0.015959,0.023562,-0.326367,0.444332,0.916270,-0.093081,-0.026890,-0.205121
0.019535,0.662999,0.785329,-0.018991,-0.008619,-0.709724,0.704172,0.135931,0.132934,0.356698,0.120118,-0.191400,-0.153661,0.048187,-0.048148,0.146346,0.167379,-0.158183,0.122721,-0.062092,0.014529,0.146159,0.010251,0.437159,-0.488987,0.770182,0.289717,-0.083884,-0.017693,0.021870,-0.325969,0.450579,0.917847,-0.093774,-0.026665,-0.204518
0.020031,0.662942,0.785277,-0.019153,-0.008964,-0.710085,0.703799,0.137083,0.131904,0.357642,0.120155,-0.192112,-0.152823,0.049989,-0.049119,0.147931,0.164858,-0.157454,0.123074,-0.060103,0.013201,0.146777,0.009594,0.436243,-0.494265,0.773951,0.292007,-0.083517,-0.018625,0.020407,-0.325701,0.456835,0.919216,-0.093881,-0.026465,-0.203781
0.020502,0.662880,0.785215,-0.019322,-0.009311,-0.710495,0.703375,0.138319,0.130929,0.358707,0.120161,-0.192854,-0.152144,0.051971,-0.050073,0.149448,0.161975,-0.156476,0.123570,-0.057955,0.011916,0.147355,0.009217,0.435289,-0.499406,0.777681,0.295113,-0.083064,-0.018965,0.019115,-0.325555,0.463082,0.920459,-0.093579,-0.026270,-0.202931
0.020917,0.662854,0.785159,-0.019436,-0.009664,-0.710962,0.702895,0.139539,0.129867,0.359953,0.120151,-0.193600,-0.151500,0.052294,-0.050867,0.151127,0.162409,-0.157151,0.124131,-0.055684,0.010646,0.147694,0.008939,0.433906,-0.504277,0.781774,0.298387,-0.082607,-0.019074,0.017883,-0.325430,0.469352,0.921831,-0.093050,-0.026127,-0.202076
0.021356,0.662844,0.785102,-0.019552,-0.009959,-0.711476,0.702368,0.140696,0.128944,0.361354,0.120167,-0.194326,-0.150823,0.052412,-0.051518,0.152904,0.162996,-0.157779,0.124675,-0.053310,0.009536,0.147960,0.009019,0.432395,-0.508591,0.785706,0.301073,-0.082232,-0.019446,0.016836,-0.325377,0.475351,0.923053,-0.092610,-0.026094,-0.201211
0.021824,0.662831,0.785055,-0.019674,-0.010187,-0.712047,0.701782,0.141819,0.128183,0.362975,0.120165,-0.195008,-0.150092,0.052450,-0.052016,0.154829,0.163424,-0.158160,0.125179,-0.050840,0.008679,0.148079,0.009371,0.430523,-0.512353,0.789725,0.302963,-0.081993,-0.020136,0.015875,-0.325393,0.481245,0.924315,-0.092231,-0.026242,-0.200386
0.022167,0.662765,0.785003,-0.019801,-0.010367,-0.712673,0.701141,0.142913,0.127563,0.364784,0.120177,-0.195682,-0.149359,0.052372,-0.052380,0.156853,0.163863,-0.158416,0.125682,-0.048244,0.008012,0.148095,0.009999,0.428449,-0.515693,0.793735,0.304388,-0.081832,-0.020944,0.015050,-0.325494,0.487014,0.925518,-0.091812,-0.026522,-0.199554
0.022572,0.662717,0.784965,-0.019928,-0.010499,-0.713327,0.700469,0.143954,0.127042,0.366670,0.120204,-0.196341,-0.148625,0.052216,-0.052649,0.158900,0.164271,-0.158571,0.126183,-0.045620,0.007469,0.148005,0.010933,0.426176,-0.518488,0.797719,0.305696,-0.081679,-0.021818,0.014370,-0.325644,0.492528,0.926630,-0.091405,-0.026813,-0.198703
0.022962,0.662674,0.784942,-0.020038,-0.010600,-0.713984,0.699795,0.144927,0.126574,0.368526,0.120210,-0.196959,-0.147897,0.052008,-0.052869,0.160894,0.164620,-0.158656,0.126686,-0.043061,0.006987,0.147812,0.012196,0.423724,-0.520638,0.801651,0.307207,-0.081463,-0.022711,0.013856,-0.325781,0.497642,0.927599,-0.091073,-0.026990,-0.197823
0.023296,0.662590,0.784918,-0.020118,-0.010652,-0.714663,0.699098,0.145780,0.126182,0.370379,0.120232,-0.197550,-0.147128,0.051698,-0.053017,0.162859,0.164896,-0.158653,0.127214,-0.040552,0.006543,0.147454,0.013849,0.421106,-0.522026,0.805529,0.309214,-0.081116,-0.023655,0.013461,-0.325876,0.502307,0.928472,-0.090879,-0.026978,-0.196868
0.023630,0.662502,0.784890,-0.020172,-0.010662,-0.715369,0.698375,0.146551,0.125868,0.372270,0.120242,-0.198104,-0.146330,0.051266,-0.053082,0.164825,0.165160,-0.158575,0.127760,-0.038061,0.006162,0.146944,0.015889,0.418325,-0.522725,0.809334,0.311487,-0.080693,-0.024663,0.013175,-0.325911,0.506612,0.929273,-0.090776,-0.026860,-0.195865
0.023965,0.662455,0.784878,-0.020228,-0.010663,-0.716054,0.697670,0.147304,0.125603,0.374102,0.120237,-0.198631,-0.145599,0.050918,-0.053120,0.166701,0.165271,-0.158398,0.128269,-0.035666,0.005822,0.146394,0.018126,0.415422,-0.522999,0.813154,0.313461,-0.080305,-0.025652,0.012958,-0.325894,0.510629,0.930115,-0.090683,-0.026755,-0.194917
0.024241,0.662401,0.784858,-0.020318,-0.010692,-0.716676,0.697028,0.148077,0.125347,0.375782,0.120267,-0.199165,-0.145026,0.050668,-0.053170,0.168414,0.165448,-0.158281,0.128692,-0.033426,0.005499,0.145921,0.020395,0.412453,-0.523107,0.817029,0.314594,-0.080062,-0.026539,0.012805,-0.325830,0.514429,0.931035,-0.090493,-0.026780,-0.194120
0.024517,0.662355,0.784832,-0.020436,-0.010769,-0.717237,0.696447,0.148946,0.125086,0.377318,0.120257,-0.199699,-0.144682,0.050495,-0.053225,0.169966,0.165825,-0.158298,0.129025,-0.031318,0.005183,0.145565,0.022767,0.409436,-0.522941,0.820899,0.314655,-0.079991,-0.027303,0.012718,-0.325722,0.518031,0.932079,-0.090182,-0.027005,-0.193512
0.024785,0.662303,0.784811,-0.020581,-0.010868,-0.717754,0.695907,0.149853,0.124849,0.378747,0.120232,-0.200220,-0.144503,0.050458,-0.053276,0.171385,0.166131,-0.158283,0.129292,-0.029326,0.004881,0.145269,0.025312,0.406376,-0.522425,0.824729,0.313958,-0.080032,-0.027990,0.012697,-0.325574,0.521398,0.933209,-0.089809,-0.027354,-0.193035
0.025010,0.662262,0.784795,-0.020736,-0.010974,-0.718210,0.695430,0.150721,0.124628,0.380024,0.120244,-0.200722,-0.144379,0.050478,-0.053337,0.172649,0.166462,-0.158305,0.129483,-0.027505,0.004588,0.145004,0.027867,0.403320,-0.521848,0.828563,0.312749,-0.080162,-0.028627,0.012744,-0.325386,0.524499,0.934329,-0.089372,-0.027730,-0.192645
0.025207,0.662219,0.784791,-0.020876,-0.011089,-0.718586,0.695036,0.151516,0.124398,0.381111,0.120242,-0.201137,-0.144202,0.050566,-0.053426,0.173733,0.166721,-0.158315,0.129589,-0.025898,0.004287,0.144738,0.030281,0.400342,-0.521520,0.832429,0.311285,-0.080350,-0.029237,0.012841,-0.325173,0.527295,0.935372,-0.088877,-0.028038,-0.192299
0.025373,0.662178,0.784788,-0.020995,-0.011210,-0.718878,0.694729,0.152203,0.124172,0.382010,0.120246,-0.201454,-0.143962,0.050570,-0.053518,0.174654,0.167197,-0.158458,0.129540,-0.024494,0.003952,0.144467,0.032601,0.397492,-0.521398,0.836239,0.309506,-0.080627,-0.029914,0.013040,-0.324941,0.529731,0.936242,-0.088357,-0.028227,-0.192027
0.025516,0.662151,0.784778,-0.021113,-0.011332,-0.719094,0.694500,0.152829,0.123953,0.382739,0.120237,-0.201689,-0.143712,0.050575,-0.053615,0.175415,0.167756,-0.158660,0.129363,-0.023270,0.003590,0.144224,0.034914,0.394785,-0.521365,0.839937,0.307304,-0.080993,-0.030628,0.013338,-0.324688,0.531834,0.936976,-0.087796,-0.028359,-0.191834
0.025653,0.662135,0.784761,-0.021215,-0.011471,-0.719239,0.694344,0.153395,0.123698,0.383278,0.120241,-0.201885,-0.143428,0.050588,-0.053756,0.175996,0.168402,-0.158953,0.129198,-0.022235,0.003199,0.144009,0.037129,0.392234,-0.521602,0.843617,0.304856,-0.081378,-0.031208,0.013687,-0.324416,0.533647,0.937667,-0.087156,-0.028495,-0.191636
0.025789,0.662135,0.784746,-0.021312,-0.011622,-0.719315,0.694260,0.153910,0.123397,0.383599,0.120236,-0.202029,-0.143096,0.050823,-0.053995,0.176355,0.168690,-0.159130,0.129185,-0.021392,0.002800,0.143826,0.039166,0.389848,-0.522291,0.847360,0.302360,-0.081715,-0.031487,0.014063,-0.324125,0.535198,0.938393,-0.086404,-0.028699,-0.191350
0.025922,0.662115,0.784721,-0.021373,-0.011810,-0.719322,0.694248,0.154351,0.123000,0.383697,0.120254,-0.202137,-0.142660,0.051136,-0.054356,0.176490,0.168919,-0.159357,0.129406,-0.020749,0.002368,0.143675,0.040983,0.387635,-0.523515,0.851187,0.299695,-0.081966,-0.031344,0.014460,-0.323826,0.536366,0.939192,-0.085609,-0.029025,-0.190941
0.026033,0.662109,0.784697,-0.021422,-0.012014,-0.719257,0.694310,0.154738,0.122528,0.383587,0.120261,-0.202190,-0.142145,0.051515,-0.054814,0.176418,0.169110,-0.159633,0.129771,-0.020285,0.001906,0.143561,0.042647,0.385592,-0.525160,0.855029,0.296833,-0.082176,-0.030895,0.014925,-0.323509,0.537154,0.939973,-0.084770,-0.029426,-0.190455
0.026105,0.662067,0.784671,-0.021461,-0.012234,-0.719127,0.694440,0.155088,0.122044,0.383278,0.120255,-0.202204,-0.141652,0.051984,-0.055308,0.176158,0.169235,-0.159926,0.130166,-0.019982,0.001430,0.143471,0.044139,0.383721,-0.527197,0.858948,0.293999,-0.082397,-0.030323,0.015422,-0.323183,0.537810,0.940753,-0.083753,-0.029815,-0.189933
0.026183,0.662048,0.784646,-0.021519,-0.012449,-0.718935,0.694632,0.155395,0.121616,0.382781,0.120284,-0.202227,-0.141277,0.052559,-0.055778,0.175734,0.169305,-0.160241,0.130474,-0.019823,0.000950,0.143396,0.045461,0.382018,-0.529558,0.862985,0.291443,-0.082686,-0.029811,0.015938,-0.322854,0.538562,0.941514,-0.082447,-0.030102,-0.189418
0.026232,0.662012,0.784629,-0.021609,-0.012666,-0.718677,0.694893,0.155722,0.121267,0.382072,0.120298,-0.202256,-0.141084,0.053319,-0.056196,0.175129,0.169242,-0.160546,0.130666,-0.019834,0.000483,0.143344,0.046670,0.380484,-0.532250,0.867157,0.289132,-0.083107,-0.029262,0.016506,-0.322519,0.539436,0.942193,-0.080675,-0.030275,-0.188910
0.026272,0.661941,0.784609,-0.021714,-0.012887,-0.718353,0.695220,0.156036,0.120944,0.381158,0.120301,-0.202274,-0.141004,0.054049,-0.056582,0.174353,0.169456,-0.161058,0.130805,-0.020145,-0.000091,0.143445,0.048188,0.379582,-0.535025,0.870762,0.286929,-0.083617,-0.028725,0.017100,-0.322293,0.540438,0.942598,-0.078496,-0.030371,-0.188361
0.026286,0.661942,0.784614,-0.021805,-0.013110,-0.717973,0.695606,0.156279,0.120630,0.380087,0.120309,-0.202253,-0.140951,0.054866,-0.056993,0.173423,0.169520,-0.161521,0.130908,-0.020406,-0.000588,0.143401,0.049005,0.378384,-0.538458,0.875153,0.285043,-0.084089,-0.028251,0.017719,-0.321950,0.541345,0.943289,-0.076328,-0.030396,-0.187848
0.026258,0.661911,0.784617,-0.021870,-0.013314,-0.717547,0.696040,0.156398,0.120278,0.378911,0.120318,-0.202171,-0.140836,0.055681,-0.057468,0.172369,0.169442,-0.161901,0.130991,-0.020795,-0.001079,0.143337,0.049516,0.377228,-0.542050,0.879651,0.283723,-0.084416,-0.028202,0.018186,-0.321599,0.542404,0.944218,-0.074423,-0.030345,-0.187347
0.026251,0.661920,0.784636,-0.021870,-0.013506,-0.717055,0.696543,0.156305,0.119865,0.377593,0.120333,-0.201984,-0.140629,0.056314,-0.058021,0.171153,0.169511,-0.162351,0.131050,-0.021364,-0.001608,0.143255,0.049814,0.376268,-0.545736,0.884047,0.283125,-0.084496,-0.028785,0.018574,-0.321279,0.543615,0.945268,-0.072755,-0.030246,-0.186914
0.026204,0.661923,0.784650,-0.021834,-0.013685,-0.716499,0.697112,0.156069,0.119417,0.376125,0.120347,-0.201725,-0.140380,0.056890,-0.058630,0.169771,0.169577,-0.162807,0.131079,-0.022102,-0.002168,0.143174,0.049918,0.375508,-0.549588,0.888385,0.283093,-0.084413,-0.029819,0.018884,-0.321000,0.544956,0.946424,-0.071179,-0.030094,-0.186523
0.026157,0.661907,0.784650,-0.021780,-0.013875,-0.715923,0.697701,0.155804,0.118949,0.374596,0.120348,-0.201428,-0.140118,0.057404,-0.059254,0.168339,0.169765,-0.163326,0.131093,-0.023357,-0.002796,0.143527,0.050577,0.375313,-0.552464,0.891614,0.283802,-0.084380,-0.031279,0.018850,-0.320926,0.546471,0.947356,-0.070082,-0.029816,-0.185901
0.026095,0.661925,0.784638,-0.021752,-0.014066,-0.715373,0.698263,0.155592,0.118509,0.373098,0.120361,-0.201140,-0.139875,0.057969,-0.059851,0.166957,0.169915,-0.163825,0.131107,-0.023870,-0.003351,0.143259,0.050115,0.374803,-0.557596,0.896208,0.283569,-0.084372,-0.032211,0.019216,-0.320694,0.548245,0.948772,-0.068877,-0.029332,-0.185358
0.026056,0.661945,0.784608,-0.021746,-0.014287,-0.714853,0.698790,0.155488,0.118077,0.371628,0.120390,-0.200874,-0.139638,0.058683,-0.060440,0.165642,0.169905,-0.164243,0.131134,-0.024366,-0.003853,0.143232,0.049378,0.374171,-0.562653,0.900892,0.283624,-0.084587,-0.033071,0.019358,-0.320418,0.549813,0.950371,-0.068388,-0.028939,-0.184476
0.026007,0.661941,0.784573,-0.021742,-0.014528,-0.714344,0.699306,0.155427,0.117632,0.370149,0.120404,-0.200579,-0.139397,0.059335,-0.061017,0.164352,0.170100,-0.164774,0.131163,-0.025320,-0.004383,0.143430,0.049102,0.373904,-0.567174,0.904850,0.284007,-0.084929,-0.034043,0.019141,-0.320310,0.551923,0.951999,-0.068177,-0.028551,-0.183379
0.025939,0.661966,0.784557,-0.021759,-0.014762,-0.713845,0.699810,0.155396,0.117225,0.368691,0.120418,-0.200304,-0.139185,0.060059,-0.061563,0.163070,0.170162,-0.165224,0.131173,-0.025939,-0.004866,0.143523,0.048287,0.373596,-0.572451,0.909149,0.284247,-0.085323,-0.034895,0.019050,-0.320185,0.553986,0.953685,-0.068338,-0.027617,-0.182200
0.025874,0.661942,0.784544,-0.021778,-0.014992,-0.713358,0.700301,0.155370,0.116885,0.367292,0.120424,-0.200052,-0.139032,0.060689,-0.062028,0.161800,0.170391,-0.165731,0.131143,-0.026711,-0.005308,0.143778,0.047607,0.373430,-0.577193,0.912926,0.284825,-0.085789,-0.035805,0.018665,-0.320125,0.556272,0.955300,-0.069080,-0.025567,-0.180890
0.025821,0.661942,0.784546,-0.021824,-0.015183,-0.712877,0.700785,0.155332,0.116655,0.365936,0.120439,-0.199866,-0.138945,0.061416,-0.062412,0.160484,0.170334,-0.166051,0.131079,-0.027221,-0.005685,0.143938,0.046438,0.373271,-0.582459,0.916929,0.285315,-0.086372,-0.036673,0.018296,-0.320068,0.558681,0.956849,-0.070306,-0.022191,-0.179661
0.025755,0.661964,0.784555,-0.021882,-0.015360,-0.712402,0.701262,0.155283,0.116489,0.364613,0.120451,-0.199704,-0.138908,0.062012,-0.062720,0.159159,0.170521,-0.166480,0.130989,-0.027800,-0.006019,0.144185,0.045191,0.373195,-0.587582,0.920702,0.286035,-0.087075,-0.037585,0.017703,-0.320048,0.561316,0.958372,-0.072079,-0.017807,-0.178385
0.025647,0.661998,0.784554,-0.021949,-0.015545,-0.711950,0.701715,0.155288,0.116369,0.363359,0.120460,-0.199557,-0.138918,0.062739,-0.062989,0.157889,0.170451,-0.166749,0.130850,-0.028343,-0.006310,0.144495,0.043964,0.373171,-0.592434,0.924130,0.286944,-0.087745,-0.038427,0.016997,-0.320050,0.564001,0.959906,-0.074326,-0.012670,-0.176832
0.025533,0.662045,0.784573,-0.022031,-0.015743,-0.711537,0.702126,0.155368,0.116232,0.362211,0.120469,-0.199394,-0.138968,0.063310,-0.063225,0.156792,0.170751,-0.167195,0.130643,-0.028800,-0.006600,0.144866,0.042891,0.373158,-0.596720,0.927060,0.288079,-0.088243,-0.039101,0.016254,-0.320062,0.566534,0.961464,-0.077056,-0.007036,-0.174755
0.025429,0.662065,0.784584,-0.022143,-0.015967,-0.711177,0.702483,0.155584,0.116104,0.361200,0.120474,-0.199219,-0.139089,0.064004,-0.063432,0.155891,0.170915,-0.167534,0.130322,-0.029074,-0.006855,0.145284,0.041931,0.373089,-0.600535,0.929612,0.289297,-0.088551,-0.039536,0.015471,-0.320066,0.568882,0.963088,-0.080570,-0.000447,-0.172009
0.025334,0.662092,0.784564,-0.022273,-0.016213,-0.710858,0.702796,0.155901,0.115980,0.360302,0.120472,-0.199037,-0.139270,0.064629,-0.063596,0.155149,0.171307,-0.167968,0.129913,-0.029408,-0.007080,0.145883,0.041221,0.373014,-0.603479,0.931595,0.290890,-0.088761,-0.039871,0.014476,-0.320077,0.571144,0.964727,-0.084927,0.007053,-0.168682
0.025209,0.662116,0.784557,-0.022394,-0.016464,-0.710559,0.703089,0.156228,0.115861,0.359462,0.120471,-0.198846,-0.139458,0.065184,-0.063739,0.154493,0.171798,-0.168451,0.129493,-0.029666,-0.007287,0.146382,0.040475,0.372892,-0.606239,0.933342,0.292662,-0.088817,-0.040046,0.013487,-0.320084,0.573435,0.966527,-0.089210,0.014442,-0.165095
0.025082,0.662134,0.784544,-0.022492,-0.016700,-0.710257,0.703384,0.156489,0.115746,0.358623,0.120467,-0.198623,-0.139597,0.065774,-0.063897,0.153838,0.172074,-0.168849,0.129138,-0.029936,-0.007468,0.146828,0.039769,0.372766,-0.608652,0.934600,0.294958,-0.088678,-0.040153,0.012550,-0.320096,0.575629,0.968464,-0.092873,0.020712,-0.161451
0.024940,0.662166,0.784510,-0.022551,-0.016921,-0.709949,0.703689,0.156651,0.115615,0.357774,0.120453,-0.198358,-0.139667,0.066290,-0.064077,0.153202,0.172317,-0.169280,0.128872,-0.030208,-0.007646,0.147185,0.039061,0.372672,-0.610795,0.935300,0.298304,-0.088175,-0.040101,0.011693,-0.320118,0.577658,0.970571,-0.095744,0.025667,-0.157526
0.024780,0.662202,0.784489,-0.022580,-0.017136,-0.709645,0.703988,0.156744,0.115477,0.356940,0.120464,-0.198074,-0.139698,0.066747,-0.064269,0.152613,0.172557,-0.169744,0.128652,-0.030429,-0.007809,0.147329,0.038321,0.372520,-0.612908,0.935693,0.302261,-0.087361,-0.039826,0.010923,-0.320147,0.579750,0.972910,-0.097993,0.029834,-0.153365
0.024610,0.662249,0.784475,-0.022596,-0.017349,-0.709349,0.704281,0.156824,0.115350,0.356133,0.120457,-0.197769,-0.139714,0.067135,-0.064441,0.152036,0.172863,-0.170237,0.128459,-0.030614,-0.007958,0.147562,0.037623,0.372424,-0.614535,0.935621,0.306027,-0.086596,-0.039643,0.010178,-0.320196,0.581652,0.975249,-0.100005,0.033259,-0.149426
0.024443,0.662279,0.784469,-0.022636,-0.017545,-0.709063,0.704563,0.156911,0.115273,0.355351,0.120464,-0.197482,-0.139741,0.067584,-0.064570,0.151416,0.173029,-0.170621,0.128271,-0.030742,-0.008076,0.147841,0.036942,0.372361,-0.615835,0.935358,0.308381,-0.086201,-0.039694,0.009465,-0.320264,0.583637,0.977587,-0.101693,0.036012,-0.146332
0.024290,0.662318,0.784471,-0.022683,-0.017745,-0.708788,0.704834,0.157012,0.115249,0.354604,0.120477,-0.197192,-0.139764,0.068141,-0.064665,0.150713,0.172967,-0.170842,0.128114,-0.030814,-0.008166,0.148145,0.036303,0.372305,-0.616741,0.934958,0.308728,-0.086404,-0.040093,0.008759,-0.320367,0.585876,0.980055,-0.102999,0.037956,-0.144388
0.024100,0.662358,0.784487,-0.022734,-0.017934,-0.708519,0.705097,0.157112,0.115237,0.353887,0.120482,-0.196893,-0.139770,0.068590,-0.064726,0.149971,0.173093,-0.171141,0.127990,-0.031015,-0.008226,0.148403,0.035864,0.372250,-0.617144,0.934271,0.307734,-0.086974,-0.040691,0.007928,-0.320514,0.588555,0.982758,-0.103748,0.039120,-0.143273
0.023908,0.662409,0.784508,-0.022801,-0.018102,-0.708263,0.705348,0.157209,0.115277,0.353183,0.120469,-0.196592,-0.139809,0.069068,-0.064742,0.149248,0.173110,-0.171355,0.127840,-0.031453,-0.008222,0.148684,0.035634,0.372188,-0.617007,0.933224,0.306304,-0.087582,-0.041344,0.006987,-0.320752,0.591564,0.985386,-0.104057,0.039817,-0.142581
0.023711,0.662465,0.784522,-0.022872,-0.018254,-0.708018,0.705588,0.157277,0.115377,0.352463,0.120485,-0.196348,-0.139922,0.069515,-0.064692,0.148612,0.173105,-0.171518,0.127607,-0.031745,-0.008157,0.149009,0.035212,0.372154,-0.617021,0.932006,0.305086,-0.087875,-0.041845,0.006182,-0.321004,0.594168,0.987649,-0.104136,0.040328,-0.141889
0.023503,0.662562,0.784535,-0.022951,-0.018370,-0.707785,0.705816,0.157290,0.115560,0.351700,0.120501,-0.196150,-0.140161,0.069779,-0.064533,0.148113,0.173360,-0.171762,0.127240,-0.032083,-0.007993,0.149298,0.034747,0.372129,-0.617106,0.930533,0.304066,-0.087658,-0.042078,0.005343,-0.321303,0.596701,0.989665,-0.103657,0.040609,-0.141189
0.023314,0.662622,0.784541,-0.023048,-0.018449,-0.707563,0.706033,0.157276,0.115819,0.350910,0.120504,-0.195985,-0.140489,0.070024,-0.064296,0.147693,0.173548,-0.171915,0.126780,-0.032570,-0.007721,0.149565,0.034371,0.372092,-0.617023,0.928752,0.302926,-0.087153,-0.042161,0.004472,-0.321734,0.599399,0.991447,-0.102578,0.040555,-0.140674
0.023132,0.662678,0.784528,-0.023146,-0.018527,-0.707352,0.706239,0.157267,0.116093,0.350151,0.120507,-0.195822,-0.140817,0.070273,-0.064043,0.147296,0.173702,-0.172057,0.126316,-0.033191,-0.007355,0.149886,0.034075,0.372027,-0.616683,0.926689,0.301964,-0.086627,-0.042230,0.003734,-0.322473,0.602182,0.992725,-0.101274,0.040387,-0.140267
0.022954,0.662748,0.784523,-0.023231,-0.018631,-0.707151,0.706436,0.157295,0.116322,0.349476,0.120512,-0.195624,-0.141056,0.070584,-0.063852,0.146853,0.173789,-0.172225,0.125932,-0.033389,-0.007090,0.150206,0.033431,0.372000,-0.616738,0.924740,0.301297,-0.086309,-0.042382,0.003249,-0.322971,0.604255,0.993879,-0.100438,0.040267,-0.139946
0.022748,0.662790,0.784497,-0.023303,-0.018783,-0.706962,0.706618,0.157413,0.116470,0.348922,0.120520,-0.195393,-0.141151,0.071001,-0.063752,0.146337,0.173781,-0.172430,0.125653,-0.033598,-0.006876,0.150551,0.032872,0.371985,-0.616602,0.922609,0.301138,-0.086317,-0.042744,0.002844,-0.323514,0.606311,0.994805,-0.099803,0.040288,-0.139807
0.022552,0.662831,0.784495,-0.023376,-0.018958,-0.706786,0.706787,0.157588,0.116575,0.348457,0.120529,-0.195142,-0.141160,0.071465,-0.063702,0.145792,0.173750,-0.172680,0.125431,-0.033551,-0.006729,0.150927,0.032097,0.371988,-0.616580,0.920464,0.301306,-0.086508,-0.043241,0.002598,-0.323884,0.607872,0.995585,-0.099472,0.040307,-0.139816
0.022339,0.662904,0.784491,-0.023429,-0.019132,-0.706612,0.706954,0.157737,0.116677,0.348009,0.120517,-0.194857,-0.141163,0.071891,-0.063650,0.145239,0.173734,-0.172950,0.125252,-0.033948,-0.006522,0.151253,0.031743,0.372015,-0.616126,0.917916,0.301712,-0.086738,-0.043632,0.002282,-0.324560,0.610036,0.996047,-0.098883,0.040348,-0.139867
0.022107,0.662959,0.784487,-0.023475,-0.019263,-0.706439,0.707123,0.157777,0.116828,0.347528,0.120526,-0.194562,-0.141241,0.072254,-0.063553,0.144714,0.173636,-0.173129,0.125099,-0.034279,-0.006325,0.151580,0.031201,0.372076,-0.615795,0.915408,0.302239,-0.086907,-0.043765,0.002077,-0.325262,0.611866,0.996262,-0.098537,0.040295,-0.139723
0.021843,0.663005,0.784501,-0.023491,-0.019359,-0.706265,0.707293,0.157693,0.117036,0.347003,0.120529,-0.194239,-0.141434,0.072510,-0.063391,0.144223,0.173501,-0.173239,0.125041,-0.034540,-0.006168,0.151817,0.030464,0.372158,-0.615678,0.913001,0.303032,-0.086951,-0.043453,0.001867,-0.325813,0.613456,0.996472,-0.098357,0.040091,-0.139358
0.021608,0.663076,0.784517,-0.023504,-0.019416,-0.706093,0.707462,0.157536,0.117285,0.346465,0.120515,-0.193884,-0.141692,0.072798,-0.063194,0.143740,0.173114,-0.173192,0.125058,-0.035066,-0.005952,0.152081,0.029966,0.372354,-0.615278,0.910205,0.304148,-0.086956,-0.042874,0.001785,-0.326751,0.615246,0.996115,-0.098123,0.039821,-0.138832
0.021367,0.663161,0.784533,-0.023500,-0.019454,-0.705918,0.707636,0.157310,0.117548,0.345902,0.120501,-0.193509,-0.141966,0.072976,-0.062974,0.143279,0.172844,-0.173175,0.125015,-0.035254,-0.005844,0.152217,0.028947,0.372457,-0.615405,0.907930,0.305063,-0.086950,-0.042210,0.001597,-0.327096,0.616381,0.996236,-0.098351,0.039499,-0.138289
0.021131,0.663275,0.784559,-0.023478,-0.019483,-0.705733,0.707821,0.157016,0.117817,0.345298,0.120510,-0.193135,-0.142205,0.073049,-0.062741,0.142836,0.172714,-0.173184,0.124771,-0.035694,-0.005708,0.152314,0.028086,0.372615,-0.615428,0.905553,0.305384,-0.086992,-0.041740,0.001328,-0.327525,0.617737,0.996228,-0.098581,0.039291,-0.137802
0.020913,0.663355,0.784577,-0.023451,-0.019480,-0.705527,0.708027,0.156653,0.118083,0.344615,0.120515,-0.192739,-0.142405,0.072906,-0.062487,0.142434,0.172964,-0.173325,0.124187,-0.036244,-0.005555,0.152409,0.027228,0.372836,-0.615496,0.903115,0.304843,-0.087082,-0.041576,0.001040,-0.328022,0.619047,0.996089,-0.099118,0.039210,-0.137323
0.020654,0.663453,0.784608,-0.023405,-0.019463,-0.705307,0.708249,0.156214,0.118362,0.343878,0.120520,-0.192311,-0.142588,0.072632,-0.062208,0.142067,0.173400,-0.173503,0.123368,-0.036654,-0.005413,0.152479,0.026026,0.372962,-0.615780,0.900988,0.303810,-0.087222,-0.041580,0.000710,-0.328258,0.619874,0.996096,-0.100184,0.039158,-0.136800
0.020429,0.663543,0.784632,-0.023344,-0.019441,-0.705089,0.708468,0.155752,0.118646,0.343147,0.120512,-0.191888,-0.142751,0.072398,-0.061935,0.141681,0.173667,-0.173587,0.122554,-0.037319,-0.005250,0.152487,0.025129,0.373259,-0.616028,0.898610,0.302457,-0.087361,-0.041576,0.000446,-0.328756,0.621035,0.995741,-0.100888,0.039213,-0.136390
0.020125,0.663629,0.784638,-0.023287,-0.019420,-0.704897,0.708661,0.155298,0.118927,0.342501,0.120533,-0.191529,-0.142886,0.072229,-0.061684,0.141255,0.173742,-0.173609,0.121986,-0.037901,-0.005099,0.152606,0.024184,0.373591,-0.616132,0.896315,0.301574,-0.087566,-0.041544,0.000293,-0.329244,0.621635,0.995137,-0.101593,0.039286,-0.136041
0.019840,0.663707,0.784633,-0.023217,-0.019402,-0.704743,0.708817,0.154861,0.119172,0.341994,0.120528,-0.191224,-0.142943,0.072124,-0.061495,0.140766,0.173555,-0.173577,0.121830,-0.038445,-0.005000,0.152613,0.023117,0.373671,-0.616148,0.894541,0.301271,-0.087868,-0.041333,0.000010,-0.329341,0.621748,0.994829,-0.102316,0.039435,-0.135860
0.019631,0.663828,0.784642,-0.023134,-0.019385,-0.704615,0.708948,0.154410,0.119398,0.341573,0.120539,-0.190980,-0.142940,0.072012,-0.061339,0.140238,0.173256,-0.173525,0.121926,-0.039063,-0.004917,0.152610,0.022059,0.373757,-0.616104,0.892895,0.301128,-0.088245,-0.041040,-0.000290,-0.329427,0.621726,0.994375,-0.102855,0.039673,-0.135791
0.019433,0.663927,0.784640,-0.023071,-0.019367,-0.704489,0.709076,0.154003,0.119654,0.341160,0.120525,-0.190724,-0.142982,0.072038,-0.061162,0.139693,0.172729,-0.173342,0.122016,-0.039633,-0.004835,0.152835,0.021073,0.374125,-0.615922,0.890959,0.301168,-0.088612,-0.040848,-0.000377,-0.329739,0.621295,0.993394,-0.103278,0.039875,-0.135747
0.019203,0.664015,0.784653,-0.023041,-0.019358,-0.704345,0.709219,0.153636,0.119975,0.340681,0.120545,-0.190443,-0.143168,0.072009,-0.060896,0.139186,0.172512,-0.173249,0.121849,-0.040200,-0.004735,0.153036,0.020074,0.374417,-0.615740,0.889213,0.301337,-0.088844,-0.040757,-0.000461,-0.329950,0.620894,0.992539,-0.103320,0.039927,-0.135825
0.018941,0.664119,0.784665,-0.023072,-0.019369,-0.704167,0.709395,0.153397,0.120373,0.340081,0.120533,-0.190090,-0.143596,0.071961,-0.060507,0.138715,0.172722,-0.173287,0.121295,-0.040835,-0.004597,0.153226,0.018964,0.374561,-0.615566,0.887815,0.301704,-0.088911,-0.040814,-0.000611,-0.330039,0.620604,0.991948,-0.102695,0.039718,-0.136085
0.018682,0.664226,0.784681,-0.023173,-0.019376,-0.703968,0.709589,0.153242,0.120852,0.339405,0.120526,-0.189697,-0.144193,0.072068,-0.060036,0.138247,0.172873,-0.173230,0.120508,-0.041474,-0.004421,0.153565,0.017822,0.374716,-0.615299,0.886441,0.302331,-0.088867,-0.041022,-0.000666,-0.330124,0.620137,0.991199,-0.101670,0.039351,-0.136456
0.018439,0.664308,0.784695,-0.023260,-0.019377,-0.703777,0.709776,0.153059,0.121343,0.338753,0.120527,-0.189299,-0.144790,0.072009,-0.059530,0.137821,0.173301,-0.173288,0.119664,-0.042106,-0.004240,0.153810,0.016712,0.374786,-0.615065,0.885229,0.302891,-0.088758,-0.041211,-0.000766,-0.330156,0.619790,0.990545,-0.100531,0.038972,-0.136889
0.018147,0.664411,0.784727,-0.023295,-0.019350,-0.703620,0.709931,0.152771,0.121836,0.338209,0.120527,-0.188908,-0.145229,0.071927,-0.059047,0.137433,0.173408,-0.173172,0.118934,-0.042609,-0.004097,0.154136,0.015440,0.374919,-0.614641,0.884158,0.303315,-0.088701,-0.041406,-0.000915,-0.330214,0.619200,0.989745,-0.099971,0.038728,-0.137211
0.017889,0.664513,0.784762,-0.023258,-0.019247,-0.703512,0.710042,0.152271,0.122320,0.337818,0.120520,-0.188519,-0.145428,0.071509,-0.058581,0.137116,0.173595,-0.173085,0.118353,-0.043033,-0.003970,0.154242,0.014222,0.375051,-0.614208,0.883228,0.303317,-0.088629,-0.041456,-0.001152,-0.330264,0.618837,0.988980,-0.099843,0.038714,-0.137523
0.017634,0.664613,0.784795,-0.023180,-0.019098,-0.703435,0.710125,0.151644,0.122827,0.337521,0.120533,-0.188137,-0.145486,0.071062,-0.058120,0.136837,0.173459,-0.172802,0.117830,-0.043440,-0.003850,0.154304,0.013022,0.375169,-0.613618,0.882380,0.303148,-0.088535,-0.041476,-0.001474,-0.330299,0.618562,0.988164,-0.100047,0.038837,-0.137835
0.017377,0.664737,0.784819,-0.023088,-0.018959,-0.703372,0.710194,0.151024,0.123323,0.337274,0.120547,-0.187766,-0.145514,0.070550,-0.057659,0.136591,0.173424,-0.172581,0.117359,-0.043861,-0.003735,0.154319,0.011856,0.375251,-0.613062,0.881683,0.302858,-0.088437,-0.041429,-0.001890,-0.330317,0.618404,0.987454,-0.100339,0.038991,-0.138101
0.017137,0.664834,0.784839,-0.023044,-0.018856,-0.703308,0.710262,0.150550,0.123804,0.337027,0.120554,-0.187404,-0.145628,0.070204,-0.057205,0.136350,0.173365,-0.172388,0.116934,-0.044303,-0.003605,0.154334,0.010754,0.375301,-0.612669,0.881129,0.302558,-0.088370,-0.041321,-0.002295,-0.330320,0.618299,0.986832,-0.100558,0.039071,-0.138255
0.016918,0.664940,0.784860,-0.023049,-0.018834,-0.703232,0.710337,0.150288,0.124232,0.336773,0.120540,-0.187031,-0.145855,0.070040,-0.056780,0.136109,0.173417,-0.172321,0.116588,-0.044882,-0.003522,0.154560,0.009617,0.375382,-0.612248,0.880719,0.302340,-0.088384,-0.041203,-0.002821,-0.330313,0.618134,0.986261,-0.100867,0.039068,-0.138205
0.016698,0.665053,0.784870,-0.023090,-0.018847,-0.703154,0.710413,0.150141,0.124649,0.336526,0.120549,-0.186675,-0.146136,0.070135,-0.056380,0.135864,0.173195,-0.172152,0.116313,-0.045490,-0.003431,0.154801,0.008554,0.375458,-0.612012,0.880412,0.302050,-0.088412,-0.041005,-0.003342,-0.330296,0.617975,0.985742,-0.101248,0.039037,-0.138029
0.016405,0.665125,0.784866,-0.023144,-0.018875,-0.703089,0.710474,0.150059,0.125075,0.336308,0.120545,-0.186345,-0.146453,0.070202,-0.055953,0.135652,0.173115,-0.172061,0.116038,-0.046002,-0.003337,0.155060,0.007467,0.375533,-0.611846,0.880205,0.301754,-0.088461,-0.040813,-0.003867,-0.330273,0.617802,0.985259,-0.101558,0.038943,-0.137807
0.016123,0.665197,0.784877,-0.023199,-0.018871,-0.703055,0.710507,0.149954,0.125537,0.336143,0.120535,-0.186065,-0.146785,0.070129,-0.055478,0.135506,0.173192,-0.172020,0.115696,-0.046319,-0.003163,0.155011,0.006771,0.375552,-0.611771,0.879873,0.301522,-0.088470,-0.040618,-0.004165,-0.330265,0.617757,0.984852,-0.101592,0.038777,-0.137670
0.015874,0.665295,0.784870,-0.023279,-0.018819,-0.703047,0.710513,0.149814,0.126141,0.335996,0.120552,-0.185878,-0.147165,0.070095,-0.054886,0.135384,0.173044,-0.171803,0.115235,-0.046445,-0.003027,0.155469,0.005359,0.375634,-0.611276,0.879855,0.301290,-0.088613,-0.040627,-0.004821,-0.330227,0.617616,0.984374,-0.101203,0.038357,-0.137588
0.015590,0.665403,0.784878,-0.023355,-0.018765,-0.703066,0.710494,0.149704,0.126780,0.335889,0.120541,-0.185749,-0.147583,0.069985,-0.054249,0.135311,0.173015,-0.171628,0.114715,-0.046359,-0.002779,0.155554,0.004503,0.375661,-0.610947,0.879613,0.301089,-0.088707,-0.040608,-0.005202,-0.330214,0.617624,0.984036,-0.100463,0.037809,-0.137564
0.015389,0.665500,0.784905,-0.023442,-0.018683,-0.703106,0.710453,0.149561,0.127443,0.335833,0.120573,-0.185641,-0.147995,0.069819,-0.053589,0.135296,0.173016,-0.171449,0.114183,-0.046462,-0.002572,0.155841,0.003566,0.375691,-0.610124,0.879432,0.301120,-0.088839,-0.040687,-0.005883,-0.330193,0.617807,0.983689,-0.099813,0.037317,-0.137539
0.015127,0.665584,0.784913,-0.023489,-0.018602,-0.703156,0.710404,0.149398,0.128046,0.335828,0.120560,-0.185453,-0.148347,0.069569,-0.052971,0.135332,0.173064,-0.171294,0.113697,-0.046844,-0.002340,0.155981,0.003023,0.375717,-0.609297,0.879037,0.301333,-0.088833,-0.040629,-0.006723,-0.330165,0.618200,0.983447,-0.099655,0.037137,-0.137497
0.014912,0.665654,0.784931,-0.023479,-0.018506,-0.703229,0.710335,0.149138,0.128575,0.335915,0.120573,-0.185192,-0.148616,0.069245,-0.052422,0.135452,0.173001,-0.171064,0.113286,-0.047220,-0.002154,0.155951,0.002425,0.375749,-0.608958,0.878744,0.301606,-0.088602,-0.040347,-0.007468,-0.330134,0.618476,0.983082,-0.100238,0.037393,-0.137478
0.014689,0.665732,0.784958,-0.023437,-0.018390,-0.703322,0.710247,0.148820,0.129063,0.336073,0.120568,-0.184863,-0.148832,0.068833,-0.051904,0.135641,0.172933,-0.170819,0.112916,-0.047549,-0.001970,0.155828,0.001822,0.375780,-0.608934,0.878469,0.301971,-0.088211,-0.039923,-0.008149,-0.330108,0.618608,0.982628,-0.101352,0.037930,-0.137459
0.014443,0.665808,0.784980,-0.023396,-0.018281,-0.703421,0.710153,0.148525,0.129544,0.336250,0.120568,-0.184528,-0.149030,0.068415,-0.051387,0.135861,0.172909,-0.170603,0.112545,-0.047861,-0.001796,0.155705,0.001194,0.375831,-0.609044,0.878269,0.302303,-0.087831,-0.039484,-0.008822,-0.330062,0.618693,0.982160,-0.102634,0.038569,-0.137402
0.014214,0.665891,0.784996,-0.023399,-0.018196,-0.703508,0.710069,0.148325,0.130070,0.336388,0.120577,-0.184229,-0.149252,0.068108,-0.050833,0.136067,0.172897,-0.170418,0.112129,-0.048052,-0.001628,0.155634,0.000539,0.375926,-0.609261,0.878156,0.302485,-0.087601,-0.039136,-0.009448,-0.329972,0.618674,0.981751,-0.103771,0.039126,-0.137265
0.013959,0.665981,0.785010,-0.023452,-0.018154,-0.703578,0.709999,0.148268,0.130652,0.336462,0.120576,-0.183956,-0.149511,0.067917,-0.050222,0.136254,0.172981,-0.170304,0.111621,-0.048242,-0.001397,0.155665,-0.000063,0.375963,-0.609369,0.878120,0.302639,-0.087581,-0.038891,-0.010005,-0.329942,0.618673,0.981321,-0.104687,0.039542,-0.136998
0.013684,0.666058,0.785025,-0.023558,-0.018119,-0.703641,0.709934,0.148291,0.131275,0.336501,0.120592,-0.183701,-0.149787,0.067789,-0.049571,0.136441,0.173158,-0.170262,0.111054,-0.048386,-0.001158,0.155772,-0.000736,0.376025,-0.609564,0.878200,0.302698,-0.087689,-0.038697,-0.010598,-0.329893,0.618639,0.980968,-0.105529,0.039910,-0.136636
0.013444,0.666124,0.785024,-0.023666,-0.018105,-0.703700,0.709873,0.148358,0.131895,0.336544,0.120602,-0.183470,-0.150055,0.067733,-0.048923,0.136626,0.173271,-0.170203,0.110513,-0.048541,-0.000916,0.155852,-0.001260,0.376083,-0.609704,0.878270,0.302708,-0.087865,-0.038584,-0.011103,-0.329845,0.618585,0.980550,-0.106362,0.040317,-0.136253
0.013210,0.666177,0.785037,-0.023764,-0.018093,-0.703761,0.709809,0.148426,0.132491,0.336634,0.120615,-0.183274,-0.150300,0.067721,-0.048308,0.136814,0.173272,-0.170109,0.110085,-0.048618,-0.000718,0.155991,-0.001873,0.376182,-0.609893,0.878418,0.302490,-0.088075,-0.038580,-0.011675,-0.329754,0.618348,0.980114,-0.107237,0.040828,-0.135882
0.013001,0.666221,0.785054,-0.023854,-0.018076,-0.703827,0.709741,0.148494,0.133041,0.336797,0.120631,-0.183144,-0.150523,0.067730,-0.047738,0.137020,0.173186,-0.170003,0.109837,-0.048800,-0.000529,0.155980,-0.002148,0.376217,-0.609877,0.878508,0.302107,-0.088329,-0.038742,-0.012118,-0.329718,0.618159,0.979537,-0.108195,0.041494,-0.135575
0.012786,0.666304,0.785049,-0.023945,-0.018071,-0.703893,0.709672,0.148602,0.133587,0.337007,0.120637,-0.183055,-0.150737,0.067877,-0.047190,0.137229,0.172861,-0.169802,0.109708,-0.048899,-0.000366,0.156154,-0.002461,0.376307,-0.609679,0.878567,0.301654,-0.088692,-0.039109,-0.012616,-0.329601,0.617500,0.978859,-0.109462,0.042256,-0.135193
0.012594,0.666351,0.785071,-0.024025,-0.018062,-0.703956,0.709607,0.148688,0.134095,0.337215,0.120638,-0.182960,-0.150916,0.067933,-0.046663,0.137426,0.172693,-0.169689,0.109592,-0.048978,-0.000257,0.156280,-0.002671,0.376447,-0.609477,0.878581,0.301219,-0.089018,-0.039502,-0.013069,-0.329411,0.616808,0.978175,-0.110667,0.043078,-0.134841
0.012336,0.666416,0.785075,-0.024087,-0.018042,-0.704013,0.709550,0.148711,0.134584,0.337367,0.120637,-0.182811,-0.151043,0.067903,-0.046157,0.137581,0.172617,-0.169606,0.109380,-0.049097,-0.000145,0.156315,-0.002838,0.376558,-0.609385,0.878603,0.300900,-0.089204,-0.039752,-0.013556,-0.329267,0.616442,0.977552,-0.111439,0.043927,-0.134558
0.012077,0.666491,0.785063,-0.024108,-0.018016,-0.704056,0.709506,0.148626,0.135052,0.337440,0.120649,-0.182583,-0.151071,0.067820,-0.045690,0.137670,0.172499,-0.169473,0.109022,-0.049186,-0.000042,0.156289,-0.003038,0.376668,-0.609465,0.878594,0.300759,-0.089199,-0.039810,-0.014070,-0.329144,0.616309,0.976951,-0.111759,0.044880,-0.134371
0.011833,0.666543,0.785089,-0.024112,-0.017984,-0.704086,0.709478,0.148487,0.135461,0.337450,0.120663,-0.182305,-0.151015,0.067588,-0.045267,0.137708,0.172654,-0.169480,0.108587,-0.049298,0.000067,0.156159,-0.003156,0.376688,-0.609523,0.878599,0.300836,-0.089092,-0.039791,-0.014420,-0.329127,0.616329,0.976291,-0.111779,0.045779,-0.134265
0.011616,0.666612,0.785094,-0.024100,-0.017939,-0.704124,0.709441,0.148305,0.135904,0.337467,0.120677,-0.182019,-0.150986,0.067325,-0.044813,0.137750,0.172752,-0.169439,0.108130,-0.049398,0.000180,0.156105,-0.003380,0.376734,-0.609691,0.878654,0.300884,-0.088920,-0.039700,-0.014934,-0.329092,0.616411,0.975521,-0.111601,0.046924,-0.134097
0.011445,0.666696,0.785107,-0.024129,-0.017900,-0.704160,0.709406,0.148196,0.136377,0.337464,0.120687,-0.181766,-0.151070,0.067204,-0.044343,0.137773,0.172706,-0.169336,0.107725,-0.049477,0.000287,0.156051,-0.003591,0.376860,-0.610004,0.878805,0.300833,-0.088797,-0.039708,-0.015439,-0.329000,0.616498,0.975048,-0.111329,0.047656,-0.133854
0.011242,0.666755,0.785109,-0.024194,-0.017875,-0.704201,0.709363,0.148171,0.136898,0.337453,0.120702,-0.181572,-0.151309,0.067154,-0.043824,0.137793,0.172678,-0.169265,0.107399,-0.049615,0.000436,0.156041,-0.003657,0.376968,-0.610144,0.878986,0.300905,-0.088764,-0.039878,-0.015849,-0.328921,0.616434,0.974679,-0.111076,0.047980,-0.133431
0.011028,0.666814,0.785122,-0.024286,-0.017851,-0.704243,0.709319,0.148197,0.137447,0.337422,0.120695,-0.181394,-0.151648,0.067152,-0.043275,0.137793,0.172632,-0.169193,0.107112,-0.049744,0.000600,0.156087,-0.003694,0.377103,-0.610296,0.879185,0.300999,-0.088766,-0.040131,-0.016253,-0.328821,0.616250,0.974418,-0.110765,0.048049,-0.132883
0.010856,0.666892,0.785150,-0.024402,-0.017823,-0.704289,0.709270,0.148256,0.138023,0.337406,0.120699,-0.181237,-0.152040,0.067257,-0.042711,0.137805,0.172423,-0.169034,0.106829,-0.049701,0.000777,0.156243,-0.003815,0.377340,-0.610601,0.879354,0.301064,-0.088746,-0.040456,-0.016729,-0.328632,0.615785,0.974339,-0.110603,0.047994,-0.132226
0.010620,0.666964,0.785151,-0.024479,-0.017818,-0.704328,0.709228,0.148275,0.138537,0.337400,0.120704,-0.181073,-0.152418,0.067249,-0.042191,0.137838,0.172380,-0.168945,0.106528,-0.049840,0.000955,0.156287,-0.003801,0.377372,-0.610656,0.879649,0.301273,-0.088648,-0.040775,-0.016998,-0.328607,0.615712,0.974065,-0.110540,0.048047,-0.131792
0.010418,0.667042,0.785160,-0.024575,-0.017785,-0.704378,0.709176,0.148296,0.139085,0.337455,0.120689,-0.180896,-0.152830,0.067255,-0.041627,0.137937,0.172260,-0.168796,0.106172,-0.049812,0.001125,0.156414,-0.003938,0.377507,-0.610878,0.880007,0.301457,-0.088441,-0.041199,-0.017450,-0.328502,0.615475,0.973908,-0.110851,0.048291,-0.131262
0.010211,0.667106,0.785158,-0.024653,-0.017763,-0.704427,0.709126,0.148288,0.139599,0.337526,0.120689,-0.180729,-0.153267,0.067192,-0.041083,0.138065,0.172233,-0.168681,0.105798,-0.049743,0.001253,0.156511,-0.004055,0.377658,-0.611128,0.880379,0.301648,-0.088143,-0.041687,-0.017786,-0.328383,0.615291,0.973735,-0.111384,0.048560,-0.130848
0.010001,0.667170,0.785170,-0.024730,-0.017750,-0.704470,0.709080,0.148280,0.140094,0.337600,0.120707,-0.180564,-0.153679,0.067148,-0.040564,0.138190,0.172201,-0.168557,0.105428,-0.049631,0.001373,0.156629,-0.004191,0.377810,-0.611425,0.880784,0.301808,-0.087837,-0.042125,-0.018113,-0.328262,0.615101,0.973627,-0.111925,0.048819,-0.130488
0.009782,0.667269,0.785158,-0.024821,-0.017755,-0.704499,0.709049,0.148323,0.140547,0.337650,0.120698,-0.180367,-0.154005,0.067183,-0.040096,0.138258,0.172120,-0.168408,0.105083,-0.049440,0.001431,0.156808,-0.004315,0.378068,-0.611833,0.881136,0.301916,-0.087617,-0.042389,-0.018379,-0.328047,0.614792,0.973562,-0.112287,0.049020,-0.130210
0.009613,0.667391,0.785149,-0.024909,-0.017807,-0.704512,0.709031,0.148423,0.140945,0.337689,0.120697,-0.180149,-0.154190,0.067232,-0.039689,0.138270,0.172176,-0.168334,0.104779,-0.049404,0.001513,0.157077,-0.004355,0.378221,-0.612001,0.881538,0.302199,-0.087536,-0.042389,-0.018677,-0.327913,0.614607,0.973493,-0.112298,0.049170,-0.130043
0.009447,0.667477,0.785171,-0.025016,-0.017873,-0.704516,0.709022,0.148563,0.141303,0.337725,0.120705,-0.179918,-0.154280,0.067327,-0.039334,0.138247,0.172247,-0.168263,0.104500,-0.049327,0.001536,0.157431,-0.004361,0.378472,-0.612165,0.881883,0.302525,-0.087527,-0.042226,-0.018993,-0.327675,0.614353,0.973515,-0.112156,0.049279,-0.129971
0.009246,0.667576,0.785171,-0.025113,-0.017954,-0.704507,0.709026,0.148702,0.141631,0.337722,0.120698,-0.179672,-0.154358,0.067407,-0.039004,0.138179,0.172383,-0.168226,0.104238,-0.049323,0.001560,0.157788,-0.004320,0.378677,-0.612266,0.882243,0.302774,-0.087560,-0.042025,-0.019326,-0.327475,0.614182,0.973599,-0.111961,0.049344,-0.129913
0.009022,0.667669,0.785183,-0.025206,-0.018020,-0.704479,0.709048,0.148783,0.141959,0.337637,0.120716,-0.179440,-0.154510,0.067479,-0.038670,0.138074,0.172498,-0.168173,0.103955,-0.049331,0.001535,0.158119,-0.004265,0.378946,-0.612437,0.882590,0.302730,-0.087624,-0.041930,-0.019702,-0.327203,0.614057,0.973806,-0.111854,0.049360,-0.129789
0.008833,0.667747,0.785207,-0.025287,-0.018061,-0.704431,0.709092,0.148799,0.142282,0.337449,0.120713,-0.179198,-0.154802,0.067594,-0.038337,0.137913,0.172440,-0.168026,0.103672,-0.049433,0.001518,0.158389,-0.004254,0.379086,-0.612571,0.883134,0.302313,-0.087778,-0.041958,-0.019961,-0.327067,0.614042,0.973875,-0.111829,0.049341,-0.129511
0.008652,0.667830,0.785212,-0.025353,-0.018102,-0.704365,0.709154,0.148769,0.142582,0.337186,0.120705,-0.178951,-0.155173,0.067668,-0.038016,0.137712,0.172439,-0.167905,0.103392,-0.049516,0.001426,0.158616,-0.004241,0.379297,-0.612826,0.883698,0.301514,-0.087990,-0.042045,-0.020240,-0.326870,0.614036,0.974089,-0.111844,0.049252,-0.129158
0.008465,0.667902,0.785234,-0.025420,-0.018137,-0.704286,0.709230,0.148721,0.142881,0.336871,0.120699,-0.178704,-0.155519,0.067729,-0.037696,0.137470,0.172475,-0.167804,0.103095,-0.049627,0.001353,0.158836,-0.004249,0.379451,-0.613091,0.884285,0.300725,-0.088184,-0.042175,-0.020477,-0.326739,0.614104,0.974277,-0.111896,0.049164,-0.128851
0.008298,0.667994,0.785262,-0.025505,-0.018169,-0.704195,0.709316,0.148684,0.143206,0.336524,0.120706,-0.178470,-0.155734,0.067815,-0.037371,0.137192,0.172525,-0.167720,0.102756,-0.049730,0.001325,0.159072,-0.004297,0.379590,-0.613413,0.884831,0.300227,-0.088279,-0.042327,-0.020640,-0.326634,0.614279,0.974390,-0.111950,0.049131,-0.128731
0.008140,0.668111,0.785261,-0.025606,-0.018211,-0.704090,0.709416,0.148675,0.143580,0.336122,0.120705,-0.178234,-0.155744,0.067877,-0.037018,0.136855,0.172738,-0.167735,0.102332,-0.049792,0.001291,0.159305,-0.004355,0.379847,-0.613928,0.885239,0.300032,-0.088189,-0.042503,-0.020762,-0.326455,0.614672,0.974527,-0.111951,0.049186,-0.128964
0.007963,0.668202,0.785263,-0.025729,-0.018243,-0.703970,0.709529,0.148663,0.143992,0.335662,0.120748,-0.178036,-0.155620,0.067991,-0.036652,0.136464,0.172900,-0.167726,0.101848,-0.049897,0.001376,0.159604,-0.004429,0.379984,-0.614361,0.885564,0.300153,-0.087975,-0.042744,-0.020879,-0.326377,0.615109,0.974656,-0.112056,0.049262,-0.129373
0.007794,0.668269,0.785265,-0.025851,-0.018277,-0.703843,0.709650,0.148648,0.144387,0.335201,0.120770,-0.177818,-0.155480,0.068104,-0.036308,0.136065,0.173072,-0.167734,0.101386,-0.050007,0.001409,0.159806,-0.004501,0.380203,-0.614975,0.885914,0.300244,-0.087770,-0.042958,-0.020953,-0.326267,0.615780,0.974789,-0.112016,0.049360,-0.129830
0.007629,0.668335,0.785282,-0.025940,-0.018322,-0.703717,0.709770,0.148618,0.144716,0.334787,0.120779,-0.177602,-0.155439,0.068241,-0.036014,0.135703,0.173149,-0.167709,0.101027,-0.050134,0.001416,0.159951,-0.004497,0.380426,-0.615537,0.886233,0.300347,-0.087692,-0.043156,-0.021030,-0.326172,0.616409,0.974933,-0.111987,0.049406,-0.130066
0.007450,0.668425,0.785281,-0.026010,-0.018374,-0.703591,0.709891,0.148575,0.144961,0.334440,0.120796,-0.177398,-0.155550,0.068394,-0.035790,0.135387,0.173154,-0.167669,0.100816,-0.050284,0.001386,0.160039,-0.004481,0.380628,-0.616110,0.886610,0.300446,-0.087840,-0.043336,-0.021122,-0.326108,0.617005,0.975066,-0.111946,0.049393,-0.129970
0.007292,0.668517,0.785275,-0.026063,-0.018432,-0.703463,0.710014,0.148535,0.145141,0.334135,0.120786,-0.177187,-0.155741,0.068558,-0.035615,0.135097,0.173118,-0.167624,0.100702,-0.050431,0.001292,0.160016,-0.004373,0.380945,-0.616876,0.886911,0.300415,-0.088100,-0.043472,-0.021173,-0.326030,0.617757,0.975200,-0.111733,0.049353,-0.129730
0.007159,0.668582,0.785263,-0.026104,-0.018487,-0.703336,0.710137,0.148466,0.145302,0.333843,0.120781,-0.176974,-0.155951,0.068716,-0.035460,0.134827,0.173032,-0.167558,0.100624,-0.050558,0.001246,0.160109,-0.004365,0.381059,-0.617231,0.887298,0.300789,-0.088415,-0.043680,-0.021198,-0.326014,0.618098,0.975205,-0.111919,0.049278,-0.129319
0.007037,0.668641,0.785273,-0.026120,-0.018521,-0.703213,0.710257,0.148323,0.145473,0.333533,0.120780,-0.176743,-0.156114,0.068800,-0.035296,0.134570,0.172945,-0.167483,0.100524,-0.050611,0.001162,0.160002,-0.004303,0.381261,-0.617776,0.887661,0.300906,-0.088588,-0.043804,-0.021147,-0.325991,0.618644,0.975272,-0.111905,0.049178,-0.129051
0.006901,0.668718,0.785291,-0.026126,-0.018515,-0.703097,0.710373,0.148093,0.145666,0.333213,0.120770,-0.176457,-0.156210,0.068816,-0.035118,0.134349,0.172796,-0.167361,0.100398,-0.050597,0.001072,0.159918,-0.004155,0.381483,-0.617928,0.887847,0.301298,-0.088600,-0.043962,-0.021063,-0.325962,0.618887,0.975302,-0.112265,0.049034,-0.128812
0.006789,0.668793,0.785307,-0.026110,-0.018497,-0.702988,0.710481,0.147809,0.145850,0.332902,0.120771,-0.176155,-0.156273,0.068722,-0.034940,0.134171,0.172759,-0.167294,0.100273,-0.050494,0.000994,0.159841,-0.004072,0.381576,-0.617864,0.888071,0.301867,-0.088527,-0.044117,-0.020989,-0.325946,0.618910,0.975352,-0.112837,0.048859,-0.128567
0.006628,0.668869,0.785321,-0.026087,-0.018474,-0.702881,0.710589,0.147513,0.146026,0.332577,0.120757,-0.175863,-0.156322,0.068605,-0.034769,0.133985,0.172716,-0.167222,0.100138,-0.050358,0.000945,0.159737,-0.003992,0.381602,-0.617794,0.888292,0.302368,-0.088425,-0.044251,-0.020900,-0.325941,0.618905,0.975382,-0.113359,0.048679,-0.128355
0.006524,0.668934,0.785346,-0.026061,-0.018425,-0.702762,0.710708,0.147149,0.146225,0.332188,0.120780,-0.175637,-0.156374,0.068428,-0.034588,0.133715,0.172737,-0.167189,0.099974,-0.050383,0.000849,0.159575,-0.003713,0.381752,-0.617382,0.888367,0.302960,-0.088395,-0.044502,-0.020767,-0.325918,0.618970,0.975314,-0.113848,0.048445,-0.128117
0.006403,0.668998,0.785346,-0.026048,-0.018395,-0.702639,0.710832,0.146855,0.146420,0.331749,0.120778,-0.175494,-0.156424,0.068368,-0.034425,0.133354,0.172637,-0.167107,0.099754,-0.050321,0.000829,0.159425,-0.003667,0.381835,-0.617345,0.888639,0.303093,-0.088468,-0.044722,-0.020684,-0.325916,0.619170,0.975266,-0.113846,0.048208,-0.127968
0.006279,0.669079,0.785345,-0.026032,-0.018364,-0.702508,0.710962,0.146539,0.146618,0.331253,0.120800,-0.175419,-0.156465,0.068255,-0.034269,0.132924,0.172649,-0.167090,0.099495,-0.050290,0.000814,0.159204,-0.003624,0.381950,-0.617406,0.888934,0.302972,-0.088593,-0.044950,-0.020596,-0.325938,0.619560,0.975194,-0.113518,0.047954,-0.127889
0.006150,0.669138,0.785355,-0.026020,-0.018337,-0.702389,0.711081,0.146270,0.146808,0.330791,0.120797,-0.175362,-0.156517,0.068135,-0.034104,0.132522,0.172700,-0.167086,0.099250,-0.050155,0.000843,0.159049,-0.003606,0.381982,-0.617446,0.889206,0.302886,-0.088658,-0.045125,-0.020530,-0.325951,0.619730,0.975126,-0.113302,0.047742,-0.127813
0.006032,0.669194,0.785344,-0.026004,-0.018293,-0.702287,0.711183,0.145977,0.147011,0.330393,0.120811,-0.175290,-0.156599,0.068025,-0.033924,0.132196,0.172637,-0.166994,0.099075,-0.050035,0.000845,0.158762,-0.003535,0.382028,-0.617453,0.889579,0.302823,-0.088604,-0.045205,-0.020411,-0.325990,0.620010,0.975096,-0.113157,0.047598,-0.127796
0.005936,0.669234,0.785343,-0.026012,-0.018227,-0.702222,0.711249,0.145730,0.147231,0.330124,0.120815,-0.175194,-0.156726,0.067936,-0.033706,0.132031,0.172483,-0.166803,0.099001,-0.049913,0.000886,0.158493,-0.003179,0.382060,-0.617150,0.889728,0.303050,-0.088284,-0.045130,-0.020309,-0.326059,0.620218,0.975048,-0.113368,0.047629,-0.127786
0.005840,0.669286,0.785338,-0.026011,-0.018173,-0.702182,0.711290,0.145518,0.147447,0.329939,0.120808,-0.175095,-0.156884,0.067791,-0.033466,0.131972,0.172424,-0.166627,0.098996,-0.049708,0.000933,0.158263,-0.002786,0.382048,-0.616717,0.889849,0.303450,-0.087804,-0.044969,-0.020249,-0.326105,0.620224,0.975048,-0.113878,0.047755,-0.127764
0.005763,0.669353,0.785322,-0.026020,-0.018112,-0.702149,0.711324,0.145316,0.147664,0.329785,0.120817,-0.174998,-0.157053,0.067698,-0.033228,0.131926,0.172254,-0.166392,0.099009,-0.049679,0.001018,0.158117,-0.002198,0.381970,-0.615856,0.889817,0.304051,-0.087341,-0.044811,-0.020272,-0.326210,0.620243,0.975009,-0.114488,0.047908,-0.127767
0.005676,0.669398,0.785331,-0.026021,-0.018065,-0.702102,0.711371,0.145123,0.147858,0.329610,0.120799,-0.174860,-0.157213,0.067611,-0.033026,0.131807,0.172148,-0.166238,0.098993,-0.049694,0.001094,0.157965,-0.001657,0.381871,-0.615178,0.889829,0.304374,-0.087019,-0.044610,-0.020346,-0.326319,0.620343,0.975048,-0.114785,0.048005,-0.127909
0.005601,0.669458,0.785341,-0.026012,-0.018039,-0.702034,0.711439,0.144899,0.148044,0.329394,0.120816,-0.174693,-0.157362,0.067600,-0.032871,0.131564,0.171947,-0.166093,0.098954,-0.049624,0.001104,0.157793,-0.001379,0.381830,-0.615011,0.890067,0.304188,-0.086958,-0.044329,-0.020327,-0.326356,0.620406,0.975095,-0.114648,0.048042,-0.128292
0.005516,0.669497,0.785344,-0.026008,-0.018019,-0.701961,0.711512,0.144706,0.148199,0.329187,0.120801,-0.174484,-0.157508,0.067582,-0.032749,0.131270,0.171831,-0.166034,0.098916,-0.049554,0.001072,0.157660,-0.001191,0.381793,-0.614958,0.890350,0.303776,-0.087027,-0.044017,-0.020319,-0.326386,0.620451,0.975160,-0.114309,0.048056,-0.128805
0.005424,0.669546,0.785352,-0.025999,-0.017994,-0.701882,0.711591,0.144494,0.148363,0.328966,0.120792,-0.174280,-0.157653,0.067562,-0.032626,0.130961,0.171698,-0.165973,0.098838,-0.049571,0.001073,0.157442,-0.000886,0.381725,-0.614918,0.890627,0.303269,-0.087149,-0.043679,-0.020271,-0.326432,0.620601,0.975240,-0.113825,0.048016,-0.129398
0.005302,0.669606,0.785351,-0.026002,-0.017982,-0.701823,0.711650,0.144337,0.148527,0.328801,0.120796,-0.174138,-0.157803,0.067489,-0.032482,0.130760,0.171741,-0.165986,0.098686,-0.049498,0.001050,0.157286,-0.000632,0.381666,-0.614848,0.890823,0.302821,-0.087126,-0.043500,-0.020254,-0.326467,0.620632,0.975299,-0.113482,0.047904,-0.129789
0.005228,0.669644,0.785348,-0.026023,-0.017972,-0.701785,0.711687,0.144248,0.148706,0.328699,0.120790,-0.174070,-0.157972,0.067428,-0.032307,0.130692,0.171781,-0.165964,0.098399,-0.049356,0.001048,0.157140,-0.000313,0.381566,-0.614654,0.890916,0.302430,-0.086914,-0.043478,-0.020229,-0.326515,0.620532,0.975360,-0.113292,0.047650,-0.129961
0.005147,0.669704,0.785355,-0.026061,-0.017955,-0.701761,0.711710,0.144185,0.148898,0.328643,0.120801,-0.174059,-0.158155,0.067270,-0.032101,0.130711,0.172044,-0.166044,0.098011,-0.049258,0.001133,0.157042,0.000290,0.381411,-0.614092,0.890652,0.302319,-0.086550,-0.043626,-0.020204,-0.326587,0.620205,0.975402,-0.113417,0.047240,-0.129915
0.005072,0.669752,0.785364,-0.026109,-0.017936,-0.701741,0.711728,0.144139,0.149092,0.328592,0.120805,-0.174047,-0.158323,0.067192,-0.031899,0.130753,0.172167,-0.166046,0.097635,-0.049198,0.001238,0.157038,0.000736,0.381107,-0.613395,0.890523,0.302366,-0.086220,-0.043862,-0.020253,-0.326743,0.619865,0.975372,-0.113586,0.046865,-0.129798
0.005004,0.669811,0.785362,-0.026133,-0.017923,-0.701713,0.711755,0.144057,0.149269,0.328498,0.120809,-0.174002,-0.158443,0.067095,-0.031710,0.130755,0.172261,-0.166018,0.097377,-0.049082,0.001249,0.156952,0.001077,0.380947,-0.613100,0.890458,0.302377,-0.085985,-0.044078,-0.020276,-0.326828,0.619727,0.975321,-0.113595,0.046646,-0.129771
0.004938,0.669856,0.785362,-0.026140,-0.017896,-0.701674,0.711793,0.143911,0.149437,0.328337,0.120806,-0.173889,-0.158500,0.066992,-0.031528,0.130705,0.172296,-0.165937,0.097289,-0.049015,0.001258,0.156844,0.001317,0.380698,-0.612915,0.890489,0.302668,-0.085881,-0.044313,-0.020368,-0.326978,0.619842,0.975218,-0.113535,0.046632,-0.129789
0.004859,0.669911,0.785363,-0.026139,-0.017861,-0.701630,0.711838,0.143730,0.149613,0.328136,0.120809,-0.173744,-0.158517,0.066969,-0.031349,0.130631,0.172109,-0.165713,0.097302,-0.048887,0.001204,0.156725,0.001502,0.380560,-0.612954,0.890461,0.303066,-0.085835,-0.044595,-0.020491,-0.327075,0.620047,0.975115,-0.113469,0.046737,-0.129828
0.004803,0.669958,0.785364,-0.026133,-0.017828,-0.701585,0.711883,0.143540,0.149759,0.327934,0.120817,-0.173598,-0.158508,0.066891,-0.031194,0.130543,0.172041,-0.165577,0.097361,-0.048794,0.001104,0.156615,0.001661,0.380495,-0.613035,0.890433,0.303475,-0.085855,-0.044898,-0.020629,-0.327127,0.620234,0.974995,-0.113372,0.046893,-0.129892
0.004707,0.669985,0.785365,-0.026124,-0.017800,-0.701548,0.711921,0.143364,0.149870,0.327771,0.120817,-0.173474,-0.158496,0.066868,-0.031091,0.130443,0.171845,-0.165429,0.097411,-0.048887,0.001089,0.156397,0.001907,0.380240,-0.613172,0.890509,0.303650,-0.085874,-0.045116,-0.020763,-0.327326,0.620669,0.974901,-0.113000,0.047051,-0.130059
0.004663,0.670022,0.785360,-0.026093,-0.017815,-0.701517,0.711952,0.143227,0.149902,0.327657,0.120820,-0.173394,-0.158470,0.066843,-0.031075,0.130317,0.171723,-0.165425,0.097465,-0.048946,0.001041,0.156300,0.002072,0.379974,-0.613284,0.890557,0.303661,-0.085957,-0.045413,-0.020797,-0.327521,0.620608,0.974703,-0.112728,0.047178,-0.130277
0.004619,0.670069,0.785345,-0.026053,-0.017843,-0.701491,0.711979,0.143110,0.149872,0.327569,0.120825,-0.173348,-0.158425,0.066797,-0.031124,0.130168,0.171678,-0.165540,0.097544,-0.049039,0.000938,0.156246,0.002291,0.379794,-0.613423,0.890480,0.303519,-0.086088,-0.045758,-0.020836,-0.327640,0.620348,0.974523,-0.112449,0.047311,-0.130561
0.004555,0.670127,0.785336,-0.026019,-0.017869,-0.701472,0.711998,0.143005,0.149846,0.327515,0.120819,-0.173296,-0.158385,0.066775,-0.031174,0.130041,0.171562,-0.165608,0.097599,-0.049061,0.000818,0.156209,0.002397,0.379638,-0.613649,0.890488,0.303383,-0.086230,-0.046049,-0.020776,-0.327730,0.619936,0.974268,-0.112241,0.047426,-0.130827
0.004498,0.670193,0.785335,-0.025994,-0.017879,-0.701462,0.712009,0.142893,0.149867,0.327486,0.120811,-0.173219,-0.158370,0.066715,-0.031170,0.129977,0.171479,-0.165607,0.097583,-0.049108,0.000722,0.156170,0.002598,0.379530,-0.613815,0.890394,0.303422,-0.086297,-0.046194,-0.020865,-0.327789,0.619658,0.974196,-0.112079,0.047464,-0.131010
0.004466,0.670246,0.785333,-0.025993,-0.017851,-0.701465,0.712006,0.142755,0.149965,0.327502,0.120816,-0.173113,-0.158381,0.066519,-0.031068,0.130016,0.171599,-0.165593,0.097455,-0.048935,0.000738,0.156126,0.002590,0.379319,-0.614214,0.890469,0.303729,-0.086273,-0.046061,-0.020903,-0.327912,0.619221,0.974159,-0.112095,0.047388,-0.131024
0.004432,0.670288,0.785366,-0.025997,-0.017811,-0.701481,0.711991,0.142619,0.150109,0.327566,0.120815,-0.172988,-0.158410,0.066311,-0.030915,0.130126,0.171671,-0.165470,0.097252,-0.048867,0.000730,0.156084,0.002671,0.379207,-0.614459,0.890498,0.304224,-0.086227,-0.045779,-0.021079,-0.327982,0.619035,0.974241,-0.112099,0.047243,-0.130989
0.004402,0.670355,0.785381,-0.026010,-0.017765,-0.701500,0.711973,0.142487,0.150262,0.327633,0.120815,-0.172858,-0.158459,0.066075,-0.030746,0.130251,0.171819,-0.165365,0.097035,-0.048618,0.000805,0.156017,0.002509,0.378898,-0.614932,0.890784,0.304700,-0.086130,-0.045437,-0.021074,-0.328179,0.618634,0.974208,-0.112195,0.047090,-0.130884
0.004359,0.670429,0.785389,-0.026020,-0.017737,-0.701515,0.711959,0.142381,0.150385,0.327669,0.120813,-0.172741,-0.158532,0.065930,-0.030613,0.130340,0.171848,-0.165229,0.096871,-0.048553,0.000792,0.155968,0.002620,0.378733,-0.615035,0.890817,0.305098,-0.086015,-0.045286,-0.021172,-0.328282,0.618394,0.974235,-0.112344,0.046993,-0.130790
0.004305,0.670491,0.785392,-0.026025,-0.017725,-0.701526,0.711948,0.142294,0.150452,0.327664,0.120813,-0.172641,-0.158670,0.065761,-0.030522,0.130387,0.171995,-0.165184,0.096775,-0.048472,0.000759,0.155917,0.002745,0.378497,-0.614969,0.890855,0.305344,-0.085838,-0.045373,-0.021126,-0.328413,0.617974,0.974113,-0.112723,0.047003,-0.130648
0.004268,0.670529,0.785391,-0.026030,-0.017721,-0.701536,0.711938,0.142231,0.150512,0.327635,0.120804,-0.172546,-0.158863,0.065722,-0.030447,0.130411,0.171914,-0.165023,0.096710,-0.048356,0.000705,0.155883,0.002781,0.378208,-0.614753,0.891023,0.305569,-0.085637,-0.045607,-0.020949,-0.328553,0.617411,0.973851,-0.113310,0.047079,-0.130444
0.004246,0.670572,0.785386,-0.026037,-0.017731,-0.701545,0.711929,0.142195,0.150554,0.327601,0.120781,-0.172453,-0.159019,0.065666,-0.030384,0.130425,0.171932,-0.164937,0.096672,-0.048305,0.000611,0.155826,0.002954,0.378002,-0.614498,0.891061,0.305689,-0.085433,-0.045859,-0.020845,-0.328642,0.616997,0.973704,-0.113768,0.047135,-0.130291
0.004228,0.670603,0.785381,-0.026062,-0.017753,-0.701553,0.711919,0.142201,0.150598,0.327582,0.120789,-0.172406,-0.159047,0.065627,-0.030326,0.130440,0.172013,-0.164921,0.096653,-0.048219,0.000512,0.155840,0.002939,0.377705,-0.614236,0.891330,0.305957,-0.085361,-0.046041,-0.020676,-0.328770,0.616600,0.973432,-0.114018,0.047116,-0.130185
0.004193,0.670640,0.785378,-0.026110,-0.017803,-0.701554,0.711916,0.142286,0.150656,0.327567,0.120792,-0.172393,-0.158870,0.065756,-0.030280,0.130430,0.171912,-0.164880,0.096682,-0.048158,0.000391,0.155872,0.002898,0.377427,-0.614077,0.891686,0.306252,-0.085431,-0.046074,-0.020544,-0.328897,0.616470,0.973198,-0.113743,0.046963,-0.130208
0.004172,0.670689,0.785374,-0.026169,-0.017877,-0.701550,0.711915,0.142417,0.150716,0.327553,0.120814,-0.172420,-0.158554,0.065896,-0.030241,0.130406,0.171907,-0.164938,0.096750,-0.048070,0.000185,0.155934,0.002907,0.377365,-0.614010,0.891946,0.306501,-0.085591,-0.046048,-0.020451,-0.328925,0.616461,0.973010,-0.113154,0.046724,-0.130305
0.004138,0.670733,0.785378,-0.026217,-0.017951,-0.701552,0.711910,0.142534,0.150767,0.327560,0.120839,-0.172447,-0.158227,0.066000,-0.030205,0.130402,0.171952,-0.165018,0.096803,-0.047995,-0.000009,0.155994,0.002905,0.377335,-0.613963,0.892154,0.306692,-0.085749,-0.046020,-0.020373,-0.328939,0.616471,0.972840,-0.112594,0.046489,-0.130431
0.004100,0.670785,0.785377,-0.026259,-0.018004,-0.701568,0.711891,0.142630,0.150809,0.327611,0.120862,-0.172465,-0.158023,0.066047,-0.030164,0.130459,0.172013,-0.165039,0.096784,-0.047962,-0.000204,0.156018,0.002851,0.377187,-0.613809,0.892472,0.306897,-0.085892,-0.046028,-0.020202,-0.329017,0.616603,0.972625,-0.112097,0.046278,-0.130633
0.004100,0.670818,0.785380,-0.026273,-0.017998,-0.701606,0.711853,0.142614,0.150836,0.327725,0.120865,-0.172429,-0.157983,0.065935,-0.030112,0.130608,0.172118,-0.164970,0.096644,-0.047941,-0.000316,0.155955,0.002875,0.377121,-0.613791,0.892497,0.306814,-0.085852,-0.046089,-0.020178,-0.329055,0.616688,0.972651,-0.111989,0.046153,-0.130838
0.004098,0.670859,0.785399,-0.026256,-0.017974,-0.701662,0.711799,0.142543,0.150846,0.327895,0.120852,-0.172373,-0.158034,0.065688,-0.030054,0.130832,0.172339,-0.164896,0.096425,-0.047996,-0.000336,0.155766,0.002861,0.376896,-0.613851,0.892611,0.306555,-0.085728,-0.046134,-0.020156,-0.329193,0.617017,0.972741,-0.111902,0.046074,-0.131123
0.004098,0.670900,0.785406,-0.026248,-0.017941,-0.701718,0.711745,0.142466,0.150858,0.328062,0.120862,-0.172319,-0.158134,0.065447,-0.030000,0.131054,0.172551,-0.164812,0.096206,-0.047978,-0.000391,0.155660,0.002867,0.376832,-0.613904,0.892505,0.306282,-0.085598,-0.046231,-0.020122,-0.329233,0.617106,0.972843,-0.112028,0.046012,-0.131371
0.004112,0.670936,0.785409,-0.026251,-0.017934,-0.701764,0.711700,0.142446,0.150875,0.328189,0.120846,-0.172258,-0.158240,0.065291,-0.029945,0.131213,0.172699,-0.164756,0.096065,-0.047966,-0.000416,0.155509,0.002832,0.376673,-0.614005,0.892546,0.306034,-0.085518,-0.046280,-0.019993,-0.329331,0.617248,0.972916,-0.112042,0.045983,-0.131599
0.004114,0.670960,0.785407,-0.026289,-0.017953,-0.701789,0.711673,0.142509,0.150915,0.328237,0.120843,-0.172210,-0.158379,0.065255,-0.029889,0.131267,0.172812,-0.164778,0.096023,-0.047936,-0.000443,0.155475,0.002785,0.376517,-0.613962,0.892549,0.305949,-0.085532,-0.046363,-0.019766,-0.329412,0.617160,0.972891,-0.112154,0.045996,-0.131740
0.004131,0.671011,0.785397,-0.026356,-0.017979,-0.701804,0.711656,0.142620,0.150975,0.328243,0.120837,-0.172158,-0.158563,0.065378,-0.029833,0.131256,0.172707,-0.164739,0.096035,-0.047903,-0.000465,0.155493,0.002759,0.376385,-0.613839,0.892484,0.305927,-0.085592,-0.046468,-0.019505,-0.329466,0.616937,0.972866,-0.112353,0.046044,-0.131838
0.004121,0.671056,0.785394,-0.026415,-0.018021,-0.701816,0.711640,0.142743,0.151025,0.328242,0.120835,-0.172118,-0.158721,0.065472,-0.029782,0.131237,0.172694,-0.164763,0.096092,-0.047882,-0.000518,0.155523,0.002735,0.376331,-0.613747,0.892396,0.305894,-0.085675,-0.046542,-0.019266,-0.329481,0.616785,0.972868,-0.112465,0.046090,-0.131916
0.004112,0.671076,0.785383,-0.026467,-0.018060,-0.701833,0.711621,0.142854,0.151056,0.328273,0.120823,-0.172083,-0.158785,0.065601,-0.029754,0.131256,0.172569,-0.164700,0.096181,-0.047811,-0.000581,0.155583,0.002635,0.376225,-0.613626,0.892374,0.306001,-0.085762,-0.046581,-0.018977,-0.329509,0.616534,0.972802,-0.112589,0.046098,-0.131955
0.004105,0.671097,0.785378,-0.026505,-0.018097,-0.701855,0.711596,0.142936,0.151054,0.328339,0.120834,-0.172077,-0.158724,0.065655,-0.029749,0.131329,0.172553,-0.164654,0.096340,-0.047710,-0.000651,0.155622,0.002382,0.376019,-0.613675,0.892545,0.306133,-0.085848,-0.046498,-0.018745,-0.329576,0.616434,0.972774,-0.112485,0.046049,-0.131970
0.004120,0.671132,0.785367,-0.026527,-0.018140,-0.701878,0.711572,0.143001,0.151032,0.328421,0.120837,-0.172072,-0.158579,0.065722,-0.029763,0.131422,0.172484,-0.164568,0.096558,-0.047670,-0.000758,0.155667,0.002251,0.375995,-0.613709,0.892546,0.306279,-0.085932,-0.046367,-0.018648,-0.329586,0.616474,0.972843,-0.112267,0.045975,-0.131944
0.004124,0.671182,0.785368,-0.026556,-0.018177,-0.701908,0.711541,0.143072,0.151005,0.328530,0.120844,-0.172085,-0.158390,0.065815,-0.029785,0.131542,0.172348,-0.164434,0.096763,-0.047590,-0.000897,0.155647,0.001936,0.375868,-0.613916,0.892838,0.306331,-0.086027,-0.046156,-0.018438,-0.329643,0.616715,0.972868,-0.111794,0.045869,-0.131993
0.004135,0.671255,0.785378,-0.026564,-0.018201,-0.701943,0.711505,0.143089,0.150984,0.328649,0.120849,-0.172097,-0.158194,0.065782,-0.029799,0.131673,0.172339,-0.164351,0.096883,-0.047539,-0.000970,0.155610,0.001793,0.375776,-0.613984,0.892876,0.306342,-0.086045,-0.045997,-0.018271,-0.329684,0.616824,0.972964,-0.111449,0.045759,-0.132029
0.004146,0.671307,0.785388,-0.026566,-0.018196,-0.701983,0.711465,0.143053,0.150978,0.328785,0.120850,-0.172119,-0.157973,0.065646,-0.029794,0.131820,0.172408,-0.164297,0.096868,-0.047503,-0.001026,0.155547,0.001717,0.375734,-0.613967,0.892806,0.306232,-0.086005,-0.045891,-0.018118,-0.329698,0.616830,0.973131,-0.111176,0.045643,-0.132109
0.004173,0.671330,0.785393,-0.026543,-0.018165,-0.702040,0.711411,0.142932,0.150982,0.328969,0.120879,-0.172163,-0.157717,0.065344,-0.029778,0.132019,0.172618,-0.164285,0.096770,-0.047418,-0.001059,0.155390,0.001655,0.375656,-0.613862,0.892726,0.306115,-0.085897,-0.045829,-0.017826,-0.329720,0.616774,0.973278,-0.110901,0.045458,-0.132259
0.004207,0.671383,0.785403,-0.026526,-0.018144,-0.702093,0.711359,0.142845,0.150975,0.329139,0.120880,-0.172197,-0.157475,0.065133,-0.029774,0.132192,0.172689,-0.164214,0.096654,-0.047378,-0.001063,0.155293,0.001630,0.375578,-0.613738,0.892567,0.305929,-0.085792,-0.045748,-0.017617,-0.329735,0.616686,0.973466,-0.110655,0.045316,-0.132355
0.004244,0.671426,0.785414,-0.026516,-0.018129,-0.702149,0.711306,0.142774,0.150944,0.329288,0.120895,-0.172234,-0.157294,0.064877,-0.029783,0.132346,0.172918,-0.164247,0.096589,-0.047341,-0.001090,0.155189,0.001610,0.375486,-0.613602,0.892426,0.305791,-0.085724,-0.045659,-0.017369,-0.329748,0.616570,0.973623,-0.110475,0.045209,-0.132387
0.004272,0.671464,0.785416,-0.026515,-0.018145,-0.702197,0.711257,0.142783,0.150875,0.329389,0.120885,-0.172267,-0.157191,0.064803,-0.029831,0.132421,0.172935,-0.164221,0.096588,-0.047370,-0.001130,0.155146,0.001576,0.375448,-0.613545,0.892293,0.305550,-0.085734,-0.045496,-0.017190,-0.329750,0.616509,0.973786,-0.110238,0.045191,-0.132316
0.004318,0.671502,0.785410,-0.026516,-0.018175,-0.702250,0.711204,0.142810,0.150778,0.329473,0.120892,-0.172310,-0.157140,0.064741,-0.029907,0.132471,0.172995,-0.164248,0.096617,-0.047392,-0.001174,0.155089,0.001564,0.375375,-0.613464,0.892172,0.305273,-0.085774,-0.045292,-0.016918,-0.329748,0.616361,0.973904,-0.110007,0.045204,-0.132171
0.004352,0.671558,0.785393,-0.026526,-0.018207,-0.702300,0.711153,0.142857,0.150681,0.329550,0.120896,-0.172344,-0.157125,0.064754,-0.029986,0.132519,0.172935,-0.164208,0.096669,-0.047428,-0.001227,0.155068,0.001529,0.375329,-0.613434,0.892044,0.305009,-0.085830,-0.045102,-0.016717,-0.329743,0.616282,0.974035,-0.109825,0.045253,-0.132008
0.004375,0.671589,0.785381,-0.026538,-0.018247,-0.702353,0.711100,0.142925,0.150606,0.329655,0.120890,-0.172353,-0.157133,0.064710,-0.030036,0.132630,0.173014,-0.164207,0.096739,-0.047354,-0.001276,0.155041,0.001394,0.375219,-0.613449,0.892063,0.304908,-0.085884,-0.044975,-0.016346,-0.329725,0.616052,0.974022,-0.109930,0.045316,-0.131814
0.004403,0.671625,0.785374,-0.026574,-0.018273,-0.702403,0.711048,0.143003,0.150578,0.329778,0.120886,-0.172320,-0.157202,0.064708,-0.030046,0.132812,0.173022,-0.164110,0.096835,-0.047311,-0.001293,0.155070,0.001292,0.375152,-0.613467,0.891983,0.304941,-0.085899,-0.044950,-0.016108,-0.329710,0.615976,0.974058,-0.110227,0.045381,-0.131631
0.004420,0.671673,0.785375,-0.026628,-0.018292,-0.702449,0.711001,0.143093,0.150567,0.329905,0.120876,-0.172251,-0.157324,0.064706,-0.030032,0.133035,0.173060,-0.163995,0.096960,-0.047266,-0.001283,0.155122,0.001178,0.375089,-0.613496,0.891905,0.305103,-0.085895,-0.044986,-0.015894,-0.329692,0.615928,0.974099,-0.110724,0.045459,-0.131431
0.004478,0.671717,0.785377,-0.026680,-0.018313,-0.702504,0.710943,0.143189,0.150565,0.330069,0.120860,-0.172185,-0.157424,0.064736,-0.030021,0.133295,0.173006,-0.163822,0.097087,-0.047107,-0.001307,0.155150,0.000917,0.374949,-0.613577,0.892042,0.305335,-0.085917,-0.045054,-0.015494,-0.329647,0.615763,0.973959,-0.111344,0.045561,-0.131234
0.004522,0.671773,0.785368,-0.026713,-0.018321,-0.702563,0.710884,0.143236,0.150544,0.330242,0.120851,-0.172153,-0.157411,0.064679,-0.030024,0.133530,0.173025,-0.163706,0.097189,-0.047011,-0.001326,0.155178,0.000783,0.374873,-0.613573,0.892032,0.305469,-0.085964,-0.045092,-0.015264,-0.329617,0.615687,0.973935,-0.111730,0.045611,-0.131050
0.004548,0.671838,0.785372,-0.026709,-0.018338,-0.702634,0.710813,0.143236,0.150503,0.330460,0.120865,-0.172191,-0.157230,0.064584,-0.030061,0.133751,0.172999,-0.163601,0.097260,-0.046883,-0.001378,0.155181,0.000691,0.374821,-0.613491,0.892010,0.305515,-0.086099,-0.045096,-0.015010,-0.329589,0.615575,0.973846,-0.111871,0.045613,-0.130866
0.004593,0.671902,0.785374,-0.026695,-0.018343,-0.702716,0.710732,0.143208,0.150439,0.330718,0.120875,-0.172258,-0.156935,0.064379,-0.030114,0.133978,0.173115,-0.163586,0.097314,-0.046708,-0.001471,0.155203,0.000565,0.374690,-0.613248,0.892058,0.305654,-0.086313,-0.045119,-0.014712,-0.329514,0.615307,0.973669,-0.112003,0.045595,-0.130668
0.004640,0.671967,0.785395,-0.026661,-0.018349,-0.702796,0.710655,0.143143,0.150384,0.330960,0.120890,-0.172329,-0.156622,0.064194,-0.030165,0.134190,0.173119,-0.163507,0.097354,-0.046580,-0.001533,0.155208,0.000448,0.374563,-0.613008,0.892124,0.305770,-0.086488,-0.045134,-0.014511,-0.329424,0.615117,0.973571,-0.112089,0.045573,-0.130503
0.004654,0.672026,0.785404,-0.026641,-0.018327,-0.702860,0.710593,0.143037,0.150337,0.331135,0.120898,-0.172355,-0.156387,0.063982,-0.030199,0.134378,0.173146,-0.163421,0.097383,-0.046515,-0.001558,0.155204,0.000387,0.374537,-0.612929,0.892075,0.305779,-0.086521,-0.045143,-0.014367,-0.329399,0.615077,0.973482,-0.112162,0.045585,-0.130411
0.004695,0.672087,0.785415,-0.026593,-0.018275,-0.702913,0.710543,0.142811,0.150305,0.331239,0.120905,-0.172330,-0.156241,0.063649,-0.030200,0.134562,0.173227,-0.163305,0.097393,-0.046507,-0.001574,0.155158,0.000252,0.374498,-0.612847,0.892087,0.305918,-0.086367,-0.045223,-0.014183,-0.329349,0.615044,0.973276,-0.112542,0.045743,-0.130434
0.004735,0.672139,0.785414,-0.026530,-0.018201,-0.702954,0.710507,0.142513,0.150286,0.331280,0.120908,-0.172274,-0.156139,0.063284,-0.030183,0.134723,0.173265,-0.163137,0.097384,-0.046556,-0.001555,0.155095,0.000058,0.374473,-0.612827,0.892141,0.306078,-0.086076,-0.045330,-0.014031,-0.329301,0.615059,0.973065,-0.113063,0.045979,-0.130546
0.004750,0.672203,0.785410,-0.026484,-0.018126,-0.702989,0.710476,0.142228,0.150273,0.331302,0.120913,-0.172201,-0.156087,0.062988,-0.030168,0.134869,0.173206,-0.162923,0.097377,-0.046612,-0.001537,0.155047,-0.000135,0.374450,-0.612847,0.892223,0.306204,-0.085766,-0.045422,-0.013879,-0.329231,0.615102,0.972840,-0.113505,0.046170,-0.130667
0.004789,0.672265,0.785411,-0.026467,-0.018088,-0.703025,0.710443,0.142069,0.150247,0.331348,0.120904,-0.172134,-0.156090,0.062787,-0.030166,0.135005,0.173189,-0.162780,0.097391,-0.046630,-0.001539,0.155067,-0.000258,0.374439,-0.612835,0.892313,0.306311,-0.085564,-0.045466,-0.013728,-0.329190,0.615125,0.972624,-0.113674,0.046177,-0.130700
0.004811,0.672298,0.785418,-0.026501,-0.018106,-0.703064,0.710402,0.142104,0.150208,0.331436,0.120895,-0.172088,-0.156203,0.062738,-0.030173,0.135135,0.173218,-0.162728,0.097434,-0.046586,-0.001596,0.155207,-0.000316,0.374420,-0.612702,0.892454,0.306442,-0.085501,-0.045478,-0.013512,-0.329121,0.615112,0.972335,-0.113461,0.045935,-0.130623
0.004858,0.672350,0.785416,-0.026567,-0.018161,-0.703105,0.710358,0.142258,0.150168,0.331540,0.120877,-0.172031,-0.156409,0.062792,-0.030185,0.135257,0.173286,-0.162742,0.097494,-0.046544,-0.001665,0.155452,-0.000272,0.374392,-0.612422,0.892568,0.306621,-0.085509,-0.045474,-0.013323,-0.329039,0.615070,0.972044,-0.113021,0.045514,-0.130462
0.004908,0.672419,0.785413,-0.026638,-0.018220,-0.703141,0.710318,0.142422,0.150118,0.331638,0.120870,-0.171987,-0.156591,0.062930,-0.030220,0.135361,0.173209,-0.162689,0.097565,-0.046578,-0.001747,0.155733,-0.000168,0.374357,-0.612001,0.892666,0.306889,-0.085584,-0.045458,-0.013196,-0.328938,0.615051,0.971791,-0.112573,0.045039,-0.130272
0.004955,0.672497,0.785409,-0.026667,-0.018246,-0.703168,0.710289,0.142448,0.150053,0.331708,0.120865,-0.171933,-0.156639,0.062915,-0.030269,0.135445,0.173203,-0.162638,0.097639,-0.046590,-0.001767,0.155898,-0.000127,0.374350,-0.611915,0.892723,0.306937,-0.085641,-0.045362,-0.013078,-0.328912,0.615053,0.971603,-0.112209,0.044670,-0.130122
0.004994,0.672565,0.785408,-0.026638,-0.018249,-0.703184,0.710275,0.142326,0.149949,0.331745,0.120860,-0.171875,-0.156469,0.062733,-0.030360,0.135516,0.173274,-0.162579,0.097727,-0.046700,-0.001885,0.155992,-0.000120,0.374344,-0.611779,0.892827,0.307097,-0.085744,-0.045170,-0.012897,-0.328843,0.615117,0.971399,-0.112042,0.044316,-0.130042
0.005027,0.672617,0.785414,-0.026578,-0.018225,-0.703186,0.710275,0.142090,0.149832,0.331743,0.120866,-0.171818,-0.156160,0.062537,-0.030480,0.135550,0.173194,-0.162418,0.097827,-0.046886,-0.002010,0.155966,-0.000128,0.374365,-0.611813,0.892954,0.307130,-0.085858,-0.044891,-0.012848,-0.328659,0.615326,0.971432,-0.111943,0.044027,-0.130042
0.005048,0.672686,0.785415,-0.026496,-0.018197,-0.703191,0.710274,0.141808,0.149707,0.331752,0.120878,-0.171760,-0.155837,0.062217,-0.030597,0.135592,0.173272,-0.162322,0.097920,-0.047031,-0.002079,0.155925,-0.000145,0.374388,-0.611931,0.893020,0.307116,-0.085993,-0.044626,-0.012776,-0.328581,0.615420,0.971436,-0.111893,0.043757,-0.129984
0.005082,0.672767,0.785422,-0.026428,-0.018159,-0.703215,0.710253,0.141548,0.149606,0.331807,0.120879,-0.171697,-0.155633,0.061920,-0.030687,0.135665,0.173281,-0.162187,0.097984,-0.047083,-0.002185,0.155814,-0.000174,0.374494,-0.612206,0.893102,0.306972,-0.086125,-0.044444,-0.012720,-0.328304,0.615448,0.971553,-0.111821,0.043573,-0.129897
0.005124,0.672843,0.785444,-0.026373,-0.018109,-0.703258,0.710215,0.141312,0.149542,0.331907,0.120858,-0.171617,-0.155624,0.061660,-0.030738,0.135754,0.173179,-0.161987,0.097994,-0.047135,-0.002247,0.155745,-0.000137,0.374637,-0.612294,0.893045,0.306876,-0.086317,-0.044461,-0.012688,-0.327989,0.615208,0.971630,-0.111903,0.043506,-0.129663
0.005156,0.672914,0.785447,-0.026321,-0.018042,-0.703313,0.710163,0.141051,0.149493,0.332039,0.120859,-0.171540,-0.155725,0.061310,-0.030765,0.135859,0.173196,-0.161841,0.097970,-0.047242,-0.002235,0.155669,-0.000052,0.374734,-0.612274,0.892927,0.306777,-0.086554,-0.044588,-0.012665,-0.327797,0.614927,0.971629,-0.111989,0.043530,-0.129328
0.005199,0.672975,0.785466,-0.026267,-0.017987,-0.703384,0.710097,0.140822,0.149452,0.332215,0.120845,-0.171468,-0.155828,0.060951,-0.030778,0.136011,0.173234,-0.161698,0.097952,-0.047287,-0.002205,0.155617,0.000033,0.374835,-0.612251,0.892794,0.306693,-0.086767,-0.044751,-0.012629,-0.327615,0.614597,0.971591,-0.112086,0.043558,-0.128967
0.005251,0.673038,0.785477,-0.026238,-0.017938,-0.703473,0.710011,0.140657,0.149408,0.332451,0.120838,-0.171428,-0.155825,0.060669,-0.030798,0.136243,0.173196,-0.161514,0.097980,-0.047135,-0.002256,0.155620,0.000078,0.375101,-0.612389,0.892639,0.306577,-0.086873,-0.044880,-0.012711,-0.327190,0.614217,0.971781,-0.112157,0.043463,-0.128655
0.005336,0.673111,0.785499,-0.026220,-0.017912,-0.703595,0.709891,0.140587,0.149367,0.332800,0.120841,-0.171440,-0.155658,0.060357,-0.030801,0.136614,0.173304,-0.161398,0.098077,-0.046967,-0.002209,0.155648,0.000103,0.375240,-0.612551,0.892631,0.306435,-0.086864,-0.044901,-0.012803,-0.326994,0.614239,0.971863,-0.111867,0.043239,-0.128391
0.005407,0.673200,0.785496,-0.026228,-0.017889,-0.703744,0.709744,0.140584,0.149339,0.333234,0.120855,-0.171489,-0.155396,0.060130,-0.030795,0.137082,0.173297,-0.161215,0.098212,-0.046686,-0.002205,0.155685,0.000144,0.375468,-0.612824,0.892633,0.306241,-0.086770,-0.044879,-0.012993,-0.326708,0.614424,0.972090,-0.111395,0.042930,-0.128174
0.005459,0.673262,0.785487,-0.026231,-0.017886,-0.703886,0.709603,0.140603,0.149300,0.333646,0.120868,-0.171548,-0.155111,0.059923,-0.030799,0.137543,0.173311,-0.161052,0.098366,-0.046442,-0.002113,0.155811,0.000144,0.375568,-0.612960,0.892698,0.306188,-0.086637,-0.044869,-0.013073,-0.326604,0.614567,0.972056,-0.111027,0.042621,-0.127943
0.005521,0.673332,0.785487,-0.026225,-0.017879,-0.704009,0.709481,0.140584,0.149224,0.333985,0.120860,-0.171574,-0.154885,0.059680,-0.030832,0.137947,0.173376,-0.160916,0.098512,-0.046236,-0.002088,0.155813,0.000190,0.375759,-0.613245,0.892789,0.305953,-0.086436,-0.044835,-0.013343,-0.326413,0.614923,0.972367,-0.110544,0.042289,-0.127822
0.005611,0.673418,0.785487,-0.026226,-0.017870,-0.704086,0.709405,0.140507,0.149120,0.334150,0.120873,-0.171585,-0.154739,0.059517,-0.030907,0.138218,0.173335,-0.160741,0.098655,-0.046140,-0.002037,0.155898,0.000162,0.375852,-0.613352,0.892966,0.305909,-0.086203,-0.044881,-0.013489,-0.326331,0.615090,0.972437,-0.110465,0.042019,-0.127720
0.005672,0.673501,0.785486,-0.026210,-0.017879,-0.704139,0.709353,0.140421,0.148972,0.334228,0.120860,-0.171576,-0.154627,0.059310,-0.031013,0.138429,0.173418,-0.160635,0.098810,-0.046095,-0.002015,0.155974,0.000123,0.375944,-0.613474,0.893186,0.305845,-0.085907,-0.044946,-0.013678,-0.326260,0.615316,0.972553,-0.110465,0.041753,-0.127684
0.005712,0.673565,0.785489,-0.026191,-0.017887,-0.704179,0.709313,0.140317,0.148819,0.334271,0.120848,-0.171558,-0.154534,0.059138,-0.031133,0.138594,0.173439,-0.160513,0.098947,-0.046087,-0.002014,0.156024,0.000121,0.376079,-0.613558,0.893432,0.305813,-0.085612,-0.044980,-0.013868,-0.326163,0.615578,0.972677,-0.110463,0.041527,-0.127693
0.005789,0.673637,0.785488,-0.026168,-0.017888,-0.704222,0.709272,0.140197,0.148674,0.334346,0.120857,-0.171539,-0.154437,0.058974,-0.031253,0.138733,0.173405,-0.160376,0.099048,-0.046043,-0.002016,0.156067,0.000121,0.376153,-0.613544,0.893741,0.305926,-0.085388,-0.044944,-0.013956,-0.326111,0.615680,0.972670,-0.110456,0.041390,-0.127705
0.005852,0.673703,0.785483,-0.026127,-0.017892,-0.704262,0.709233,0.140063,0.148532,0.334455,0.120853,-0.171492,-0.154348,0.058760,-0.031382,0.138823,0.173456,-0.160331,0.099074,-0.046024,-0.002116,0.156082,0.000233,0.376334,-0.613320,0.894045,0.306264,-0.085265,-0.044809,-0.013980,-0.325966,0.615707,0.972554,-0.110368,0.041385,-0.127737
0.005870,0.673769,0.785487,-0.026072,-0.017901,-0.704297,0.709201,0.139926,0.148378,0.334573,0.120839,-0.171430,-0.154269,0.058515,-0.031520,0.138861,0.173559,-0.160341,0.099048,-0.045953,-0.002222,0.156071,0.000325,0.376447,-0.613031,0.894474,0.306795,-0.085192,-0.044584,-0.013878,-0.325861,0.615549,0.972306,-0.110290,0.041473,-0.127773
0.005901,0.673852,0.785495,-0.026016,-0.017902,-0.704335,0.709165,0.139760,0.148237,0.334707,0.120847,-0.171368,-0.154177,0.058218,-0.031648,0.138913,0.173738,-0.160388,0.099039,-0.045855,-0.002322,0.156062,0.000373,0.376541,-0.612734,0.894943,0.307283,-0.085159,-0.044350,-0.013762,-0.325762,0.615344,0.972046,-0.110220,0.041584,-0.127829
0.005939,0.673935,0.785513,-0.025969,-0.017896,-0.704388,0.709114,0.139603,0.148113,0.334871,0.120845,-0.171321,-0.154047,0.058015,-0.031766,0.139033,0.173652,-0.160245,0.099115,-0.045735,-0.002376,0.156119,0.000418,0.376642,-0.612430,0.895278,0.307574,-0.085140,-0.044196,-0.013729,-0.325653,0.615146,0.971889,-0.110225,0.041637,-0.127900
0.006014,0.674033,0.785532,-0.025926,-0.017883,-0.704471,0.709034,0.139448,0.148016,0.335111,0.120830,-0.171284,-0.153856,0.057757,-0.031847,0.139285,0.173586,-0.160045,0.099343,-0.045561,-0.002344,0.156208,0.000443,0.376735,-0.612216,0.895500,0.307493,-0.085114,-0.044143,-0.013820,-0.325562,0.615053,0.971909,-0.110263,0.041617,-0.128010
0.006117,0.674126,0.785541,-0.025898,-0.017854,-0.704574,0.708933,0.139286,0.147936,0.335408,0.120842,-0.171282,-0.153621,0.057455,-0.031904,0.139621,0.173541,-0.159811,0.099669,-0.045361,-0.002269,0.156324,0.000462,0.376823,-0.612034,0.895640,0.307177,-0.085104,-0.044159,-0.014018,-0.325488,0.615026,0.972065,-0.110326,0.041561,-0.128152
0.006159,0.674220,0.785543,-0.025871,-0.017820,-0.704668,0.708841,0.139111,0.147856,0.335668,0.120831,-0.171254,-0.153380,0.057222,-0.031969,0.139943,0.173330,-0.159478,0.099986,-0.045158,-0.002146,0.156434,0.000490,0.376861,-0.611916,0.895731,0.306806,-0.085098,-0.044139,-0.014163,-0.325461,0.615008,0.972200,-0.110359,0.041481,-0.128308
0.006202,0.674322,0.785555,-0.025821,-0.017798,-0.704729,0.708783,0.138880,0.147742,0.335814,0.120831,-0.171197,-0.153167,0.056879,-0.032058,0.140177,0.173372,-0.159299,0.100187,-0.045043,-0.002074,0.156589,0.000559,0.376941,-0.611647,0.895732,0.306637,-0.085137,-0.044058,-0.014290,-0.325406,0.614941,0.972278,-0.110379,0.041383,-0.128447
0.006256,0.674439,0.785554,-0.025772,-0.017770,-0.704743,0.708772,0.138596,0.147585,0.335782,0.120844,-0.171104,-0.152994,0.056542,-0.032192,0.140283,0.173470,-0.159176,0.100182,-0.045015,-0.002044,0.156738,0.000774,0.377014,-0.611255,0.895577,0.306805,-0.085220,-0.043855,-0.014317,-0.325360,0.614769,0.972271,-0.110415,0.041259,-0.128547
0.006313,0.674539,0.785548,-0.025706,-0.017754,-0.704726,0.708791,0.138289,0.147401,0.335636,0.120829,-0.170965,-0.152842,0.056212,-0.032347,0.140315,0.173590,-0.159078,0.100050,-0.045036,-0.002034,0.156908,0.001027,0.377092,-0.610764,0.895353,0.307150,-0.085361,-0.043589,-0.014220,-0.325313,0.614493,0.972132,-0.110478,0.041112,-0.128620
0.006358,0.674652,0.785547,-0.025636,-0.017733,-0.704694,0.708827,0.137931,0.147203,0.335444,0.120836,-0.170819,-0.152700,0.055840,-0.032523,0.140295,0.173763,-0.159013,0.099929,-0.045054,-0.002028,0.157074,0.001252,0.377150,-0.610380,0.895108,0.307475,-0.085469,-0.043273,-0.014122,-0.325284,0.614249,0.972024,-0.110464,0.040962,-0.128736
0.006401,0.674748,0.785546,-0.025550,-0.017712,-0.704658,0.708865,0.137542,0.147001,0.335284,0.120825,-0.170652,-0.152554,0.055459,-0.032710,0.140247,0.173880,-0.158925,0.099958,-0.045062,-0.002013,0.157283,0.001396,0.377189,-0.610115,0.894861,0.307679,-0.085521,-0.042995,-0.014053,-0.325269,0.614085,0.971937,-0.110373,0.040825,-0.128920
0.006452,0.674887,0.785548,-0.025458,-0.017680,-0.704621,0.708907,0.137114,0.146800,0.335167,0.120815,-0.170483,-0.152435,0.055168,-0.032927,0.140147,0.173694,-0.158689,0.100239,-0.045085,-0.001986,0.157601,0.001535,0.377253,-0.609851,0.894425,0.307829,-0.085446,-0.042780,-0.014101,-0.325262,0.614015,0.971882,-0.110227,0.040688,-0.129234
0.006501,0.675012,0.785568,-0.025356,-0.017652,-0.704576,0.708956,0.136658,0.146594,0.335067,0.120810,-0.170304,-0.152339,0.054895,-0.033161,0.140000,0.173427,-0.158425,0.100673,-0.045076,-0.001967,0.157906,0.001562,0.377295,-0.609815,0.894051,0.307781,-0.085296,-0.042559,-0.014167,-0.325266,0.614099,0.971896,-0.109900,0.040552,-0.129667
0.006559,0.675162,0.785598,-0.025247,-0.017603,-0.704524,0.709012,0.136148,0.146378,0.334947,0.120791,-0.170104,-0.152201,0.054595,-0.033406,0.139834,0.173113,-0.158122,0.101109,-0.045159,-0.001934,0.158226,0.001619,0.377374,-0.609816,0.893610,0.307651,-0.085140,-0.042322,-0.014313,-0.325283,0.614334,0.971960,-0.109469,0.040443,-0.130107
0.006605,0.675279,0.785630,-0.025111,-0.017545,-0.704468,0.709075,0.135560,0.146145,0.334791,0.120770,-0.169884,-0.151960,0.054197,-0.033666,0.139695,0.172873,-0.157822,0.101392,-0.045259,-0.001905,0.158518,0.001700,0.377438,-0.609787,0.893224,0.307645,-0.085077,-0.042080,-0.014357,-0.325301,0.614403,0.971976,-0.109210,0.040396,-0.130398
0.006659,0.675422,0.785655,-0.024940,-0.017466,-0.704408,0.709142,0.134856,0.145887,0.334584,0.120785,-0.169665,-0.151530,0.053582,-0.033929,0.139608,0.172906,-0.157607,0.101424,-0.045441,-0.001855,0.158813,0.001873,0.377504,-0.609630,0.892779,0.307872,-0.085138,-0.041803,-0.014337,-0.325318,0.614209,0.971909,-0.109219,0.040443,-0.130463
0.006753,0.675598,0.785682,-0.024748,-0.017367,-0.704344,0.709214,0.134068,0.145599,0.334346,0.120791,-0.169419,-0.150967,0.052776,-0.034203,0.139555,0.173184,-0.157471,0.101307,-0.045671,-0.001802,0.159107,0.002080,0.377545,-0.609427,0.892321,0.308255,-0.085268,-0.041503,-0.014262,-0.325326,0.613842,0.971797,-0.109439,0.040568,-0.130387
0.006795,0.675756,0.785703,-0.024548,-0.017254,-0.704271,0.709297,0.133229,0.145313,0.334075,0.120797,-0.169162,-0.150418,0.051972,-0.034480,0.139476,0.173387,-0.157299,0.101185,-0.045820,-0.001747,0.159525,0.002235,0.377617,-0.609119,0.891811,0.308732,-0.085444,-0.041298,-0.014124,-0.325342,0.613114,0.971615,-0.109867,0.040678,-0.130198
0.006842,0.675910,0.785710,-0.024346,-0.017148,-0.704187,0.709390,0.132404,0.145047,0.333788,0.120787,-0.168897,-0.150029,0.051315,-0.034753,0.139331,0.173319,-0.157021,0.101197,-0.045979,-0.001690,0.159851,0.002335,0.377636,-0.609037,0.891495,0.308853,-0.085557,-0.041136,-0.013977,-0.325346,0.612861,0.971601,-0.109943,0.040738,-0.130150
0.006872,0.676038,0.785724,-0.024181,-0.017041,-0.704094,0.709490,0.131644,0.144809,0.333496,0.120772,-0.168647,-0.149886,0.050791,-0.035004,0.139116,0.173114,-0.156736,0.101434,-0.046064,-0.001628,0.160225,0.002414,0.377644,-0.609012,0.891262,0.308664,-0.085617,-0.041125,-0.013786,-0.325348,0.612748,0.971719,-0.109773,0.040694,-0.130190
0.006885,0.676183,0.785729,-0.023956,-0.016895,-0.703971,0.709624,0.130689,0.144562,0.333110,0.120757,-0.168362,-0.149877,0.050171,-0.035275,0.138785,0.172802,-0.156414,0.101811,-0.046069,-0.001553,0.160612,0.002373,0.377680,-0.609041,0.890948,0.308272,-0.085611,-0.041266,-0.013583,-0.325366,0.612503,0.971877,-0.109511,0.040563,-0.130280
0.006953,0.676354,0.785742,-0.023759,-0.016755,-0.703847,0.709756,0.129808,0.144336,0.332737,0.120726,-0.168083,-0.149907,0.049659,-0.035530,0.138443,0.172389,-0.156053,0.102185,-0.046025,-0.001486,0.161006,0.002298,0.377745,-0.609247,0.890745,0.307762,-0.085608,-0.041384,-0.013281,-0.325409,0.612393,0.972002,-0.109232,0.040453,-0.130357
0.007004,0.676496,0.785753,-0.023552,-0.016605,-0.703717,0.709896,0.128872,0.144119,0.332336,0.120708,-0.167791,-0.149851,0.049085,-0.035784,0.138096,0.172040,-0.155706,0.102420,-0.046115,-0.001415,0.161370,0.002311,0.377763,-0.609322,0.890564,0.307507,-0.085629,-0.041404,-0.013114,-0.325427,0.612408,0.972219,-0.109207,0.040427,-0.130346
0.007059,0.676644,0.785771,-0.023339,-0.016447,-0.703576,0.710046,0.127910,0.143913,0.331905,0.120689,-0.167485,-0.149683,0.048378,-0.036020,0.137717,0.171955,-0.155479,0.102457,-0.046263,-0.001344,0.161732,0.002356,0.377770,-0.609348,0.890408,0.307585,-0.085706,-0.041275,-0.012968,-0.325441,0.612416,0.972385,-0.109668,0.040529,-0.130182
0.007120,0.676772,0.785787,-0.023102,-0.016241,-0.703412,0.710221,0.126801,0.143718,0.331404,0.120684,-0.167153,-0.149456,0.047541,-0.036256,0.137269,0.171929,-0.155266,0.102374,-0.046509,-0.001266,0.162042,0.002412,0.377775,-0.609325,0.890251,0.307849,-0.085797,-0.041057,-0.012891,-0.325480,0.612400,0.972555,-0.110518,0.040726,-0.129883
0.007159,0.676917,0.785800,-0.022863,-0.016055,-0.703256,0.710387,0.125727,0.143513,0.330924,0.120680,-0.166833,-0.149193,0.046726,-0.036499,0.136853,0.171905,-0.155049,0.102274,-0.046746,-0.001179,0.162441,0.002454,0.377764,-0.609266,0.890093,0.308174,-0.085884,-0.040852,-0.012838,-0.325527,0.612394,0.972696,-0.111343,0.040925,-0.129565
0.007178,0.677107,0.785830,-0.022636,-0.015882,-0.703124,0.710530,0.124711,0.143272,0.330501,0.120669,-0.166542,-0.148909,0.045944,-0.036769,0.136517,0.171844,-0.154798,0.102261,-0.046907,-0.001117,0.162907,0.002445,0.377754,-0.609281,0.889953,0.308359,-0.085907,-0.040735,-0.012851,-0.325550,0.612438,0.972916,-0.111751,0.041053,-0.129340
0.007219,0.677269,0.785877,-0.022392,-0.015729,-0.703020,0.710644,0.123695,0.142978,0.330134,0.120666,-0.166289,-0.148575,0.045169,-0.037088,0.136284,0.171711,-0.154486,0.102366,-0.047032,-0.001043,0.163568,0.002272,0.377719,-0.609332,0.889808,0.308281,-0.085840,-0.040704,-0.013112,-0.325615,0.612543,0.973241,-0.111510,0.041061,-0.129202
0.007327,0.677450,0.785905,-0.022138,-0.015594,-0.702936,0.710737,0.122706,0.142640,0.329811,0.120662,-0.166063,-0.148194,0.044337,-0.037432,0.136128,0.171680,-0.154204,0.102533,-0.047098,-0.000987,0.164338,0.002033,0.377673,-0.609428,0.889663,0.308084,-0.085707,-0.040722,-0.013434,-0.325687,0.612666,0.973577,-0.110879,0.041010,-0.129125
0.007392,0.677603,0.785926,-0.021903,-0.015464,-0.702862,0.710821,0.121771,0.142295,0.329525,0.120648,-0.165842,-0.147822,0.043595,-0.037787,0.136003,0.171534,-0.153870,0.102736,-0.047124,-0.000924,0.165076,0.001737,0.377617,-0.609642,0.889623,0.307816,-0.085568,-0.040805,-0.013773,-0.325770,0.612890,0.973989,-0.110118,0.040945,-0.129091
0.007449,0.677758,0.785935,-0.021685,-0.015354,-0.702788,0.710903,0.120920,0.141963,0.329271,0.120640,-0.165619,-0.147517,0.042881,-0.038121,0.135874,0.171499,-0.153636,0.102954,-0.047120,-0.000839,0.165566,0.001397,0.377522,-0.610138,0.889873,0.307475,-0.085474,-0.040930,-0.014086,-0.325886,0.613449,0.974608,-0.109337,0.040908,-0.129119
0.007519,0.677881,0.785939,-0.021505,-0.015257,-0.702713,0.710985,0.120190,0.141661,0.329064,0.120627,-0.165381,-0.147308,0.042318,-0.038432,0.135730,0.171381,-0.153411,0.103189,-0.047099,-0.000728,0.165723,0.001038,0.377373,-0.610953,0.890480,0.307091,-0.085446,-0.041131,-0.014361,-0.326031,0.614435,0.975504,-0.108621,0.040917,-0.129230
0.007588,0.678032,0.785934,-0.021339,-0.015187,-0.702642,0.711062,0.119558,0.141370,0.328897,0.120616,-0.165148,-0.147157,0.041827,-0.038727,0.135593,0.171279,-0.153229,0.103450,-0.047048,-0.000613,0.165707,0.000665,0.377230,-0.611934,0.891289,0.306692,-0.085460,-0.041425,-0.014646,-0.326150,0.615648,0.976610,-0.107932,0.040940,-0.129394
0.007652,0.678177,0.785936,-0.021191,-0.015118,-0.702571,0.711137,0.118963,0.141091,0.328747,0.120602,-0.164911,-0.147032,0.041451,-0.039022,0.135455,0.171010,-0.152974,0.103721,-0.047016,-0.000462,0.165542,0.000279,0.377011,-0.613100,0.892269,0.306207,-0.085471,-0.041710,-0.014946,-0.326287,0.617154,0.977854,-0.107116,0.040975,-0.129618
