-0.002312,0.022707,0.787613,-0.015080,-0.007525,-0.692558,0.721166,0.079333,0.144917,0.324821,0.126435,-0.154526,-0.126464,0.045350,-0.090475,-0.216169,0.153573,-0.143928,0.068783,-0.064868,0.015069,0.161123,-0.070315,0.347960,-0.718696,0.922428,0.368348,-0.095850,-0.035338,-0.080120,-0.311016,0.706042,0.957768,-0.176976,0.076122,-0.051036
-0.002420,0.022858,0.787662,-0.015122,-0.007471,-0.692768,0.720963,0.078802,0.145536,0.325290,0.126958,-0.153787,-0.126493,0.044698,-0.089972,-0.215703,0.153743,-0.143478,0.068294,-0.063656,0.015799,0.162276,-0.069536,0.348343,-0.716211,0.917652,0.368399,-0.098161,-0.031674,-0.080857,-0.311229,0.705584,0.957615,-0.177347,0.076512,-0.051276
-0.002557,0.023054,0.787728,-0.015149,-0.007419,-0.692978,0.720761,0.078276,0.146111,0.325765,0.127483,-0.153114,-0.126478,0.044068,-0.089511,-0.215215,0.153867,-0.143043,0.067856,-0.062942,0.016485,0.163437,-0.068379,0.348908,-0.713109,0.912724,0.368726,-0.100582,-0.028116,-0.081915,-0.311477,0.705654,0.957672,-0.177568,0.076873,-0.051554
-0.002756,0.023351,0.787792,-0.015208,-0.007361,-0.693189,0.720557,0.077725,0.146767,0.326230,0.128041,-0.152327,-0.126550,0.043402,-0.088971,-0.214767,0.154058,-0.142557,0.067315,-0.061965,0.017242,0.164656,-0.067344,0.349385,-0.710147,0.907616,0.368844,-0.102861,-0.024451,-0.082921,-0.311629,0.705472,0.957646,-0.177957,0.077281,-0.051764
-0.003006,0.023749,0.787849,-0.015351,-0.007288,-0.693401,0.720352,0.077097,0.147670,0.326656,0.128716,-0.151273,-0.126843,0.042701,-0.088184,-0.214435,0.154300,-0.141868,0.066513,-0.060832,0.018218,0.166214,-0.066008,0.349958,-0.706621,0.901340,0.368755,-0.104829,-0.020650,-0.084096,-0.311750,0.705129,0.957289,-0.178691,0.077814,-0.051758
-0.003295,0.024182,0.787920,-0.015622,-0.007224,-0.693618,0.720137,0.076466,0.148886,0.327019,0.129563,-0.150003,-0.127441,0.042053,-0.087080,-0.214253,0.154601,-0.140943,0.065341,-0.059510,0.019454,0.168221,-0.064445,0.350725,-0.702700,0.893749,0.368537,-0.106370,-0.016395,-0.085445,-0.311841,0.704470,0.956599,-0.179720,0.078512,-0.051294
-0.003552,0.024647,0.788016,-0.016006,-0.007139,-0.693838,0.719918,0.075826,0.150379,0.327335,0.130530,-0.148569,-0.128254,0.041422,-0.085712,-0.214187,0.154994,-0.139876,0.063903,-0.058041,0.020895,0.170576,-0.062627,0.351769,-0.698488,0.885024,0.368198,-0.107603,-0.011846,-0.086905,-0.311899,0.703542,0.955633,-0.180992,0.079324,-0.050506
-0.003860,0.025196,0.788098,-0.016455,-0.006927,-0.694025,0.719730,0.072135,0.153220,0.327128,0.137721,-0.150056,-0.129205,0.040738,-0.083950,-0.214305,0.155090,-0.138497,0.062341,-0.055936,0.022759,0.172821,-0.061190,0.352343,-0.694634,0.876270,0.367165,-0.108648,-0.007437,-0.088056,-0.311905,0.702110,0.954312,-0.182700,0.080194,-0.049874
-0.004257,0.025812,0.788165,-0.016936,-0.006502,-0.694165,0.719587,0.064919,0.157570,0.326334,0.151728,-0.154657,-0.130186,0.039926,-0.081720,-0.214606,0.154669,-0.136735,0.060799,-0.054502,0.024943,0.175368,-0.058000,0.353971,-0.688489,0.864866,0.365722,-0.109758,-0.004214,-0.089735,-0.311940,0.701456,0.952384,-0.185036,0.081073,-0.049748
-0.004652,0.026448,0.788228,-0.017413,-0.005911,-0.694271,0.719479,0.056904,0.162347,0.325464,0.166551,-0.159175,-0.131111,0.039017,-0.079136,-0.215027,0.153686,-0.134513,0.059340,-0.052566,0.027421,0.177773,-0.054446,0.355622,-0.681850,0.852378,0.363224,-0.110754,-0.002147,-0.091076,-0.311940,0.700460,0.949728,-0.188420,0.082094,-0.050350
-0.005079,0.027233,0.788305,-0.017906,-0.005192,-0.694352,0.719394,0.048029,0.167605,0.324462,0.182551,-0.163914,-0.132047,0.037824,-0.076260,-0.215534,0.152724,-0.132146,0.057863,-0.050412,0.030218,0.180193,-0.050459,0.357240,-0.674390,0.838806,0.360068,-0.111631,-0.000924,-0.092334,-0.311920,0.699295,0.946514,-0.192667,0.083241,-0.051407
-0.005560,0.028010,0.788374,-0.018329,-0.004453,-0.694436,0.719307,0.039005,0.172821,0.323451,0.198337,-0.168149,-0.133007,0.036506,-0.073371,-0.216036,0.151524,-0.129593,0.056376,-0.048011,0.033026,0.182658,-0.045997,0.359001,-0.666461,0.824506,0.356130,-0.112596,-0.000130,-0.093663,-0.311922,0.698565,0.942937,-0.196873,0.084233,-0.052814
-0.006107,0.028878,0.788441,-0.018602,-0.003791,-0.694554,0.719190,0.030420,0.177512,0.322548,0.212772,-0.171324,-0.134009,0.034887,-0.070835,-0.216407,0.150499,-0.127177,0.054876,-0.045128,0.035573,0.185147,-0.041323,0.360841,-0.658702,0.810204,0.351250,-0.113854,0.000701,-0.095026,-0.311995,0.698617,0.939115,-0.200206,0.084783,-0.054463
-0.006676,0.029788,0.788512,-0.018729,-0.003198,-0.694732,0.719018,0.022319,0.181737,0.321878,0.225843,-0.173502,-0.135075,0.032950,-0.068599,-0.216611,0.149634,-0.124910,0.053356,-0.041668,0.037896,0.187632,-0.036323,0.362784,-0.651050,0.795542,0.345430,-0.115345,0.001478,-0.096369,-0.312190,0.699574,0.934949,-0.202436,0.084871,-0.056586
-0.007320,0.030715,0.788610,-0.018747,-0.002634,-0.694947,0.718811,0.014372,0.185697,0.321349,0.238181,-0.174975,-0.136193,0.030758,-0.066534,-0.216718,0.148800,-0.122672,0.051817,-0.037232,0.040216,0.189955,-0.031786,0.364170,-0.644030,0.781395,0.338659,-0.116982,0.002159,-0.097366,-0.312427,0.700642,0.930439,-0.204143,0.084619,-0.059141
-0.007943,0.031703,0.788742,-0.018581,-0.002178,-0.695158,0.718613,0.006694,0.189065,0.320783,0.249433,-0.175438,-0.137322,0.028233,-0.064927,-0.216746,0.148277,-0.120598,0.050289,-0.033399,0.042122,0.192622,-0.025815,0.366494,-0.635778,0.766042,0.331170,-0.119011,0.002706,-0.098986,-0.312944,0.703371,0.925610,-0.205115,0.084017,-0.061658
-0.008684,0.032731,0.788945,-0.018174,-0.001894,-0.695320,0.718468,-0.000611,0.191528,0.320000,0.259266,-0.174589,-0.138423,0.025371,-0.064028,-0.216732,0.148173,-0.118716,0.048794,-0.029034,0.043524,0.195384,-0.020376,0.368865,-0.628522,0.752191,0.322512,-0.121565,0.003710,-0.100526,-0.313571,0.706187,0.920645,-0.205921,0.082971,-0.063608
-0.009455,0.033834,0.789181,-0.017527,-0.001810,-0.695461,0.718348,-0.007513,0.193030,0.319031,0.267734,-0.172338,-0.139449,0.022133,-0.063919,-0.216567,0.148624,-0.117012,0.047364,-0.024366,0.044391,0.198332,-0.015219,0.371269,-0.622031,0.739753,0.311867,-0.125080,0.005411,-0.102263,-0.314348,0.709616,0.915716,-0.206335,0.081330,-0.064997
-0.010211,0.034966,0.789470,-0.016661,-0.001891,-0.695589,0.718244,-0.014091,0.193742,0.317954,0.275019,-0.168853,-0.140432,0.018617,-0.064443,-0.216279,0.149363,-0.115377,0.045988,-0.019367,0.044842,0.201425,-0.010204,0.373709,-0.616077,0.728304,0.299596,-0.129352,0.007547,-0.104088,-0.315275,0.713652,0.910645,-0.206319,0.079173,-0.066045
-0.011035,0.036128,0.789753,-0.015570,-0.002081,-0.695638,0.718220,-0.020414,0.193667,0.316661,0.280975,-0.164305,-0.141459,0.014634,-0.065588,-0.216067,0.150709,-0.114143,0.044634,-0.014222,0.044885,0.204548,-0.005430,0.376155,-0.610362,0.718101,0.287599,-0.133647,0.009639,-0.105994,-0.316336,0.718004,0.905474,-0.206185,0.076796,-0.066603
-0.011942,0.037372,0.790088,-0.014240,-0.002339,-0.695539,0.718343,-0.026563,0.192817,0.315037,0.285502,-0.158814,-0.142624,0.010423,-0.067256,-0.216162,0.152095,-0.113161,0.043259,-0.009106,0.044538,0.207589,-0.001027,0.378553,-0.604615,0.709435,0.277758,-0.137212,0.011245,-0.107895,-0.317469,0.722325,0.900161,-0.206287,0.074500,-0.066520
-0.012898,0.038657,0.790433,-0.012665,-0.002723,-0.695296,0.718607,-0.032602,0.191131,0.312994,0.288854,-0.152327,-0.144018,0.005937,-0.069584,-0.216529,0.153767,-0.112625,0.041862,-0.003976,0.043697,0.210628,0.002927,0.380867,-0.599072,0.702603,0.270025,-0.140301,0.012671,-0.109914,-0.318656,0.726920,0.894922,-0.206449,0.072125,-0.065911
-0.013884,0.039951,0.790801,-0.010859,-0.003228,-0.694936,0.718982,-0.038476,0.188620,0.310620,0.291001,-0.144801,-0.145580,0.001154,-0.072564,-0.217063,0.155764,-0.112461,0.040451,0.001243,0.042391,0.213676,0.006479,0.383079,-0.593792,0.697455,0.263587,-0.143159,0.014037,-0.112045,-0.319888,0.731843,0.889734,-0.206581,0.069593,-0.064808
-0.014939,0.041217,0.791177,-0.008813,-0.003732,-0.694427,0.719499,-0.044074,0.185414,0.308055,0.291375,-0.136391,-0.147195,-0.003962,-0.075945,-0.217896,0.157854,-0.112487,0.039021,0.006409,0.040817,0.216490,0.009709,0.385158,-0.588226,0.693630,0.259189,-0.145000,0.014660,-0.114129,-0.321133,0.736400,0.884377,-0.207139,0.067304,-0.062956
-0.016039,0.042508,0.791525,-0.006527,-0.004106,-0.693736,0.720188,-0.049354,0.181620,0.305435,0.289552,-0.127330,-0.148750,-0.009521,-0.079551,-0.219113,0.159948,-0.112593,0.037540,0.011697,0.039165,0.218656,0.012066,0.386633,-0.582361,0.691593,0.257534,-0.145026,0.013967,-0.116015,-0.322105,0.739559,0.879062,-0.208693,0.065642,-0.060112
-0.017166,0.043822,0.791918,-0.003964,-0.004332,-0.692863,0.721046,-0.054455,0.177298,0.302920,0.285666,-0.117601,-0.149782,-0.015630,-0.083393,-0.220668,0.162073,-0.112831,0.035926,0.016238,0.037246,0.220528,0.014989,0.388489,-0.574842,0.689629,0.259527,-0.142626,0.011226,-0.117992,-0.323362,0.742590,0.873102,-0.211171,0.064725,-0.056222
-0.018365,0.045076,0.792273,-0.001145,-0.004465,-0.691819,0.722057,-0.059345,0.172440,0.300382,0.279820,-0.107087,-0.150515,-0.022194,-0.087530,-0.222531,0.164227,-0.113222,0.034208,0.020935,0.035099,0.221945,0.017270,0.390133,-0.567186,0.689208,0.264417,-0.138344,0.007099,-0.119757,-0.324534,0.744698,0.867001,-0.214617,0.064291,-0.051400
-0.019664,0.046266,0.792654,0.001811,-0.004451,-0.690584,0.723236,-0.063575,0.167123,0.297503,0.271240,-0.095718,-0.151855,-0.028967,-0.091714,-0.224864,0.166151,-0.113541,0.032520,0.025374,0.032998,0.222946,0.019416,0.391548,-0.558688,0.689621,0.270969,-0.133224,0.002238,-0.121418,-0.325647,0.745544,0.860583,-0.218515,0.064335,-0.045674
-0.020926,0.047467,0.793029,0.004758,-0.004215,-0.689142,0.724598,-0.066708,0.161456,0.293932,0.259200,-0.083459,-0.154699,-0.035658,-0.095667,-0.227848,0.167504,-0.113514,0.030992,0.029346,0.031236,0.223534,0.021773,0.392722,-0.548912,0.690267,0.277894,-0.128283,-0.002649,-0.122960,-0.326764,0.744525,0.853657,-0.222436,0.064841,-0.039051
-0.022168,0.048644,0.793404,0.007774,-0.003689,-0.687487,0.726146,-0.068785,0.155375,0.289774,0.243319,-0.070187,-0.158600,-0.042433,-0.099400,-0.231522,0.168168,-0.113010,0.029705,0.032920,0.029840,0.223525,0.024288,0.393563,-0.537788,0.691540,0.285533,-0.123219,-0.008088,-0.124331,-0.327882,0.741400,0.846239,-0.227112,0.066305,-0.030601
-0.023420,0.049789,0.793739,0.010852,-0.002893,-0.685625,0.727868,-0.069971,0.149026,0.285060,0.224081,-0.055972,-0.163284,-0.049289,-0.102950,-0.235804,0.168232,-0.112146,0.028544,0.036177,0.028758,0.222961,0.026793,0.394055,-0.525577,0.693632,0.294350,-0.117706,-0.014229,-0.125554,-0.328983,0.736503,0.838433,-0.232511,0.068541,-0.020616
-0.024653,0.050866,0.794055,0.013743,-0.001913,-0.683557,0.729765,-0.069728,0.142766,0.279349,0.201484,-0.040925,-0.169917,-0.055611,-0.106008,-0.240772,0.167525,-0.110945,0.027399,0.038794,0.028223,0.222294,0.029692,0.394383,-0.512084,0.695338,0.303265,-0.112692,-0.019826,-0.126637,-0.330325,0.730189,0.829835,-0.237004,0.070571,-0.010920
-0.025840,0.052057,0.794298,0.016186,-0.000820,-0.681284,0.731839,-0.067536,0.136959,0.272174,0.175585,-0.025170,-0.179673,-0.060793,-0.108198,-0.246514,0.165867,-0.109430,0.026135,0.040863,0.028512,0.221811,0.032850,0.394597,-0.497798,0.696003,0.311026,-0.109051,-0.023488,-0.127461,-0.331845,0.722366,0.820349,-0.239060,0.071434,-0.003369
-0.027079,0.053187,0.794479,0.018054,0.000479,-0.678750,0.734148,-0.062508,0.131596,0.263346,0.144097,-0.007432,-0.193928,-0.064469,-0.109076,-0.253367,0.162677,-0.107384,0.024720,0.042176,0.029932,0.221585,0.036506,0.394798,-0.482401,0.695651,0.317863,-0.107262,-0.024725,-0.127849,-0.333671,0.712755,0.809745,-0.238094,0.070747,0.002017
-0.028290,0.054293,0.794580,0.019407,0.002061,-0.675960,0.736680,-0.058478,0.127746,0.252521,0.115040,0.008055,-0.211739,-0.066747,-0.108571,-0.261317,0.157645,-0.104585,0.023176,0.042866,0.032506,0.221429,0.040593,0.394979,-0.465964,0.694552,0.324175,-0.106722,-0.024277,-0.127804,-0.335767,0.701334,0.798115,-0.235005,0.069099,0.006084
-0.029415,0.055386,0.794579,0.020348,0.003760,-0.673023,0.739332,-0.065880,0.127788,0.238704,0.112185,0.008510,-0.230761,-0.068151,-0.107215,-0.269829,0.151876,-0.101507,0.021500,0.043087,0.035855,0.221435,0.045044,0.395182,-0.448820,0.691857,0.329099,-0.106718,-0.022728,-0.127648,-0.338176,0.688904,0.785516,-0.230321,0.067034,0.008285
-0.030526,0.056453,0.794491,0.021048,0.005353,-0.670054,0.741995,-0.072357,0.128084,0.223995,0.109879,0.007300,-0.248566,-0.069068,-0.105682,-0.278308,0.146168,-0.098449,0.019700,0.043028,0.039404,0.221713,0.049802,0.395462,-0.431283,0.686687,0.331806,-0.106547,-0.020665,-0.127685,-0.340916,0.676239,0.771975,-0.224588,0.065075,0.008056
-0.031494,0.057616,0.794329,0.021583,0.006761,-0.667014,0.744702,-0.078675,0.127684,0.206585,0.108796,0.004008,-0.261800,-0.070318,-0.104674,-0.286617,0.142367,-0.096346,0.017986,0.042510,0.042961,0.222341,0.055112,0.395803,-0.412804,0.678666,0.331721,-0.106094,-0.018204,-0.127994,-0.344032,0.663446,0.757369,-0.217193,0.063180,0.004610
-0.032304,0.058803,0.794124,0.022244,0.007936,-0.663653,0.747668,-0.085054,0.124805,0.187019,0.107925,-0.000627,-0.261800,-0.073055,-0.105346,-0.295193,0.142506,-0.096232,0.016650,0.040933,0.046180,0.223042,0.061000,0.396152,-0.393363,0.668205,0.329387,-0.105710,-0.015050,-0.128401,-0.347575,0.650190,0.741680,-0.208098,0.061076,-0.001518
-0.033064,0.059996,0.794074,0.022822,0.008900,-0.660297,0.750605,-0.089879,0.122272,0.169312,0.107456,-0.006714,-0.261800,-0.075418,-0.106178,-0.303639,0.142807,-0.096184,0.015185,0.039212,0.049165,0.223992,0.066871,0.396636,-0.374104,0.655787,0.325687,-0.105428,-0.011178,-0.128818,-0.351457,0.636527,0.725089,-0.198715,0.058956,-0.008963
-0.033879,0.061271,0.794098,0.023504,0.009659,-0.656943,0.753512,-0.092591,0.120860,0.157490,0.107366,-0.014090,-0.261800,-0.077627,-0.107396,-0.311989,0.143103,-0.096044,0.013555,0.037464,0.051548,0.224897,0.072182,0.397456,-0.356223,0.641808,0.321450,-0.105264,-0.006550,-0.129281,-0.355540,0.622519,0.707972,-0.190459,0.057030,-0.016371
-0.034854,0.062474,0.794170,0.024306,0.010263,-0.653570,0.756406,-0.093097,0.121006,0.152587,0.107643,-0.024016,-0.261800,-0.079756,-0.108925,-0.320323,0.143302,-0.095718,0.011704,0.035649,0.053299,0.225657,0.077001,0.398769,-0.339897,0.626034,0.316153,-0.105253,-0.000541,-0.129871,-0.359707,0.608007,0.690351,-0.183008,0.055238,-0.023869
-0.035996,0.063682,0.794291,0.025147,0.010745,-0.650157,0.759308,-0.091798,0.122401,0.152491,0.108157,-0.035987,-0.261800,-0.081611,-0.110603,-0.328704,0.143197,-0.095148,0.009661,0.033684,0.054571,0.226348,0.081609,0.400629,-0.324557,0.608255,0.309527,-0.105392,0.006610,-0.130600,-0.363926,0.592991,0.672203,-0.175871,0.053484,-0.032030
-0.037096,0.064931,0.794510,0.026075,0.011089,-0.646695,0.762222,-0.088915,0.124745,0.156519,0.108745,-0.047231,-0.261800,-0.083382,-0.112631,-0.337099,0.143167,-0.094572,0.007525,0.031619,0.055320,0.226923,0.085839,0.403055,-0.310222,0.588843,0.302857,-0.105620,0.013629,-0.131320,-0.368163,0.577734,0.653702,-0.170232,0.051997,-0.040184
-0.038224,0.066167,0.794775,0.027137,0.011272,-0.643184,0.765148,-0.084666,0.127711,0.163963,0.109273,-0.054992,-0.261800,-0.085415,-0.115289,-0.345430,0.143968,-0.094422,0.005401,0.029539,0.055505,0.227343,0.089431,0.406040,-0.296970,0.568272,0.297397,-0.105842,0.019258,-0.131893,-0.372375,0.562481,0.635046,-0.167263,0.051032,-0.047666
-0.039434,0.067389,0.795079,0.028371,0.011275,-0.639591,0.768109,-0.078858,0.131330,0.175213,0.109723,-0.058301,-0.261800,-0.087533,-0.118612,-0.353783,0.145254,-0.094513,0.003204,0.027434,0.055021,0.227545,0.092327,0.409618,-0.284929,0.546503,0.293534,-0.106038,0.023284,-0.132277,-0.376487,0.547100,0.616207,-0.167904,0.050828,-0.054472
-0.040673,0.068546,0.795449,0.029740,0.011081,-0.635956,0.771072,-0.071333,0.135610,0.190510,0.110266,-0.058826,-0.261800,-0.089578,-0.122474,-0.362076,0.146807,-0.094724,0.000913,0.025332,0.053876,0.227607,0.094645,0.413819,-0.274030,0.523365,0.290561,-0.106227,0.026339,-0.132617,-0.380477,0.531539,0.597213,-0.171335,0.051237,-0.060914
-0.041873,0.069702,0.795856,0.031159,0.010690,-0.632386,0.773953,-0.062306,0.140219,0.208888,0.110986,-0.057775,-0.261800,-0.091636,-0.126808,-0.370036,0.148977,-0.095284,-0.001280,0.023381,0.052247,0.227717,0.096444,0.418580,-0.264026,0.499063,0.288157,-0.106359,0.028437,-0.133030,-0.384384,0.516152,0.578260,-0.176049,0.051944,-0.066790
-0.043073,0.070897,0.796199,0.032533,0.010111,-0.628991,0.776666,-0.052424,0.144991,0.229355,0.112857,-0.056853,-0.261680,-0.093785,-0.131577,-0.377377,0.152049,-0.096332,-0.003105,0.021714,0.050367,0.228069,0.097720,0.423780,-0.254669,0.473882,0.286021,-0.106390,0.029606,-0.133645,-0.388283,0.501324,0.559534,-0.180545,0.052615,-0.071918
-0.044067,0.072095,0.796483,0.034164,0.009321,-0.625546,0.779383,-0.041731,0.148104,0.252223,0.114557,-0.055187,-0.251148,-0.097201,-0.138045,-0.384312,0.157949,-0.098783,-0.004239,0.019728,0.047995,0.228262,0.098622,0.429290,-0.245901,0.447606,0.284515,-0.106267,0.029468,-0.134403,-0.392282,0.487003,0.540886,-0.185035,0.053316,-0.076025
-0.045004,0.073385,0.796781,0.035755,0.008367,-0.622241,0.781964,-0.029500,0.151582,0.278174,0.116502,-0.052743,-0.240529,-0.100487,-0.144775,-0.390746,0.164194,-0.101445,-0.005132,0.017934,0.045494,0.228569,0.099087,0.435110,-0.237830,0.420222,0.283718,-0.106028,0.028134,-0.135241,-0.396391,0.473062,0.522198,-0.190083,0.054186,-0.079291
-0.045877,0.074601,0.797046,0.037283,0.007371,-0.618979,0.784488,-0.016435,0.155300,0.305075,0.118673,-0.049972,-0.229830,-0.103687,-0.151572,-0.397012,0.170660,-0.104244,-0.005876,0.016151,0.042991,0.228918,0.098877,0.441240,-0.230539,0.392276,0.282799,-0.105735,0.026398,-0.136305,-0.400632,0.459779,0.503807,-0.194766,0.054965,-0.082129
-0.046697,0.075794,0.797307,0.038699,0.006485,-0.615651,0.787041,-0.010047,0.161542,0.329626,0.135973,-0.055186,-0.219160,-0.106413,-0.157972,-0.403568,0.176212,-0.106575,-0.006578,0.014157,0.040698,0.229228,0.097830,0.447663,-0.224071,0.364238,0.280959,-0.105450,0.025047,-0.137759,-0.405018,0.447459,0.486074,-0.198132,0.055387,-0.084966
-0.047602,0.077050,0.797525,0.040019,0.005704,-0.612246,0.789634,-0.008305,0.170228,0.352395,0.164433,-0.065944,-0.208225,-0.108957,-0.164122,-0.410433,0.181525,-0.108797,-0.007217,0.011918,0.038591,0.229456,0.095898,0.454406,-0.218580,0.336199,0.277684,-0.105340,0.024263,-0.139610,-0.409561,0.436189,0.468985,-0.199896,0.055346,-0.087843
-0.048404,0.078254,0.797701,0.041190,0.005016,-0.608805,0.792234,-0.005801,0.179922,0.374990,0.192871,-0.076244,-0.197089,-0.111191,-0.169896,-0.417521,0.186443,-0.110844,-0.007785,0.009521,0.036772,0.229639,0.093216,0.461469,-0.214014,0.307859,0.273499,-0.105309,0.023628,-0.141752,-0.414265,0.425800,0.452354,-0.200568,0.054995,-0.090554
-0.049169,0.079474,0.797846,0.042110,0.004531,-0.605305,0.794866,-0.002839,0.190511,0.395951,0.220746,-0.086551,-0.186461,-0.112790,-0.174814,-0.424992,0.190132,-0.112299,-0.008393,0.006914,0.035530,0.229782,0.089782,0.468769,-0.210105,0.279278,0.269168,-0.105071,0.023061,-0.144242,-0.419136,0.416256,0.436412,-0.200423,0.054417,-0.093162
-0.049882,0.080631,0.797917,0.042756,0.004307,-0.601724,0.797547,0.000417,0.201533,0.413895,0.247031,-0.097054,-0.177053,-0.114056,-0.178867,-0.432830,0.193114,-0.113426,-0.009108,0.004038,0.034981,0.229877,0.085593,0.476170,-0.206557,0.250525,0.265487,-0.104344,0.022482,-0.147136,-0.424170,0.407546,0.421368,-0.199730,0.053723,-0.095735
-0.050595,0.081870,0.797964,0.043098,0.004371,-0.598056,0.800282,0.003819,0.212950,0.428376,0.271734,-0.108121,-0.169338,-0.114831,-0.181873,-0.441077,0.194976,-0.114020,-0.010021,0.000814,0.035227,0.229888,0.080637,0.483612,-0.203347,0.221531,0.262902,-0.102871,0.021863,-0.150627,-0.429393,0.399976,0.407387,-0.198069,0.052862,-0.098515
-0.051280,0.083164,0.797927,0.043213,0.004650,-0.594314,0.803058,0.007466,0.224659,0.440215,0.295047,-0.119388,-0.162867,-0.115234,-0.184112,-0.449655,0.196011,-0.114218,-0.011045,-0.002730,0.036076,0.229820,0.074902,0.491092,-0.200594,0.192329,0.260961,-0.100876,0.021253,-0.154689,-0.434807,0.393510,0.394380,-0.195443,0.051800,-0.101404
-0.051876,0.084418,0.797879,0.043342,0.004974,-0.590507,0.805852,0.011339,0.235838,0.450018,0.316634,-0.130030,-0.156932,-0.116835,-0.187026,-0.458115,0.199739,-0.115807,-0.011926,-0.006469,0.036921,0.229686,0.068344,0.498553,-0.198243,0.163200,0.259119,-0.098790,0.020687,-0.159031,-0.440341,0.387597,0.382209,-0.192813,0.050664,-0.103960
-0.052446,0.085667,0.797804,0.043455,0.005349,-0.586629,0.808672,0.015223,0.246492,0.458135,0.336635,-0.139455,-0.150966,-0.118201,-0.189893,-0.466797,0.202964,-0.117124,-0.012563,-0.010323,0.037836,0.229548,0.060824,0.505899,-0.196289,0.134519,0.256827,-0.097048,0.020234,-0.163418,-0.445897,0.381678,0.370820,-0.191135,0.049574,-0.105745
-0.052952,0.086922,0.797725,0.043556,0.005774,-0.582655,0.811531,0.018834,0.256552,0.464069,0.355499,-0.147615,-0.144473,-0.119294,-0.192731,-0.475764,0.205663,-0.118175,-0.012855,-0.014289,0.038820,0.229317,0.052274,0.513073,-0.194689,0.106362,0.253979,-0.095836,0.019753,-0.167852,-0.451449,0.375693,0.360296,-0.190812,0.048571,-0.106423
-0.053445,0.088163,0.797659,0.043628,0.006265,-0.578594,0.814424,0.022236,0.266030,0.467828,0.373119,-0.154797,-0.137921,-0.120238,-0.195525,-0.484967,0.208084,-0.119087,-0.012898,-0.018396,0.039928,0.228986,0.042687,0.520072,-0.193517,0.078624,0.250885,-0.094904,0.019278,-0.172444,-0.456994,0.369894,0.350693,-0.191311,0.047587,-0.106307
-0.053947,0.089428,0.797568,0.043734,0.006775,-0.574494,0.817312,0.025788,0.274744,0.470616,0.388778,-0.160879,-0.132125,-0.121334,-0.198533,-0.494204,0.210742,-0.120052,-0.012822,-0.022599,0.040990,0.228683,0.032036,0.526891,-0.192926,0.051428,0.247627,-0.094025,0.019131,-0.177264,-0.462492,0.364245,0.342055,-0.192182,0.046585,-0.105931
-0.054412,0.090774,0.797499,0.043943,0.007252,-0.570403,0.820156,0.029941,0.282467,0.473673,0.401601,-0.165760,-0.127884,-0.122917,-0.202070,-0.503257,0.214248,-0.121312,-0.012755,-0.026822,0.041826,0.228541,0.020246,0.533524,-0.193118,0.024917,0.244279,-0.092973,0.019638,-0.182294,-0.467843,0.358654,0.334356,-0.192972,0.045527,-0.105831
-0.054836,0.092133,0.797426,0.044289,0.007683,-0.566353,0.822936,0.034757,0.289090,0.477223,0.411530,-0.169405,-0.125663,-0.125045,-0.206217,-0.512054,0.218650,-0.122886,-0.012720,-0.031009,0.042340,0.228504,0.007313,0.539970,-0.194154,-0.000944,0.240609,-0.091757,0.021107,-0.187616,-0.472999,0.353177,0.327751,-0.194045,0.044475,-0.106156
-0.055258,0.093485,0.797354,0.044752,0.008078,-0.562310,0.825675,0.039959,0.294667,0.480668,0.419073,-0.171944,-0.124953,-0.127658,-0.210944,-0.520672,0.223932,-0.124778,-0.012641,-0.035208,0.042570,0.228510,-0.006772,0.546224,-0.195959,-0.026181,0.236658,-0.090479,0.023297,-0.193257,-0.477944,0.347842,0.322273,-0.195498,0.043423,-0.106624
-0.055655,0.094925,0.797269,0.045288,0.008453,-0.558230,0.828406,0.045322,0.299463,0.483952,0.424667,-0.173594,-0.125098,-0.130401,-0.216020,-0.529251,0.229422,-0.126668,-0.012528,-0.039514,0.042609,0.228650,-0.022046,0.552274,-0.198519,-0.050632,0.232926,-0.089054,0.025720,-0.199168,-0.482643,0.342528,0.317792,-0.196535,0.042224,-0.107117
-0.056024,0.096318,0.797194,0.045872,0.008808,-0.554069,0.831159,0.050595,0.303718,0.487004,0.428813,-0.174601,-0.125436,-0.133372,-0.221520,-0.537819,0.235518,-0.128724,-0.012372,-0.044019,0.042481,0.228999,-0.038516,0.558099,-0.201831,-0.074142,0.229940,-0.087385,0.027892,-0.205299,-0.487077,0.337112,0.314193,-0.196402,0.040730,-0.107511
-0.056392,0.097796,0.797107,0.046496,0.009128,-0.549810,0.833945,0.055818,0.307364,0.489552,0.431284,-0.174800,-0.125927,-0.136281,-0.227312,-0.546426,0.241702,-0.130697,-0.012199,-0.048752,0.042180,0.229554,-0.056182,0.563668,-0.205885,-0.096886,0.228003,-0.085136,0.029730,-0.211512,-0.491194,0.331420,0.311421,-0.194651,0.038756,-0.107618
-0.056784,0.099373,0.797051,0.047182,0.009413,-0.545477,0.836743,0.061054,0.310323,0.491708,0.432001,-0.174181,-0.126870,-0.139288,-0.233500,-0.555004,0.248247,-0.132728,-0.012000,-0.053662,0.041652,0.230257,-0.075093,0.568969,-0.210726,-0.118825,0.226776,-0.082457,0.031479,-0.217953,-0.494997,0.325586,0.309643,-0.191776,0.036425,-0.107550
-0.057129,0.100924,0.797013,0.047940,0.009687,-0.541089,0.839542,0.066174,0.312810,0.493987,0.431480,-0.173115,-0.128102,-0.142601,-0.240157,-0.563554,0.255384,-0.134879,-0.011726,-0.058701,0.040917,0.231149,-0.095282,0.573984,-0.216414,-0.139584,0.225826,-0.079990,0.033146,-0.224734,-0.498513,0.319843,0.308791,-0.188436,0.034059,-0.107637
-0.057453,0.102479,0.796944,0.048775,0.009981,-0.536668,0.842323,0.071059,0.315043,0.496912,0.430217,-0.171955,-0.129461,-0.146401,-0.247329,-0.572063,0.263288,-0.137184,-0.011325,-0.063831,0.040006,0.232274,-0.116821,0.578693,-0.223016,-0.158740,0.224711,-0.078373,0.034741,-0.232048,-0.501792,0.314461,0.308863,-0.185257,0.031975,-0.108216
-0.057827,0.104190,0.796819,0.049662,0.010314,-0.532168,0.845118,0.075589,0.317097,0.500309,0.428228,-0.170408,-0.130970,-0.150511,-0.254875,-0.580729,0.271664,-0.139547,-0.010849,-0.069121,0.038981,0.233659,-0.139821,0.583005,-0.230553,-0.176227,0.223046,-0.077816,0.036223,-0.239704,-0.504833,0.309314,0.309596,-0.182379,0.030402,-0.109368
-0.058120,0.106022,0.796742,0.050606,0.010666,-0.527593,0.847922,0.079829,0.318877,0.503984,0.425351,-0.168452,-0.132686,-0.154899,-0.262831,-0.589483,0.280537,-0.141983,-0.010300,-0.074662,0.037830,0.235241,-0.164128,0.586740,-0.238892,-0.192230,0.221245,-0.077983,0.037554,-0.247859,-0.507536,0.304477,0.311260,-0.179508,0.029125,-0.110943
-0.058464,0.107869,0.796625,0.051653,0.011011,-0.523037,0.850672,0.083986,0.320352,0.508442,0.421690,-0.166770,-0.134510,-0.159944,-0.271466,-0.597939,0.290525,-0.144689,-0.009549,-0.080084,0.036410,0.237072,-0.189966,0.590227,-0.248408,-0.206612,0.219711,-0.078637,0.038943,-0.256508,-0.510185,0.299938,0.313855,-0.176488,0.027776,-0.112830
-0.058795,0.109838,0.796421,0.052837,0.011330,-0.518596,0.853310,0.088238,0.321508,0.514176,0.417421,-0.166081,-0.136343,-0.166093,-0.281084,-0.605695,0.302432,-0.147969,-0.008480,-0.085898,0.034753,0.239008,-0.216419,0.593045,-0.258212,-0.219481,0.219343,-0.079664,0.040166,-0.267285,-0.512418,0.297057,0.318939,-0.173377,0.026018,-0.115114
-0.059066,0.111873,0.796138,0.054137,0.011620,-0.514261,0.855845,0.092611,0.322433,0.521350,0.412547,-0.166025,-0.137916,-0.173051,-0.291472,-0.612902,0.315712,-0.151632,-0.006980,-0.091017,0.032664,0.241255,-0.244745,0.596046,-0.270085,-0.230643,0.219669,-0.080935,0.041857,-0.277696,-0.514958,0.294102,0.324438,-0.169881,0.023570,-0.117958
-0.059370,0.114050,0.795764,0.055525,0.011899,-0.509993,0.858302,0.097052,0.323119,0.529691,0.406901,-0.166404,-0.139369,-0.180677,-0.302508,-0.619696,0.330113,-0.155573,-0.005153,-0.097194,0.030482,0.243659,-0.272558,0.598121,-0.281207,-0.241047,0.221119,-0.082770,0.043064,-0.290760,-0.516819,0.293419,0.332810,-0.166369,0.020709,-0.121529
-0.059720,0.116361,0.795266,0.057035,0.012186,-0.505837,0.860655,0.101445,0.323503,0.538992,0.400760,-0.168167,-0.141245,-0.189644,-0.314560,-0.625624,0.346782,-0.160165,-0.003190,-0.102039,0.027803,0.246439,-0.303638,0.600537,-0.295396,-0.248997,0.222650,-0.084682,0.045041,-0.303193,-0.519247,0.291875,0.340890,-0.162433,0.017757,-0.124703
-0.060037,0.118775,0.794620,0.058671,0.012510,-0.501841,0.862877,0.105688,0.323571,0.549049,0.394355,-0.172279,-0.144109,-0.200497,-0.327845,-0.630288,0.366535,-0.165665,-0.001276,-0.107584,0.025029,0.249675,-0.334538,0.602454,-0.308607,-0.256320,0.224957,-0.086847,0.046514,-0.319236,-0.521365,0.292438,0.351507,-0.158487,0.015143,-0.126927
-0.060388,0.121351,0.793753,0.060574,0.012820,-0.497996,0.864966,0.110156,0.322702,0.560180,0.386598,-0.179012,-0.148362,-0.213611,-0.342836,-0.633495,0.390027,-0.172388,0.000825,-0.112697,0.021582,0.253359,-0.367150,0.604288,-0.323094,-0.262085,0.227849,-0.089040,0.048169,-0.336915,-0.523688,0.293765,0.363303,-0.153572,0.012793,-0.128101
-0.060884,0.124143,0.792688,0.062645,0.013153,-0.494281,0.866942,0.114744,0.321193,0.572372,0.377700,-0.187755,-0.153734,-0.228582,-0.359045,-0.635488,0.416489,-0.180055,0.003161,-0.117924,0.017775,0.257496,-0.400515,0.605794,-0.337960,-0.266819,0.231421,-0.091415,0.049737,-0.356654,-0.525983,0.296400,0.376664,-0.148012,0.010570,-0.128605
-0.061296,0.127085,0.791381,0.064570,0.013645,-0.490721,0.868814,0.118624,0.320374,0.584963,0.369933,-0.198237,-0.159763,-0.244995,-0.375430,-0.636419,0.445089,-0.188136,0.005301,-0.123060,0.014357,0.262177,-0.435119,0.607141,-0.353405,-0.270199,0.235024,-0.094013,0.051406,-0.378800,-0.528311,0.299969,0.391352,-0.143071,0.008698,-0.128116
-0.061734,0.130153,0.789819,0.066065,0.014412,-0.487345,0.870588,0.120935,0.321606,0.597290,0.365762,-0.210296,-0.165899,-0.262459,-0.391056,-0.636431,0.475053,-0.196120,0.006803,-0.128018,0.012021,0.267586,-0.471121,0.608594,-0.369320,-0.272212,0.237988,-0.096898,0.053282,-0.403625,-0.530682,0.304097,0.406950,-0.140082,0.007404,-0.126310
-0.062263,0.133420,0.787897,0.067143,0.015354,-0.484198,0.872243,0.122259,0.324683,0.609852,0.364729,-0.224652,-0.172257,-0.280818,-0.406233,-0.636000,0.506660,-0.204487,0.007544,-0.132474,0.010535,0.274057,-0.508959,0.610346,-0.386317,-0.273122,0.240404,-0.099721,0.055534,-0.430683,-0.533381,0.308386,0.423106,-0.139013,0.006862,-0.122359
-0.062832,0.136803,0.785688,0.067951,0.016438,-0.481263,0.873784,0.122800,0.329102,0.622841,0.366000,-0.241228,-0.179059,-0.300428,-0.421296,-0.634808,0.540269,-0.213368,0.007838,-0.137378,0.009740,0.281408,-0.546920,0.612086,-0.402715,-0.273707,0.242732,-0.102722,0.057534,-0.461393,-0.535664,0.314249,0.441199,-0.139489,0.006912,-0.116761
-0.063561,0.140272,0.783168,0.068422,0.017866,-0.478473,0.875250,0.121001,0.335878,0.635064,0.371927,-0.258829,-0.185757,-0.321811,-0.435526,-0.631723,0.575568,-0.221804,0.007865,-0.141317,0.009573,0.289482,-0.587721,0.614455,-0.421397,-0.272413,0.243507,-0.106177,0.060593,-0.492973,-0.538535,0.319529,0.458259,-0.141273,0.007242,-0.110800
-0.064310,0.143788,0.780347,0.068485,0.019835,-0.475767,0.876676,0.115376,0.346006,0.645292,0.384725,-0.276327,-0.191704,-0.345483,-0.448187,-0.625614,0.612216,-0.228869,0.007786,-0.145084,0.010636,0.298018,-0.629987,0.617328,-0.440459,-0.269658,0.242131,-0.110905,0.064119,-0.526601,-0.541596,0.324940,0.474583,-0.144868,0.007543,-0.105911
-0.065190,0.147475,0.777160,0.067962,0.022533,-0.473265,0.878005,0.105583,0.360165,0.652984,0.405146,-0.293577,-0.196935,-0.371890,-0.458708,-0.616428,0.650732,-0.234141,0.007352,-0.148363,0.013405,0.307117,-0.673966,0.620896,-0.460538,-0.265704,0.238515,-0.117171,0.068975,-0.562158,-0.544976,0.330394,0.489651,-0.151545,0.007731,-0.102005
-0.066138,0.151285,0.773686,0.066951,0.025801,-0.470964,0.879230,0.092528,0.377590,0.658756,0.431692,-0.311076,-0.201640,-0.400791,-0.467576,-0.604623,0.691300,-0.238283,0.006548,-0.151274,0.017513,0.316995,-0.719600,0.625156,-0.481589,-0.260886,0.232925,-0.124620,0.074861,-0.599695,-0.548698,0.335982,0.503742,-0.160705,0.007955,-0.098474
-0.067259,0.155143,0.769835,0.065787,0.029313,-0.468619,0.880460,0.076723,0.396989,0.663104,0.462853,-0.328467,-0.205400,-0.431693,-0.475501,-0.589829,0.733012,-0.241954,0.005929,-0.154069,0.021858,0.327529,-0.767069,0.630050,-0.503609,-0.254806,0.225077,-0.132799,0.080655,-0.638453,-0.552766,0.341175,0.516649,-0.169719,0.008312,-0.095983
-0.068518,0.159069,0.765562,0.064805,0.032748,-0.465987,0.881807,0.058614,0.417130,0.666531,0.497254,-0.345476,-0.207787,-0.464134,-0.483095,-0.571663,0.774889,-0.245747,0.006149,-0.156967,0.025335,0.338578,-0.816544,0.635464,-0.526654,-0.247064,0.214711,-0.141244,0.085239,-0.677712,-0.557202,0.345459,0.528204,-0.175943,0.008925,-0.095188
-0.069975,0.163020,0.760916,0.064077,0.036104,-0.463173,0.883211,0.038060,0.438092,0.669087,0.535735,-0.362291,-0.208202,-0.498926,-0.490059,-0.549282,0.817391,-0.249022,0.007030,-0.159744,0.027826,0.350232,-0.868463,0.641347,-0.551108,-0.237361,0.201055,-0.151262,0.089061,-0.717776,-0.562010,0.348951,0.538197,-0.178538,0.009935,-0.096715
-0.071573,0.167039,0.755796,0.063417,0.039532,-0.460252,0.884637,0.014936,0.460226,0.670353,0.578244,-0.378786,-0.207107,-0.536054,-0.495757,-0.523175,0.860745,-0.251680,0.008546,-0.162401,0.029922,0.362542,-0.922801,0.647622,-0.576975,-0.226060,0.184281,-0.162653,0.092364,-0.758826,-0.567195,0.351839,0.546689,-0.179026,0.011264,-0.100064
-0.073335,0.171035,0.750295,0.062787,0.042939,-0.456938,0.886240,-0.010525,0.482918,0.670117,0.622677,-0.394391,-0.205580,-0.573801,-0.500357,-0.494937,0.903560,-0.255114,0.011619,-0.165549,0.031540,0.375276,-0.978681,0.654046,-0.603666,-0.213803,0.165819,-0.172644,0.093795,-0.800562,-0.572890,0.354188,0.554427,-0.178077,0.012685,-0.104213
-0.075127,0.175006,0.744301,0.062152,0.046225,-0.452943,0.888168,-0.038198,0.505636,0.668172,0.667167,-0.408669,-0.204685,-0.610455,-0.504223,-0.466134,0.944532,-0.260811,0.017078,-0.169656,0.032657,0.388168,-1.035954,0.660358,-0.630759,-0.200679,0.146670,-0.178433,0.092068,-0.842311,-0.579299,0.355901,0.561870,-0.176524,0.013985,-0.108140
-0.077092,0.178933,0.737835,0.061555,0.049383,-0.448259,0.890413,-0.068152,0.528791,0.665970,0.712076,-0.421718,-0.201091,-0.646536,-0.506946,-0.435347,0.983719,-0.268282,0.025404,-0.174545,0.033275,0.401199,-1.095013,0.666377,-0.658477,-0.186607,0.125588,-0.178998,0.086804,-0.884240,-0.586484,0.356792,0.568802,-0.174339,0.015278,-0.111714
-0.079240,0.182834,0.730849,0.060985,0.052464,-0.443012,0.892899,-0.100553,0.552424,0.662913,0.758001,-0.433623,-0.195457,-0.682482,-0.508305,-0.402555,1.021738,-0.277228,0.036110,-0.179997,0.033505,0.414480,-1.155849,0.671945,-0.687010,-0.171623,0.102580,-0.175791,0.078841,-0.926939,-0.594506,0.357356,0.575286,-0.171031,0.016614,-0.115436
-0.081579,0.186698,0.723366,0.060374,0.055427,-0.437113,0.895665,-0.135726,0.575437,0.655740,0.804029,-0.444283,-0.194830,-0.716597,-0.509497,-0.371266,1.058313,-0.289370,0.048339,-0.186321,0.033487,0.427962,-1.217535,0.676831,-0.715774,-0.156113,0.080722,-0.169725,0.068786,-0.969910,-0.603565,0.358233,0.581754,-0.166915,0.017696,-0.119237
-0.083954,0.190521,0.715433,0.059679,0.058216,-0.430469,0.898747,-0.174231,0.596553,0.641245,0.849601,-0.453874,-0.206316,-0.747313,-0.512101,-0.344803,1.093115,-0.306357,0.061076,-0.193780,0.033317,0.441577,-1.279147,0.680800,-0.744104,-0.140369,0.063115,-0.161799,0.057155,-1.012389,-0.613961,0.359947,0.588378,-0.162383,0.018240,-0.123040
-0.086484,0.194221,0.707036,0.058940,0.060877,-0.422805,0.902250,-0.216924,0.614869,0.618155,0.894081,-0.461864,-0.238475,-0.773256,-0.516116,-0.323353,1.123900,-0.330373,0.075789,-0.202625,0.033045,0.455092,-1.341227,0.683631,-0.771818,-0.123250,0.047504,-0.150933,0.041465,-1.055427,-0.625978,0.362999,0.595578,-0.157146,0.018512,-0.126404
-0.089206,0.198131,0.698486,0.060562,0.063569,-0.412796,0.906582,-0.268380,0.622113,0.588359,0.936501,-0.468344,-0.261800,-0.800237,-0.527506,-0.302288,1.152737,-0.359621,0.093099,-0.215370,0.029506,0.465599,-1.403949,0.685209,-0.799123,-0.105052,0.033562,-0.136974,0.022383,-1.098132,-0.639617,0.366659,0.602192,-0.151485,0.018582,-0.129557
-0.092006,0.202250,0.689636,0.064725,0.066232,-0.400668,0.911531,-0.327417,0.618588,0.555436,0.979715,-0.475830,-0.261800,-0.831421,-0.548418,-0.281317,1.183921,-0.389990,0.109429,-0.231865,0.022403,0.473071,-1.466128,0.685527,-0.826003,-0.087886,0.027064,-0.122674,0.004985,-1.140616,-0.655012,0.371790,0.609210,-0.144773,0.017781,-0.133301
-0.094806,0.206114,0.680197,0.067307,0.068397,-0.389436,0.916041,-0.385554,0.619581,0.520896,1.029680,-0.487569,-0.261800,-0.861474,-0.569791,-0.265832,1.219797,-0.417984,0.119459,-0.246238,0.017140,0.483143,-1.526757,0.684666,-0.852268,-0.073698,0.033355,-0.110998,-0.005881,-1.182983,-0.672264,0.379333,0.617514,-0.136467,0.015405,-0.138348
-0.097665,0.209769,0.670348,0.067791,0.069919,-0.379231,0.920163,-0.443976,0.625725,0.480538,1.087876,-0.504185,-0.261800,-0.889535,-0.592381,-0.258578,1.262501,-0.443612,0.120570,-0.258026,0.014348,0.496576,-1.586517,0.682794,-0.878982,-0.062233,0.057341,-0.102220,-0.008078,-1.225769,-0.691525,0.389796,0.627107,-0.126230,0.011084,-0.144789
-0.100526,0.213275,0.660181,0.067080,0.070923,-0.369424,0.924119,-0.504167,0.632664,0.433974,1.151276,-0.523676,-0.261800,-0.915964,-0.617193,-0.257321,1.309667,-0.468505,0.115524,-0.268273,0.012822,0.512082,-1.645614,0.679937,-0.905647,-0.052834,0.094769,-0.094895,-0.004583,-1.269139,-0.712777,0.403074,0.637482,-0.114347,0.005192,-0.152148
-0.103342,0.216600,0.649641,0.066571,0.072585,-0.360338,0.927608,-0.565934,0.638391,0.387161,1.215162,-0.543344,-0.261800,-0.945951,-0.642109,-0.255818,1.358340,-0.490853,0.108157,-0.276113,0.012243,0.520000,-1.695046,0.675474,-0.929266,-0.047941,0.137327,-0.089874,0.002416,-1.306658,-0.734869,0.419872,0.648895,-0.100945,-0.001998,-0.160424
-0.106232,0.220035,0.639057,0.066830,0.074966,-0.352329,0.930472,-0.626098,0.642684,0.346168,1.275466,-0.561180,-0.261800,-0.981372,-0.664615,-0.248653,1.405700,-0.509328,0.102511,-0.281457,0.011441,0.520000,-1.733898,0.668887,-0.947615,-0.047322,0.177081,-0.087716,0.010108,-1.338180,-0.756543,0.440068,0.661950,-0.086564,-0.010010,-0.169993
-0.109195,0.223600,0.628420,0.067383,0.077046,-0.345699,0.932746,-0.681525,0.647059,0.312534,1.332247,-0.577256,-0.261800,-1.020819,-0.683965,-0.234477,1.452170,-0.523086,0.099682,-0.284059,0.009372,0.520000,-1.770758,0.660860,-0.962533,-0.049267,0.216706,-0.089308,0.019111,-1.369246,-0.778175,0.462617,0.676913,-0.072740,-0.018870,-0.181428
-0.112082,0.226950,0.617693,0.067902,0.078850,-0.340227,0.934568,-0.734001,0.651924,0.282620,1.387423,-0.592504,-0.261800,-1.063132,-0.701237,-0.216407,1.498958,-0.533210,0.097422,-0.284141,0.006643,0.520000,-1.805523,0.651821,-0.974869,-0.053612,0.259020,-0.093679,0.030645,-1.399615,-0.799981,0.487606,0.693078,-0.058882,-0.028771,-0.194462
-0.114908,0.230007,0.606947,0.068194,0.080630,-0.335496,0.936104,-0.784473,0.656870,0.254296,1.440225,-0.606937,-0.261800,-1.105927,-0.716368,-0.197078,1.544536,-0.541794,0.095141,-0.282538,0.003806,0.520000,-1.835025,0.641753,-0.982420,-0.060627,0.295716,-0.098583,0.041664,-1.427885,-0.821766,0.513932,0.709348,-0.043646,-0.039225,-0.207808
-0.117507,0.232799,0.596299,0.068058,0.082640,-0.331079,0.937510,-0.833838,0.661393,0.225628,1.489941,-0.620633,-0.261800,-1.146695,-0.729490,-0.179181,1.587418,-0.550935,0.092303,-0.280237,0.001312,0.520000,-1.856383,0.630382,-0.983156,-0.070002,0.318368,-0.102197,0.048707,-1.452789,-0.843218,0.540394,0.725134,-0.025718,-0.049765,-0.220211
-0.119809,0.235405,0.585838,0.067232,0.085025,-0.327153,0.938734,-0.882084,0.666375,0.196291,1.536300,-0.633898,-0.261800,-1.184304,-0.740098,-0.164036,1.627055,-0.561110,0.088579,-0.277296,-0.000555,0.520000,-1.869567,0.617465,-0.976177,-0.080938,0.321061,-0.105057,0.049588,-1.474598,-0.864391,0.567405,0.741119,-0.004867,-0.060810,-0.231709
-0.121986,0.237741,0.575610,0.065872,0.087639,-0.323851,0.939734,-0.929013,0.672037,0.167135,1.579881,-0.646666,-0.261800,-1.219913,-0.748489,-0.150380,1.664405,-0.571253,0.084296,-0.273358,-0.002022,0.520000,-1.876610,0.603003,-0.963321,-0.093069,0.309403,-0.108108,0.046216,-1.494031,-0.885421,0.595316,0.757776,0.018227,-0.072494,-0.242770
-0.124107,0.239848,0.565660,0.064406,0.090269,-0.320673,0.940677,-0.974932,0.676755,0.138280,1.621097,-0.658460,-0.261800,-1.254414,-0.756117,-0.136815,1.700102,-0.581077,0.080105,-0.269026,-0.003696,0.520000,-1.877918,0.587041,-0.946913,-0.106460,0.292152,-0.110253,0.041215,-1.510464,-0.906101,0.622722,0.774440,0.043733,-0.083934,-0.252787
-0.126182,0.241751,0.555891,0.063235,0.092689,-0.317155,0.941713,-1.019935,0.678827,0.110228,1.660409,-0.668861,-0.261800,-1.288809,-0.764192,-0.122045,1.734814,-0.590356,0.076421,-0.264891,-0.006350,0.520000,-1.873721,0.569664,-0.929254,-0.121188,0.278109,-0.110457,0.037337,-1.523107,-0.926017,0.647900,0.790525,0.071630,-0.094221,-0.261193
-0.128269,0.243439,0.546343,0.062460,0.094822,-0.313267,0.942853,-1.063757,0.678094,0.083090,1.697780,-0.677525,-0.261800,-1.323395,-0.772727,-0.105735,1.768609,-0.599018,0.073303,-0.261397,-0.010714,0.520000,-1.862464,0.550687,-0.909420,-0.137903,0.266809,-0.107850,0.034658,-1.531599,-0.944892,0.670702,0.806545,0.103613,-0.103139,-0.267889
-0.130227,0.244974,0.537022,0.061890,0.096768,-0.309219,0.944028,-1.106219,0.675569,0.056643,1.733089,-0.684699,-0.261800,-1.357734,-0.781191,-0.088498,1.801222,-0.607207,0.070482,-0.258442,-0.016531,0.520000,-1.844976,0.530002,-0.887240,-0.155927,0.254488,-0.103154,0.032017,-1.536581,-0.962695,0.691721,0.823166,0.139074,-0.111161,-0.273158
-0.132100,0.246387,0.527883,0.061477,0.098552,-0.304932,0.945264,-1.147321,0.671252,0.031170,1.766619,-0.690871,-0.261800,-1.391776,-0.789863,-0.070434,1.832745,-0.614985,0.067839,-0.255778,-0.023197,0.520000,-1.824809,0.508081,-0.865922,-0.173445,0.245055,-0.097840,0.030280,-1.538458,-0.979398,0.710096,0.840002,0.174635,-0.118349,-0.277114
-0.133881,0.247684,0.519043,0.061175,0.100206,-0.300322,0.946585,-1.187069,0.665154,0.006956,1.798608,-0.696486,-0.261800,-1.425502,-0.799023,-0.051647,1.863294,-0.622428,0.065267,-0.253184,-0.030173,0.520000,-1.805237,0.485887,-0.848491,-0.189028,0.242365,-0.093379,0.030229,-1.537188,-0.994980,0.724492,0.856445,0.206796,-0.124745,-0.279909
-0.135634,0.248876,0.510409,0.061075,0.101706,-0.295185,0.948046,-1.225468,0.656829,-0.015816,1.828946,-0.701414,-0.261800,-1.459245,-0.809141,-0.031808,1.892876,-0.629528,0.062800,-0.251173,-0.037657,0.520000,-1.785748,0.464333,-0.835256,-0.204096,0.248122,-0.089758,0.032971,-1.532141,-1.009354,0.733491,0.872596,0.235175,-0.130133,-0.280726
-0.137301,0.249910,0.501963,0.061183,0.103031,-0.289625,0.949610,-1.262297,0.646514,-0.037219,1.857564,-0.705509,-0.261800,-1.493150,-0.819868,-0.010773,1.921462,-0.636187,0.060512,-0.249978,-0.046025,0.520000,-1.764448,0.443904,-0.824648,-0.219731,0.259890,-0.086259,0.037765,-1.523152,-1.022465,0.737632,0.888654,0.261398,-0.134405,-0.279850
-0.138776,0.250900,0.493802,0.061317,0.104224,-0.284018,0.951163,-1.297421,0.635351,-0.057407,1.884858,-0.709019,-0.261800,-1.526708,-0.830351,0.010849,1.949009,-0.642481,0.058314,-0.248883,-0.054794,0.520000,-1.742313,0.425053,-0.816536,-0.234255,0.275325,-0.083285,0.042551,-1.511007,-1.034352,0.738743,0.904205,0.284974,-0.137829,-0.279092
-0.140126,0.251836,0.485857,0.061294,0.105345,-0.278740,0.952601,-1.330775,0.624427,-0.076567,1.911073,-0.712308,-0.261800,-1.559364,-0.839770,0.032394,1.975493,-0.648375,0.056147,-0.247161,-0.063416,0.520000,-1.720326,0.408150,-0.810730,-0.245926,0.292128,-0.081336,0.045318,-1.496576,-1.045081,0.738787,0.918792,0.305379,-0.140724,-0.280269
-0.141271,0.252700,0.478162,0.061097,0.106501,-0.273683,0.953951,-1.362670,0.613606,-0.094768,1.936066,-0.715350,-0.261800,-1.591061,-0.848353,0.053774,2.000879,-0.653868,0.054112,-0.245018,-0.071498,0.520000,-1.698121,0.393587,-0.807124,-0.255017,0.311812,-0.081161,0.045298,-1.479814,-1.054588,0.737181,0.932604,0.321891,-0.143124,-0.284236
-0.142261,0.253398,0.470709,0.060823,0.107630,-0.268716,0.955253,-1.393084,0.602544,-0.111943,1.959743,-0.717972,-0.261800,-1.622051,-0.856457,0.075290,2.025203,-0.658924,0.052254,-0.242866,-0.079295,0.520000,-1.674908,0.381616,-0.805647,-0.262791,0.334806,-0.082350,0.043741,-1.460515,-1.062760,0.733490,0.945919,0.335007,-0.144905,-0.289930
-0.143097,0.254011,0.463509,0.060448,0.108534,-0.264184,0.956438,-1.421637,0.592058,-0.128206,1.982545,-0.720330,-0.261800,-1.652028,-0.863366,0.096620,2.048560,-0.663518,0.050389,-0.240247,-0.087144,0.520000,-1.651154,0.372208,-0.806068,-0.268776,0.357180,-0.083714,0.041645,-1.439606,-1.069620,0.730261,0.958555,0.346101,-0.146216,-0.296292
-0.143896,0.254530,0.456518,0.059942,0.109021,-0.260435,0.957442,-1.448004,0.582954,-0.143750,2.004894,-0.722633,-0.261800,-1.680594,-0.868417,0.117346,2.071035,-0.667627,0.048337,-0.236623,-0.095213,0.520000,-1.627353,0.365137,-0.807960,-0.272445,0.375076,-0.084023,0.039912,-1.418426,-1.075231,0.730490,0.970592,0.356663,-0.147209,-0.302263
-0.144626,0.255051,0.449707,0.059264,0.108911,-0.257859,0.958194,-1.471835,0.576113,-0.158828,2.027089,-0.724990,-0.261800,-1.707337,-0.870936,0.137130,2.092690,-0.671097,0.045962,-0.231206,-0.103652,0.520000,-1.603486,0.360277,-0.811566,-0.272595,0.387101,-0.083000,0.039025,-1.397246,-1.079521,0.735481,0.982281,0.366505,-0.147775,-0.308096
-0.145394,0.255752,0.442960,0.058437,0.108353,-0.256170,0.958760,-1.493586,0.570961,-0.173463,2.048810,-0.727274,-0.261800,-1.732322,-0.871550,0.156021,2.113491,-0.673964,0.043427,-0.224542,-0.112109,0.520000,-1.579218,0.357587,-0.816799,-0.269754,0.395448,-0.081275,0.038400,-1.376112,-1.082376,0.744280,0.993956,0.375146,-0.147885,-0.314196
-0.145968,0.256286,0.436653,0.057528,0.107655,-0.254696,0.959287,-1.514093,0.566136,-0.187466,2.069668,-0.729310,-0.261800,-1.755953,-0.871605,0.174271,2.133377,-0.676492,0.040979,-0.218028,-0.120077,0.520000,-1.554809,0.356835,-0.822735,-0.265852,0.401644,-0.078951,0.037293,-1.355939,-1.083904,0.756364,1.005707,0.383601,-0.147807,-0.319724
-0.146503,0.256647,0.430666,0.056607,0.107118,-0.252768,0.959911,-1.534134,0.560262,-0.200621,2.089219,-0.730891,-0.261800,-1.778754,-0.872412,0.192259,2.152272,-0.678945,0.038886,-0.212931,-0.127050,0.520000,-1.530673,0.357641,-0.828415,-0.262762,0.407250,-0.076162,0.034925,-1.337600,-1.084390,0.771182,1.017582,0.392926,-0.147810,-0.323824
-0.146939,0.257106,0.424984,0.055579,0.106758,-0.250212,0.960681,-1.553981,0.553017,-0.213208,2.107426,-0.731912,-0.261800,-1.800463,-0.874327,0.209886,2.170157,-0.681421,0.037425,-0.209179,-0.132713,0.520000,-1.506826,0.359649,-0.833857,-0.260350,0.412585,-0.072222,0.030626,-1.320553,-1.084233,0.789559,1.029473,0.404482,-0.148128,-0.326117
-0.147175,0.257403,0.419553,0.054441,0.106444,-0.247385,0.961513,-1.573210,0.545108,-0.225263,2.124549,-0.732563,-0.261800,-1.821028,-0.876729,0.227052,2.187087,-0.683780,0.036335,-0.205935,-0.137277,0.520000,-1.483315,0.362625,-0.839470,-0.257604,0.416916,-0.067329,0.024947,-1.304285,-1.083652,0.811266,1.041197,0.417414,-0.148527,-0.327055
-0.147468,0.257804,0.414311,0.053399,0.106244,-0.244420,0.962351,-1.591595,0.536875,-0.236267,2.140423,-0.732750,-0.261800,-1.841142,-0.879189,0.244107,2.203013,-0.685821,0.035316,-0.203307,-0.141223,0.520000,-1.460733,0.366378,-0.844979,-0.254808,0.420253,-0.062945,0.018935,-1.289356,-1.082661,0.833786,1.052513,0.429470,-0.148582,-0.327036
-0.147733,0.258271,0.409374,0.052671,0.106218,-0.241449,0.963144,-1.608820,0.528517,-0.245644,2.155015,-0.732677,-0.261800,-1.861668,-0.881399,0.261462,2.217965,-0.687435,0.033822,-0.201440,-0.145168,0.520000,-1.439710,0.370783,-0.850204,-0.252275,0.422601,-0.060509,0.013649,-1.276101,-1.081170,0.854293,1.063086,0.438284,-0.147882,-0.326488
-0.147897,0.258656,0.404875,0.052342,0.106476,-0.238409,0.963890,-1.625088,0.519935,-0.253336,2.168100,-0.732111,-0.261800,-1.883017,-0.883329,0.279335,2.231861,-0.688452,0.031888,-0.200456,-0.149296,0.520000,-1.420547,0.375748,-0.855175,-0.249486,0.423768,-0.061008,0.009041,-1.264105,-1.079222,0.872074,1.072586,0.442376,-0.146106,-0.325198
-0.148035,0.258942,0.400715,0.052295,0.106952,-0.235263,0.964613,-1.640506,0.511076,-0.259695,2.179785,-0.731085,-0.261800,-1.904731,-0.885125,0.297487,2.244770,-0.688988,0.029677,-0.200151,-0.153399,0.520000,-1.403025,0.381192,-0.860094,-0.246306,0.423845,-0.063453,0.004670,-1.252777,-1.076952,0.888013,1.081054,0.443193,-0.143557,-0.323053
-0.148166,0.259194,0.396869,0.052429,0.107455,-0.232183,0.965296,-1.654776,0.502436,-0.264873,2.190378,-0.729814,-0.261800,-1.926127,-0.886514,0.315493,2.256706,-0.689200,0.027141,-0.200285,-0.157553,0.520000,-1.387110,0.387040,-0.865059,-0.243369,0.423228,-0.066331,0.000996,-1.242459,-1.074326,0.901901,1.088712,0.442769,-0.140756,-0.320629
-0.148311,0.259456,0.393300,0.052647,0.107791,-0.229345,0.965925,-1.667614,0.494498,-0.269034,2.200159,-0.728502,-0.261800,-1.946464,-0.887208,0.332909,2.267779,-0.689254,0.024233,-0.200660,-0.161890,0.520000,-1.372764,0.393236,-0.870205,-0.241288,0.422331,-0.068115,-0.001519,-1.233359,-1.071198,0.913359,1.095796,0.443090,-0.138223,-0.318536
-0.148465,0.259802,0.390046,0.052984,0.107827,-0.226802,0.966502,-1.678770,0.487438,-0.272059,2.209205,-0.727156,-0.261800,-1.965799,-0.887062,0.350029,2.278015,-0.689126,0.020860,-0.201212,-0.166612,0.520000,-1.360217,0.399786,-0.875857,-0.239990,0.421409,-0.068447,-0.002383,-1.225642,-1.067400,0.922196,1.102675,0.443756,-0.135979,-0.316344
-0.148640,0.260108,0.386973,0.053477,0.107687,-0.224458,0.967038,-1.688515,0.481007,-0.274003,2.217399,-0.725681,-0.261800,-1.984416,-0.886214,0.366927,2.287372,-0.688719,0.017075,-0.202114,-0.171679,0.520000,-1.349509,0.406697,-0.881892,-0.239125,0.420218,-0.068118,-0.001974,-1.219122,-1.062864,0.928550,1.109212,0.443989,-0.133803,-0.313948
-0.148819,0.260446,0.384265,0.054024,0.107564,-0.222265,0.967528,-1.697280,0.475087,-0.275250,2.224608,-0.724121,-0.261800,-2.001913,-0.885093,0.382850,2.295775,-0.688140,0.013071,-0.203471,-0.176857,0.520000,-1.340245,0.413918,-0.887811,-0.238825,0.418453,-0.067379,-0.001115,-1.213760,-1.057600,0.932789,1.114962,0.445231,-0.131861,-0.312447
-0.148939,0.260804,0.381915,0.054519,0.107653,-0.220173,0.967968,-1.705505,0.469544,-0.276184,2.230762,-0.722523,-0.261800,-2.017928,-0.884152,0.397081,2.303124,-0.687485,0.009047,-0.205364,-0.181866,0.520000,-1.332074,0.421345,-0.893086,-0.239158,0.415794,-0.066487,-0.000635,-1.209473,-1.051690,0.935269,1.119482,0.448935,-0.130318,-0.312939
-0.149060,0.261102,0.379874,0.054929,0.107990,-0.218211,0.968352,-1.713330,0.464419,-0.276994,2.235828,-0.720843,-0.261800,-2.032280,-0.883383,0.409317,2.309404,-0.686736,0.004894,-0.207704,-0.186567,0.520000,-1.325237,0.428915,-0.897747,-0.240267,0.411629,-0.065266,-0.000640,-1.206394,-1.045177,0.935705,1.122829,0.456213,-0.129329,-0.316254
-0.149189,0.261375,0.378188,0.055309,0.108476,-0.216392,0.968684,-1.720541,0.459760,-0.277497,2.239858,-0.719065,-0.261800,-2.045197,-0.882661,0.419968,2.314631,-0.685848,0.000575,-0.210437,-0.191100,0.520000,-1.319861,0.436599,-0.902038,-0.241980,0.406329,-0.063664,-0.000727,-1.204424,-1.038090,0.933960,1.125151,0.466054,-0.128828,-0.321647
-0.149256,0.261658,0.376849,0.055691,0.109118,-0.214646,0.968978,-1.727100,0.455460,-0.277554,2.242891,-0.717222,-0.261800,-2.056789,-0.882134,0.429313,2.318827,-0.684868,-0.003557,-0.213645,-0.195560,0.520000,-1.315396,0.444317,-0.905698,-0.244111,0.401025,-0.062133,-0.000965,-1.203187,-1.030547,0.930705,1.126147,0.476751,-0.128638,-0.327830
-0.149326,0.261962,0.375780,0.056121,0.109918,-0.212904,0.969247,-1.732852,0.451274,-0.276932,2.245075,-0.715635,-0.261800,-2.067583,-0.882071,0.437833,2.322058,-0.683896,-0.007465,-0.217396,-0.199983,0.520000,-1.311291,0.451952,-0.908438,-0.246466,0.396856,-0.061124,-0.001438,-1.202379,-1.022727,0.926698,1.125529,0.486637,-0.128527,-0.333504
-0.149351,0.262257,0.375025,0.056592,0.110930,-0.211101,0.969499,-1.738006,0.447155,-0.275695,2.246273,-0.714087,-0.261800,-2.077334,-0.882497,0.445376,2.324270,-0.682930,-0.010962,-0.221750,-0.204218,0.520000,-1.307514,0.459378,-0.910180,-0.249016,0.394127,-0.060760,-0.002319,-1.202143,-1.014786,0.921891,1.123174,0.496398,-0.128434,-0.338607
-0.149275,0.262522,0.374606,0.057080,0.112146,-0.209294,0.969722,-1.742584,0.443177,-0.273949,2.246508,-0.712596,-0.261800,-2.086057,-0.883391,0.451835,2.325433,-0.681927,-0.014224,-0.226549,-0.208182,0.520000,-1.304375,0.466515,-0.911080,-0.251801,0.392232,-0.060809,-0.003520,-1.202468,-1.006828,0.915923,1.119153,0.506575,-0.128485,-0.343726
-0.149151,0.262780,0.374483,0.057585,0.113471,-0.207583,0.969906,-1.746393,0.439626,-0.271715,2.245949,-0.711177,-0.261800,-2.093489,-0.884532,0.457121,2.325644,-0.680872,-0.017014,-0.231502,-0.211985,0.520000,-1.301762,0.473312,-0.911172,-0.254771,0.390959,-0.061198,-0.004737,-1.202786,-0.998941,0.909082,1.113451,0.515266,-0.128653,-0.348529
-0.149004,0.263081,0.374599,0.058093,0.114817,-0.206079,0.970038,-1.749248,0.436780,-0.269023,2.244745,-0.709837,-0.261800,-2.099426,-0.885802,0.461205,2.324935,-0.679724,-0.019082,-0.236332,-0.215723,0.520000,-1.299537,0.479747,-0.910455,-0.257910,0.390089,-0.061855,-0.005664,-1.202551,-0.991187,0.901688,1.106094,0.520601,-0.128884,-0.352690
-0.148781,0.263442,0.374996,0.058631,0.116177,-0.204779,0.970119,-1.751111,0.434721,-0.265741,2.242867,-0.708532,-0.261800,-2.103858,-0.887159,0.464096,2.323265,-0.678498,-0.020341,-0.241065,-0.219439,0.520000,-1.297849,0.485809,-0.908890,-0.261222,0.390015,-0.063110,-0.006167,-1.201769,-0.983588,0.893759,1.096859,0.521880,-0.129302,-0.355938
-0.148510,0.263709,0.375728,0.059187,0.117600,-0.203638,0.970154,-1.752098,0.433289,-0.261923,2.240244,-0.707274,-0.261800,-2.106837,-0.888712,0.465767,2.320639,-0.677213,-0.020924,-0.245763,-0.223016,0.520000,-1.296713,0.491464,-0.906503,-0.264730,0.390699,-0.064891,-0.006423,-1.200662,-0.976182,0.885156,1.085758,0.520181,-0.129839,-0.358519
-0.148209,0.263916,0.376732,0.059707,0.119072,-0.202687,0.970142,-1.752280,0.432417,-0.257872,2.237053,-0.706142,-0.261800,-2.108292,-0.890474,0.466130,2.317123,-0.675779,-0.020893,-0.250210,-0.226293,0.520000,-1.295782,0.496663,-0.903385,-0.268385,0.391263,-0.066521,-0.006594,-1.199022,-0.969025,0.875963,1.073180,0.516283,-0.130144,-0.360873
-0.147862,0.264126,0.378038,0.060139,0.120575,-0.201962,0.970081,-1.751735,0.432032,-0.253899,2.233401,-0.705207,-0.261800,-2.108094,-0.892384,0.465056,2.312851,-0.674133,-0.020323,-0.254186,-0.229109,0.520000,-1.294729,0.501346,-0.899622,-0.272151,0.390840,-0.067329,-0.006844,-1.196642,-0.962193,0.866298,1.059486,0.511003,-0.129866,-0.363438
-0.147411,0.264306,0.379577,0.060477,0.122120,-0.201464,0.969970,-1.750446,0.432175,-0.249967,2.229356,-0.704497,-0.261800,-2.106178,-0.894481,0.462530,2.307790,-0.672210,-0.019096,-0.257646,-0.231405,0.520000,-1.293515,0.505422,-0.895264,-0.276112,0.389488,-0.066935,-0.006969,-1.193397,-0.955742,0.856206,1.044515,0.503824,-0.128814,-0.366571
-0.146902,0.264564,0.381347,0.060742,0.123715,-0.201178,0.969810,-1.748401,0.432868,-0.245953,2.224821,-0.703960,-0.261800,-2.102577,-0.896737,0.458574,2.301928,-0.670064,-0.017212,-0.260644,-0.233219,0.520000,-1.292348,0.508821,-0.890287,-0.280144,0.387574,-0.065772,-0.006956,-1.189342,-0.949707,0.845595,1.028055,0.494581,-0.127172,-0.369956
-0.146330,0.264791,0.383380,0.060918,0.125345,-0.201102,0.969606,-1.745682,0.433989,-0.242015,2.219784,-0.703577,-0.261800,-2.097380,-0.899167,0.453147,2.295274,-0.667793,-0.014931,-0.263109,-0.234510,0.520000,-1.291216,0.511533,-0.884656,-0.284122,0.384698,-0.064376,-0.007259,-1.184485,-0.944135,0.834274,1.010409,0.484579,-0.125155,-0.373027
-0.145713,0.265054,0.385593,0.060987,0.126992,-0.201234,0.969360,-1.742347,0.435422,-0.238288,2.214267,-0.703362,-0.261800,-2.090628,-0.901751,0.446169,2.287861,-0.665516,-0.012525,-0.264974,-0.235254,0.520000,-1.290109,0.513591,-0.878338,-0.287861,0.380458,-0.063282,-0.008324,-1.178869,-0.939085,0.822093,0.991840,0.475135,-0.122998,-0.375216
-0.145068,0.265287,0.387995,0.060946,0.128665,-0.201613,0.969063,-1.738345,0.437178,-0.234871,2.208218,-0.703335,-0.261800,-2.082189,-0.904502,0.437468,2.279667,-0.663234,-0.009939,-0.266166,-0.235467,0.520000,-1.289065,0.515022,-0.871318,-0.291322,0.374258,-0.062606,-0.010501,-1.172219,-0.934567,0.808952,0.972035,0.467120,-0.120849,-0.376299
-0.144416,0.265450,0.390698,0.060805,0.130369,-0.202225,0.968717,-1.733641,0.439321,-0.231622,2.201667,-0.703502,-0.261800,-2.072035,-0.907338,0.427072,2.270654,-0.660889,-0.007068,-0.266736,-0.235162,0.520000,-1.288081,0.515816,-0.863630,-0.294640,0.366474,-0.062052,-0.013458,-1.164522,-0.930580,0.794901,0.950840,0.459683,-0.118570,-0.376593
-0.143701,0.265639,0.393597,0.060571,0.132088,-0.202990,0.968338,-1.728401,0.441802,-0.228382,2.194639,-0.703782,-0.261800,-2.060497,-0.910269,0.415375,2.260985,-0.658529,-0.004100,-0.266819,-0.234302,0.520000,-1.287055,0.515974,-0.855283,-0.297880,0.358151,-0.061548,-0.016630,-1.156106,-0.927176,0.779869,0.928681,0.451449,-0.115904,-0.376393
-0.142915,0.265869,0.396664,0.060254,0.133807,-0.203825,0.967947,-1.722806,0.444570,-0.224994,2.187180,-0.704091,-0.261800,-2.047869,-0.913220,0.402704,2.250754,-0.656171,-0.001211,-0.266539,-0.232788,0.520000,-1.285839,0.515515,-0.846229,-0.301183,0.350333,-0.061037,-0.019456,-1.147313,-0.924521,0.763882,0.906011,0.441125,-0.112632,-0.375943
-0.142113,0.266167,0.399856,0.059850,0.135539,-0.204699,0.967546,-1.716844,0.447625,-0.221324,2.179276,-0.704435,-0.261800,-2.034114,-0.916300,0.389070,2.239944,-0.653904,0.001637,-0.265943,-0.230701,0.520000,-1.284550,0.514428,-0.836540,-0.304509,0.342799,-0.060614,-0.022050,-1.137939,-0.922540,0.746525,0.882515,0.428254,-0.108436,-0.374725
-0.141322,0.266398,0.403227,0.059360,0.137289,-0.205657,0.967126,-1.710418,0.450987,-0.217441,2.170905,-0.704861,-0.261800,-2.019104,-0.919425,0.374292,2.228474,-0.651674,0.004509,-0.264965,-0.227964,0.520000,-1.283169,0.512724,-0.826114,-0.307917,0.335154,-0.060283,-0.024627,-1.127895,-0.921373,0.728072,0.857925,0.413693,-0.103514,-0.372753
-0.140494,0.266602,0.406777,0.058802,0.139026,-0.206730,0.966683,-1.703555,0.454651,-0.213475,2.162150,-0.705352,-0.261800,-2.003059,-0.922413,0.358543,2.216564,-0.649372,0.007256,-0.263529,-0.224718,0.520000,-1.281687,0.510370,-0.815140,-0.311208,0.328218,-0.059808,-0.026728,-1.116933,-0.920975,0.708354,0.832608,0.397525,-0.098389,-0.371119
-0.139654,0.266823,0.410415,0.058187,0.140720,-0.207957,0.966212,-1.696273,0.458618,-0.209575,2.153041,-0.705896,-0.261800,-1.986173,-0.925058,0.341977,2.204359,-0.646873,0.009740,-0.261567,-0.221100,0.520000,-1.280120,0.507309,-0.803790,-0.314137,0.322811,-0.058966,-0.027902,-1.104948,-0.921252,0.687350,0.807032,0.379889,-0.093564,-0.370924
-0.138794,0.267028,0.414169,0.057505,0.142386,-0.209379,0.965702,-1.688570,0.463002,-0.205782,2.143601,-0.706526,-0.261800,-1.968375,-0.927278,0.324414,2.191858,-0.644127,0.011826,-0.258963,-0.217089,0.520000,-1.278273,0.503441,-0.791783,-0.316725,0.319850,-0.057780,-0.028008,-1.091729,-0.922098,0.664893,0.781183,0.359796,-0.089262,-0.372673
-0.137891,0.267288,0.417972,0.056758,0.144032,-0.210966,0.965156,-1.680409,0.467778,-0.201968,2.133817,-0.707256,-0.261800,-1.949628,-0.929114,0.305862,2.178981,-0.641202,0.013615,-0.255789,-0.212676,0.520000,-1.276324,0.498714,-0.779175,-0.318931,0.318688,-0.056354,-0.027301,-1.077333,-0.923450,0.640989,0.754853,0.337547,-0.085128,-0.375678
-0.137046,0.267457,0.421979,0.055973,0.145609,-0.212644,0.964597,-1.671766,0.472722,-0.198045,2.123646,-0.708009,-0.261800,-1.930194,-0.930672,0.286789,2.165800,-0.638168,0.015323,-0.252239,-0.207979,0.520000,-1.274762,0.493190,-0.766622,-0.320561,0.317800,-0.054569,-0.025941,-1.062049,-0.925244,0.615820,0.728251,0.315168,-0.080782,-0.379280
-0.136165,0.267686,0.426060,0.055179,0.147067,-0.214337,0.964047,-1.662613,0.477598,-0.193923,2.113106,-0.708715,-0.261800,-1.910289,-0.931952,0.267597,2.152350,-0.635093,0.017146,-0.248548,-0.203130,0.520000,-1.274051,0.487017,-0.754744,-0.321437,0.315636,-0.052338,-0.024070,-1.046213,-0.927413,0.589612,0.701638,0.294720,-0.075892,-0.382808
-0.135212,0.267913,0.430211,0.054364,0.148427,-0.216042,0.963504,-1.652963,0.482366,-0.189632,2.102143,-0.709392,-0.261800,-1.889901,-0.933005,0.248203,2.138551,-0.631998,0.019087,-0.244760,-0.198108,0.520000,-1.274074,0.480349,-0.743490,-0.321669,0.311077,-0.049464,-0.021343,-1.029859,-0.929879,0.562112,0.674951,0.276284,-0.070068,-0.386122
-0.134306,0.268143,0.434412,0.053525,0.149697,-0.217797,0.962959,-1.642787,0.487131,-0.185177,2.090758,-0.710066,-0.261800,-1.868969,-0.933785,0.228500,2.124435,-0.628863,0.021050,-0.240854,-0.192952,0.520000,-1.274658,0.473257,-0.732552,-0.321349,0.305151,-0.046063,-0.017786,-1.012846,-0.932571,0.533334,0.648056,0.258996,-0.063591,-0.389529
-0.133428,0.268347,0.438608,0.052692,0.150826,-0.219581,0.962424,-1.632063,0.491867,-0.180518,2.079059,-0.710676,-0.261800,-1.847653,-0.934200,0.208806,2.110088,-0.625643,0.023083,-0.236804,-0.187726,0.520000,-1.275831,0.465810,-0.722141,-0.320636,0.299616,-0.042502,-0.014114,-0.995240,-0.935394,0.503786,0.621328,0.243286,-0.057175,-0.393077
-0.132523,0.268610,0.442874,0.051897,0.151746,-0.221376,0.961911,-1.620694,0.496550,-0.175572,2.067172,-0.711180,-0.261800,-1.826142,-0.934193,0.189521,2.095594,-0.622288,0.025251,-0.232822,-0.182700,0.520000,-1.277898,0.458053,-0.712495,-0.319246,0.296220,-0.039127,-0.011067,-0.977348,-0.938324,0.474390,0.595033,0.229914,-0.051554,-0.396847
-0.131623,0.268827,0.447184,0.051154,0.152456,-0.223199,0.961417,-1.608663,0.501152,-0.170344,2.055031,-0.711554,-0.261800,-1.804496,-0.933697,0.170684,2.080927,-0.618735,0.027471,-0.228867,-0.177765,0.520000,-1.280789,0.449956,-0.703484,-0.317365,0.294854,-0.035846,-0.008977,-0.959288,-0.941249,0.445290,0.569469,0.220426,-0.047269,-0.401200
-0.130747,0.269077,0.451555,0.050411,0.152958,-0.225053,0.960944,-1.595967,0.505676,-0.164934,2.042622,-0.711846,-0.261800,-1.782482,-0.932819,0.152056,2.066016,-0.615066,0.029736,-0.224568,-0.172884,0.520000,-1.283650,0.441840,-0.695112,-0.315935,0.294818,-0.032515,-0.007526,-0.940628,-0.944288,0.415949,0.544563,0.214190,-0.043897,-0.406084
-0.129850,0.269376,0.455950,0.049728,0.153309,-0.226908,0.960487,-1.582752,0.510175,-0.159145,2.030017,-0.712037,-0.261800,-1.760518,-0.931548,0.133941,2.050980,-0.611337,0.032172,-0.220845,-0.167988,0.520000,-1.287932,0.433295,-0.687251,-0.312953,0.296882,-0.029440,-0.006087,-0.922554,-0.946968,0.386921,0.520390,0.207494,-0.040520,-0.410801
-0.128914,0.269660,0.460428,0.048997,0.153422,-0.228720,0.960077,-1.569003,0.514649,-0.153182,2.017389,-0.712155,-0.261800,-1.738143,-0.930074,0.116171,2.035902,-0.607758,0.034983,-0.216677,-0.163235,0.520000,-1.291990,0.425032,-0.680461,-0.310403,0.301779,-0.026884,-0.004621,-0.904108,-0.949574,0.357538,0.497211,0.197519,-0.036457,-0.414853
-0.128004,0.269920,0.464877,0.048311,0.153250,-0.230477,0.959719,-1.554444,0.519106,-0.146684,2.004613,-0.712196,-0.261800,-1.715585,-0.928308,0.099149,2.020695,-0.604311,0.038334,-0.213174,-0.158752,0.520000,-1.296900,0.416859,-0.674434,-0.306695,0.311235,-0.025087,-0.002711,-0.886382,-0.951779,0.328573,0.475020,0.182466,-0.031235,-0.417939
-0.127061,0.270174,0.469281,0.047639,0.152776,-0.232202,0.959413,-1.539046,0.523501,-0.139784,1.991708,-0.712172,-0.261800,-1.692701,-0.926300,0.082746,2.005355,-0.600974,0.042103,-0.210170,-0.154801,0.520000,-1.302365,0.408939,-0.669239,-0.302184,0.324352,-0.023821,-0.000722,-0.869002,-0.953700,0.300056,0.453657,0.164719,-0.025408,-0.420427
-0.126155,0.270403,0.473687,0.046954,0.152255,-0.233922,0.959111,-1.523582,0.527851,-0.132831,1.978760,-0.712022,-0.261800,-1.669906,-0.924029,0.066569,1.990013,-0.597677,0.045890,-0.207357,-0.150768,0.520000,-1.308339,0.401237,-0.664713,-0.297162,0.338028,-0.022701,0.001273,-0.852518,-0.955187,0.271957,0.433426,0.145763,-0.019401,-0.422320
-0.125211,0.270575,0.478019,0.046213,0.151863,-0.235662,0.958783,-1.508647,0.532188,-0.126191,1.965864,-0.711750,-0.261800,-1.647435,-0.921507,0.050241,1.974745,-0.594361,0.049342,-0.204683,-0.146747,0.520000,-1.314991,0.393852,-0.660963,-0.291407,0.349217,-0.021337,0.003075,-0.836688,-0.956410,0.244260,0.413665,0.127996,-0.013682,-0.423743
-0.124252,0.270713,0.482341,0.045401,0.151751,-0.237440,0.958401,-1.494705,0.536551,-0.120062,1.953030,-0.711245,-0.261800,-1.625506,-0.918700,0.033556,1.959542,-0.590982,0.052309,-0.202111,-0.142580,0.520000,-1.322579,0.386851,-0.658099,-0.284940,0.357965,-0.019579,0.004863,-0.821517,-0.957525,0.216682,0.394268,0.110493,-0.007996,-0.424574
-0.123204,0.270793,0.486658,0.044542,0.151785,-0.239237,0.957989,-1.481330,0.540933,-0.114223,1.940216,-0.710546,-0.261800,-1.603974,-0.915616,0.016805,1.944389,-0.587582,0.055002,-0.199738,-0.138363,0.520000,-1.330914,0.380231,-0.656061,-0.277827,0.365624,-0.017649,0.006672,-0.806882,-0.958581,0.189267,0.375271,0.092664,-0.002240,-0.424777
-0.122426,0.271064,0.490620,0.043649,0.151746,-0.241027,0.957588,-1.467891,0.545300,-0.108447,1.927395,-0.709793,-0.261800,-1.582560,-0.912390,0.000265,1.929291,-0.584202,0.057588,-0.197503,-0.134201,0.520000,-1.339353,0.373990,-0.654562,-0.270254,0.370992,-0.015748,0.008134,-0.792551,-0.959536,0.162384,0.356639,0.077044,0.002912,-0.424656
-0.121444,0.271130,0.494876,0.042745,0.151407,-0.242786,0.957238,-1.453730,0.549599,-0.102468,1.914532,-0.709100,-0.261800,-1.561048,-0.909062,-0.015684,1.914340,-0.580842,0.060284,-0.195480,-0.130263,0.520000,-1.347319,0.368091,-0.653306,-0.262226,0.372960,-0.014078,0.008897,-0.778525,-0.960294,0.136617,0.338406,0.066201,0.006796,-0.424590
-0.120511,0.271176,0.499035,0.041804,0.150652,-0.244509,0.956960,-1.438492,0.553814,-0.096226,1.901612,-0.708615,-0.261800,-1.539051,-0.905746,-0.031128,1.899531,-0.577611,0.063119,-0.193735,-0.126596,0.520000,-1.354607,0.362514,-0.652143,-0.253628,0.369228,-0.012700,0.008416,-0.765179,-0.960788,0.112429,0.320933,0.062507,0.008889,-0.424570
-0.119620,0.271247,0.503171,0.040827,0.149609,-0.246210,0.956729,-1.422561,0.557945,-0.089860,1.888623,-0.708210,-0.261800,-1.516819,-0.902329,-0.046150,1.884798,-0.574434,0.066041,-0.192305,-0.123161,0.520000,-1.361545,0.357295,-0.651246,-0.244427,0.361088,-0.011495,0.007041,-0.752682,-0.961055,0.089674,0.304285,0.064023,0.009649,-0.424553
-0.118703,0.271271,0.507243,0.039855,0.148438,-0.247891,0.956518,-1.406416,0.561978,-0.083439,1.875677,-0.707722,-0.261800,-1.494798,-0.898790,-0.060733,1.870242,-0.571249,0.068922,-0.191103,-0.119898,0.520000,-1.368326,0.352485,-0.650794,-0.234782,0.352760,-0.010425,0.005752,-0.740905,-0.961128,0.068034,0.288278,0.066659,0.009878,-0.424830
-0.117829,0.271238,0.511261,0.038930,0.147300,-0.249555,0.956300,-1.390539,0.565905,-0.077033,1.862792,-0.706909,-0.261800,-1.473441,-0.895076,-0.074856,1.855866,-0.568015,0.071655,-0.190034,-0.116766,0.520000,-1.375140,0.348149,-0.650978,-0.224923,0.348449,-0.009474,0.005524,-0.729703,-0.961035,0.047170,0.272686,0.066335,0.010379,-0.425669
-0.116993,0.271165,0.515244,0.038043,0.146239,-0.251204,0.956067,-1.375118,0.569742,-0.070740,1.850004,-0.705671,-0.261800,-1.452791,-0.891199,-0.088613,1.841623,-0.564687,0.074268,-0.189051,-0.113722,0.520000,-1.382160,0.344343,-0.652035,-0.214621,0.348823,-0.008852,0.006977,-0.719011,-0.960806,0.026964,0.257520,0.061550,0.011339,-0.427396
-0.116179,0.271047,0.519145,0.037179,0.145169,-0.252834,0.955834,-1.359906,0.573496,-0.064520,1.837298,-0.704105,-0.261800,-1.432646,-0.887195,-0.101970,1.827537,-0.561300,0.076810,-0.188217,-0.110822,0.520000,-1.389211,0.341085,-0.653830,-0.203909,0.351769,-0.008492,0.009474,-0.708778,-0.960470,0.007504,0.242754,0.054629,0.012351,-0.429764
-0.115347,0.270941,0.522992,0.036370,0.144063,-0.254444,0.955605,-1.344675,0.577133,-0.058186,1.824617,-0.702403,-0.261800,-1.413029,-0.883097,-0.114774,1.813603,-0.557908,0.079194,-0.187580,-0.108092,0.520000,-1.395925,0.338343,-0.655943,-0.193403,0.357323,-0.007979,0.012084,-0.699007,-0.960013,-0.011196,0.228276,0.047165,0.013332,-0.432170
-0.114594,0.270806,0.526741,0.035654,0.142891,-0.256028,0.955385,-1.329204,0.580618,-0.051558,1.811922,-0.700804,-0.261800,-1.394003,-0.878979,-0.126840,1.799889,-0.554586,0.081338,-0.187176,-0.105562,0.520000,-1.401968,0.336050,-0.657970,-0.183636,0.365532,-0.006906,0.013867,-0.689723,-0.959396,-0.029115,0.213990,0.040736,0.014181,-0.434021
-0.113812,0.270709,0.530422,0.035064,0.141637,-0.257565,0.955180,-1.313441,0.583865,-0.044545,1.799204,-0.699337,-0.261800,-1.375684,-0.874928,-0.138000,1.786446,-0.551342,0.083132,-0.187070,-0.103297,0.520000,-1.407379,0.334164,-0.659922,-0.174563,0.378408,-0.004806,0.014718,-0.681008,-0.958594,-0.046224,0.199987,0.035064,0.014989,-0.435254
-0.112980,0.270465,0.534113,0.034575,0.140319,-0.259066,0.954987,-1.297508,0.586904,-0.037277,1.786483,-0.697915,-0.261800,-1.357989,-0.870917,-0.148409,1.773244,-0.548148,0.084653,-0.187215,-0.101277,0.520000,-1.412328,0.332681,-0.661994,-0.165896,0.395270,-0.002028,0.015040,-0.672803,-0.957632,-0.062548,0.186293,0.029525,0.015760,-0.436170
-0.112149,0.270177,0.537769,0.034121,0.138956,-0.260568,0.954794,-1.281433,0.589866,-0.029882,1.773720,-0.696443,-0.261800,-1.340628,-0.866825,-0.158383,1.760167,-0.544975,0.086110,-0.187502,-0.099400,0.520000,-1.416703,0.331567,-0.664051,-0.157810,0.412155,0.000609,0.014695,-0.665039,-0.956564,-0.078096,0.172739,0.025139,0.016254,-0.436714
-0.111329,0.269841,0.541377,0.033638,0.137565,-0.262111,0.954590,-1.265245,0.592895,-0.022502,1.760851,-0.694863,-0.261800,-1.323288,-0.862521,-0.168273,1.747077,-0.541819,0.087699,-0.187799,-0.097546,0.520000,-1.420395,0.330789,-0.665941,-0.150516,0.425081,0.002288,0.013585,-0.657497,-0.955467,-0.092970,0.159106,0.022983,0.016231,-0.436843
-0.110503,0.269509,0.544967,0.033081,0.136137,-0.263715,0.954372,-1.248918,0.596074,-0.015220,1.747903,-0.693194,-0.261800,-1.305836,-0.857916,-0.178163,1.733964,-0.538670,0.089564,-0.188063,-0.095668,0.520000,-1.423318,0.330311,-0.667595,-0.143904,0.433335,0.002716,0.011293,-0.650104,-0.954411,-0.107109,0.145300,0.024397,0.015419,-0.436371
-0.109699,0.269151,0.548535,0.032492,0.134666,-0.265357,0.954146,-1.232455,0.599306,-0.007956,1.734889,-0.691431,-0.261800,-1.288454,-0.853095,-0.187875,1.720892,-0.535545,0.091564,-0.188341,-0.093801,0.520000,-1.425565,0.330113,-0.669083,-0.137927,0.438934,0.002345,0.008031,-0.642904,-0.953443,-0.120544,0.131455,0.028496,0.014001,-0.435381
-0.108951,0.268762,0.552092,0.031944,0.133187,-0.267006,0.953912,-1.215901,0.602463,-0.000547,1.721771,-0.689569,-0.261800,-1.271378,-0.848194,-0.197273,1.707836,-0.532411,0.093499,-0.188635,-0.091927,0.520000,-1.427258,0.330178,-0.670486,-0.132837,0.441986,0.001487,0.004670,-0.635952,-0.952583,-0.133455,0.117663,0.032959,0.012476,-0.434231
-0.108185,0.268314,0.555604,0.031508,0.131734,-0.268637,0.953671,-1.199314,0.605416,0.007157,1.708511,-0.687508,-0.261800,-1.254852,-0.843349,-0.206216,1.694797,-0.529239,0.095172,-0.188969,-0.090045,0.520000,-1.428537,0.330473,-0.671893,-0.128794,0.442636,0.000458,0.002075,-0.629272,-0.951833,-0.146043,0.103983,0.035466,0.011322,-0.433274
-0.107399,0.267870,0.559123,0.031215,0.130344,-0.270227,0.953422,-1.182794,0.608097,0.015185,1.695102,-0.685270,-0.261800,-1.238990,-0.838647,-0.214689,1.681774,-0.526021,0.096460,-0.189351,-0.088146,0.520000,-1.429531,0.330990,-0.673428,-0.125832,0.439755,-0.000849,0.000447,-0.622685,-0.951238,-0.158552,0.090244,0.035193,0.010681,-0.432527
-0.106633,0.267350,0.562642,0.031021,0.128992,-0.271797,0.953166,-1.166295,0.610575,0.023453,1.681570,-0.682865,-0.261800,-1.223657,-0.834041,-0.222687,1.668770,-0.522749,0.097570,-0.189741,-0.086226,0.520000,-1.430156,0.331712,-0.675026,-0.123847,0.433653,-0.002524,-0.000664,-0.616099,-0.950819,-0.170934,0.076390,0.033457,0.010289,-0.431811
-0.105862,0.266841,0.566172,0.030897,0.127618,-0.273380,0.952902,-1.149640,0.612926,0.031950,1.667900,-0.680288,-0.261800,-1.208643,-0.829412,-0.230268,1.655766,-0.519430,0.098652,-0.190090,-0.084269,0.520000,-1.430218,0.332569,-0.676468,-0.122855,0.426653,-0.004231,-0.001373,-0.609787,-0.950485,-0.182876,0.062795,0.031114,0.010019,-0.431217
-0.105129,0.266264,0.569656,0.030811,0.126159,-0.275008,0.952631,-1.132651,0.615220,0.040665,1.654104,-0.677540,-0.261800,-1.193771,-0.824629,-0.237456,1.642749,-0.516063,0.099861,-0.190375,-0.082324,0.520000,-1.429576,0.333485,-0.677567,-0.122770,0.421072,-0.005634,-0.001797,-0.603948,-0.950099,-0.194085,0.049692,0.029041,0.009746,-0.430852
-0.104392,0.265667,0.573153,0.030765,0.124594,-0.276692,0.952350,-1.115279,0.617464,0.049596,1.640206,-0.674546,-0.261800,-1.178951,-0.819680,-0.244266,1.629690,-0.512671,0.101278,-0.190585,-0.080459,0.520000,-1.428199,0.334399,-0.678314,-0.123704,0.417463,-0.006652,-0.001852,-0.598776,-0.949565,-0.204399,0.037185,0.027006,0.009504,-0.430959
-0.103666,0.265017,0.576685,0.030764,0.122954,-0.278424,0.952059,-1.097607,0.619591,0.058832,1.626214,-0.671395,-0.261800,-1.164304,-0.814572,-0.250666,1.616629,-0.509236,0.102807,-0.190734,-0.078673,0.520000,-1.426218,0.335294,-0.678831,-0.125525,0.414638,-0.007468,-0.001518,-0.594165,-0.948880,-0.213944,0.025179,0.024638,0.009336,-0.431428
-0.102950,0.264330,0.580155,0.030783,0.121254,-0.280195,0.951757,-1.079672,0.621615,0.068329,1.612070,-0.668109,-0.261800,-1.149752,-0.809380,-0.256829,1.603551,-0.505785,0.104282,-0.190852,-0.076946,0.520000,-1.423794,0.336163,-0.679148,-0.127781,0.412311,-0.008146,-0.001006,-0.589940,-0.948080,-0.222852,0.013624,0.022558,0.009118,-0.431810
-0.102294,0.263615,0.583602,0.030805,0.119509,-0.281989,0.951447,-1.061514,0.623549,0.078018,1.597709,-0.664783,-0.261800,-1.135261,-0.804179,-0.262891,1.590449,-0.502336,0.105540,-0.190959,-0.075214,0.520000,-1.421039,0.337005,-0.679261,-0.130119,0.410190,-0.008746,-0.000524,-0.586053,-0.947201,-0.231188,0.002655,0.021355,0.008721,-0.431659
-0.101605,0.262888,0.587064,0.030822,0.117729,-0.283803,0.951129,-1.043138,0.625383,0.087922,1.583065,-0.661447,-0.261800,-1.120820,-0.798989,-0.268930,1.577314,-0.498883,0.106514,-0.191057,-0.073435,0.520000,-1.417949,0.337815,-0.679178,-0.132542,0.408413,-0.009316,0.000086,-0.582407,-0.946286,-0.239046,-0.007804,0.021669,0.008113,-0.430786
-0.100957,0.262121,0.590524,0.030850,0.115905,-0.285641,0.950802,-1.024534,0.627102,0.098028,1.568184,-0.658028,-0.261800,-1.106451,-0.793788,-0.274864,1.564153,-0.495421,0.107299,-0.191116,-0.071630,0.520000,-1.414469,0.338580,-0.678888,-0.135237,0.407061,-0.009813,0.000865,-0.579059,-0.945346,-0.246386,-0.017766,0.023024,0.007364,-0.429445
-0.100311,0.261336,0.593973,0.030895,0.114018,-0.287510,0.950465,-1.005685,0.628700,0.108280,1.553173,-0.654495,-0.261800,-1.092167,-0.788544,-0.280572,1.550990,-0.491964,0.107982,-0.191148,-0.069884,0.520000,-1.410655,0.339291,-0.678382,-0.138077,0.405769,-0.010165,0.001431,-0.575922,-0.944386,-0.253186,-0.027229,0.024435,0.006497,-0.427879
-0.099689,0.260518,0.597402,0.030964,0.112054,-0.289416,0.950118,-0.986584,0.630183,0.118617,1.538136,-0.650800,-0.261800,-1.077993,-0.783238,-0.285942,1.537869,-0.488546,0.108637,-0.191161,-0.068273,0.520000,-1.406571,0.339947,-0.677658,-0.140900,0.404163,-0.010297,0.001400,-0.572899,-0.943396,-0.259439,-0.036190,0.024918,0.005533,-0.426327
-0.099030,0.259658,0.600790,0.031062,0.109972,-0.291394,0.949753,-0.967088,0.631575,0.129072,1.523116,-0.646961,-0.261800,-1.063915,-0.777824,-0.290879,1.524781,-0.485158,0.109285,-0.191134,-0.066867,0.520000,-1.402103,0.340529,-0.676681,-0.143700,0.401771,-0.010078,0.000517,-0.570010,-0.942373,-0.265056,-0.044507,0.024239,0.004355,-0.424663
-0.098429,0.258809,0.604174,0.031182,0.107794,-0.293431,0.949372,-0.947259,0.632864,0.139658,1.508068,-0.642982,-0.261800,-1.049916,-0.772335,-0.295471,1.511715,-0.481795,0.109885,-0.191058,-0.065605,0.520000,-1.397273,0.341030,-0.675474,-0.146566,0.398907,-0.009581,-0.000961,-0.567308,-0.941323,-0.270064,-0.052222,0.022903,0.002991,-0.422829
-0.097834,0.257869,0.607559,0.031319,0.105591,-0.295456,0.948986,-0.927359,0.633994,0.150315,1.492920,-0.638845,-0.261800,-1.036020,-0.766856,-0.299866,1.498692,-0.478466,0.110432,-0.191014,-0.064386,0.520000,-1.392322,0.341465,-0.674084,-0.149430,0.396417,-0.009041,-0.002646,-0.564688,-0.940245,-0.274653,-0.059605,0.021044,0.001671,-0.421153
-0.097191,0.256924,0.610946,0.031461,0.103432,-0.297402,0.948612,-0.907656,0.634917,0.160971,1.477610,-0.634484,-0.261800,-1.022230,-0.761478,-0.304226,1.485733,-0.475189,0.110922,-0.191109,-0.063092,0.520000,-1.387481,0.341817,-0.672537,-0.152262,0.395170,-0.008696,-0.004151,-0.562282,-0.939208,-0.278826,-0.066795,0.018791,0.000625,-0.419988
-0.096604,0.255929,0.614265,0.031635,0.101315,-0.299256,0.948251,-0.888179,0.635597,0.171682,1.462164,-0.629866,-0.261800,-1.008655,-0.756253,-0.308450,1.472886,-0.471949,0.111336,-0.191266,-0.061842,0.520000,-1.382807,0.342134,-0.670866,-0.155120,0.395811,-0.008659,-0.005703,-0.559533,-0.938013,-0.283056,-0.074147,0.015832,-0.000111,-0.419603
-0.096046,0.254860,0.617574,0.031839,0.099215,-0.301055,0.947897,-0.868832,0.636082,0.182449,1.446592,-0.624981,-0.261800,-0.995218,-0.751150,-0.312571,1.460115,-0.468762,0.111653,-0.191530,-0.060661,0.519893,-1.378139,0.342347,-0.669022,-0.157871,0.397771,-0.008800,-0.007403,-0.556951,-0.936757,-0.286785,-0.081184,0.012186,-0.000655,-0.419797
-0.095516,0.253777,0.620834,0.032305,0.097732,-0.302803,0.947478,-0.850913,0.636268,0.193377,1.430721,-0.619743,-0.261800,-0.983486,-0.746085,-0.316442,1.447258,-0.465375,0.111798,-0.192456,-0.059344,0.514835,-1.369703,0.342258,-0.667049,-0.160573,0.399820,-0.009240,-0.008430,-0.554941,-0.935233,-0.286660,-0.085717,0.008188,-0.001140,-0.420121
-0.094968,0.252706,0.624044,0.032715,0.096375,-0.304501,0.947059,-0.833294,0.636334,0.204046,1.414583,-0.614434,-0.261800,-0.971725,-0.740936,-0.320552,1.434312,-0.462038,0.111977,-0.193619,-0.057636,0.509466,-1.360983,0.342113,-0.665040,-0.163312,0.400988,-0.009566,-0.008417,-0.553662,-0.933851,-0.285497,-0.089759,0.004701,-0.001417,-0.419968
-0.094416,0.251579,0.627242,0.033039,0.095238,-0.306087,0.946651,-0.816316,0.636244,0.214200,1.398156,-0.609135,-0.261800,-0.959980,-0.735732,-0.325095,1.421284,-0.458738,0.112228,-0.195202,-0.055627,0.503681,-1.352100,0.342015,-0.663034,-0.166096,0.401186,-0.009778,-0.007201,-0.552591,-0.932001,-0.283704,-0.093990,0.001695,-0.001505,-0.419402
-0.093818,0.250387,0.630418,0.033304,0.094263,-0.307583,0.946255,-0.799819,0.636002,0.223974,1.381463,-0.603783,-0.261800,-0.948289,-0.730495,-0.329913,1.408234,-0.455461,0.112517,-0.196960,-0.053249,0.497705,-1.343038,0.342010,-0.661014,-0.169213,0.400873,-0.009917,-0.005048,-0.551403,-0.930093,-0.281733,-0.098466,-0.000935,-0.001391,-0.418572
-0.093258,0.249142,0.633619,0.033566,0.093285,-0.309107,0.945846,-0.783184,0.635713,0.233822,1.364574,-0.598221,-0.261800,-0.936551,-0.725143,-0.334669,1.395064,-0.452286,0.112782,-0.198687,-0.050740,0.491691,-1.333656,0.342126,-0.659130,-0.172383,0.399852,-0.009952,-0.002177,-0.550032,-0.928044,-0.279472,-0.102977,-0.003378,-0.001064,-0.417073
-0.092667,0.247818,0.636786,0.033881,0.092136,-0.310778,0.945399,-0.765741,0.635442,0.244229,1.347459,-0.592375,-0.261800,-0.924721,-0.719611,-0.338980,1.381784,-0.449217,0.112963,-0.200167,-0.048371,0.485798,-1.323849,0.342408,-0.657578,-0.175298,0.397915,-0.009848,0.001211,-0.548414,-0.925732,-0.276832,-0.107366,-0.005860,-0.000522,-0.414490
-0.092061,0.246434,0.639955,0.034241,0.090824,-0.312599,0.944913,-0.747613,0.635254,0.255141,1.330333,-0.586160,-0.261800,-0.912802,-0.713886,-0.342896,1.368404,-0.446266,0.112981,-0.201424,-0.046161,0.480035,-1.313670,0.342887,-0.656469,-0.177986,0.394268,-0.009522,0.005655,-0.546559,-0.923077,-0.273822,-0.111648,-0.008341,0.000182,-0.410859
-0.091489,0.244993,0.643147,0.034622,0.089419,-0.314518,0.944396,-0.729046,0.635077,0.266371,1.313122,-0.579638,-0.261800,-0.900821,-0.708006,-0.346560,1.354936,-0.443413,0.112892,-0.202574,-0.044027,0.474333,-1.303145,0.343584,-0.655693,-0.180573,0.389275,-0.009038,0.011070,-0.544496,-0.920040,-0.270474,-0.115930,-0.010797,0.001055,-0.406349
-0.090847,0.243467,0.646375,0.035064,0.087854,-0.316566,0.943842,-0.709617,0.634760,0.278175,1.295506,-0.572894,-0.261800,-0.888739,-0.701973,-0.349752,1.341326,-0.440662,0.112832,-0.203554,-0.042122,0.468711,-1.292116,0.344538,-0.655136,-0.182858,0.384410,-0.008555,0.016313,-0.541984,-0.916579,-0.266817,-0.120308,-0.013423,0.002185,-0.400737
-0.090266,0.241866,0.649622,0.035606,0.086059,-0.318777,0.943243,-0.688957,0.634147,0.290770,1.277238,-0.565968,-0.261800,-0.876575,-0.695804,-0.352214,1.327615,-0.437981,0.112933,-0.204301,-0.040564,0.463200,-1.280377,0.345793,-0.654653,-0.184747,0.381185,-0.008207,0.020241,-0.538901,-0.912614,-0.262829,-0.124803,-0.016449,0.003658,-0.393808
-0.089659,0.240184,0.652875,0.036269,0.083990,-0.321123,0.942608,-0.666967,0.633060,0.304152,1.258261,-0.558947,-0.261800,-0.864271,-0.689569,-0.353832,1.313802,-0.435431,0.113337,-0.204901,-0.039486,0.457866,-1.267996,0.347401,-0.654283,-0.186213,0.380108,-0.008076,0.022667,-0.535296,-0.908110,-0.258697,-0.129486,-0.020334,0.005797,-0.384849
-0.089061,0.238398,0.656129,0.037030,0.081689,-0.323598,0.941934,-0.643875,0.631560,0.318186,1.238711,-0.551773,-0.261800,-0.851832,-0.683254,-0.354759,1.299886,-0.432999,0.113934,-0.205374,-0.038815,0.452685,-1.254997,0.349392,-0.654074,-0.187374,0.380326,-0.008053,0.024164,-0.531141,-0.903051,-0.254410,-0.134410,-0.024864,0.008424,-0.374177
-0.088445,0.236497,0.659427,0.037862,0.079226,-0.326266,0.941191,-0.619734,0.629816,0.332953,1.218534,-0.544287,-0.261800,-0.839333,-0.676741,-0.355147,1.285840,-0.430588,0.114486,-0.205589,-0.038413,0.447526,-1.241150,0.351766,-0.653902,-0.188255,0.381305,-0.007984,0.024723,-0.526220,-0.897395,-0.249574,-0.139513,-0.029254,0.010893,-0.363134
-0.087802,0.234516,0.662793,0.038740,0.076669,-0.329193,0.940347,-0.594580,0.627994,0.348554,1.197677,-0.536322,-0.261800,-0.826839,-0.669906,-0.355159,1.271627,-0.428082,0.114755,-0.205438,-0.038168,0.442234,-1.226218,0.354518,-0.653658,-0.188863,0.382499,-0.007719,0.024331,-0.520343,-0.891113,-0.243733,-0.144779,-0.032707,0.012584,-0.353075
-0.087169,0.232449,0.666194,0.039699,0.074011,-0.332411,0.939388,-0.568193,0.626100,0.365351,1.176016,-0.527960,-0.261800,-0.814459,-0.662769,-0.354711,1.257263,-0.425438,0.114672,-0.204878,-0.038151,0.436755,-1.210147,0.357653,-0.653285,-0.189129,0.383955,-0.007144,0.022739,-0.513434,-0.884189,-0.236607,-0.150249,-0.034898,0.013357,-0.344338
-0.086521,0.230214,0.669596,0.040741,0.071224,-0.335876,0.938325,-0.540643,0.623923,0.383150,1.153609,-0.519286,-0.261800,-0.802126,-0.655381,-0.353743,1.242762,-0.422712,0.114374,-0.204039,-0.038435,0.431164,-1.193005,0.361186,-0.652828,-0.189086,0.385908,-0.006366,0.020035,-0.505698,-0.876648,-0.228340,-0.155857,-0.036310,0.013555,-0.336225
-0.085897,0.227843,0.673060,0.041787,0.068342,-0.339541,0.937174,-0.512372,0.621461,0.401352,1.130622,-0.509927,-0.261800,-0.789617,-0.647702,-0.352501,1.228037,-0.419954,0.113905,-0.203021,-0.038828,0.425525,-1.174731,0.365131,-0.652292,-0.188923,0.388073,-0.005569,0.016715,-0.497425,-0.868497,-0.219138,-0.161375,-0.037359,0.013303,-0.328576
-0.085234,0.225402,0.676582,0.042764,0.065403,-0.343360,0.935947,-0.483843,0.618586,0.419194,1.107251,-0.499792,-0.261800,-0.776757,-0.639658,-0.351145,1.213010,-0.417182,0.113359,-0.201920,-0.039150,0.419911,-1.155263,0.369494,-0.651681,-0.188837,0.390190,-0.004933,0.013274,-0.488971,-0.859739,-0.209169,-0.166511,-0.038476,0.012711,-0.321212
-0.084603,0.222867,0.680123,0.043681,0.062381,-0.347395,0.934621,-0.454626,0.615200,0.436956,1.082924,-0.489095,-0.261800,-0.763550,-0.631152,-0.349532,1.197629,-0.414433,0.112701,-0.200611,-0.039355,0.414302,-1.134431,0.374277,-0.650996,-0.188655,0.391864,-0.004501,0.009744,-0.480283,-0.850331,-0.198452,-0.171208,-0.039620,0.011455,-0.313897
-0.084005,0.220203,0.683661,0.044570,0.059266,-0.351645,0.933192,-0.424696,0.611320,0.454823,1.057733,-0.477836,-0.261800,-0.750084,-0.622253,-0.347607,1.181942,-0.411676,0.111924,-0.199102,-0.039574,0.408691,-1.112281,0.379478,-0.650212,-0.188427,0.393356,-0.004173,0.005901,-0.471216,-0.840275,-0.186893,-0.175652,-0.040641,0.009595,-0.306776
-0.083427,0.217401,0.687189,0.045385,0.056119,-0.355965,0.931708,-0.395079,0.607177,0.472003,1.032829,-0.465407,-0.261800,-0.736280,-0.613148,-0.345718,1.166036,-0.408882,0.111066,-0.197664,-0.039842,0.403157,-1.089105,0.385107,-0.649245,-0.188469,0.395318,-0.003932,0.001853,-0.461751,-0.829664,-0.174606,-0.179974,-0.041743,0.007821,-0.300278
-0.082821,0.214480,0.690770,0.046083,0.052996,-0.360213,0.930223,-0.366784,0.603054,0.487705,1.009388,-0.451259,-0.261800,-0.722077,-0.604017,-0.344206,1.150013,-0.406029,0.110172,-0.196570,-0.040164,0.397785,-1.065170,0.391165,-0.648012,-0.189184,0.398428,-0.003765,-0.002293,-0.451920,-0.818646,-0.161684,-0.184303,-0.043113,0.006829,-0.294828
-0.082242,0.211513,0.694344,0.046658,0.049875,-0.364403,0.928734,-0.339561,0.599094,0.502290,0.987205,-0.434913,-0.261800,-0.707425,-0.594876,-0.343065,1.133832,-0.403055,0.109297,-0.195811,-0.040491,0.392599,-1.040367,0.397673,-0.646412,-0.190725,0.403129,-0.003727,-0.006690,-0.441723,-0.807310,-0.147809,-0.188684,-0.044667,0.006937,-0.291127
-0.081787,0.208488,0.697878,0.047132,0.046735,-0.368598,0.927216,-0.313055,0.595138,0.515888,0.965847,-0.416923,-0.261800,-0.692371,-0.585619,-0.342116,1.117455,-0.399981,0.108419,-0.195305,-0.040795,0.387574,-1.014474,0.404631,-0.644422,-0.192981,0.409013,-0.003824,-0.011332,-0.431303,-0.795698,-0.132888,-0.192946,-0.046331,0.007741,-0.288772
-0.081379,0.205375,0.701407,0.047481,0.043642,-0.372723,0.925699,-0.288027,0.591566,0.527921,0.946207,-0.397595,-0.261800,-0.676981,-0.576246,-0.341526,1.100961,-0.396932,0.107416,-0.195090,-0.041083,0.382710,-0.987785,0.412021,-0.642142,-0.195864,0.415298,-0.003964,-0.015889,-0.420724,-0.783928,-0.117529,-0.196929,-0.048300,0.008839,-0.286484
-0.081044,0.202142,0.704902,0.047684,0.040665,-0.376702,0.924212,-0.265195,0.588745,0.537810,0.929134,-0.377312,-0.261800,-0.661299,-0.566745,-0.341476,1.084381,-0.394001,0.106174,-0.195185,-0.041322,0.378041,-0.960581,0.419770,-0.639694,-0.199253,0.421285,-0.004044,-0.020019,-0.409953,-0.772127,-0.102475,-0.200585,-0.050718,0.009827,-0.282984
-0.080776,0.198785,0.708372,0.047724,0.037846,-0.380465,0.922787,-0.245020,0.586829,0.544938,0.915018,-0.355873,-0.261800,-0.645248,-0.557132,-0.342164,1.067668,-0.391196,0.104696,-0.195649,-0.041400,0.373558,-0.932851,0.427796,-0.637113,-0.203323,0.427380,-0.003976,-0.023639,-0.398780,-0.760344,-0.087943,-0.204099,-0.053487,0.010792,-0.277864
-0.080596,0.195382,0.711773,0.047600,0.035149,-0.384074,0.921404,-0.227009,0.585787,0.549787,0.903422,-0.333283,-0.261800,-0.628831,-0.547356,-0.343442,1.050801,-0.388464,0.103040,-0.196309,-0.041278,0.369274,-0.904723,0.436077,-0.634392,-0.207880,0.433614,-0.003844,-0.026939,-0.387080,-0.748579,-0.073736,-0.207545,-0.056522,0.011878,-0.271822
-0.080539,0.191903,0.715085,0.047323,0.032516,-0.387651,0.920016,-0.210442,0.585742,0.553461,0.894009,-0.310122,-0.261800,-0.612197,-0.537283,-0.344978,1.033816,-0.385787,0.101168,-0.197054,-0.041072,0.365321,-0.875955,0.444469,-0.631486,-0.212848,0.439419,-0.003761,-0.029936,-0.375249,-0.736878,-0.059736,-0.210632,-0.059959,0.012760,-0.265237
-0.080506,0.188347,0.718365,0.046898,0.029898,-0.391316,0.918574,-0.194588,0.586753,0.557067,0.886377,-0.287017,-0.261800,-0.595499,-0.526798,-0.346436,1.016776,-0.383162,0.099048,-0.197319,-0.040798,0.361672,-0.847791,0.453045,-0.628580,-0.217231,0.442882,-0.003889,-0.032727,-0.363179,-0.725339,-0.046274,-0.213117,-0.063912,0.013111,-0.258498
-0.080593,0.184737,0.721615,0.046398,0.027296,-0.395027,0.917091,-0.179450,0.588668,0.560751,0.880337,-0.263575,-0.261800,-0.578794,-0.516046,-0.347796,0.999641,-0.380601,0.096660,-0.197542,-0.040642,0.358398,-0.818606,0.461529,-0.625430,-0.221917,0.444860,-0.004224,-0.035232,-0.351192,-0.713906,-0.033166,-0.214853,-0.068575,0.012761,-0.251271
-0.080693,0.181083,0.724753,0.045780,0.024738,-0.398748,0.915583,-0.165351,0.591578,0.563927,0.876168,-0.239708,-0.261800,-0.561976,-0.504980,-0.349216,0.982372,-0.378094,0.094034,-0.197488,-0.040439,0.355367,-0.789533,0.469947,-0.622239,-0.226221,0.445058,-0.004724,-0.037496,-0.338943,-0.702577,-0.020586,-0.215953,-0.073815,0.011892,-0.243514
-0.080872,0.177375,0.727798,0.044889,0.022202,-0.402613,0.913999,-0.151982,0.595811,0.566637,0.874091,-0.216469,-0.261800,-0.544954,-0.493223,-0.350593,0.964999,-0.375582,0.091207,-0.197083,-0.039979,0.352875,-0.760246,0.478187,-0.618986,-0.230515,0.444723,-0.005305,-0.039487,-0.326719,-0.691471,-0.008207,-0.216738,-0.079160,0.010745,-0.235999
-0.081091,0.173640,0.730741,0.043565,0.019670,-0.406754,0.912286,-0.139054,0.601709,0.568900,0.874363,-0.194944,-0.261800,-0.527643,-0.480398,-0.351811,0.947550,-0.372995,0.088203,-0.195896,-0.038917,0.351044,-0.732170,0.486349,-0.615868,-0.234017,0.443622,-0.005939,-0.041261,-0.314515,-0.680828,0.004045,-0.217458,-0.084131,0.009576,-0.229542
-0.081338,0.169915,0.733582,0.041761,0.017113,-0.411238,0.910410,-0.126314,0.609494,0.570852,0.877095,-0.175287,-0.261800,-0.509909,-0.466313,-0.352782,0.929857,-0.370295,0.084963,-0.193926,-0.037172,0.350036,-0.704625,0.494391,-0.612804,-0.237188,0.441773,-0.006567,-0.042879,-0.302477,-0.670788,0.016292,-0.218104,-0.088542,0.008340,-0.224131
-0.081560,0.166167,0.736296,0.039540,0.014564,-0.415985,0.908395,-0.113955,0.618942,0.572338,0.882088,-0.157040,-0.261800,-0.491833,-0.451144,-0.353536,0.911936,-0.367455,0.081481,-0.191309,-0.034795,0.349726,-0.677431,0.502277,-0.609736,-0.240101,0.439055,-0.007231,-0.044308,-0.290574,-0.661370,0.028454,-0.218498,-0.092579,0.006962,-0.219447
-0.081890,0.162438,0.738853,0.036919,0.012087,-0.420898,0.906276,-0.102322,0.629700,0.572974,0.889068,-0.140336,-0.261800,-0.473558,-0.435062,-0.354176,0.893871,-0.364479,0.077846,-0.188272,-0.031755,0.350023,-0.650578,0.509926,-0.606590,-0.242867,0.436772,-0.007995,-0.045361,-0.279006,-0.652598,0.040640,-0.218712,-0.096283,0.005665,-0.215799
-0.082213,0.158790,0.741300,0.033922,0.009745,-0.425877,0.904093,-0.091741,0.641425,0.572635,0.897719,-0.125265,-0.260845,-0.455257,-0.418259,-0.354804,0.875784,-0.361358,0.074151,-0.185021,-0.027999,0.350817,-0.624192,0.517244,-0.603311,-0.245506,0.436146,-0.008932,-0.045862,-0.267979,-0.644489,0.052956,-0.218722,-0.099683,0.004675,-0.213511
-0.082526,0.155321,0.743684,0.031341,0.007512,-0.430441,0.902043,-0.082357,0.653667,0.578014,0.907991,-0.111362,-0.234624,-0.438039,-0.403044,-0.354966,0.858067,-0.357872,0.070867,-0.182420,-0.024636,0.351387,-0.598332,0.524160,-0.599944,-0.247913,0.437635,-0.010232,-0.045507,-0.257516,-0.637075,0.065509,-0.218555,-0.102851,0.004098,-0.213267
-0.082799,0.152049,0.745983,0.030474,0.005335,-0.433990,0.900386,-0.075918,0.662797,0.584625,0.919071,-0.098542,-0.203752,-0.423896,-0.392872,-0.353832,0.842560,-0.354857,0.068503,-0.181901,-0.024004,0.350080,-0.573061,0.530674,-0.596610,-0.249984,0.440560,-0.011826,-0.044487,-0.247382,-0.630309,0.078125,-0.218270,-0.105742,0.003808,-0.214757
-0.083054,0.148871,0.748146,0.029573,0.003290,-0.437530,0.898711,-0.070142,0.672447,0.591590,0.931086,-0.088614,-0.170064,-0.410264,-0.382775,-0.352498,0.827434,-0.351877,0.066154,-0.181223,-0.023134,0.348781,-0.548448,0.536756,-0.593316,-0.251739,0.444420,-0.013353,-0.043355,-0.237688,-0.624145,0.090606,-0.217733,-0.108222,0.003688,-0.216692
-0.083378,0.145760,0.750155,0.028777,0.001445,-0.441074,0.897008,-0.064973,0.681556,0.598494,0.942923,-0.082719,-0.133813,-0.397567,-0.372959,-0.350777,0.812860,-0.349021,0.063799,-0.180309,-0.022109,0.347166,-0.524590,0.542398,-0.590128,-0.253206,0.448740,-0.014480,-0.042672,-0.228319,-0.618504,0.102646,-0.216974,-0.110174,0.003614,-0.217828
-0.083668,0.142747,0.752076,0.028107,-0.000153,-0.444578,0.895299,-0.060057,0.691642,0.607643,0.955808,-0.081522,-0.089150,-0.385880,-0.363468,-0.348782,0.798867,-0.346325,0.061346,-0.179143,-0.020916,0.345115,-0.501655,0.547588,-0.587291,-0.254345,0.454125,-0.014955,-0.042414,-0.219102,-0.613341,0.114043,-0.216096,-0.111415,0.003649,-0.217915
-0.083926,0.139739,0.753881,0.027518,-0.001554,-0.448046,0.893585,-0.055566,0.702440,0.618350,0.969837,-0.084578,-0.038003,-0.374987,-0.354253,-0.346576,0.785356,-0.343731,0.058839,-0.177722,-0.019575,0.342776,-0.479689,0.552307,-0.584806,-0.255025,0.460577,-0.015004,-0.042341,-0.209982,-0.608650,0.124868,-0.215170,-0.112086,0.003824,-0.217563
-0.084159,0.136835,0.755525,0.027051,-0.002824,-0.451545,0.891834,-0.052624,0.710001,0.625111,0.982188,-0.090449,0.007295,-0.364952,-0.345408,-0.343905,0.772464,-0.341249,0.056457,-0.176053,-0.018211,0.340237,-0.458432,0.556538,-0.582293,-0.255362,0.466785,-0.015025,-0.042691,-0.201132,-0.604377,0.135276,-0.214077,-0.112511,0.003964,-0.216847
-0.084363,0.133964,0.757093,0.026733,-0.004027,-0.455148,0.890006,-0.052455,0.710377,0.622262,0.989880,-0.096781,0.034247,-0.355810,-0.337001,-0.340530,0.760291,-0.338871,0.054375,-0.174177,-0.016939,0.337609,-0.437452,0.560270,-0.579310,-0.255574,0.471518,-0.015416,-0.043690,-0.192755,-0.600414,0.145482,-0.212704,-0.113041,0.003895,-0.215845
-0.084489,0.131278,0.758519,0.026602,-0.005173,-0.458909,0.888070,-0.055354,0.701291,0.606987,0.991239,-0.103142,0.035318,-0.347745,-0.329111,-0.336264,0.749034,-0.336646,0.052694,-0.172086,-0.015864,0.334856,-0.416543,0.563493,-0.575594,-0.255802,0.474184,-0.016324,-0.045843,-0.185064,-0.596699,0.155499,-0.210846,-0.113716,0.003460,-0.214185
-0.084622,0.128696,0.759868,0.026622,-0.006238,-0.462781,0.886051,-0.060271,0.685225,0.583106,0.988214,-0.110449,0.018594,-0.340637,-0.321672,-0.331315,0.738581,-0.334566,0.051288,-0.169803,-0.014918,0.331938,-0.395917,0.566223,-0.571405,-0.255896,0.475527,-0.017529,-0.048888,-0.177976,-0.593227,0.165304,-0.208571,-0.114400,0.002807,-0.211951
-0.084693,0.126136,0.761117,0.026701,-0.007225,-0.466689,0.883989,-0.066463,0.665465,0.554852,0.983381,-0.118222,-0.004993,-0.334155,-0.314530,-0.325993,0.728757,-0.332623,0.049985,-0.167410,-0.013958,0.328973,-0.375728,0.568497,-0.567085,-0.255701,0.476335,-0.018867,-0.051904,-0.171362,-0.589969,0.175079,-0.206032,-0.115165,0.002156,-0.209921
-0.084745,0.123631,0.762264,0.026758,-0.008137,-0.470553,0.881928,-0.073622,0.645094,0.525877,0.979095,-0.125389,-0.024780,-0.327972,-0.307547,-0.320610,0.719330,-0.330777,0.048617,-0.165004,-0.012866,0.326037,-0.356193,0.570380,-0.562984,-0.254956,0.477369,-0.020182,-0.053972,-0.165162,-0.586907,0.185052,-0.203317,-0.116101,0.001740,-0.208865
-0.084745,0.121207,0.763339,0.026817,-0.008970,-0.474377,0.879867,-0.082574,0.623443,0.494715,0.975720,-0.131749,-0.038909,-0.322200,-0.300798,-0.315100,0.710430,-0.329058,0.047140,-0.162610,-0.011669,0.323101,-0.337328,0.571925,-0.559139,-0.253648,0.478748,-0.021578,-0.054733,-0.159454,-0.584032,0.195347,-0.200420,-0.117437,0.001688,-0.209239
-0.084746,0.118855,0.764349,0.026902,-0.009732,-0.478200,0.877785,-0.092758,0.599253,0.460575,0.972144,-0.138017,-0.052697,-0.316919,-0.294309,-0.309360,0.702101,-0.327470,0.045634,-0.160186,-0.010422,0.320150,-0.319036,0.573158,-0.555371,-0.251876,0.480061,-0.023087,-0.054713,-0.154280,-0.581337,0.205842,-0.197269,-0.119068,0.001854,-0.210541
-0.084711,0.116556,0.765295,0.026940,-0.010425,-0.481986,0.875703,-0.102532,0.574628,0.427268,0.968394,-0.143854,-0.066565,-0.311840,-0.287891,-0.303603,0.694072,-0.325959,0.044129,-0.157753,-0.009037,0.317288,-0.301154,0.574085,-0.551655,-0.249858,0.481399,-0.024444,-0.054311,-0.149432,-0.578773,0.216354,-0.193973,-0.120574,0.002060,-0.212126
-0.084684,0.114351,0.766236,0.026866,-0.011045,-0.485695,0.873646,-0.110620,0.551766,0.398276,0.964379,-0.148800,-0.080995,-0.306671,-0.281369,-0.298048,0.686038,-0.324459,0.042662,-0.155321,-0.007423,0.314597,-0.283582,0.574703,-0.548003,-0.247770,0.482834,-0.025362,-0.053939,-0.144671,-0.576258,0.226676,-0.190659,-0.121546,0.002119,-0.213346
-0.084666,0.112137,0.767085,0.026668,-0.011573,-0.489291,0.871636,-0.117220,0.530883,0.373624,0.959934,-0.152102,-0.096821,-0.301368,-0.274714,-0.292796,0.677958,-0.322980,0.041267,-0.152907,-0.005551,0.312056,-0.266323,0.575004,-0.544517,-0.245666,0.484567,-0.025615,-0.053548,-0.139895,-0.573737,0.236788,-0.187384,-0.121726,0.002017,-0.214305
-0.084587,0.109935,0.767895,0.026385,-0.012011,-0.492799,0.869660,-0.123134,0.510983,0.351437,0.955072,-0.154173,-0.113650,-0.296088,-0.268022,-0.287717,0.669974,-0.321542,0.039920,-0.150496,-0.003487,0.309603,-0.249483,0.574999,-0.541211,-0.243390,0.486500,-0.025398,-0.052976,-0.135254,-0.571206,0.246775,-0.184038,-0.121408,0.001838,-0.215243
-0.084499,0.107802,0.768650,0.026035,-0.012388,-0.496275,0.867686,-0.128222,0.492498,0.332181,0.949840,-0.156133,-0.130102,-0.290858,-0.261305,-0.282689,0.662059,-0.320092,0.038584,-0.148059,-0.001291,0.307260,-0.233070,0.574699,-0.537946,-0.240806,0.488257,-0.025083,-0.052444,-0.130847,-0.568654,0.256596,-0.180536,-0.121033,0.001537,-0.215707
-0.084405,0.105635,0.769386,0.025636,-0.012732,-0.499775,0.865682,-0.132402,0.475902,0.316308,0.944348,-0.159048,-0.144757,-0.285714,-0.254575,-0.277581,0.654241,-0.318603,0.037216,-0.145568,0.000973,0.305054,-0.217086,0.574123,-0.534577,-0.237787,0.489459,-0.025041,-0.052176,-0.126794,-0.566072,0.266205,-0.176768,-0.121027,0.001075,-0.215245
-0.084312,0.103543,0.770075,0.025170,-0.013044,-0.503319,0.863635,-0.135720,0.461412,0.304059,0.938644,-0.162893,-0.157447,-0.280638,-0.247774,-0.272384,0.646484,-0.317044,0.035818,-0.142991,0.003357,0.303018,-0.201536,0.573294,-0.530998,-0.234403,0.489549,-0.025377,-0.052383,-0.123088,-0.563444,0.275525,-0.172808,-0.121194,0.000418,-0.213384
-0.084149,0.101514,0.770733,0.024639,-0.013308,-0.506875,0.861565,-0.138410,0.448762,0.294972,0.932560,-0.167002,-0.168880,-0.275631,-0.240923,-0.267158,0.638800,-0.315439,0.034413,-0.140369,0.005862,0.301122,-0.186375,0.572228,-0.527286,-0.230731,0.488879,-0.025890,-0.052899,-0.119720,-0.560771,0.284612,-0.168646,-0.121397,-0.000403,-0.210483
-0.084031,0.099554,0.771365,0.024085,-0.013529,-0.510414,0.859485,-0.140677,0.437710,0.288479,0.926023,-0.171504,-0.178915,-0.270725,-0.234123,-0.261891,0.631218,-0.313818,0.032996,-0.137788,0.008381,0.299321,-0.171533,0.570939,-0.523568,-0.226676,0.488429,-0.026493,-0.053367,-0.116647,-0.558048,0.293599,-0.164217,-0.122201,-0.001341,-0.207335
-0.083866,0.097635,0.771976,0.023550,-0.013716,-0.513907,0.857413,-0.142666,0.428000,0.284042,0.918900,-0.176510,-0.187416,-0.265972,-0.227489,-0.256573,0.623787,-0.312214,0.031562,-0.135334,0.010800,0.297561,-0.156964,0.569435,-0.519981,-0.222115,0.489175,-0.027100,-0.053433,-0.113881,-0.555273,0.302638,-0.159397,-0.124161,-0.002352,-0.204735
-0.083716,0.095702,0.772542,0.023039,-0.013872,-0.517365,0.855342,-0.144312,0.419800,0.282052,0.911155,-0.182145,-0.194340,-0.261389,-0.221018,-0.251170,0.616532,-0.310627,0.030085,-0.133034,0.013078,0.295867,-0.142580,0.567715,-0.516477,-0.217052,0.491863,-0.027712,-0.052935,-0.111515,-0.552444,0.311802,-0.154142,-0.127499,-0.003474,-0.202785
-0.083493,0.093860,0.773117,0.022536,-0.013994,-0.520795,0.853270,-0.145622,0.413108,0.282559,0.902809,-0.188213,-0.199823,-0.256964,-0.214673,-0.245699,0.609447,-0.309055,0.028583,-0.130857,0.015280,0.294254,-0.128399,0.565781,-0.512991,-0.211569,0.495820,-0.028364,-0.052084,-0.109531,-0.549543,0.321014,-0.148508,-0.131881,-0.004717,-0.201112
-0.083246,0.092026,0.773699,0.022052,-0.014075,-0.524167,0.851214,-0.146799,0.407419,0.284574,0.893836,-0.194358,-0.203992,-0.252652,-0.208489,-0.240231,0.602450,-0.307484,0.027120,-0.128789,0.017430,0.292642,-0.114587,0.563649,-0.509652,-0.205593,0.499875,-0.029025,-0.051083,-0.107783,-0.546570,0.330187,-0.142494,-0.137078,-0.005995,-0.199775
-0.083013,0.090258,0.774249,0.021595,-0.014108,-0.527453,0.849192,-0.148035,0.402234,0.287101,0.884216,-0.200251,-0.206954,-0.248426,-0.202507,-0.234834,0.595523,-0.305933,0.025757,-0.126802,0.019572,0.290963,-0.101280,0.561336,-0.506597,-0.199088,0.502879,-0.029664,-0.050133,-0.106068,-0.543511,0.339199,-0.136151,-0.142831,-0.007225,-0.198842
-0.082739,0.088463,0.774741,0.021193,-0.014115,-0.530643,0.847213,-0.149261,0.397640,0.290477,0.873974,-0.205938,-0.208556,-0.244283,-0.196813,-0.229493,0.588666,-0.304411,0.024530,-0.124869,0.021647,0.289216,-0.088548,0.558859,-0.503880,-0.192050,0.504513,-0.030231,-0.049246,-0.104327,-0.540352,0.348033,-0.129526,-0.149499,-0.008388,-0.198594
-0.082424,0.086757,0.775229,0.020837,-0.014093,-0.533752,0.845267,-0.150412,0.393757,0.295018,0.863111,-0.211549,-0.208870,-0.240261,-0.191366,-0.224180,0.581938,-0.302928,0.023402,-0.122999,0.023654,0.287434,-0.076328,0.556229,-0.501442,-0.184493,0.505382,-0.030754,-0.048326,-0.102652,-0.537089,0.356720,-0.122590,-0.157067,-0.009524,-0.198911
-0.082096,0.085010,0.775727,0.020479,-0.013999,-0.536793,0.843349,-0.151659,0.390165,0.299736,0.851520,-0.216857,-0.208298,-0.236318,-0.186011,-0.218954,0.575208,-0.301421,0.022326,-0.121218,0.025700,0.285591,-0.064540,0.553451,-0.499245,-0.176402,0.505755,-0.031323,-0.047418,-0.101046,-0.533741,0.365232,-0.115293,-0.164783,-0.010628,-0.199234
-0.081749,0.083404,0.776180,0.020070,-0.013793,-0.539779,0.841455,-0.153174,0.386485,0.303659,0.839118,-0.221660,-0.207202,-0.232432,-0.180599,-0.213884,0.568400,-0.299860,0.021257,-0.119544,0.027925,0.283671,-0.053139,0.550522,-0.497266,-0.167763,0.505878,-0.032026,-0.046564,-0.099468,-0.530328,0.373505,-0.107638,-0.171861,-0.011703,-0.199013
-0.081421,0.081760,0.776601,0.019581,-0.013453,-0.542663,0.839615,-0.155052,0.382943,0.306983,0.826072,-0.226019,-0.204933,-0.228478,-0.175086,-0.209114,0.561321,-0.298167,0.020122,-0.118039,0.030401,0.281677,-0.042145,0.547433,-0.495535,-0.158504,0.505106,-0.033019,-0.045636,-0.097903,-0.526892,0.381522,-0.099694,-0.177994,-0.012751,-0.198056
-0.080946,0.080120,0.777041,0.019046,-0.013005,-0.545456,0.837822,-0.157163,0.379615,0.310118,0.812376,-0.230060,-0.201550,-0.224538,-0.169566,-0.204574,0.554141,-0.296433,0.018974,-0.116669,0.033061,0.279624,-0.031585,0.544184,-0.494059,-0.148654,0.503543,-0.034215,-0.044662,-0.096309,-0.523442,0.389287,-0.091505,-0.183617,-0.013775,-0.196677
-0.080430,0.078523,0.777475,0.018503,-0.012478,-0.548254,0.836014,-0.159408,0.375879,0.312241,0.797634,-0.233496,-0.198502,-0.220735,-0.164024,-0.199981,0.546947,-0.294618,0.017923,-0.115292,0.035815,0.277502,-0.021409,0.540800,-0.492764,-0.138342,0.502565,-0.035330,-0.043913,-0.094704,-0.519945,0.396807,-0.082948,-0.189068,-0.014783,-0.195069
-0.079918,0.076918,0.777862,0.017986,-0.011894,-0.551155,0.834125,-0.161656,0.371164,0.312562,0.781438,-0.236051,-0.197195,-0.217209,-0.158451,-0.195061,0.539887,-0.292729,0.017083,-0.113786,0.038556,0.275300,-0.011565,0.537326,-0.491563,-0.127688,0.503526,-0.036081,-0.043654,-0.093130,-0.516351,0.404109,-0.073853,-0.194719,-0.015782,-0.193416
-0.079375,0.075353,0.778225,0.017518,-0.011297,-0.554224,0.832107,-0.163689,0.365299,0.311093,0.763470,-0.237650,-0.197843,-0.214028,-0.152881,-0.189593,0.533092,-0.290771,0.016522,-0.112074,0.041190,0.273055,-0.001926,0.533804,-0.490379,-0.116867,0.507138,-0.036253,-0.044035,-0.091684,-0.512603,0.411250,-0.064052,-0.200487,-0.016985,-0.191763
-0.078784,0.073799,0.778564,0.017073,-0.010661,-0.557396,0.830003,-0.165580,0.358669,0.308208,0.743988,-0.238443,-0.199686,-0.211129,-0.147313,-0.183779,0.526522,-0.288789,0.016169,-0.110259,0.043770,0.270763,0.007505,0.530259,-0.489222,-0.105815,0.512546,-0.036045,-0.044886,-0.090376,-0.508690,0.418240,-0.053603,-0.206264,-0.018321,-0.190007
-0.078257,0.072281,0.778861,0.016606,-0.009909,-0.560575,0.827878,-0.167643,0.351535,0.303576,0.723426,-0.238409,-0.202655,-0.208351,-0.141630,-0.177969,0.519836,-0.286679,0.015898,-0.108472,0.046439,0.268362,0.016611,0.526701,-0.488152,-0.094364,0.518774,-0.035784,-0.045987,-0.089095,-0.504614,0.425008,-0.042749,-0.212319,-0.019376,-0.188119
-0.077718,0.070757,0.779127,0.016070,-0.008964,-0.563666,0.825798,-0.170184,0.344173,0.296902,0.702243,-0.237564,-0.206673,-0.205587,-0.135738,-0.172517,0.512804,-0.284409,0.015594,-0.106834,0.049328,0.265776,0.025244,0.523131,-0.487249,-0.082293,0.524846,-0.035793,-0.047119,-0.087762,-0.500420,0.431481,-0.031687,-0.218937,-0.019734,-0.186061
-0.077153,0.069229,0.779365,0.015399,-0.007766,-0.566654,0.823776,-0.173260,0.336611,0.287782,0.680262,-0.235792,-0.212105,-0.202742,-0.129447,-0.167566,0.505201,-0.281912,0.015196,-0.105346,0.052623,0.263004,0.033419,0.519541,-0.486493,-0.069612,0.531314,-0.036125,-0.048380,-0.086278,-0.496124,0.437558,-0.020526,-0.226659,-0.019126,-0.183725
-0.076534,0.067716,0.779598,0.014632,-0.006368,-0.569587,0.821776,-0.176617,0.328789,0.276471,0.657303,-0.233143,-0.218802,-0.199851,-0.122843,-0.162910,0.497125,-0.279184,0.014771,-0.103932,0.056217,0.260087,0.041184,0.515933,-0.485868,-0.056407,0.538431,-0.036622,-0.049832,-0.084679,-0.491736,0.443281,-0.009172,-0.235183,-0.017834,-0.181151
-0.075874,0.066207,0.779794,0.013875,-0.004866,-0.572468,0.819795,-0.180108,0.320828,0.263699,0.633832,-0.229902,-0.225933,-0.197140,-0.116274,-0.158371,0.489088,-0.276429,0.014395,-0.102591,0.059835,0.257031,0.048442,0.512322,-0.485449,-0.042601,0.544761,-0.037281,-0.051194,-0.083050,-0.487282,0.448783,0.002406,-0.243481,-0.016262,-0.178534
-0.075150,0.064747,0.780008,0.013234,-0.003352,-0.575298,0.817830,-0.183589,0.312783,0.250180,0.610234,-0.226262,-0.232706,-0.194650,-0.110049,-0.153782,0.481215,-0.273610,0.014139,-0.101331,0.063188,0.253840,0.055122,0.508732,-0.485303,-0.028133,0.548890,-0.038095,-0.052191,-0.081500,-0.482817,0.454194,0.014264,-0.250524,-0.014809,-0.176068
-0.074446,0.063265,0.780215,0.012765,-0.001786,-0.578066,0.815888,-0.187301,0.304518,0.235599,0.586470,-0.221962,-0.239060,-0.192610,-0.104241,-0.149132,0.473630,-0.270797,0.014035,-0.100154,0.066256,0.250421,0.061127,0.505180,-0.485484,-0.012865,0.549979,-0.039182,-0.052716,-0.080027,-0.478375,0.459538,0.026238,-0.256052,-0.013507,-0.173868
-0.073725,0.061825,0.780432,0.012396,-0.000139,-0.580777,0.813968,-0.191139,0.296051,0.219745,0.562298,-0.216963,-0.245370,-0.190889,-0.098669,-0.144503,0.466162,-0.267918,0.014032,-0.099054,0.069184,0.246821,0.066541,0.501673,-0.485928,0.003099,0.548934,-0.040501,-0.052934,-0.078570,-0.473971,0.464735,0.038319,-0.260598,-0.012159,-0.171808
-0.072957,0.060414,0.780638,0.012046,0.001482,-0.583454,0.812056,-0.194588,0.287692,0.203492,0.538019,-0.211883,-0.251535,-0.189135,-0.093290,-0.139871,0.458765,-0.265050,0.014087,-0.098020,0.071975,0.243278,0.071566,0.498213,-0.486540,0.019418,0.546943,-0.041802,-0.052977,-0.077036,-0.469587,0.469755,0.050650,-0.264304,-0.010810,-0.169761
-0.072223,0.059038,0.780800,0.011632,0.002968,-0.586119,0.810136,-0.197178,0.279741,0.187714,0.513955,-0.207344,-0.257463,-0.186987,-0.088063,-0.135213,0.451380,-0.262266,0.014156,-0.097061,0.074612,0.240006,0.076398,0.494808,-0.487212,0.035790,0.545190,-0.042835,-0.052972,-0.075374,-0.465209,0.474590,0.063444,-0.267352,-0.009509,-0.167585
-0.071436,0.057503,0.780984,0.011195,0.004273,-0.588685,0.808274,-0.199020,0.271951,0.172148,0.490033,-0.203854,-0.261800,-0.184398,-0.083213,-0.130665,0.444114,-0.259693,0.014225,-0.096362,0.076972,0.237020,0.081099,0.491462,-0.487910,0.052081,0.543793,-0.043337,-0.053055,-0.073467,-0.460809,0.479234,0.076652,-0.269476,-0.008369,-0.165354
-0.070586,0.056154,0.781134,0.010969,0.005363,-0.591095,0.806509,-0.200211,0.263295,0.156721,0.465551,-0.200628,-0.261800,-0.182023,-0.079379,-0.126142,0.437796,-0.257694,0.014486,-0.096043,0.078689,0.234092,0.085578,0.488182,-0.488673,0.068470,0.542190,-0.043507,-0.053123,-0.071415,-0.456386,0.483711,0.090239,-0.270694,-0.007328,-0.163104
-0.069657,0.054736,0.781294,0.010744,0.006334,-0.593569,0.804687,-0.200389,0.254767,0.142095,0.440872,-0.196874,-0.261800,-0.179502,-0.075751,-0.121374,0.431586,-0.255709,0.014876,-0.095667,0.080193,0.231344,0.089813,0.484982,-0.489512,0.085081,0.540525,-0.043790,-0.052950,-0.069403,-0.451944,0.488045,0.104345,-0.271593,-0.006172,-0.160653
-0.068623,0.053332,0.781455,0.010621,0.007151,-0.596206,0.802729,-0.199190,0.246107,0.129259,0.415677,-0.191422,-0.261800,-0.177275,-0.072544,-0.116030,0.426046,-0.253917,0.015570,-0.095058,0.081319,0.228697,0.093792,0.481880,-0.490424,0.102033,0.538949,-0.044636,-0.052305,-0.067620,-0.447506,0.492255,0.119124,-0.272770,-0.004693,-0.157818
-0.067608,0.051971,0.781597,0.010645,0.007789,-0.599043,0.800608,-0.196329,0.237202,0.118576,0.389312,-0.183712,-0.261800,-0.175451,-0.069865,-0.109974,0.421290,-0.252338,0.016631,-0.094163,0.082005,0.226131,0.097508,0.478905,-0.491462,0.119389,0.537617,-0.046308,-0.051021,-0.066050,-0.443057,0.496282,0.134535,-0.274352,-0.002609,-0.154371
-0.066595,0.050593,0.781721,0.010721,0.008289,-0.602028,0.798360,-0.192086,0.228325,0.109390,0.362110,-0.174446,-0.261800,-0.173757,-0.067493,-0.103418,0.416987,-0.250871,0.017943,-0.093065,0.082400,0.223706,0.101001,0.476065,-0.492595,0.137046,0.536406,-0.048514,-0.049254,-0.064621,-0.438615,0.500127,0.150549,-0.276046,-0.000112,-0.150459
-0.065443,0.049271,0.781846,0.010732,0.008710,-0.605130,0.796007,-0.186707,0.219794,0.101177,0.334726,-0.164233,-0.261800,-0.171988,-0.065123,-0.096553,0.412865,-0.249419,0.019401,-0.091794,0.082726,0.221506,0.104335,0.473332,-0.493693,0.154801,0.535059,-0.050879,-0.047269,-0.063302,-0.434208,0.503868,0.167112,-0.277772,0.002307,-0.146476
-0.064226,0.047984,0.781954,0.010577,0.009112,-0.608314,0.793574,-0.180365,0.211899,0.093468,0.307678,-0.153617,-0.261800,-0.169978,-0.062501,-0.089559,0.408720,-0.247925,0.020910,-0.090394,0.083166,0.219594,0.107590,0.470652,-0.494615,0.172479,0.533338,-0.053030,-0.045335,-0.062108,-0.429885,0.507603,0.184223,-0.279445,0.004159,-0.142819
-0.063040,0.046613,0.782052,0.010284,0.009497,-0.611584,0.791055,-0.172769,0.204437,0.086377,0.280148,-0.142166,-0.261800,-0.167801,-0.059685,-0.082407,0.404613,-0.246406,0.022505,-0.088856,0.083681,0.217955,0.110750,0.467972,-0.495299,0.190171,0.531136,-0.054970,-0.043442,-0.061004,-0.425693,0.511320,0.201884,-0.281011,0.005454,-0.139393
-0.061859,0.045373,0.782134,0.009871,0.009859,-0.614952,0.788441,-0.163925,0.197456,0.080030,0.252032,-0.129774,-0.261800,-0.165500,-0.056706,-0.075056,0.400594,-0.244873,0.024208,-0.087178,0.084291,0.216563,0.113783,0.465274,-0.495821,0.207953,0.528621,-0.056870,-0.041482,-0.059945,-0.421647,0.514976,0.220027,-0.282509,0.006412,-0.136057
-0.060592,0.044101,0.782170,0.009272,0.010220,-0.618374,0.785763,-0.154826,0.191463,0.074002,0.225685,-0.117857,-0.261800,-0.162866,-0.053422,-0.067638,0.396371,-0.243202,0.025927,-0.085447,0.085115,0.215416,0.116647,0.462573,-0.496267,0.225696,0.525928,-0.058614,-0.039567,-0.059021,-0.417779,0.518653,0.238672,-0.283989,0.006856,-0.133138
-0.059284,0.042863,0.782163,0.008485,0.010565,-0.621807,0.783053,-0.146641,0.186772,0.067966,0.203788,-0.107919,-0.261800,-0.159765,-0.049847,-0.060242,0.391760,-0.241307,0.027597,-0.083759,0.086132,0.214493,0.119320,0.459904,-0.496705,0.243245,0.523182,-0.060087,-0.037805,-0.058277,-0.414109,0.522428,0.257773,-0.285507,0.006613,-0.130975
-0.058015,0.041585,0.782177,0.007602,0.010772,-0.625229,0.780330,-0.139211,0.182685,0.061449,0.185948,-0.099640,-0.261800,-0.156302,-0.046359,-0.052769,0.387158,-0.239387,0.029288,-0.082209,0.087048,0.213889,0.121797,0.457297,-0.497115,0.260559,0.520485,-0.061168,-0.036206,-0.057803,-0.410665,0.526351,0.277527,-0.287796,0.005193,-0.129894
-0.056768,0.040329,0.782151,0.006675,0.010847,-0.628653,0.777581,-0.132384,0.179026,0.054856,0.171647,-0.092687,-0.261800,-0.152620,-0.043052,-0.045166,0.382670,-0.237486,0.031042,-0.080745,0.087789,0.213551,0.124096,0.454759,-0.497461,0.277695,0.517737,-0.061952,-0.034716,-0.057507,-0.407444,0.530360,0.297816,-0.290575,0.002840,-0.129654
-0.055521,0.039113,0.782202,0.005700,0.010935,-0.632084,0.774802,-0.127319,0.176680,0.049291,0.163295,-0.088373,-0.261800,-0.148702,-0.039666,-0.037548,0.377779,-0.235354,0.032770,-0.079259,0.088510,0.213201,0.126218,0.452303,-0.497792,0.294668,0.514768,-0.062647,-0.033342,-0.057229,-0.404418,0.534376,0.318228,-0.292387,0.000480,-0.129720
-0.054249,0.037872,0.782297,0.004667,0.011180,-0.635529,0.771982,-0.124913,0.176514,0.045940,0.162775,-0.087678,-0.261800,-0.144535,-0.035935,-0.030021,0.371971,-0.232736,0.034381,-0.077635,0.089372,0.212560,0.128143,0.449949,-0.498170,0.311512,0.511397,-0.063463,-0.032091,-0.056839,-0.401547,0.538318,0.338391,-0.291778,-0.000966,-0.129551
-0.053098,0.036637,0.782424,0.003528,0.011631,-0.639055,0.769065,-0.126983,0.179334,0.045026,0.174676,-0.092374,-0.261800,-0.139959,-0.031589,-0.022501,0.364790,-0.229375,0.035746,-0.075644,0.090445,0.211579,0.129801,0.447725,-0.498653,0.328327,0.507527,-0.064548,-0.030914,-0.056309,-0.398778,0.542257,0.358255,-0.288109,-0.001073,-0.129192
-0.051971,0.035393,0.782573,0.002245,0.012225,-0.642652,0.766057,-0.132034,0.184561,0.045985,0.195722,-0.100861,-0.261800,-0.134894,-0.026704,-0.014958,0.356424,-0.225364,0.036926,-0.073378,0.091737,0.210442,0.131255,0.445643,-0.499189,0.345022,0.503263,-0.065749,-0.029832,-0.055755,-0.396097,0.546209,0.378070,-0.282247,-0.000391,-0.128862
-0.050848,0.034054,0.782638,0.000841,0.012929,-0.646203,0.763055,-0.137031,0.190992,0.048622,0.218167,-0.110404,-0.261800,-0.129502,-0.021598,-0.007574,0.347434,-0.221036,0.038123,-0.071201,0.093282,0.209216,0.132668,0.443675,-0.499676,0.361388,0.498729,-0.066848,-0.028952,-0.055208,-0.393528,0.549993,0.397826,-0.274988,0.000535,-0.128277
-0.049707,0.032771,0.782578,-0.000538,0.013646,-0.649571,0.760178,-0.139642,0.197134,0.052840,0.235577,-0.118894,-0.261800,-0.124166,-0.016894,-0.000491,0.338705,-0.216889,0.039591,-0.069509,0.094842,0.207895,0.134176,0.441775,-0.500030,0.377230,0.494062,-0.067596,-0.028392,-0.054688,-0.391120,0.553425,0.417511,-0.267135,0.001168,-0.127155
-0.048437,0.031484,0.782498,-0.001854,0.014367,-0.652704,0.757475,-0.139298,0.202868,0.059466,0.246767,-0.126488,-0.261800,-0.118944,-0.012756,0.006209,0.330347,-0.213021,0.041462,-0.068476,0.096380,0.206428,0.135765,0.439915,-0.500359,0.392575,0.489094,-0.067872,-0.027966,-0.054181,-0.388923,0.556527,0.437047,-0.258715,0.001517,-0.125201
-0.047060,0.030223,0.782452,-0.003149,0.015116,-0.655677,0.754883,-0.137364,0.208839,0.068323,0.255340,-0.134310,-0.261800,-0.113738,-0.008948,0.012633,0.322097,-0.209264,0.043594,-0.067860,0.097941,0.204824,0.137335,0.438085,-0.500688,0.407547,0.483832,-0.067821,-0.027680,-0.053659,-0.386955,0.559357,0.456442,-0.249353,0.001823,-0.122643
-0.045572,0.028994,0.782508,-0.004305,0.015792,-0.658539,0.752369,-0.134564,0.214411,0.077906,0.262189,-0.141750,-0.261800,-0.108769,-0.005724,0.018934,0.314290,-0.205763,0.045869,-0.067472,0.099220,0.203125,0.138840,0.436271,-0.500810,0.422150,0.478660,-0.067628,-0.027919,-0.053064,-0.385187,0.561803,0.475687,-0.239225,0.001934,-0.119970
-0.044081,0.027774,0.782562,-0.005219,0.016308,-0.661336,0.749895,-0.131650,0.218991,0.086685,0.268250,-0.148205,-0.261800,-0.104324,-0.003300,0.025256,0.307418,-0.202682,0.048164,-0.067118,0.099951,0.201380,0.140284,0.434458,-0.500510,0.436295,0.473969,-0.067433,-0.029095,-0.052359,-0.383542,0.563760,0.494814,-0.228492,0.001673,-0.117672
-0.042630,0.026563,0.782583,-0.005753,0.016620,-0.664071,0.747463,-0.128691,0.222107,0.094321,0.273189,-0.153222,-0.261194,-0.100624,-0.001992,0.031638,0.301665,-0.200171,0.050556,-0.066847,0.099838,0.199443,0.141659,0.432632,-0.499705,0.450027,0.470069,-0.067298,-0.031358,-0.051729,-0.381996,0.565522,0.514072,-0.217650,0.000937,-0.115850
-0.041001,0.025381,0.782656,-0.005589,0.016542,-0.666575,0.745234,-0.124994,0.222014,0.101601,0.275141,-0.156297,-0.252839,-0.098560,-0.002889,0.037929,0.298749,-0.199181,0.053413,-0.067128,0.098269,0.197114,0.142981,0.430777,-0.498494,0.463370,0.466690,-0.067127,-0.034478,-0.051179,-0.380539,0.567073,0.533400,-0.206452,-0.000146,-0.114243
-0.039359,0.024213,0.782761,-0.005320,0.016349,-0.668989,0.743073,-0.121163,0.221345,0.108654,0.276604,-0.158937,-0.244944,-0.096797,-0.004253,0.044109,0.296560,-0.198514,0.056241,-0.067518,0.096433,0.194841,0.144244,0.428906,-0.496960,0.476318,0.463359,-0.066849,-0.038273,-0.050465,-0.379106,0.567839,0.552600,-0.194017,-0.001505,-0.112815
-0.037751,0.023037,0.782859,-0.005113,0.016052,-0.671303,0.740992,-0.117254,0.220500,0.115656,0.278235,-0.161667,-0.237908,-0.095069,-0.005727,0.050123,0.295016,-0.198077,0.058907,-0.067931,0.094637,0.192861,0.145433,0.427046,-0.495214,0.488858,0.459593,-0.066385,-0.042549,-0.049339,-0.377621,0.567215,0.571492,-0.179472,-0.003064,-0.111516
-0.036100,0.021900,0.782961,-0.004988,0.015636,-0.673514,0.738992,-0.113342,0.219513,0.122661,0.280333,-0.164611,-0.231800,-0.093406,-0.007276,0.056018,0.294276,-0.197909,0.061363,-0.068357,0.092875,0.191215,0.146580,0.425217,-0.493159,0.500894,0.455577,-0.065644,-0.047528,-0.047782,-0.376020,0.565033,0.590199,-0.162168,-0.004998,-0.109990
-0.034478,0.020798,0.783078,-0.004865,0.015102,-0.675628,0.737072,-0.109361,0.218209,0.129564,0.282479,-0.167510,-0.226431,-0.091935,-0.009060,0.061800,0.294344,-0.198034,0.063690,-0.068826,0.090994,0.189774,0.147683,0.423427,-0.490800,0.512458,0.451457,-0.064677,-0.053216,-0.045932,-0.374283,0.561606,0.608827,-0.142725,-0.007279,-0.108351
-0.032795,0.019717,0.783181,-0.004760,0.014488,-0.677648,0.735228,-0.105103,0.216657,0.136322,0.284149,-0.170258,-0.221813,-0.090489,-0.011025,0.067352,0.294801,-0.198313,0.065950,-0.069298,0.089086,0.188514,0.148642,0.421702,-0.488405,0.523766,0.446678,-0.063621,-0.059096,-0.043766,-0.372413,0.557035,0.627153,-0.122192,-0.009548,-0.107268
-0.031147,0.018650,0.783276,-0.004689,0.013830,-0.679579,0.733457,-0.100386,0.214919,0.142889,0.284854,-0.172747,-0.217963,-0.088949,-0.013115,0.072555,0.295337,-0.198667,0.068205,-0.069710,0.087243,0.187416,0.149343,0.420077,-0.486265,0.535022,0.440685,-0.062611,-0.064656,-0.041224,-0.370441,0.551391,0.644910,-0.101625,-0.011475,-0.107423
-0.029454,0.017647,0.783376,-0.004687,0.013131,-0.681391,0.731787,-0.095142,0.213003,0.149151,0.284475,-0.174976,-0.215209,-0.087191,-0.015300,0.077274,0.295842,-0.199066,0.070413,-0.070089,0.085546,0.186558,0.149736,0.418563,-0.484400,0.546297,0.432977,-0.061668,-0.069949,-0.038134,-0.368339,0.544328,0.662067,-0.079788,-0.013195,-0.109022
-0.027812,0.016605,0.783463,-0.004731,0.012373,-0.683093,0.730211,-0.089437,0.210860,0.155173,0.283165,-0.176963,-0.213439,-0.085318,-0.017619,0.081603,0.296503,-0.199562,0.072561,-0.070433,0.083920,0.185920,0.149876,0.417165,-0.482695,0.557467,0.423959,-0.060706,-0.075181,-0.034574,-0.366098,0.535906,0.678753,-0.056641,-0.014875,-0.111689
-0.026180,0.015625,0.783535,-0.004763,0.011567,-0.684744,0.728676,-0.083456,0.208470,0.161145,0.281184,-0.178679,-0.211984,-0.083521,-0.020105,0.085771,0.297373,-0.200138,0.074751,-0.070645,0.082255,0.185366,0.149824,0.415905,-0.481231,0.568421,0.414414,-0.059718,-0.080064,-0.030819,-0.363785,0.526819,0.694839,-0.034988,-0.016243,-0.115275
-0.024477,0.014627,0.783620,-0.004722,0.010720,-0.686404,0.727126,-0.077311,0.205804,0.167272,0.278647,-0.180109,-0.210184,-0.081989,-0.022786,0.090004,0.298516,-0.200789,0.077087,-0.070640,0.080443,0.184770,0.149660,0.414812,-0.480067,0.579015,0.405125,-0.058705,-0.084316,-0.027100,-0.361513,0.517746,0.710136,-0.017643,-0.016988,-0.119648
-0.022876,0.013690,0.783715,-0.004569,0.009780,-0.688066,0.725568,-0.070823,0.202685,0.173640,0.275231,-0.181104,-0.207900,-0.080671,-0.025795,0.094517,0.299884,-0.201577,0.079727,-0.070436,0.078388,0.184154,0.149371,0.413915,-0.479274,0.589213,0.396090,-0.057618,-0.087929,-0.023292,-0.359344,0.508499,0.724407,-0.005917,-0.016954,-0.125282
-0.021188,0.012790,0.783802,-0.004346,0.008765,-0.689705,0.724024,-0.063992,0.199164,0.180126,0.270945,-0.181709,-0.205467,-0.079509,-0.029064,0.099135,0.301504,-0.202511,0.082571,-0.070062,0.076179,0.183593,0.148946,0.413218,-0.478798,0.599029,0.386952,-0.056489,-0.091038,-0.019269,-0.357281,0.498813,0.737692,0.001895,-0.016314,-0.132096
-0.019541,0.011940,0.783884,-0.004106,0.007774,-0.691356,0.722461,-0.057212,0.195581,0.186623,0.266463,-0.182201,-0.202944,-0.078586,-0.032341,0.103506,0.303354,-0.203409,0.085339,-0.069462,0.073988,0.183039,0.148490,0.412694,-0.478470,0.608413,0.377973,-0.055451,-0.093567,-0.015335,-0.355383,0.489323,0.750305,0.007566,-0.015232,-0.139146
-0.017842,0.011060,0.783955,-0.003903,0.006911,-0.693048,0.720848,-0.050845,0.192270,0.193041,0.262415,-0.182844,-0.200390,-0.078022,-0.035372,0.107284,0.305485,-0.204121,0.087747,-0.068629,0.071991,0.182449,0.148131,0.412288,-0.478081,0.617311,0.369420,-0.054648,-0.095452,-0.011809,-0.353724,0.480722,0.762542,0.012876,-0.013879,-0.145484
-0.016179,0.010249,0.784019,-0.003750,0.006220,-0.694806,0.719160,-0.045012,0.189347,0.199393,0.258994,-0.183718,-0.197799,-0.077970,-0.038015,0.110630,0.308041,-0.204575,0.089650,-0.067544,0.070285,0.181797,0.147906,0.411957,-0.477558,0.625664,0.361218,-0.054144,-0.096656,-0.008755,-0.352361,0.473045,0.774430,0.017511,-0.012089,-0.151230
-0.014543,0.009478,0.784113,-0.003623,0.005648,-0.696610,0.717419,-0.039522,0.186633,0.205722,0.255893,-0.184704,-0.195148,-0.078323,-0.040424,0.113648,0.310947,-0.204859,0.091226,-0.066375,0.068801,0.181161,0.147920,0.411712,-0.476813,0.633359,0.353305,-0.053885,-0.097252,-0.006018,-0.351442,0.466174,0.785677,0.020901,-0.009803,-0.156768
-0.012926,0.008669,0.784227,-0.003506,0.005124,-0.698418,0.715663,-0.034218,0.184023,0.211979,0.252900,-0.185713,-0.192481,-0.078798,-0.042803,0.115903,0.313907,-0.205034,0.092687,-0.065175,0.067417,0.180552,0.148107,0.411529,-0.475920,0.640596,0.345953,-0.053814,-0.097285,-0.003601,-0.350900,0.460304,0.796433,0.024282,-0.007397,-0.161562
-0.011273,0.007947,0.784334,-0.003414,0.004611,-0.700193,0.713931,-0.028940,0.181407,0.218117,0.249791,-0.186652,-0.189840,-0.079118,-0.045358,0.116960,0.316620,-0.205164,0.094239,-0.063619,0.066002,0.179962,0.147948,0.411340,-0.475349,0.647916,0.339437,-0.053865,-0.096774,-0.001288,-0.350516,0.455049,0.806808,0.028633,-0.005273,-0.165018
-0.009689,0.007216,0.784424,-0.003328,0.004085,-0.701950,0.712206,-0.023666,0.178755,0.224182,0.246545,-0.187525,-0.187176,-0.079259,-0.048140,0.116706,0.319059,-0.205276,0.095982,-0.062290,0.064484,0.179391,0.148196,0.411216,-0.474424,0.654813,0.333954,-0.054159,-0.095659,0.000372,-0.350470,0.451556,0.817032,0.035210,-0.003530,-0.167131
-0.008119,0.006532,0.784532,-0.003256,0.003579,-0.703703,0.710477,-0.018488,0.176136,0.230175,0.243300,-0.188387,-0.184488,-0.079363,-0.051038,0.115373,0.321397,-0.205348,0.097788,-0.060527,0.062990,0.178892,0.148097,0.411054,-0.473751,0.661697,0.329359,-0.054692,-0.093943,0.001988,-0.350743,0.448578,0.826645,0.042746,-0.001954,-0.168021
-0.006539,0.005893,0.784600,-0.003222,0.003106,-0.705406,0.708790,-0.013395,0.173571,0.235993,0.240013,-0.189196,-0.181884,-0.079357,-0.054027,0.113034,0.323530,-0.205306,0.099525,-0.058951,0.061538,0.178405,0.148208,0.410922,-0.472877,0.668270,0.325349,-0.055238,-0.091836,0.003198,-0.351243,0.446756,0.836105,0.050232,-0.000444,-0.167917
-0.004992,0.005242,0.784663,-0.003240,0.002672,-0.707011,0.707190,-0.008416,0.171099,0.241524,0.236692,-0.189917,-0.179470,-0.079170,-0.057069,0.109760,0.325379,-0.205090,0.101060,-0.057405,0.060367,0.178086,0.148155,0.410653,-0.472009,0.674680,0.321732,-0.055596,-0.089577,0.004769,-0.352427,0.445264,0.844646,0.056200,0.001152,-0.166736
-0.003440,0.004652,0.784754,-0.003312,0.002272,-0.708499,0.705701,-0.003534,0.168693,0.246739,0.233257,-0.190500,-0.177280,-0.078773,-0.060229,0.105294,0.326916,-0.204672,0.102294,-0.056041,0.059341,0.177816,0.148038,0.410326,-0.471128,0.680963,0.318501,-0.055662,-0.086986,0.006214,-0.353848,0.444357,0.853043,0.060463,0.002785,-0.164216
-0.002007,0.004020,0.784838,-0.003440,0.001917,-0.709896,0.704295,0.001236,0.166351,0.251695,0.229757,-0.190977,-0.175251,-0.078212,-0.063499,0.099688,0.328213,-0.204105,0.103322,-0.054741,0.058405,0.177577,0.147829,0.409965,-0.470264,0.687149,0.315769,-0.055560,-0.084014,0.007453,-0.355381,0.444078,0.861329,0.063622,0.004413,-0.160444
-0.000517,0.003425,0.784928,-0.003611,0.001592,-0.711235,0.702943,0.005893,0.164137,0.256428,0.226314,-0.191437,-0.173340,-0.077496,-0.066738,0.093478,0.329271,-0.203395,0.104296,-0.053478,0.057600,0.177395,0.147543,0.409531,-0.469319,0.693273,0.313399,-0.055392,-0.081048,0.008642,-0.357123,0.444345,0.869214,0.065582,0.006103,-0.156145
0.000966,0.002849,0.785016,-0.003835,0.001305,-0.712545,0.701615,0.010461,0.162108,0.260981,0.222980,-0.191941,-0.171509,-0.076674,-0.069809,0.087204,0.330165,-0.202599,0.105367,-0.052216,0.056906,0.177264,0.147211,0.409040,-0.468209,0.699382,0.311260,-0.055256,-0.078473,0.009790,-0.358947,0.445092,0.876637,0.066212,0.007893,-0.152071
0.002379,0.002265,0.785106,-0.004129,0.001058,-0.713845,0.700291,0.014887,0.160339,0.265367,0.219991,-0.192595,-0.169770,-0.075723,-0.072664,0.080985,0.330861,-0.201662,0.106567,-0.050937,0.056349,0.177201,0.146861,0.408483,-0.466894,0.705546,0.309298,-0.055233,-0.076344,0.010842,-0.360836,0.446464,0.883663,0.065111,0.009767,-0.148269
0.003734,0.001701,0.785215,-0.004496,0.000858,-0.715116,0.698991,0.019210,0.158776,0.269572,0.217173,-0.193312,-0.168138,-0.074655,-0.075375,0.074541,0.331383,-0.200597,0.107817,-0.049672,0.055906,0.177189,0.146477,0.407858,-0.465417,0.711740,0.307604,-0.055249,-0.074469,0.011736,-0.362798,0.448460,0.890398,0.062451,0.011691,-0.144393
0.005050,0.001184,0.785307,-0.004886,0.000688,-0.716329,0.697745,0.023344,0.157352,0.273549,0.214549,-0.194056,-0.166573,-0.073468,-0.078001,0.067812,0.331677,-0.199465,0.109104,-0.048459,0.055533,0.177191,0.146019,0.407185,-0.463804,0.717836,0.306221,-0.055167,-0.072869,0.012613,-0.364775,0.450782,0.896681,0.058999,0.013694,-0.140592
0.006329,0.000670,0.785380,-0.005259,0.000542,-0.717456,0.696583,0.027241,0.155984,0.277263,0.212034,-0.194728,-0.165038,-0.072177,-0.080597,0.060736,0.331717,-0.198332,0.110412,-0.047323,0.055158,0.177163,0.145464,0.406503,-0.462087,0.723705,0.305219,-0.054846,-0.071564,0.013592,-0.366691,0.453116,0.902410,0.055499,0.015804,-0.137019
0.007536,0.000145,0.785449,-0.005617,0.000448,-0.718494,0.695510,0.030813,0.154730,0.280683,0.209713,-0.195352,-0.163532,-0.070807,-0.083130,0.053251,0.331483,-0.197147,0.111830,-0.046230,0.054806,0.177066,0.144780,0.405848,-0.460273,0.729286,0.304738,-0.054142,-0.070666,0.014665,-0.368505,0.455503,0.907582,0.051767,0.018094,-0.133745
0.008712,-0.000389,0.785523,-0.005983,0.000405,-0.719456,0.694512,0.034124,0.153611,0.283839,0.207572,-0.195947,-0.162074,-0.069345,-0.085582,0.045406,0.330995,-0.195893,0.113331,-0.045169,0.054474,0.176927,0.144010,0.405235,-0.458347,0.734638,0.304698,-0.053163,-0.070130,0.015735,-0.370216,0.458063,0.912314,0.047513,0.020517,-0.130684
0.009805,-0.000852,0.785602,-0.006335,0.000349,-0.720342,0.693590,0.037285,0.152502,0.286773,0.205528,-0.196503,-0.160647,-0.067749,-0.088047,0.037304,0.330301,-0.194700,0.114732,-0.044209,0.054058,0.176805,0.143202,0.404671,-0.456339,0.739810,0.304788,-0.052141,-0.069740,0.016845,-0.371774,0.460592,0.916622,0.043344,0.022939,-0.127743
0.010882,-0.001272,0.785659,-0.006672,0.000236,-0.721152,0.692744,0.040369,0.151286,0.289512,0.203591,-0.197051,-0.159236,-0.065968,-0.090620,0.029049,0.329425,-0.193683,0.115850,-0.043407,0.053435,0.176740,0.142374,0.404172,-0.454300,0.744901,0.304686,-0.051307,-0.069273,0.017974,-0.373137,0.462877,0.920612,0.039840,0.025225,-0.124845
0.011863,-0.001735,0.785704,-0.006990,0.000060,-0.721880,0.691983,0.043345,0.149990,0.292048,0.201805,-0.197596,-0.157804,-0.064032,-0.093303,0.020450,0.328464,-0.192837,0.116526,-0.042793,0.052602,0.176742,0.141539,0.403747,-0.452207,0.749946,0.304312,-0.050756,-0.068713,0.019068,-0.374271,0.464950,0.924363,0.037329,0.027328,-0.121921
0.012807,-0.002204,0.785739,-0.007288,-0.000162,-0.722529,0.691302,0.046187,0.148663,0.294371,0.200176,-0.198138,-0.156370,-0.061929,-0.096053,0.011520,0.327335,-0.192088,0.116895,-0.042251,0.051565,0.176763,0.140613,0.403461,-0.450163,0.754943,0.303787,-0.050343,-0.068157,0.020108,-0.375046,0.466809,0.927950,0.035391,0.029316,-0.119051
0.013728,-0.002590,0.785768,-0.007572,-0.000432,-0.723110,0.690691,0.049013,0.147205,0.296513,0.198524,-0.198628,-0.155003,-0.059632,-0.098888,0.002674,0.325976,-0.191559,0.117218,-0.041850,0.050325,0.176828,0.139719,0.403247,-0.448050,0.759736,0.303238,-0.049973,-0.067575,0.021210,-0.375613,0.468446,0.931141,0.033611,0.031248,-0.116340
0.014597,-0.002968,0.785787,-0.007797,-0.000806,-0.723637,0.690137,0.051960,0.145521,0.298509,0.196634,-0.198998,-0.153772,-0.057124,-0.101827,-0.005672,0.324336,-0.191372,0.117758,-0.041203,0.048817,0.176871,0.138528,0.403171,-0.446392,0.764493,0.302612,-0.049512,-0.066879,0.022691,-0.375831,0.469317,0.933836,0.031397,0.033151,-0.113909
0.015354,-0.003380,0.785764,-0.007949,-0.001294,-0.724081,0.689668,0.055056,0.143522,0.300300,0.194381,-0.199176,-0.152741,-0.054302,-0.104998,-0.013845,0.322261,-0.191593,0.118633,-0.041096,0.047020,0.177004,0.137786,0.403083,-0.444092,0.768703,0.302312,-0.048954,-0.066142,0.024196,-0.375993,0.470129,0.935905,0.028641,0.035157,-0.111794
0.016097,-0.003780,0.785722,-0.008048,-0.001871,-0.724446,0.689282,0.058227,0.141287,0.301886,0.191906,-0.199220,-0.151858,-0.051218,-0.108344,-0.021925,0.319844,-0.192157,0.119692,-0.040841,0.044986,0.177115,0.136734,0.403065,-0.442176,0.772942,0.301984,-0.048318,-0.065278,0.026180,-0.375940,0.470183,0.937288,0.025482,0.037199,-0.109918
0.016800,-0.004155,0.785657,-0.008129,-0.002513,-0.724792,0.688916,0.061453,0.138958,0.303394,0.189403,-0.199249,-0.151014,-0.048032,-0.111609,-0.029133,0.317281,-0.192915,0.120784,-0.040502,0.042835,0.177271,0.135573,0.403089,-0.440479,0.777000,0.301488,-0.047704,-0.064378,0.028329,-0.375769,0.469980,0.938247,0.022535,0.039086,-0.108238
0.017488,-0.004536,0.785559,-0.008234,-0.003197,-0.725173,0.688510,0.064733,0.136664,0.304952,0.187031,-0.199376,-0.150095,-0.044915,-0.114554,-0.034682,0.314786,-0.193742,0.121757,-0.040253,0.040579,0.177596,0.134698,0.403229,-0.438545,0.780473,0.300825,-0.047216,-0.063592,0.029980,-0.375257,0.470029,0.939429,0.020249,0.040605,-0.106722
0.018126,-0.004895,0.785443,-0.008344,-0.003924,-0.725599,0.688056,0.067992,0.134415,0.306558,0.184906,-0.199679,-0.149042,-0.041977,-0.117144,-0.038272,0.312450,-0.194705,0.122460,-0.039726,0.038325,0.177956,0.133613,0.403468,-0.437191,0.783727,0.299452,-0.046837,-0.062852,0.031632,-0.374656,0.470101,0.940480,0.018949,0.041713,-0.105417
0.018763,-0.005272,0.785304,-0.008457,-0.004698,-0.726040,0.687584,0.071252,0.132147,0.308150,0.182924,-0.200082,-0.147922,-0.039123,-0.119511,-0.040348,0.310163,-0.195845,0.123002,-0.039052,0.036053,0.178411,0.132405,0.403739,-0.436154,0.786714,0.297649,-0.046544,-0.062147,0.033411,-0.374095,0.470070,0.941112,0.018313,0.042535,-0.104296
0.019319,-0.005630,0.785177,-0.008587,-0.005530,-0.726502,0.687088,0.074660,0.129893,0.309791,0.180895,-0.200461,-0.146821,-0.036208,-0.121666,-0.041237,0.307791,-0.196985,0.123625,-0.038281,0.033752,0.178999,0.131274,0.404079,-0.435157,0.789342,0.295853,-0.046332,-0.061426,0.035099,-0.373421,0.470062,0.941566,0.018122,0.043117,-0.103277
0.019826,-0.005967,0.785069,-0.008790,-0.006390,-0.726991,0.686561,0.078307,0.127694,0.311537,0.178747,-0.200744,-0.145825,-0.033121,-0.123619,-0.041261,0.305262,-0.197962,0.124571,-0.037456,0.031227,0.179692,0.130484,0.404715,-0.433921,0.791522,0.294475,-0.046193,-0.060644,0.036224,-0.372119,0.470280,0.942490,0.018113,0.043488,-0.102358
0.020344,-0.006307,0.784943,-0.009035,-0.007329,-0.727530,0.685977,0.082359,0.125459,0.313493,0.176237,-0.200803,-0.144951,-0.029787,-0.125376,-0.040026,0.302390,-0.198714,0.126066,-0.036383,0.028784,0.180582,0.129659,0.405134,-0.432604,0.793571,0.293885,-0.046167,-0.059717,0.037545,-0.371095,0.470357,0.942839,0.018628,0.043665,-0.101346
0.020827,-0.006624,0.784810,-0.009313,-0.008337,-0.728109,0.685347,0.086656,0.123218,0.315600,0.173615,-0.200788,-0.144137,-0.026335,-0.126947,-0.037511,0.299353,-0.199371,0.127931,-0.035200,0.026279,0.181615,0.128955,0.405516,-0.431130,0.795357,0.293802,-0.046243,-0.058710,0.038692,-0.369929,0.470468,0.943102,0.019623,0.043609,-0.100363
0.021252,-0.006999,0.784679,-0.009678,-0.009331,-0.728681,0.684722,0.091052,0.121134,0.317663,0.171002,-0.200749,-0.143409,-0.022720,-0.128299,-0.034641,0.296168,-0.199842,0.129811,-0.034019,0.023857,0.182732,0.128277,0.405860,-0.429675,0.797037,0.293686,-0.046367,-0.057626,0.039587,-0.368612,0.470895,0.943425,0.020628,0.043441,-0.099519
0.021671,-0.007340,0.784586,-0.010150,-0.010260,-0.729195,0.684153,0.095322,0.119405,0.319499,0.168713,-0.200844,-0.142757,-0.018962,-0.129407,-0.032328,0.292982,-0.200104,0.131347,-0.032938,0.021726,0.183917,0.127504,0.406120,-0.428425,0.798757,0.292993,-0.046490,-0.056471,0.040348,-0.367316,0.471850,0.943669,0.021180,0.043301,-0.098883
0.022080,-0.007672,0.784515,-0.010771,-0.011123,-0.729646,0.683650,0.099432,0.118137,0.321061,0.166932,-0.201172,-0.142168,-0.014964,-0.130225,-0.030757,0.289782,-0.200134,0.132432,-0.031935,0.019996,0.185265,0.126509,0.406278,-0.427550,0.800575,0.291310,-0.046620,-0.055146,0.041097,-0.366229,0.473440,0.943620,0.021331,0.043145,-0.098594
0.022462,-0.007990,0.784466,-0.011513,-0.011952,-0.730057,0.683185,0.103519,0.117195,0.322459,0.165436,-0.201628,-0.141652,-0.010746,-0.130785,-0.029458,0.286513,-0.199958,0.133260,-0.031133,0.018433,0.186691,0.125564,0.406390,-0.426698,0.802363,0.289074,-0.046775,-0.053690,0.041371,-0.364861,0.475771,0.943900,0.021237,0.042900,-0.098640
0.022787,-0.008292,0.784394,-0.012309,-0.012718,-0.730427,0.682761,0.107462,0.116490,0.323709,0.164150,-0.202146,-0.141202,-0.006508,-0.131150,-0.028360,0.283270,-0.199619,0.133922,-0.030139,0.017216,0.188217,0.124376,0.406385,-0.426196,0.804127,0.286768,-0.046941,-0.052291,0.042172,-0.364079,0.477961,0.943257,0.020741,0.042785,-0.098550
0.023119,-0.008613,0.784360,-0.013094,-0.013397,-0.730756,0.682382,0.111304,0.115863,0.324850,0.162676,-0.202495,-0.140813,-0.002352,-0.131396,-0.027405,0.279944,-0.199090,0.134517,-0.029555,0.016011,0.189500,0.123622,0.406225,-0.425155,0.805741,0.285193,-0.047088,-0.051143,0.042276,-0.362945,0.480705,0.943244,0.019714,0.042886,-0.098234
0.023472,-0.008941,0.784350,-0.013849,-0.013985,-0.731032,0.682059,0.115012,0.115337,0.325851,0.160993,-0.202665,-0.140500,0.001614,-0.131487,-0.026609,0.276713,-0.198346,0.135024,-0.029133,0.014925,0.190572,0.122994,0.405853,-0.423784,0.807395,0.284588,-0.047214,-0.050374,0.042097,-0.361651,0.483485,0.943443,0.017844,0.043323,-0.097545
0.023776,-0.009276,0.784362,-0.014621,-0.014480,-0.731259,0.681789,0.118571,0.114978,0.326707,0.159300,-0.202763,-0.140255,0.005525,-0.131399,-0.025998,0.273455,-0.197372,0.135410,-0.028730,0.014055,0.191570,0.122374,0.405337,-0.422362,0.809012,0.284513,-0.047327,-0.049857,0.041988,-0.360524,0.486237,0.943348,0.015319,0.044014,-0.096578
0.024053,-0.009621,0.784369,-0.015377,-0.014935,-0.731463,0.681545,0.122039,0.114688,0.327495,0.157552,-0.202779,-0.140055,0.009317,-0.131238,-0.025485,0.270289,-0.196340,0.135743,-0.028420,0.013279,0.192423,0.121804,0.404632,-0.420933,0.810638,0.284657,-0.047426,-0.049371,0.041695,-0.359405,0.489235,0.943293,0.012500,0.044787,-0.095448
0.024321,-0.009948,0.784370,-0.016090,-0.015384,-0.731664,0.681301,0.125409,0.114382,0.328276,0.155829,-0.202764,-0.139872,0.012963,-0.131108,-0.024989,0.267254,-0.195395,0.136091,-0.028065,0.012527,0.193114,0.121174,0.403785,-0.419812,0.812299,0.284598,-0.047501,-0.048696,0.041353,-0.358338,0.492424,0.943164,0.009692,0.045489,-0.094211
0.024544,-0.010283,0.784367,-0.016756,-0.015822,-0.731889,0.681034,0.128693,0.114055,0.329133,0.154118,-0.202705,-0.139680,0.016388,-0.131007,-0.024451,0.264416,-0.194549,0.136474,-0.027507,0.011793,0.193651,0.120530,0.402867,-0.419016,0.813891,0.284246,-0.047537,-0.047727,0.041112,-0.357433,0.495793,0.942749,0.006980,0.046115,-0.092795
0.024752,-0.010592,0.784366,-0.017378,-0.016245,-0.732118,0.680763,0.131881,0.113745,0.330008,0.152391,-0.202576,-0.139510,0.019650,-0.130888,-0.023928,0.261702,-0.193721,0.136856,-0.026877,0.011115,0.194037,0.119907,0.401830,-0.418389,0.815439,0.283805,-0.047543,-0.046600,0.040864,-0.356633,0.499388,0.942160,0.004201,0.046740,-0.091194
0.024964,-0.010905,0.784358,-0.017977,-0.016654,-0.732312,0.680528,0.134986,0.113420,0.330780,0.150641,-0.202412,-0.139335,0.022819,-0.130799,-0.023504,0.259110,-0.192974,0.137224,-0.026317,0.010474,0.194327,0.119240,0.400714,-0.418091,0.816927,0.283287,-0.047550,-0.045479,0.040602,-0.355919,0.503029,0.941425,0.001307,0.047320,-0.089532
0.025148,-0.011236,0.784354,-0.018547,-0.017078,-0.732431,0.680374,0.138019,0.113041,0.331333,0.148858,-0.202244,-0.139130,0.026000,-0.130793,-0.023267,0.256579,-0.192346,0.137563,-0.025948,0.009840,0.194586,0.118447,0.399633,-0.418343,0.818308,0.282632,-0.047588,-0.044542,0.040347,-0.355292,0.506506,0.940524,-0.001757,0.047818,-0.087922
0.025315,-0.011533,0.784352,-0.019091,-0.017530,-0.732472,0.680304,0.140989,0.112594,0.331642,0.147066,-0.202118,-0.138849,0.029182,-0.130893,-0.023209,0.254191,-0.191919,0.137883,-0.025772,0.009178,0.194850,0.117597,0.398705,-0.419232,0.819467,0.281638,-0.047658,-0.043821,0.040160,-0.354767,0.509755,0.939369,-0.005103,0.048190,-0.086313
0.025475,-0.011856,0.784311,-0.019617,-0.017986,-0.732453,0.680297,0.143855,0.112108,0.331768,0.145334,-0.202046,-0.138520,0.032327,-0.131073,-0.023294,0.251941,-0.191651,0.138186,-0.025735,0.008488,0.195092,0.116734,0.397912,-0.420634,0.820402,0.280367,-0.047745,-0.043241,0.039999,-0.354315,0.512884,0.937990,-0.008677,0.048463,-0.084668
0.025564,-0.012179,0.784298,-0.020110,-0.018440,-0.732371,0.680359,0.146623,0.111607,0.331710,0.143561,-0.201915,-0.138225,0.035418,-0.131290,-0.023557,0.249791,-0.191459,0.138438,-0.025799,0.007781,0.195351,0.115887,0.397295,-0.422377,0.820955,0.279209,-0.047861,-0.042857,0.039905,-0.353949,0.515807,0.936311,-0.012299,0.048719,-0.083090
0.025638,-0.012471,0.784283,-0.020574,-0.018865,-0.732221,0.680495,0.149162,0.111157,0.331460,0.141926,-0.201760,-0.138052,0.038380,-0.131504,-0.024027,0.247819,-0.191336,0.138606,-0.026094,0.007129,0.195363,0.114785,0.396369,-0.424410,0.821770,0.278580,-0.048000,-0.042554,0.039453,-0.353359,0.518924,0.935097,-0.015646,0.049019,-0.081832
0.025698,-0.012740,0.784262,-0.021003,-0.019253,-0.731992,0.680717,0.151435,0.110758,0.330988,0.140441,-0.201571,-0.138041,0.041186,-0.131723,-0.024751,0.246072,-0.191297,0.138660,-0.026477,0.006506,0.195272,0.113450,0.395328,-0.426686,0.822497,0.278687,-0.048190,-0.042474,0.038883,-0.352616,0.521822,0.933916,-0.018823,0.049427,-0.080841
0.025724,-0.013011,0.784255,-0.021402,-0.019612,-0.731690,0.681019,0.153481,0.110390,0.330309,0.139072,-0.201358,-0.138141,0.043845,-0.131963,-0.025699,0.244558,-0.191377,0.138625,-0.026929,0.005834,0.195256,0.112305,0.394694,-0.429184,0.822425,0.279170,-0.048422,-0.042695,0.038530,-0.352095,0.524447,0.932111,-0.021861,0.049908,-0.079973
0.025728,-0.013265,0.784219,-0.021779,-0.019959,-0.731337,0.681377,0.155350,0.110069,0.329471,0.137861,-0.201168,-0.138292,0.046455,-0.132190,-0.026789,0.243104,-0.191474,0.138549,-0.027468,0.005177,0.195162,0.111003,0.394032,-0.432034,0.822361,0.279863,-0.048659,-0.042999,0.038059,-0.351462,0.526985,0.930457,-0.024827,0.050360,-0.079286
0.025743,-0.013541,0.784188,-0.022155,-0.020299,-0.730955,0.681764,0.157121,0.109808,0.328530,0.136743,-0.200967,-0.138439,0.049090,-0.132378,-0.027937,0.241574,-0.191508,0.138481,-0.028027,0.004541,0.195059,0.109508,0.393356,-0.435227,0.822420,0.280570,-0.048874,-0.043303,0.037447,-0.350701,0.529370,0.929079,-0.027818,0.050688,-0.078730
0.025713,-0.013773,0.784179,-0.022537,-0.020630,-0.730551,0.682175,0.158771,0.109618,0.327489,0.135794,-0.200793,-0.138576,0.051755,-0.132509,-0.029108,0.239963,-0.191454,0.138430,-0.028699,0.003918,0.195135,0.108197,0.392968,-0.438585,0.821968,0.281230,-0.049080,-0.043671,0.036872,-0.350169,0.531651,0.927482,-0.030860,0.050861,-0.078232
0.025647,-0.013993,0.784145,-0.022909,-0.020955,-0.730112,0.682622,0.160279,0.109490,0.326323,0.135003,-0.200637,-0.138730,0.054408,-0.132609,-0.030360,0.238337,-0.191356,0.138385,-0.029249,0.003321,0.195021,0.106346,0.392398,-0.442733,0.822072,0.281863,-0.049258,-0.043957,0.036061,-0.349257,0.533752,0.926540,-0.033953,0.050895,-0.077954
0.025574,-0.014209,0.784137,-0.023277,-0.021267,-0.729634,0.683111,0.161676,0.109407,0.325036,0.134286,-0.200467,-0.138892,0.057103,-0.132682,-0.031721,0.236614,-0.191221,0.138319,-0.030065,0.002712,0.195121,0.104869,0.392121,-0.446571,0.821507,0.282692,-0.049445,-0.044450,0.035345,-0.348682,0.535754,0.925100,-0.036928,0.050925,-0.077708
0.025506,-0.014412,0.784123,-0.023641,-0.021564,-0.729113,0.683644,0.162883,0.109390,0.323618,0.133817,-0.200399,-0.139051,0.059801,-0.132737,-0.033217,0.234877,-0.191145,0.138212,-0.030625,0.002083,0.195030,0.102797,0.391701,-0.450978,0.821662,0.283544,-0.049578,-0.044940,0.034676,-0.347648,0.537232,0.924045,-0.039805,0.050985,-0.077631
0.025373,-0.014609,0.784124,-0.023977,-0.021858,-0.728523,0.684252,0.163921,0.109436,0.322005,0.133431,-0.200311,-0.139208,0.062590,-0.132761,-0.034937,0.232947,-0.191069,0.138036,-0.031552,0.001440,0.195126,0.101051,0.391483,-0.454812,0.821353,0.284771,-0.049700,-0.045739,0.034152,-0.346899,0.538455,0.922428,-0.042337,0.051158,-0.077636
0.025256,-0.014787,0.784089,-0.024314,-0.022129,-0.727878,0.684918,0.164785,0.109542,0.320227,0.133199,-0.200253,-0.139365,0.065441,-0.132753,-0.036831,0.230884,-0.190988,0.137815,-0.032325,0.000772,0.195127,0.098867,0.391251,-0.459093,0.821472,0.286087,-0.049778,-0.046614,0.033720,-0.345865,0.539123,0.920978,-0.044747,0.051353,-0.077811
