0.002046,0.029478,0.787668,-0.010034,-0.005620,-0.714849,0.699184,0.029902,0.117798,0.319717,0.129040,-0.134040,-0.084725,0.014066,-0.078762,-0.181699,0.140419,-0.121939,0.078607,-0.049798,-0.006680,0.150156,-0.007035,0.364756,-0.582795,0.893976,0.374436,-0.032129,-0.001346,-0.047022,-0.308203,0.660598,0.921489,-0.209697,0.095447,-0.031654
0.002075,0.029689,0.787679,-0.009850,-0.005472,-0.714949,0.699086,0.029606,0.117549,0.320045,0.127990,-0.133728,-0.085352,0.013328,-0.078784,-0.181428,0.139958,-0.121550,0.078853,-0.049052,-0.006872,0.150525,-0.007360,0.365295,-0.582182,0.893529,0.373527,-0.032865,-0.001257,-0.047193,-0.308531,0.660887,0.920850,-0.209599,0.095503,-0.031688
0.002095,0.029908,0.787712,-0.009663,-0.005318,-0.715047,0.698989,0.029288,0.117320,0.320368,0.126958,-0.133425,-0.085981,0.012601,-0.078788,-0.181178,0.139445,-0.121146,0.079093,-0.048311,-0.007027,0.150815,-0.007816,0.365645,-0.581552,0.893341,0.372629,-0.033595,-0.001160,-0.047466,-0.308741,0.661205,0.920443,-0.209524,0.095584,-0.031762
0.002168,0.030153,0.787713,-0.009481,-0.005178,-0.715145,0.698892,0.028989,0.117092,0.320690,0.125948,-0.133131,-0.086604,0.011898,-0.078789,-0.180900,0.138941,-0.120721,0.079342,-0.047576,-0.007168,0.151098,-0.008335,0.365909,-0.581022,0.893323,0.371785,-0.034330,-0.000992,-0.047767,-0.308894,0.661528,0.920142,-0.209450,0.095614,-0.031814
0.002242,0.030372,0.787724,-0.009325,-0.005059,-0.715244,0.698795,0.028757,0.116841,0.321020,0.124936,-0.132830,-0.087214,0.011224,-0.078804,-0.180543,0.138509,-0.120261,0.079615,-0.047191,-0.007361,0.151552,-0.008340,0.366498,-0.580218,0.892765,0.371089,-0.035115,-0.000784,-0.048130,-0.309190,0.662178,0.919624,-0.209268,0.095526,-0.031768
0.002304,0.030608,0.787751,-0.009192,-0.004961,-0.715342,0.698697,0.028585,0.116593,0.321343,0.123939,-0.132529,-0.087860,0.010587,-0.078783,-0.180073,0.138127,-0.119718,0.079882,-0.046736,-0.007573,0.152033,-0.008395,0.367197,-0.579863,0.892312,0.370453,-0.035870,-0.000396,-0.048373,-0.309462,0.662698,0.919131,-0.209078,0.095235,-0.031600
0.002356,0.030845,0.787746,-0.009080,-0.004875,-0.715440,0.698598,0.028469,0.116341,0.321667,0.122915,-0.132199,-0.088528,0.009984,-0.078737,-0.179524,0.137768,-0.119105,0.080148,-0.046146,-0.007700,0.152416,-0.008927,0.367374,-0.579929,0.892696,0.370021,-0.036616,0.000197,-0.048621,-0.309514,0.662958,0.919029,-0.209020,0.094788,-0.031341
0.002430,0.031067,0.787763,-0.008965,-0.004838,-0.715540,0.698498,0.028408,0.116008,0.322018,0.121934,-0.131903,-0.089116,0.009415,-0.078797,-0.178940,0.137473,-0.118515,0.080482,-0.045674,-0.008013,0.152924,-0.009166,0.368007,-0.580063,0.892676,0.369378,-0.037454,0.000807,-0.048837,-0.309651,0.663474,0.918678,-0.208809,0.094317,-0.031095
0.002482,0.031293,0.787746,-0.008831,-0.004880,-0.715642,0.698395,0.028443,0.115507,0.322432,0.120942,-0.131624,-0.089520,0.008898,-0.079073,-0.178371,0.137264,-0.118045,0.080957,-0.045217,-0.008533,0.153610,-0.009335,0.368830,-0.580107,0.892541,0.368601,-0.038516,0.001353,-0.048984,-0.309781,0.663865,0.918046,-0.208821,0.093895,-0.030837
0.002566,0.031504,0.787731,-0.008682,-0.005008,-0.715741,0.698294,0.028468,0.114876,0.322860,0.120249,-0.131592,-0.089647,0.008446,-0.079577,-0.177874,0.137189,-0.117780,0.081603,-0.044795,-0.009264,0.154407,-0.009365,0.369852,-0.580247,0.892270,0.367977,-0.039903,0.002088,-0.049015,-0.309890,0.664166,0.917137,-0.209154,0.093563,-0.030561
0.002616,0.031750,0.787696,-0.008368,-0.005324,-0.715863,0.698171,0.028260,0.113799,0.323414,0.120196,-0.131968,-0.089535,0.003606,-0.081458,-0.176913,0.146617,-0.122604,0.082455,-0.044320,-0.010549,0.155216,-0.009303,0.371078,-0.580540,0.891905,0.367414,-0.041523,0.002967,-0.048956,-0.309969,0.664402,0.916036,-0.209710,0.093270,-0.030257
0.002664,0.032022,0.787645,-0.008069,-0.005678,-0.715987,0.698044,0.028121,0.112664,0.324035,0.120128,-0.132272,-0.089380,-0.000502,-0.083284,-0.175971,0.154563,-0.126604,0.083404,-0.043858,-0.011851,0.156141,-0.009696,0.371876,-0.580636,0.892296,0.366392,-0.043242,0.003563,-0.048993,-0.310016,0.664700,0.914968,-0.210161,0.092971,-0.030016
0.002744,0.032302,0.787580,-0.007763,-0.006065,-0.716127,0.697900,0.027987,0.111474,0.324806,0.120054,-0.132400,-0.089333,-0.004802,-0.085201,-0.174880,0.162820,-0.130583,0.084431,-0.043484,-0.013450,0.157527,-0.009812,0.373417,-0.579878,0.892052,0.364078,-0.044896,0.003179,-0.049247,-0.310156,0.665262,0.913535,-0.210119,0.092608,-0.029885
0.002829,0.032618,0.787515,-0.007508,-0.006541,-0.716258,0.697764,0.028046,0.110207,0.325676,0.119961,-0.132395,-0.089535,-0.008781,-0.087164,-0.173687,0.170773,-0.134435,0.085665,-0.043231,-0.015168,0.159295,-0.010115,0.374895,-0.578545,0.892147,0.361232,-0.046610,0.001602,-0.049739,-0.310400,0.666279,0.911920,-0.209427,0.092189,-0.029969
0.002937,0.032987,0.787428,-0.007278,-0.007099,-0.716385,0.697632,0.028255,0.108837,0.326639,0.119850,-0.132290,-0.089872,-0.012589,-0.089209,-0.172420,0.178671,-0.138265,0.087083,-0.043028,-0.016987,0.161351,-0.010662,0.376239,-0.576848,0.892653,0.357922,-0.048403,-0.000814,-0.050350,-0.310740,0.667580,0.910111,-0.208303,0.091737,-0.030202
0.003058,0.033420,0.787298,-0.007042,-0.007529,-0.716548,0.697462,0.027919,0.107753,0.327714,0.120353,-0.132267,-0.090130,-0.017378,-0.091188,-0.171012,0.187907,-0.142424,0.088433,-0.042962,-0.018768,0.163692,-0.011223,0.377907,-0.573996,0.892965,0.352690,-0.049998,-0.003680,-0.051182,-0.311274,0.668998,0.908033,-0.206917,0.091244,-0.030414
0.003222,0.033912,0.787132,-0.006658,-0.007745,-0.716800,0.697204,0.025136,0.107460,0.328859,0.124832,-0.133946,-0.090095,-0.024019,-0.093196,-0.169351,0.199296,-0.146951,0.089491,-0.042784,-0.020547,0.166124,-0.012360,0.379603,-0.569706,0.893639,0.344098,-0.051101,-0.006468,-0.052279,-0.311892,0.670033,0.906001,-0.205576,0.090692,-0.030453
0.003377,0.034464,0.786899,-0.006024,-0.007780,-0.717127,0.696873,0.018425,0.108211,0.329882,0.136333,-0.138968,-0.089804,-0.032535,-0.095414,-0.167462,0.212665,-0.151842,0.090418,-0.042482,-0.022583,0.168558,-0.013923,0.381259,-0.563419,0.895445,0.329599,-0.051769,-0.009739,-0.053632,-0.312554,0.670793,0.904076,-0.204005,0.089897,-0.030322
0.003554,0.035110,0.786626,-0.005212,-0.007694,-0.717513,0.696483,0.010410,0.109198,0.331023,0.149521,-0.144629,-0.089334,-0.042457,-0.097766,-0.165368,0.227574,-0.157015,0.091285,-0.042132,-0.024810,0.171072,-0.015860,0.382869,-0.555507,0.898129,0.310698,-0.052068,-0.013511,-0.055260,-0.313247,0.671451,0.902230,-0.202176,0.088927,-0.030097
0.003723,0.035893,0.786296,-0.004358,-0.007447,-0.718016,0.695973,0.000940,0.110829,0.332405,0.165073,-0.151079,-0.088562,-0.053726,-0.099969,-0.162925,0.244046,-0.162152,0.091727,-0.041777,-0.026885,0.173831,-0.018447,0.384602,-0.546788,0.900137,0.292050,-0.051780,-0.016504,-0.057307,-0.313994,0.671796,0.900496,-0.200698,0.088150,-0.029735
0.003960,0.036853,0.785904,-0.003576,-0.007023,-0.718693,0.695283,-0.009970,0.113480,0.334158,0.183311,-0.158328,-0.087368,-0.066310,-0.101732,-0.159998,0.262142,-0.166935,0.091370,-0.041431,-0.028469,0.177020,-0.021869,0.386735,-0.538075,0.899732,0.278329,-0.050755,-0.017457,-0.059860,-0.314846,0.671574,0.898826,-0.200194,0.087927,-0.029187
0.004235,0.037853,0.785462,-0.002868,-0.006432,-0.719504,0.694453,-0.022704,0.117184,0.336184,0.205066,-0.166643,-0.085504,-0.080839,-0.103241,-0.156647,0.283184,-0.171653,0.089737,-0.041074,-0.029633,0.180681,-0.026311,0.389511,-0.529825,0.897486,0.270259,-0.048935,-0.016022,-0.062869,-0.315823,0.670917,0.897563,-0.200675,0.088423,-0.028319
0.004526,0.039017,0.784959,-0.002180,-0.005679,-0.720435,0.693496,-0.037044,0.121784,0.338411,0.229705,-0.175808,-0.083129,-0.097110,-0.104487,-0.152929,0.306672,-0.176277,0.087163,-0.040672,-0.030517,0.184757,-0.031480,0.392988,-0.521539,0.893661,0.265483,-0.046442,-0.012913,-0.066240,-0.316924,0.669831,0.896488,-0.201881,0.089416,-0.027183
0.004785,0.040291,0.784424,-0.001600,-0.004670,-0.721579,0.692314,-0.052077,0.127359,0.341026,0.255368,-0.185126,-0.080711,-0.113600,-0.104847,-0.148745,0.329375,-0.179904,0.084498,-0.040248,-0.030869,0.189285,-0.036907,0.397176,-0.512668,0.886126,0.263925,-0.043407,-0.008470,-0.070042,-0.318195,0.667927,0.894702,-0.203989,0.090697,-0.025999
0.005072,0.041559,0.783858,-0.001189,-0.003338,-0.723032,0.690805,-0.066892,0.133977,0.344210,0.280180,-0.193908,-0.078775,-0.128874,-0.103733,-0.144007,0.348261,-0.181762,0.082598,-0.039819,-0.030421,0.194291,-0.042141,0.402057,-0.502679,0.872771,0.265512,-0.039941,-0.003036,-0.074333,-0.319739,0.664804,0.891303,-0.207175,0.092064,-0.024986
0.005356,0.042978,0.783308,-0.001098,-0.001662,-0.724678,0.689085,-0.081753,0.142006,0.347537,0.304965,-0.202397,-0.077458,-0.142815,-0.101075,-0.139130,0.363743,-0.182069,0.081198,-0.039599,-0.028884,0.199944,-0.047356,0.407724,-0.491807,0.853504,0.272912,-0.035939,0.004012,-0.078925,-0.321596,0.660007,0.886608,-0.212369,0.093812,-0.023574
0.005729,0.044487,0.782733,-0.001250,0.000323,-0.726510,0.687155,-0.096882,0.151279,0.351032,0.330118,-0.210735,-0.076562,-0.156144,-0.097154,-0.134056,0.377121,-0.181150,0.080020,-0.039503,-0.026435,0.206173,-0.052606,0.414224,-0.480221,0.829154,0.285230,-0.031280,0.012534,-0.083831,-0.323802,0.653858,0.880848,-0.219161,0.095929,-0.021832
0.006221,0.046151,0.782250,-0.001379,0.002612,-0.728781,0.684741,-0.111505,0.161170,0.355594,0.353635,-0.218287,-0.075967,-0.168728,-0.091976,-0.127967,0.386826,-0.178427,0.079903,-0.039147,-0.023505,0.212647,-0.057266,0.421400,-0.467236,0.799023,0.297050,-0.026121,0.021081,-0.089292,-0.326464,0.647087,0.872843,-0.225791,0.097774,-0.020935
0.006818,0.047870,0.781829,-0.001230,0.005208,-0.731735,0.681568,-0.124881,0.171096,0.362119,0.373596,-0.224461,-0.075538,-0.180421,-0.085578,-0.120018,0.391293,-0.173343,0.081696,-0.038193,-0.020508,0.219017,-0.060753,0.428985,-0.452109,0.762482,0.302974,-0.020733,0.028269,-0.095595,-0.329767,0.640522,0.861450,-0.230441,0.098727,-0.022075
0.007522,0.049642,0.781519,-0.000771,0.008206,-0.735396,0.677587,-0.137069,0.181244,0.370668,0.389892,-0.229412,-0.075242,-0.191133,-0.077892,-0.110137,0.389963,-0.165956,0.084509,-0.036580,-0.017103,0.224990,-0.062544,0.436801,-0.434304,0.717999,0.301222,-0.015144,0.033780,-0.102554,-0.333886,0.633960,0.846652,-0.232135,0.098506,-0.025896
0.008291,0.051437,0.781340,-0.000115,0.011550,-0.739623,0.672922,-0.148360,0.191832,0.380841,0.403499,-0.233399,-0.075088,-0.200873,-0.069111,-0.098653,0.383648,-0.156514,0.088259,-0.034544,-0.013181,0.230771,-0.062960,0.444841,-0.414203,0.666315,0.294806,-0.009254,0.038382,-0.110003,-0.338918,0.627196,0.828829,-0.231972,0.097503,-0.031633
0.009190,0.053335,0.781307,0.000808,0.014976,-0.744410,0.667555,-0.158476,0.202350,0.392865,0.414452,-0.236185,-0.074936,-0.209575,-0.059707,-0.085258,0.372761,-0.144792,0.095011,-0.032155,-0.009510,0.236776,-0.062708,0.453076,-0.392435,0.610154,0.285575,-0.003205,0.042377,-0.118123,-0.344855,0.620997,0.807233,-0.231255,0.096122,-0.038359
0.010254,0.055330,0.781378,0.002073,0.018205,-0.749749,0.661469,-0.167099,0.212226,0.406998,0.422695,-0.237503,-0.074646,-0.217088,-0.050140,-0.069605,0.357605,-0.130584,0.106852,-0.029519,-0.006909,0.243411,-0.062566,0.461433,-0.369615,0.552295,0.275408,0.002869,0.046070,-0.127221,-0.351598,0.616203,0.781241,-0.231248,0.094782,-0.045162
0.011373,0.057442,0.781622,0.003785,0.021219,-0.755786,0.654464,-0.173923,0.221276,0.423939,0.427614,-0.236990,-0.074170,-0.223483,-0.040375,-0.051127,0.337929,-0.114063,0.122837,-0.026473,-0.005622,0.250531,-0.062147,0.469725,-0.345501,0.491794,0.263156,0.009344,0.049565,-0.137347,-0.359095,0.613083,0.750098,-0.231718,0.093449,-0.052705
0.012653,0.059738,0.781944,0.005911,0.024043,-0.762427,0.646600,-0.179009,0.229488,0.443473,0.429316,-0.234858,-0.073534,-0.228471,-0.030645,-0.029933,0.313398,-0.095368,0.142350,-0.023098,-0.005399,0.257970,-0.061244,0.477882,-0.319865,0.427762,0.248355,0.016183,0.052778,-0.148355,-0.367321,0.611256,0.714359,-0.232172,0.091969,-0.061148
0.013997,0.062101,0.782353,0.008318,0.026430,-0.769320,0.638263,-0.182583,0.236451,0.464506,0.428783,-0.231673,-0.072708,-0.231400,-0.021856,-0.006584,0.284268,-0.074443,0.168039,-0.019853,-0.006393,0.266127,-0.061113,0.486071,-0.293477,0.363209,0.233885,0.022605,0.055677,-0.160298,-0.376153,0.610544,0.675381,-0.233457,0.090618,-0.068836
0.015479,0.064576,0.782757,0.010878,0.028121,-0.776131,0.629850,-0.184875,0.241692,0.485941,0.426953,-0.227990,-0.071645,-0.231649,-0.014943,0.018429,0.250837,-0.051384,0.202620,-0.017159,-0.008830,0.275396,-0.063025,0.494592,-0.267205,0.301137,0.222651,0.027837,0.058151,-0.173216,-0.385382,0.610702,0.634567,-0.236452,0.089672,-0.074129
0.017164,0.067312,0.783100,0.013715,0.028707,-0.782898,0.621336,-0.185022,0.243888,0.508347,0.422635,-0.223334,-0.070090,-0.227322,-0.011070,0.045300,0.209303,-0.024920,0.251530,-0.015070,-0.013675,0.286065,-0.067293,0.503546,-0.241317,0.241724,0.216505,0.031606,0.059861,-0.187320,-0.394840,0.611883,0.591679,-0.241790,0.089312,-0.076472
0.018280,0.070140,0.783311,0.015145,0.029857,-0.789937,0.612273,-0.186115,0.251767,0.529710,0.424570,-0.221481,-0.069989,-0.209932,-0.001103,0.069792,0.143453,0.013095,0.261800,-0.011410,-0.016228,0.296644,-0.078401,0.510016,-0.219140,0.190227,0.214655,0.034390,0.061523,-0.204153,-0.400894,0.613762,0.551924,-0.249683,0.089308,-0.077068
0.019365,0.073116,0.783373,0.016226,0.030566,-0.796748,0.603321,-0.186603,0.259731,0.550324,0.427649,-0.220201,-0.070225,-0.210035,0.010121,0.095015,0.118775,0.028425,0.261800,-0.010788,-0.020510,0.311179,-0.083227,0.521640,-0.190901,0.130910,0.211758,0.036312,0.061777,-0.220236,-0.411296,0.617743,0.503425,-0.257037,0.089587,-0.075785
0.020577,0.076098,0.783395,0.017185,0.031123,-0.803092,0.594794,-0.187231,0.267312,0.569483,0.431083,-0.219107,-0.070585,-0.219801,0.021098,0.121827,0.117994,0.031040,0.261800,-0.010072,-0.024693,0.325578,-0.092742,0.533924,-0.165351,0.077351,0.206169,0.037794,0.063003,-0.236227,-0.421206,0.621114,0.455284,-0.264301,0.089641,-0.073681
0.021898,0.079011,0.783435,0.017441,0.032119,-0.809017,0.586648,-0.188113,0.276725,0.586872,0.435780,-0.219032,-0.071248,-0.228157,0.033733,0.154012,0.117100,0.034774,0.261800,-0.008726,-0.025828,0.338399,-0.111352,0.543036,-0.145591,0.035535,0.199783,0.038580,0.065417,-0.254553,-0.427565,0.624193,0.413546,-0.272979,0.089325,-0.070284
0.023233,0.082062,0.783242,0.017883,0.032351,-0.814697,0.578708,-0.187780,0.284020,0.604361,0.439163,-0.218814,-0.071764,-0.236749,0.045201,0.191234,0.119778,0.036810,0.261800,-0.008752,-0.028555,0.352032,-0.130955,0.553512,-0.125526,-0.004493,0.192071,0.038508,0.067658,-0.274261,-0.433842,0.628842,0.371256,-0.281885,0.088929,-0.065414
0.024479,0.085276,0.783262,0.017916,0.033673,-0.819995,0.571098,-0.190210,0.294421,0.618876,0.445674,-0.219148,-0.072881,-0.243941,0.056863,0.223143,0.121854,0.038574,0.261800,-0.010280,-0.029741,0.366496,-0.148618,0.567391,-0.103256,-0.046719,0.181668,0.037969,0.069953,-0.294138,-0.441132,0.634392,0.325983,-0.289533,0.088349,-0.060371
0.025868,0.088710,0.783421,0.018212,0.036402,-0.824968,0.563712,-0.197669,0.307986,0.629848,0.456341,-0.219421,-0.074655,-0.251224,0.066098,0.241189,0.123647,0.040178,0.261800,-0.010293,-0.027442,0.377952,-0.175084,0.579458,-0.085331,-0.079471,0.170823,0.036735,0.072458,-0.315018,-0.446806,0.639128,0.284582,-0.295347,0.087195,-0.056522
0.027485,0.092280,0.783602,0.019116,0.040964,-0.829810,0.556212,-0.210890,0.325386,0.638275,0.470835,-0.219814,-0.076663,-0.260128,0.072689,0.243245,0.124569,0.042044,0.261800,-0.010840,-0.024451,0.389270,-0.194725,0.597631,-0.063032,-0.120666,0.154542,0.036442,0.076445,-0.334276,-0.454506,0.644059,0.236247,-0.298536,0.086497,-0.054056
0.029395,0.095927,0.783837,0.020101,0.047664,-0.834519,0.548546,-0.229530,0.348103,0.643576,0.489568,-0.220779,-0.079103,-0.269759,0.079146,0.233790,0.123406,0.045532,0.261800,-0.010306,-0.017720,0.398796,-0.218126,0.617436,-0.042003,-0.158028,0.135288,0.035685,0.081202,-0.353912,-0.462195,0.648576,0.187716,-0.300061,0.085306,-0.052210
0.031412,0.099679,0.783954,0.021565,0.055142,-0.838876,0.541093,-0.252532,0.372274,0.644651,0.511224,-0.220680,-0.082387,-0.280025,0.083511,0.215685,0.123734,0.049765,0.261800,-0.009509,-0.013349,0.409441,-0.239582,0.646514,-0.018343,-0.198629,0.111239,0.034383,0.086169,-0.369684,-0.472932,0.651564,0.130249,-0.298493,0.083753,-0.051618
0.033402,0.103575,0.783907,0.023741,0.061682,-0.842580,0.534500,-0.278159,0.393204,0.640378,0.534335,-0.218019,-0.086864,-0.289191,0.082870,0.191454,0.127280,0.054759,0.261800,-0.006819,-0.010119,0.418478,-0.271220,0.673274,-0.000974,-0.229065,0.091719,0.031295,0.088762,-0.383881,-0.482857,0.652249,0.074912,-0.295049,0.081758,-0.052600
0.035354,0.107589,0.783836,0.025711,0.068863,-0.845533,0.528839,-0.309237,0.415963,0.627984,0.562879,-0.212787,-0.093753,-0.332140,0.086479,0.153879,0.209406,0.019950,0.261800,-0.003076,-0.004796,0.426786,-0.311089,0.698772,0.012474,-0.252192,0.075273,0.025817,0.087684,-0.396985,-0.492595,0.651301,0.020488,-0.288976,0.079299,-0.055462
0.037292,0.111617,0.783584,0.028296,0.074969,-0.847790,0.524244,-0.343096,0.435084,0.610242,0.593535,-0.204999,-0.101795,-0.378234,0.081401,0.108077,0.305086,-0.021556,0.261800,0.000834,-0.001531,0.435090,-0.357191,0.723875,0.022792,-0.270060,0.060677,0.018611,0.083782,-0.408922,-0.502468,0.648957,-0.034149,-0.280484,0.076499,-0.059899
0.039097,0.115607,0.782984,0.031420,0.079183,-0.849296,0.520999,-0.377213,0.447612,0.587558,0.623327,-0.196079,-0.109956,-0.421662,0.066564,0.062230,0.405073,-0.063934,0.261800,0.003983,-0.001960,0.444039,-0.407468,0.748666,0.029715,-0.283649,0.050461,0.010836,0.078930,-0.419278,-0.512550,0.645296,-0.089156,-0.270710,0.073235,-0.065479
0.040720,0.119525,0.781937,0.034737,0.081705,-0.850077,0.519121,-0.410398,0.453248,0.559709,0.650285,-0.187593,-0.117815,-0.460107,0.045067,0.023000,0.505019,-0.103140,0.261800,0.006015,-0.005442,0.453602,-0.460129,0.772682,0.032985,-0.293616,0.047360,0.003549,0.075138,-0.427861,-0.522779,0.640430,-0.144218,-0.260839,0.069380,-0.071780
0.042136,0.123333,0.780436,0.037980,0.082998,-0.850026,0.518772,-0.443782,0.452347,0.524354,0.675137,-0.179446,-0.125400,-0.493831,0.018166,-0.010213,0.606276,-0.138610,0.261800,0.006783,-0.010881,0.463833,-0.517319,0.795561,0.032385,-0.298973,0.054326,-0.002945,0.071348,-0.434592,-0.533198,0.634273,-0.199421,-0.250636,0.064726,-0.079216
0.043308,0.127098,0.778502,0.040805,0.083846,-0.849215,0.519749,-0.478686,0.447552,0.481217,0.700491,-0.171557,-0.134124,-0.522493,-0.012584,-0.041718,0.707797,-0.170964,0.252474,0.006909,-0.016567,0.474721,-0.578079,0.817249,0.028818,-0.300971,0.069017,-0.009292,0.067186,-0.439565,-0.543921,0.626684,-0.254908,-0.239737,0.059344,-0.087754
0.043990,0.130984,0.776146,0.042605,0.086063,-0.848184,0.520924,-0.515711,0.445038,0.432469,0.727558,-0.165573,-0.146093,-0.544672,-0.040017,-0.074898,0.801296,-0.197075,0.211269,0.007737,-0.019254,0.485447,-0.639982,0.837259,0.022444,-0.299629,0.087199,-0.015848,0.065649,-0.443650,-0.554826,0.618396,-0.310252,-0.229095,0.053513,-0.096428
0.044578,0.134651,0.773400,0.044864,0.087793,-0.847087,0.522228,-0.550342,0.439284,0.386383,0.751413,-0.161577,-0.160420,-0.562992,-0.067202,-0.099281,0.887953,-0.218550,0.175853,0.008184,-0.023015,0.495342,-0.699012,0.855058,0.014179,-0.296171,0.104371,-0.022836,0.069580,-0.447832,-0.565628,0.610091,-0.364308,-0.219711,0.047560,-0.104288
0.045009,0.138173,0.770304,0.047683,0.089195,-0.845901,0.523663,-0.582832,0.430248,0.341650,0.771454,-0.159469,-0.178695,-0.578785,-0.092281,-0.114238,0.968937,-0.233573,0.148048,0.008024,-0.027569,0.503937,-0.754895,0.870155,0.004306,-0.290589,0.122166,-0.029950,0.080363,-0.452740,-0.576080,0.602128,-0.416613,-0.211890,0.041663,-0.111338
0.045375,0.141579,0.766824,0.050874,0.090358,-0.844505,0.525412,-0.613843,0.418063,0.296698,0.788896,-0.159337,-0.200158,-0.592697,-0.115736,-0.122395,1.046890,-0.243160,0.125915,0.007292,-0.032371,0.511367,-0.808583,0.882460,-0.006689,-0.282697,0.142245,-0.036935,0.096139,-0.458250,-0.586088,0.594352,-0.466944,-0.205216,0.035659,-0.117975
0.045602,0.144864,0.762965,0.054222,0.091313,-0.843084,0.527191,-0.642592,0.405141,0.255816,0.805233,-0.162350,-0.221360,-0.603977,-0.137350,-0.125748,1.119617,-0.249936,0.108365,0.006280,-0.037031,0.517939,-0.858660,0.892150,-0.017929,-0.272718,0.160538,-0.044162,0.114794,-0.464708,-0.595543,0.586979,-0.514374,-0.199453,0.029398,-0.123898
0.045766,0.148003,0.758765,0.057899,0.092345,-0.841796,0.528676,-0.669791,0.394032,0.222916,0.821784,-0.168976,-0.238680,-0.612925,-0.157072,-0.126162,1.184942,-0.256545,0.094206,0.004272,-0.040693,0.520000,-0.899213,0.898181,-0.026972,-0.261382,0.173381,-0.052599,0.133805,-0.473993,-0.602394,0.583009,-0.553851,-0.194139,0.022647,-0.128784
0.045906,0.150988,0.754226,0.061731,0.093327,-0.840727,0.529771,-0.694487,0.385494,0.199038,0.837647,-0.179662,-0.252135,-0.619112,-0.174493,-0.123283,1.243263,-0.264406,0.084599,0.002813,-0.044801,0.520000,-0.937805,0.903474,-0.039503,-0.245359,0.176494,-0.062465,0.156026,-0.482228,-0.609593,0.578921,-0.591881,-0.188542,0.015344,-0.132441
0.045997,0.153827,0.749385,0.065669,0.093977,-0.839731,0.530762,-0.716684,0.378314,0.182281,0.852275,-0.193590,-0.261800,-0.622657,-0.189728,-0.116589,1.296221,-0.272167,0.080321,0.000622,-0.048845,0.520000,-0.969597,0.906485,-0.049374,-0.229268,0.173900,-0.073727,0.180382,-0.493636,-0.615307,0.575915,-0.625471,-0.183855,0.007758,-0.134555
0.046104,0.156512,0.744326,0.069647,0.094334,-0.838715,0.531797,-0.738007,0.372598,0.172087,0.867674,-0.209242,-0.261800,-0.623712,-0.203240,-0.107777,1.343136,-0.278318,0.079178,-0.001991,-0.052663,0.520000,-0.996640,0.907782,-0.057671,-0.211265,0.169698,-0.085550,0.203337,-0.506988,-0.619661,0.573885,-0.654492,-0.180541,-0.000101,-0.136572
0.046012,0.159175,0.739021,0.072971,0.094982,-0.837826,0.532636,-0.760255,0.370344,0.163851,0.887006,-0.225773,-0.261800,-0.621562,-0.213550,-0.099510,1.382576,-0.281034,0.078123,-0.003770,-0.054691,0.520000,-1.020348,0.907801,-0.065309,-0.189721,0.167777,-0.096929,0.221422,-0.521154,-0.622610,0.572961,-0.678301,-0.179005,-0.008247,-0.139923
0.045792,0.161853,0.733524,0.075301,0.096128,-0.837128,0.533203,-0.783826,0.373263,0.158236,0.911752,-0.243623,-0.261800,-0.615679,-0.220760,-0.092935,1.414491,-0.279192,0.075961,-0.004511,-0.054367,0.520000,-1.040647,0.906667,-0.072602,-0.163629,0.168003,-0.109370,0.235094,-0.536117,-0.623997,0.573423,-0.696634,-0.180162,-0.017325,-0.145464
0.045483,0.164553,0.727873,0.077587,0.096988,-0.836338,0.533959,-0.807651,0.378228,0.159154,0.938935,-0.262330,-0.249255,-0.607399,-0.227274,-0.085742,1.440327,-0.274251,0.075041,-0.005648,-0.053922,0.520000,-1.057541,0.904517,-0.079311,-0.133912,0.168517,-0.122755,0.245800,-0.552432,-0.623831,0.574877,-0.710125,-0.183569,-0.027078,-0.152244
0.045150,0.167254,0.722075,0.079952,0.097639,-0.835509,0.534789,-0.831548,0.383545,0.161720,0.966695,-0.280859,-0.233415,-0.597343,-0.231517,-0.077222,1.459657,-0.267704,0.076255,-0.006560,-0.053440,0.520000,-1.071994,0.901751,-0.085613,-0.101585,0.170300,-0.133551,0.251712,-0.569518,-0.622222,0.576689,-0.719232,-0.187396,-0.036217,-0.159070
0.044591,0.170045,0.716199,0.082525,0.098162,-0.834691,0.535579,-0.855464,0.387463,0.161632,0.993337,-0.298154,-0.221262,-0.586161,-0.231930,-0.066592,1.472085,-0.261088,0.080515,-0.006637,-0.053076,0.520000,-1.085113,0.898856,-0.091849,-0.067612,0.174261,-0.138216,0.251058,-0.586636,-0.619327,0.578246,-0.724614,-0.189840,-0.043497,-0.164713
0.043835,0.172875,0.710226,0.085242,0.098758,-0.833886,0.536297,-0.879827,0.389829,0.157517,1.018648,-0.313833,-0.214121,-0.574396,-0.226614,-0.052566,1.477489,-0.247735,0.087301,-0.005740,-0.052540,0.520000,-1.097466,0.896073,-0.097667,-0.031393,0.182305,-0.133000,0.240390,-0.603792,-0.615207,0.579237,-0.726089,-0.191210,-0.048909,-0.169344
0.043012,0.175657,0.704208,0.087998,0.099400,-0.833097,0.536960,-0.904582,0.391678,0.151542,1.043599,-0.328558,-0.209199,-0.561402,-0.216612,-0.035910,1.476090,-0.229232,0.096405,-0.004103,-0.051764,0.520000,-1.108427,0.893487,-0.103137,0.007302,0.193271,-0.120863,0.221626,-0.621067,-0.609872,0.579979,-0.723670,-0.192164,-0.053032,-0.173446
0.042045,0.178405,0.698095,0.091033,0.099662,-0.832308,0.537628,-0.928960,0.392497,0.145546,1.068106,-0.342664,-0.205592,-0.546390,-0.205631,-0.018693,1.468388,-0.219723,0.109052,-0.002049,-0.051726,0.520000,-1.117400,0.891321,-0.109242,0.047132,0.203494,-0.108213,0.201159,-0.638379,-0.603443,0.580693,-0.718115,-0.190964,-0.055555,-0.176238
0.040907,0.181110,0.691842,0.094607,0.099092,-0.831503,0.538361,-0.952120,0.391803,0.141455,1.092014,-0.356458,-0.202376,-0.528774,-0.197840,-0.003215,1.454821,-0.233220,0.126044,0.000179,-0.053459,0.520000,-1.123983,0.889909,-0.117147,0.086744,0.208806,-0.101148,0.185557,-0.655102,-0.596104,0.581540,-0.710583,-0.186104,-0.056168,-0.176966
0.039610,0.183780,0.685423,0.098946,0.097374,-0.830721,0.539102,-0.973393,0.389247,0.140162,1.115057,-0.370562,-0.200078,-0.506110,-0.193783,0.011026,1.430128,-0.279232,0.151236,0.002631,-0.057866,0.520000,-1.128708,0.889539,-0.128034,0.128983,0.204975,-0.102543,0.176159,-0.670686,-0.587902,0.582312,-0.700526,-0.176601,-0.054504,-0.174690
0.038177,0.186336,0.678898,0.103877,0.094786,-0.829942,0.539835,-0.993223,0.385252,0.140737,1.137342,-0.384641,-0.198882,-0.479858,-0.193109,0.023830,1.395438,-0.347809,0.182211,0.005484,-0.064329,0.520000,-1.132036,0.890376,-0.141483,0.173731,0.194723,-0.108530,0.169656,-0.685262,-0.578837,0.582801,-0.687888,-0.163418,-0.050787,-0.170108
0.036739,0.188807,0.672338,0.109053,0.091813,-0.829071,0.540665,-1.012585,0.380566,0.142188,1.159354,-0.397579,-0.197371,-0.455483,-0.197510,0.032151,1.360990,-0.423584,0.211290,0.008354,-0.071679,0.520000,-1.132869,0.892262,-0.155615,0.215007,0.184852,-0.115081,0.165710,-0.699751,-0.569043,0.583602,-0.674434,-0.147802,-0.045617,-0.164971
0.035290,0.191072,0.665782,0.114102,0.088962,-0.828020,0.541710,-1.032557,0.375940,0.143386,1.181676,-0.408285,-0.194151,-0.438058,-0.206905,0.034132,1.337347,-0.492094,0.231766,0.011032,-0.078400,0.520000,-1.130079,0.895068,-0.168427,0.246757,0.181874,-0.118287,0.164051,-0.714928,-0.558808,0.585300,-0.661930,-0.131149,-0.039620,-0.161031
0.033761,0.193259,0.659227,0.119062,0.086335,-0.826673,0.543123,-1.054158,0.371330,0.144050,1.205082,-0.416039,-0.187752,-0.429015,-0.221081,0.029347,1.327371,-0.553999,0.241190,0.013186,-0.083930,0.520000,-1.123431,0.898885,-0.180286,0.267851,0.189320,-0.115760,0.165757,-0.731163,-0.548364,0.588129,-0.650142,-0.111582,-0.031469,-0.158485
0.032321,0.195597,0.652863,0.124052,0.083736,-0.825106,0.544793,-1.076674,0.366533,0.144623,1.229127,-0.421601,-0.179285,-0.425363,-0.238874,0.019452,1.325492,-0.615992,0.244555,0.015068,-0.088818,0.520000,-1.113449,0.903790,-0.191786,0.281297,0.202990,-0.110057,0.170482,-0.747715,-0.537776,0.591804,-0.638661,-0.089154,-0.021319,-0.156707
0.031026,0.198053,0.646785,0.128854,0.081200,-0.823519,0.546460,-1.098590,0.361942,0.145087,1.252484,-0.426038,-0.171206,-0.425238,-0.258479,0.006426,1.329905,-0.673245,0.245739,0.017091,-0.093364,0.520000,-1.099614,0.909399,-0.200741,0.287038,0.218300,-0.104709,0.175884,-0.764440,-0.527131,0.596135,-0.628436,-0.067546,-0.012124,-0.156033
0.029856,0.200447,0.640970,0.133269,0.078741,-0.822116,0.547873,-1.118416,0.357894,0.145441,1.273859,-0.430379,-0.165989,-0.426914,-0.278492,-0.007964,1.338907,-0.720695,0.248090,0.019699,-0.097723,0.520000,-1.080741,0.915047,-0.204367,0.284561,0.230871,-0.103354,0.179689,-0.780569,-0.516474,0.601140,-0.620802,-0.051042,-0.006828,-0.156699
0.028693,0.202609,0.635381,0.137215,0.076399,-0.820865,0.549104,-1.136113,0.354117,0.145402,1.292878,-0.434619,-0.164542,-0.430032,-0.300337,-0.025898,1.352914,-0.756852,0.251881,0.022908,-0.101239,0.520000,-1.055687,0.920527,-0.201022,0.270839,0.242778,-0.107538,0.180435,-0.796895,-0.506065,0.606699,-0.616107,-0.040321,-0.006698,-0.159251
0.027457,0.204450,0.630132,0.140843,0.074136,-0.819691,0.550248,-1.152428,0.350521,0.145114,1.310326,-0.438234,-0.165431,-0.435115,-0.324495,-0.047145,1.372753,-0.784810,0.254761,0.026550,-0.103828,0.520000,-1.024533,0.925773,-0.191755,0.246581,0.255474,-0.115188,0.179599,-0.812888,-0.495995,0.613052,-0.614138,-0.033641,-0.010022,-0.163396
0.026121,0.206063,0.625285,0.144285,0.071787,-0.818728,0.551101,-1.166787,0.347650,0.145301,1.326363,-0.441656,-0.167645,-0.441940,-0.348091,-0.066477,1.397009,-0.806186,0.255864,0.030651,-0.106725,0.520000,-0.988295,0.930251,-0.178132,0.217404,0.263712,-0.124545,0.179438,-0.828577,-0.486247,0.619853,-0.613347,-0.029247,-0.015284,-0.167748
0.024603,0.207499,0.620864,0.147690,0.069214,-0.818102,0.551458,-1.178683,0.346051,0.146633,1.341078,-0.445331,-0.170209,-0.450850,-0.368113,-0.078640,1.424236,-0.822435,0.254484,0.035768,-0.111018,0.520000,-0.948970,0.932930,-0.162503,0.189327,0.262327,-0.133827,0.182200,-0.841096,-0.476356,0.627386,-0.613937,-0.028084,-0.020931,-0.171132
0.022876,0.208654,0.616767,0.151093,0.066275,-0.818076,0.550936,-1.187513,0.346485,0.149834,1.354427,-0.449465,-0.172848,-0.463654,-0.383381,-0.080691,1.455818,-0.832517,0.249648,0.042782,-0.117231,0.520000,-0.906719,0.932956,-0.144795,0.162145,0.246967,-0.143136,0.188447,-0.852174,-0.466228,0.634888,-0.615461,-0.029091,-0.027266,-0.172769
0.020785,0.209582,0.613050,0.154395,0.063027,-0.818504,0.549765,-1.193585,0.348399,0.154405,1.366344,-0.453813,-0.176122,-0.479847,-0.395580,-0.075807,1.491861,-0.836300,0.241675,0.051205,-0.124670,0.520000,-0.861612,0.930071,-0.124785,0.134074,0.221833,-0.153403,0.196965,-0.864315,-0.456291,0.641530,-0.616573,-0.030418,-0.034861,-0.173221
0.018529,0.210258,0.609560,0.157539,0.059671,-0.818900,0.548657,-1.197940,0.350392,0.159089,1.377059,-0.458048,-0.180314,-0.496475,-0.405819,-0.068090,1.528929,-0.836391,0.232096,0.060265,-0.132438,0.520000,-0.816894,0.924120,-0.105931,0.109227,0.194354,-0.164059,0.207446,-0.872836,-0.446388,0.648572,-0.617632,-0.034987,-0.042529,-0.173536
0.016059,0.210650,0.606292,0.160397,0.056329,-0.818802,0.548328,-1.201383,0.351068,0.162688,1.386827,-0.461896,-0.185717,-0.510247,-0.415342,-0.061611,1.563627,-0.835436,0.222533,0.068499,-0.140070,0.520000,-0.775768,0.915381,-0.091504,0.092329,0.172225,-0.174381,0.219810,-0.878809,-0.436777,0.655404,-0.615126,-0.040497,-0.049127,-0.174118
0.013328,0.210818,0.603185,0.163005,0.052950,-0.818259,0.548705,-1.203821,0.350557,0.165416,1.395809,-0.465487,-0.192519,-0.521430,-0.423590,-0.055406,1.596154,-0.832987,0.213295,0.076226,-0.147933,0.520000,-0.738125,0.903821,-0.082880,0.084586,0.156844,-0.187081,0.239089,-0.881987,-0.427669,0.661891,-0.609844,-0.046707,-0.054618,-0.174844
0.010234,0.210703,0.600286,0.165388,0.049489,-0.817467,0.549496,-1.204905,0.349413,0.167753,1.403841,-0.468921,-0.200541,-0.531295,-0.430217,-0.048182,1.627961,-0.827945,0.203704,0.084213,-0.156165,0.520000,-0.703580,0.889362,-0.079212,0.084046,0.144707,-0.201623,0.263844,-0.882340,-0.419235,0.667996,-0.602833,-0.054261,-0.059521,-0.175490
0.006808,0.210293,0.597593,0.167414,0.046079,-0.816183,0.551085,-1.205059,0.346875,0.168915,1.410695,-0.471895,-0.209517,-0.537966,-0.436725,-0.043492,1.657561,-0.821969,0.193837,0.091617,-0.163955,0.520000,-0.674332,0.872639,-0.079869,0.090353,0.135526,-0.212103,0.284330,-0.880769,-0.411830,0.673348,-0.591417,-0.062506,-0.063532,-0.176388
0.003047,0.209659,0.595099,0.168974,0.042867,-0.814157,0.553858,-1.204769,0.342188,0.168096,1.416141,-0.474084,-0.219166,-0.539586,-0.444717,-0.044842,1.683495,-0.816711,0.183711,0.097782,-0.170600,0.520000,-0.652972,0.854619,-0.084517,0.103375,0.128345,-0.212484,0.290809,-0.876137,-0.405652,0.678173,-0.574469,-0.072534,-0.066335,-0.178055
-0.001002,0.208768,0.592871,0.170012,0.039751,-0.811218,0.558070,-1.203825,0.334670,0.165253,1.420100,-0.475453,-0.229597,-0.534709,-0.455255,-0.053796,1.705014,-0.813283,0.173091,0.102076,-0.176115,0.520000,-0.639827,0.835953,-0.092917,0.125326,0.122374,-0.196834,0.275937,-0.868328,-0.400933,0.682312,-0.552096,-0.086592,-0.067110,-0.180434
-0.005389,0.207673,0.590889,0.170601,0.036694,-0.807511,0.563449,-1.202070,0.324879,0.160770,1.422717,-0.476193,-0.240899,-0.524414,-0.467162,-0.068425,1.723063,-0.810558,0.162114,0.104840,-0.181112,0.520000,-0.633166,0.816813,-0.104856,0.155419,0.118479,-0.169515,0.246741,-0.857642,-0.397813,0.685750,-0.525340,-0.103469,-0.066280,-0.183379
-0.010061,0.206374,0.589197,0.170804,0.033929,-0.803269,0.569591,-1.199947,0.313900,0.154504,1.424036,-0.476300,-0.252768,-0.510591,-0.478627,-0.086996,1.738654,-0.806836,0.151312,0.106755,-0.185775,0.520000,-0.632121,0.797559,-0.119690,0.188923,0.117509,-0.140086,0.214842,-0.844535,-0.396311,0.688621,-0.493735,-0.118181,-0.065404,-0.187184
-0.015086,0.204891,0.587795,0.171022,0.031422,-0.798529,0.576294,-1.197796,0.302117,0.147960,1.423615,-0.475455,-0.261800,-0.495759,-0.489169,-0.107163,1.753011,-0.800343,0.141734,0.107595,-0.191235,0.520000,-0.636016,0.778538,-0.136532,0.221291,0.119383,-0.118207,0.191570,-0.829169,-0.396255,0.691302,-0.457278,-0.126118,-0.066042,-0.192231
-0.020289,0.203271,0.586633,0.171272,0.029116,-0.793250,0.583586,-1.195356,0.289688,0.142511,1.421334,-0.473617,-0.261800,-0.479308,-0.499737,-0.130410,1.765829,-0.791450,0.132823,0.107410,-0.197728,0.520000,-0.644552,0.760303,-0.155495,0.255668,0.123868,-0.106233,0.179043,-0.811454,-0.397603,0.694244,-0.415213,-0.124060,-0.067869,-0.198949
-0.025772,0.201486,0.585809,0.171199,0.027206,-0.787527,0.591398,-1.192629,0.276693,0.135327,1.417757,-0.471131,-0.261800,-0.460106,-0.509295,-0.157604,1.776631,-0.780767,0.124002,0.106422,-0.204667,0.520000,-0.657813,0.742833,-0.176582,0.293183,0.130581,-0.099132,0.171345,-0.790994,-0.400271,0.697301,-0.368253,-0.115238,-0.070406,-0.207107
-0.031646,0.199599,0.585284,0.170885,0.025766,-0.781464,0.599540,-1.189967,0.263495,0.126499,1.412993,-0.467996,-0.261800,-0.440631,-0.515572,-0.184679,1.786422,-0.766757,0.116922,0.104733,-0.211604,0.520000,-0.673591,0.725931,-0.198190,0.323964,0.137555,-0.095452,0.167665,-0.768129,-0.404047,0.699581,-0.317356,-0.104430,-0.074936,-0.215950
-0.037718,0.197666,0.584939,0.170402,0.024896,-0.775166,0.607833,-1.187739,0.250450,0.116060,1.407151,-0.464213,-0.261800,-0.423663,-0.516452,-0.207412,1.796072,-0.747757,0.113366,0.102287,-0.218055,0.520000,-0.689802,0.709342,-0.218517,0.338229,0.143036,-0.093762,0.167145,-0.743418,-0.408604,0.700266,-0.263298,-0.096372,-0.082658,-0.224719
-0.043983,0.195575,0.584807,0.169785,0.024768,-0.768597,0.616294,-1.186175,0.237568,0.103759,1.400054,-0.459738,-0.261800,-0.409399,-0.512324,-0.227096,1.805299,-0.722439,0.115627,0.099131,-0.223871,0.520000,-0.705190,0.693165,-0.236485,0.331216,0.145987,-0.094554,0.172595,-0.717121,-0.413657,0.699316,-0.203980,-0.091136,-0.094263,-0.232713
-0.050427,0.193265,0.584935,0.168981,0.025297,-0.761719,0.624972,-1.184953,0.224723,0.089606,1.391744,-0.454615,-0.261800,-0.397152,-0.503751,-0.244810,1.813652,-0.691948,0.122542,0.095118,-0.229279,0.520000,-0.720712,0.677525,-0.252736,0.308502,0.147570,-0.098284,0.183385,-0.688788,-0.419036,0.697263,-0.139779,-0.086823,-0.108968,-0.240537
-0.057095,0.190885,0.585236,0.167922,0.026209,-0.754654,0.633729,-1.183678,0.212114,0.074009,1.382669,-0.448963,-0.261800,-0.388490,-0.488909,-0.256057,1.821720,-0.658254,0.130995,0.089996,-0.234276,0.520000,-0.737854,0.662062,-0.268213,0.275981,0.149409,-0.103478,0.193565,-0.658319,-0.424618,0.694061,-0.074767,-0.084949,-0.125693,-0.249410
-0.063896,0.188477,0.585641,0.166517,0.027241,-0.747534,0.642435,-1.181965,0.199974,0.057344,1.373269,-0.442894,-0.261800,-0.384676,-0.466046,-0.256711,1.830031,-0.623172,0.138050,0.083647,-0.238690,0.520000,-0.758375,0.646078,-0.284047,0.239840,0.153160,-0.108662,0.197261,-0.625620,-0.430353,0.689604,-0.012779,-0.087106,-0.143329,-0.260581
-0.070911,0.185904,0.586181,0.164626,0.028492,-0.740276,0.651212,-1.179929,0.188201,0.039124,1.363609,-0.436258,-0.261800,-0.385692,-0.433590,-0.246509,1.838992,-0.586060,0.142444,0.076168,-0.242007,0.520000,-0.782642,0.628720,-0.299980,0.198649,0.159144,-0.114115,0.191354,-0.590459,-0.436159,0.683678,0.047676,-0.097090,-0.162940,-0.275586
-0.078045,0.183279,0.586786,0.162248,0.030096,-0.732865,0.660060,-1.177670,0.176883,0.019138,1.353559,-0.429095,-0.261800,-0.390154,-0.392045,-0.228391,1.848014,-0.546279,0.147102,0.068020,-0.243934,0.520000,-0.810230,0.609742,-0.315808,0.150606,0.166758,-0.120509,0.179663,-0.552671,-0.442073,0.676134,0.108074,-0.113237,-0.184426,-0.293685
-0.085269,0.180535,0.587463,0.159523,0.031844,-0.725530,0.668689,-1.174947,0.166477,-0.001848,1.343319,-0.421777,-0.261800,-0.396725,-0.342631,-0.203283,1.856285,-0.505790,0.155292,0.059440,-0.244846,0.520000,-0.841967,0.589345,-0.332814,0.101749,0.176292,-0.126938,0.166698,-0.512371,-0.448323,0.666981,0.164470,-0.128622,-0.205135,-0.312447
-0.092636,0.177777,0.588132,0.156602,0.033504,-0.718501,0.676837,-1.171559,0.157399,-0.023030,1.333072,-0.414644,-0.261800,-0.403788,-0.286503,-0.171803,1.863186,-0.467026,0.169937,0.051200,-0.244951,0.520000,-0.877952,0.568335,-0.352678,0.057027,0.187230,-0.132431,0.156895,-0.469139,-0.455341,0.655606,0.212747,-0.136092,-0.222747,-0.329027
-0.100143,0.175049,0.588773,0.153424,0.035158,-0.711711,0.684612,-1.167717,0.149532,-0.044862,1.322927,-0.407716,-0.261800,-0.412496,-0.213361,-0.127864,1.867966,-0.430905,0.192738,0.042928,-0.244188,0.520000,-0.918278,0.546585,-0.376037,0.016332,0.201385,-0.136985,0.151409,-0.421962,-0.463180,0.641440,0.250584,-0.131716,-0.236651,-0.341818
-0.107797,0.172263,0.589368,0.149834,0.036792,-0.704996,0.692226,-1.163288,0.142459,-0.067696,1.312802,-0.400844,-0.261800,-0.418787,-0.124584,-0.074683,1.871407,-0.398496,0.222947,0.034285,-0.242279,0.520000,-0.962097,0.523738,-0.401814,-0.022977,0.218070,-0.141014,0.147958,-0.370584,-0.471729,0.624682,0.280187,-0.119568,-0.248375,-0.352206
-0.115577,0.169423,0.589952,0.146021,0.038103,-0.698498,0.699518,-1.157632,0.136238,-0.090383,1.302265,-0.394095,-0.261800,-0.416741,-0.040627,-0.024445,1.874726,-0.371131,0.258146,0.025153,-0.240056,0.520000,-1.008871,0.500016,-0.428583,-0.058690,0.233840,-0.144010,0.145712,-0.316245,-0.481062,0.606468,0.303338,-0.104169,-0.258960,-0.361726
-0.123499,0.166680,0.590459,0.142171,0.039147,-0.692529,0.706158,-1.150734,0.131882,-0.112424,1.290876,-0.387402,-0.261800,-0.405999,0.007666,0.001498,1.878937,-0.346279,0.261800,0.015945,-0.238416,0.520000,-1.057941,0.476166,-0.455006,-0.089302,0.244954,-0.145453,0.143737,-0.260083,-0.491428,0.587484,0.321246,-0.090204,-0.269379,-0.372071
-0.131644,0.164106,0.591012,0.136846,0.042023,-0.687644,0.711795,-1.145515,0.132994,-0.138984,1.280648,-0.381615,-0.261800,-0.390180,0.021900,0.002845,1.881250,-0.313320,0.261800,0.008561,-0.232513,0.520000,-1.109769,0.452538,-0.481617,-0.115630,0.248418,-0.144854,0.142237,-0.201100,-0.502873,0.567112,0.332449,-0.076830,-0.280276,-0.385036
-0.139912,0.161638,0.591688,0.130806,0.045936,-0.683583,0.716585,-1.141214,0.137897,-0.167689,1.270423,-0.376093,-0.261800,-0.372236,0.012067,-0.009637,1.882878,-0.273850,0.261800,0.001865,-0.224209,0.520000,-1.163720,0.429074,-0.508328,-0.139118,0.246619,-0.142553,0.141534,-0.138860,-0.515179,0.544976,0.336144,-0.062172,-0.291088,-0.399242
-0.148000,0.159280,0.592430,0.125582,0.049046,-0.680035,0.720678,-1.135336,0.143494,-0.192988,1.258129,-0.370022,-0.261800,-0.354000,-0.014610,-0.022036,1.888062,-0.240608,0.261800,-0.005354,-0.217736,0.520000,-1.218471,0.406103,-0.533508,-0.159368,0.243710,-0.139241,0.140827,-0.074972,-0.528271,0.521185,0.333927,-0.049485,-0.300826,-0.411839
-0.155701,0.157081,0.593238,0.122062,0.049929,-0.676709,0.724343,-1.125764,0.147303,-0.211227,1.242851,-0.363062,-0.261800,-0.336449,-0.048435,-0.021803,1.899615,-0.227754,0.261800,-0.014183,-0.215975,0.520000,-1.272738,0.384251,-0.555622,-0.175894,0.243756,-0.135654,0.139304,-0.011120,-0.542144,0.496069,0.327616,-0.041854,-0.308309,-0.419989
-0.163040,0.154961,0.594098,0.120991,0.047449,-0.673346,0.727815,-1.111325,0.147008,-0.219858,1.224529,-0.355353,-0.261800,-0.318205,-0.091061,-0.004386,1.919874,-0.247745,0.261800,-0.026134,-0.221916,0.520000,-1.327361,0.364145,-0.574333,-0.188633,0.247791,-0.131607,0.135838,0.052671,-0.556799,0.470256,0.316639,-0.039688,-0.312386,-0.422436
-0.170093,0.153069,0.594990,0.122029,0.042241,-0.670121,0.730933,-1.093234,0.143641,-0.220637,1.203931,-0.346960,-0.261800,-0.299125,-0.148023,0.023719,1.946099,-0.291851,0.261800,-0.040623,-0.234372,0.520000,-1.382612,0.346114,-0.590435,-0.198581,0.253447,-0.126837,0.131154,0.117088,-0.572045,0.443343,0.300472,-0.041300,-0.313799,-0.420895
-0.177179,0.151306,0.595975,0.123534,0.036478,-0.667622,0.733273,-1.073651,0.141546,-0.219055,1.182018,-0.338077,-0.261800,-0.282476,-0.212373,0.056882,1.972318,-0.341827,0.261800,-0.054730,-0.247511,0.520000,-1.436736,0.330374,-0.604330,-0.206520,0.259749,-0.121914,0.127188,0.181281,-0.587569,0.414159,0.281380,-0.046594,-0.314173,-0.416986
-0.184935,0.149664,0.597212,0.121781,0.034611,-0.666867,0.734343,-1.056830,0.149806,-0.226922,1.160736,-0.329299,-0.261800,-0.274496,-0.284146,0.071964,1.992595,-0.376825,0.216487,-0.065121,-0.250704,0.520000,-1.487226,0.318847,-0.616655,-0.213908,0.265599,-0.117320,0.125976,0.240767,-0.601310,0.383642,0.265089,-0.055975,-0.315296,-0.412543
-0.192989,0.148014,0.598708,0.120194,0.033080,-0.667034,0.734524,-1.039221,0.161142,-0.233576,1.137462,-0.319511,-0.261800,-0.274017,-0.359026,0.087603,2.009706,-0.396455,0.159429,-0.073970,-0.252012,0.518966,-1.535813,0.308299,-0.626974,-0.217573,0.273415,-0.113536,0.128656,0.301000,-0.616999,0.349808,0.247668,-0.069549,-0.317718,-0.406392
-0.201103,0.146472,0.600435,0.119777,0.032366,-0.667943,0.733797,-1.023041,0.174771,-0.238022,1.111825,-0.308224,-0.261800,-0.284292,-0.437145,0.108721,2.025827,-0.410521,0.098604,-0.086079,-0.254370,0.505835,-1.574278,0.301379,-0.635446,-0.217647,0.283042,-0.110655,0.134170,0.354158,-0.632142,0.322327,0.240367,-0.086921,-0.320453,-0.397402
-0.209389,0.145057,0.602451,0.119386,0.031743,-0.669703,0.732283,-1.005213,0.191016,-0.240895,1.083684,-0.295818,-0.261800,-0.301453,-0.510382,0.135750,2.037354,-0.422249,0.042155,-0.097638,-0.256378,0.492132,-1.608428,0.298493,-0.643360,-0.216789,0.290314,-0.107630,0.140351,0.403364,-0.646458,0.293662,0.234798,-0.106057,-0.322728,-0.388531
-0.217998,0.143722,0.604725,0.118696,0.031510,-0.672345,0.729980,-0.985405,0.210523,-0.242859,1.052288,-0.282010,-0.261800,-0.323757,-0.569800,0.168530,2.041527,-0.433161,-0.000999,-0.107912,-0.256820,0.478146,-1.635909,0.299649,-0.650928,-0.216332,0.291515,-0.104103,0.145087,0.449041,-0.659445,0.262391,0.230097,-0.123879,-0.323443,-0.381488
-0.226786,0.142535,0.607241,0.117740,0.031892,-0.676082,0.726659,-0.964075,0.233885,-0.243924,1.018091,-0.267206,-0.261800,-0.350652,-0.611976,0.208324,2.038177,-0.441488,-0.027490,-0.117056,-0.255514,0.463415,-1.657815,0.304608,-0.658467,-0.214200,0.283367,-0.100074,0.148746,0.490068,-0.670767,0.227032,0.227736,-0.144195,-0.321666,-0.376227
-0.235846,0.141391,0.609982,0.116599,0.032711,-0.680812,0.722378,-0.941090,0.260520,-0.243755,0.981169,-0.251379,-0.261800,-0.381639,-0.641731,0.253612,2.028859,-0.445387,-0.042824,-0.123698,-0.252917,0.448077,-1.672813,0.313900,-0.666336,-0.213446,0.268764,-0.095737,0.152046,0.527900,-0.680119,0.187714,0.227370,-0.167003,-0.318243,-0.371773
-0.245241,0.140283,0.612987,0.115055,0.033685,-0.686115,0.717547,-0.915524,0.289786,-0.241936,0.940412,-0.233309,-0.261800,-0.413569,-0.662665,0.299160,2.013649,-0.446016,-0.050835,-0.129680,-0.249097,0.433479,-1.685524,0.326456,-0.673973,-0.209990,0.252500,-0.091101,0.154079,0.561056,-0.688604,0.148989,0.227470,-0.184945,-0.314424,-0.368730
-0.254975,0.139266,0.616263,0.112868,0.034549,-0.691589,0.712581,-0.886293,0.320992,-0.238145,0.894723,-0.212018,-0.261800,-0.443598,-0.678481,0.339927,1.992617,-0.444860,-0.055153,-0.133253,-0.243975,0.420618,-1.692331,0.342317,-0.681294,-0.209114,0.240317,-0.086026,0.153273,0.592217,-0.696658,0.113358,0.225101,-0.189158,-0.311490,-0.367801
-0.265024,0.138308,0.619786,0.109869,0.035347,-0.697385,0.707342,-0.852184,0.354521,-0.232211,0.842992,-0.188446,-0.261800,-0.470273,-0.687389,0.376029,1.965472,-0.441970,-0.054080,-0.134762,-0.237122,0.410020,-1.696017,0.361071,-0.687992,-0.207732,0.232411,-0.080446,0.148293,0.621254,-0.704977,0.080952,0.219456,-0.171692,-0.309555,-0.370495
-0.275450,0.137481,0.623412,0.106245,0.036132,-0.703619,0.701660,-0.813451,0.390239,-0.223607,0.785945,-0.162647,-0.261800,-0.493355,-0.689302,0.409014,1.932547,-0.437090,-0.046519,-0.134308,-0.228745,0.401010,-1.696554,0.382520,-0.694276,-0.205090,0.226400,-0.074372,0.140158,0.648081,-0.713879,0.050136,0.211457,-0.138648,-0.308070,-0.376091
-0.286209,0.136622,0.627255,0.102299,0.036677,-0.709861,0.695908,-0.771299,0.426906,-0.211138,0.725234,-0.132463,-0.261800,-0.513250,-0.690373,0.436558,1.894436,-0.431157,-0.036914,-0.132875,-0.219562,0.393320,-1.692737,0.406244,-0.700117,-0.202362,0.223398,-0.067881,0.131338,0.672995,-0.724005,0.021711,0.200908,-0.103777,-0.307101,-0.382029
-0.297332,0.135639,0.631260,0.098316,0.036809,-0.715704,0.690469,-0.727066,0.463318,-0.193775,0.662503,-0.095783,-0.261800,-0.531241,-0.696241,0.456504,1.851745,-0.424818,-0.029554,-0.131792,-0.210202,0.386727,-1.684319,0.431557,-0.705304,-0.199544,0.224396,-0.061130,0.124303,0.696012,-0.736287,-0.003286,0.187601,-0.080806,-0.306425,-0.385784
-0.308740,0.134662,0.635382,0.094255,0.036186,-0.721198,0.685332,-0.677671,0.499267,-0.168929,0.594650,-0.051696,-0.261800,-0.547844,-0.709054,0.468135,1.803843,-0.418649,-0.025546,-0.130819,-0.201118,0.381605,-1.670844,0.458095,-0.710091,-0.195798,0.232966,-0.054247,0.119949,0.717659,-0.751582,-0.024148,0.170524,-0.072813,-0.306640,-0.387752
-0.320366,0.133753,0.639539,0.090000,0.035025,-0.726537,0.680307,-0.622847,0.534632,-0.136816,0.522047,-0.001087,-0.261800,-0.562397,-0.725644,0.472789,1.750622,-0.412230,-0.022223,-0.129587,-0.191771,0.377752,-1.652555,0.485788,-0.714073,-0.190622,0.247583,-0.047202,0.116724,0.737899,-0.770073,-0.041525,0.150065,-0.072269,-0.307555,-0.388913
-0.332207,0.132813,0.643609,0.085719,0.034023,-0.731563,0.675508,-0.568658,0.568784,-0.101636,0.452115,0.053581,-0.261800,-0.574625,-0.743097,0.471514,1.693474,-0.404545,-0.017818,-0.128949,-0.181240,0.374222,-1.630078,0.514317,-0.715931,-0.185045,0.261710,-0.039909,0.113441,0.756039,-0.791432,-0.056648,0.128038,-0.077018,-0.307622,-0.387649
-0.344308,0.131686,0.647531,0.081573,0.033939,-0.736107,0.671074,-0.522683,0.602156,-0.068560,0.393199,0.109853,-0.261800,-0.584210,-0.758435,0.464509,1.633963,-0.394740,-0.011487,-0.129656,-0.168566,0.370172,-1.604331,0.543165,-0.714416,-0.179885,0.268866,-0.032270,0.108976,0.771555,-0.814936,-0.070846,0.106063,-0.085101,-0.305343,-0.382331
-0.356665,0.130568,0.651256,0.077389,0.035078,-0.740090,0.667119,-0.488168,0.636938,-0.039345,0.347385,0.172541,-0.261800,-0.590101,-0.771767,0.449640,1.571535,-0.382521,-0.002613,-0.131633,-0.153076,0.365854,-1.574279,0.571745,-0.708636,-0.174692,0.265459,-0.023618,0.102647,0.784308,-0.840304,-0.084670,0.083602,-0.100513,-0.299409,-0.370145
-0.369338,0.129645,0.654743,0.073023,0.037186,-0.743641,0.663538,-0.463963,0.673014,-0.014563,0.314549,0.237795,-0.261800,-0.591867,-0.783902,0.426568,1.505783,-0.368582,0.008036,-0.134190,-0.135029,0.361835,-1.539885,0.599767,-0.699177,-0.168961,0.255705,-0.014155,0.095270,0.795254,-0.867389,-0.097812,0.059534,-0.123219,-0.291247,-0.352619
-0.382369,0.128899,0.658049,0.068678,0.040164,-0.746897,0.660163,-0.451046,0.708382,0.002115,0.298437,0.291039,-0.261800,-0.590438,-0.793078,0.398901,1.438322,-0.353449,0.019432,-0.136685,-0.114884,0.358249,-1.504461,0.627064,-0.687398,-0.163233,0.244522,-0.005112,0.088002,0.803942,-0.895816,-0.109769,0.035930,-0.144664,-0.283235,-0.334721
-0.395632,0.128259,0.661104,0.064619,0.043772,-0.750003,0.656814,-0.446981,0.741184,0.010287,0.297482,0.321357,-0.261800,-0.587449,-0.797907,0.371099,1.370607,-0.337486,0.030600,-0.138703,-0.093525,0.355057,-1.471084,0.653547,-0.674874,-0.157999,0.237087,0.002205,0.081877,0.810693,-0.924867,-0.120258,0.014035,-0.156706,-0.277287,-0.321619
-0.408930,0.127614,0.663575,0.060647,0.048362,-0.753048,0.653378,-0.450284,0.773175,0.010686,0.307759,0.325753,-0.261800,-0.582960,-0.796531,0.343389,1.302374,-0.320503,0.041709,-0.139477,-0.069836,0.352406,-1.440180,0.678733,-0.661665,-0.153287,0.233015,0.008181,0.075982,0.816550,-0.954387,-0.129595,-0.006265,-0.154994,-0.273975,-0.315152
-0.422039,0.126936,0.665317,0.056645,0.053760,-0.756030,0.649862,-0.459660,0.805393,0.005490,0.326168,0.313053,-0.261800,-0.576977,-0.790309,0.315375,1.232929,-0.302407,0.053060,-0.138789,-0.044136,0.350616,-1.412470,0.702343,-0.648096,-0.147183,0.229078,0.013217,0.070077,0.821301,-0.984272,-0.137910,-0.025783,-0.144683,-0.272059,-0.312470
-0.435294,0.126590,0.666898,0.053199,0.058788,-0.758923,0.646336,-0.471175,0.834327,-0.001735,0.350465,0.292383,-0.261800,-0.571504,-0.783208,0.290562,1.163046,-0.283481,0.064140,-0.137508,-0.019791,0.350084,-1.385730,0.724233,-0.634287,-0.141471,0.230288,0.016066,0.066255,0.822167,-1.014070,-0.144234,-0.043868,-0.131914,-0.270502,-0.311715
-0.448764,0.126792,0.668566,0.050975,0.062352,-0.761632,0.642986,-0.481468,0.855953,-0.008683,0.379132,0.272841,-0.261800,-0.567981,-0.778917,0.271008,1.093456,-0.263796,0.074781,-0.135991,-0.000185,0.350682,-1.364913,0.745166,-0.622874,-0.133562,0.236549,0.015351,0.066525,0.816535,-1.042873,-0.147410,-0.059613,-0.122725,-0.268305,-0.311103
-0.462198,0.127369,0.670083,0.050763,0.064214,-0.763914,0.640105,-0.491180,0.866988,-0.015990,0.413345,0.256396,-0.261800,-0.567312,-0.779694,0.254514,1.022600,-0.244572,0.083878,-0.134920,0.013279,0.351770,-1.349894,0.765613,-0.614477,-0.124548,0.252587,0.009427,0.072280,0.802589,-1.069966,-0.146424,-0.072574,-0.118855,-0.265258,-0.311441
-0.475659,0.128327,0.671349,0.052158,0.065033,-0.765780,0.637676,-0.503067,0.869463,-0.025623,0.454825,0.238252,-0.261800,-0.568153,-0.782659,0.239109,0.950294,-0.224985,0.092381,-0.133957,0.022424,0.353191,-1.340022,0.785636,-0.608679,-0.114753,0.276001,-0.000356,0.082418,0.781365,-1.095220,-0.141353,-0.083261,-0.117392,-0.261903,-0.313284
-0.489213,0.129713,0.672316,0.054036,0.065121,-0.767480,0.635464,-0.516850,0.867165,-0.037468,0.502811,0.217312,-0.261800,-0.568622,-0.783965,0.227055,0.879456,-0.201874,0.103057,-0.132670,0.028902,0.355710,-1.333793,0.805206,-0.604506,-0.104265,0.299693,-0.010816,0.095250,0.754145,-1.118769,-0.132545,-0.092435,-0.117638,-0.258327,-0.314449
-0.502868,0.131400,0.672887,0.055269,0.064700,-0.769304,0.633191,-0.531186,0.864102,-0.050244,0.555487,0.193089,-0.259851,-0.567345,-0.780349,0.221839,0.813132,-0.172228,0.118230,-0.130606,0.034228,0.360217,-1.329595,0.824248,-0.600859,-0.093194,0.316487,-0.019015,0.108785,0.722257,-1.140942,-0.120448,-0.100853,-0.118829,-0.254622,-0.312746
-0.516629,0.133257,0.673016,0.055693,0.063630,-0.771435,0.630664,-0.545061,0.859824,-0.064317,0.613656,0.165211,-0.256916,-0.564870,-0.770388,0.227612,0.750983,-0.132718,0.135755,-0.127357,0.038365,0.367185,-1.327527,0.842859,-0.597616,-0.082092,0.324915,-0.024156,0.124113,0.685426,-1.161824,-0.105086,-0.108667,-0.121301,-0.250482,-0.307010
-0.530419,0.135276,0.672616,0.055891,0.061872,-0.773659,0.628093,-0.559453,0.851564,-0.081027,0.678577,0.133605,-0.258422,-0.561737,-0.756202,0.241965,0.691963,-0.086038,0.155081,-0.123504,0.040824,0.375961,-1.328034,0.861171,-0.595074,-0.070954,0.328676,-0.027941,0.141617,0.643239,-1.181261,-0.086325,-0.115798,-0.125124,-0.245981,-0.298602
-0.544203,0.137356,0.671676,0.055841,0.059732,-0.775693,0.625791,-0.575052,0.840881,-0.098104,0.747743,0.098927,-0.261800,-0.556541,-0.740240,0.259289,0.637578,-0.037875,0.180785,-0.120005,0.042323,0.385905,-1.329996,0.879088,-0.592739,-0.058998,0.328286,-0.031416,0.158063,0.596803,-1.199313,-0.064394,-0.122615,-0.129128,-0.241795,-0.289099
-0.558020,0.139556,0.670171,0.055495,0.057506,-0.777267,0.624075,-0.592612,0.830253,-0.113004,0.818466,0.062084,-0.261800,-0.547859,-0.725002,0.274085,0.588837,0.006393,0.217513,-0.117569,0.043698,0.396308,-1.333593,0.896595,-0.590801,-0.044645,0.323336,-0.035661,0.170155,0.547798,-1.216142,-0.039948,-0.129522,-0.131992,-0.238557,-0.280096
-0.571900,0.141901,0.668158,0.054361,0.056128,-0.778493,0.622770,-0.613462,0.822248,-0.128350,0.890346,0.023021,-0.261800,-0.535823,-0.708098,0.283968,0.545064,0.052874,0.261800,-0.116251,0.046870,0.407448,-1.334934,0.913000,-0.586140,-0.029816,0.312323,-0.041376,0.176300,0.495736,-1.231959,-0.012715,-0.136506,-0.133167,-0.236822,-0.271613
-0.586221,0.144598,0.665886,0.050353,0.059001,-0.780225,0.620671,-0.641723,0.825311,-0.150840,0.961595,-0.016188,-0.261800,-0.523171,-0.679650,0.274985,0.509410,0.100755,0.261800,-0.112080,0.059596,0.419063,-1.338358,0.928681,-0.581186,-0.012787,0.293619,-0.048015,0.178304,0.440812,-1.246704,0.016851,-0.143103,-0.133137,-0.236125,-0.263033
-0.600635,0.147360,0.663079,0.045545,0.062102,-0.781611,0.618993,-0.672629,0.828900,-0.175022,1.034354,-0.056680,-0.261800,-0.507937,-0.651123,0.260743,0.480545,0.137107,0.261800,-0.108856,0.073085,0.431699,-1.342054,0.943564,-0.576735,0.005791,0.277135,-0.054251,0.178389,0.383396,-1.260221,0.048454,-0.150584,-0.132771,-0.235483,-0.254686
-0.614619,0.150397,0.660186,0.040104,0.065058,-0.782726,0.617657,-0.704549,0.832616,-0.199634,1.106834,-0.096748,-0.261800,-0.490571,-0.623555,0.242150,0.461120,0.147586,0.261800,-0.106424,0.086445,0.445141,-1.346379,0.957710,-0.574653,0.026431,0.271286,-0.058883,0.178928,0.324110,-1.272359,0.081477,-0.159702,-0.132965,-0.233958,-0.246941
-0.628758,0.153646,0.656828,0.033490,0.068361,-0.783779,0.616357,-0.738451,0.839687,-0.226621,1.178698,-0.136659,-0.261800,-0.468118,-0.594013,0.216366,0.451885,0.119911,0.261800,-0.103556,0.100527,0.458927,-1.352102,0.971256,-0.576656,0.049287,0.280920,-0.061130,0.180331,0.264208,-1.282879,0.115456,-0.171006,-0.133958,-0.231256,-0.239663
-0.643832,0.156929,0.652186,0.025959,0.072049,-0.784738,0.615078,-0.775069,0.849219,-0.256231,1.250721,-0.176899,-0.261800,-0.444931,-0.560900,0.188253,0.455664,0.061873,0.261800,-0.100368,0.115216,0.473049,-1.359014,0.984021,-0.581594,0.074029,0.300871,-0.061719,0.181559,0.203412,-1.291623,0.150258,-0.184001,-0.135426,-0.227919,-0.232693
-0.658759,0.160129,0.647048,0.018807,0.075137,-0.785387,0.614139,-0.811460,0.855500,-0.283783,1.322602,-0.215991,-0.261800,-0.430615,-0.527980,0.167808,0.477047,-0.010900,0.261800,-0.098415,0.128469,0.487927,-1.366621,0.995666,-0.587444,0.100832,0.323984,-0.061788,0.182797,0.140196,-1.298687,0.185711,-0.197747,-0.137353,-0.224277,-0.226387
-0.672117,0.163491,0.642454,0.013222,0.076671,-0.785538,0.613903,-0.843635,0.853608,-0.303734,1.393875,-0.252476,-0.261800,-0.430776,-0.500723,0.159544,0.515657,-0.079890,0.261800,-0.099276,0.138349,0.504151,-1.374143,1.005778,-0.591993,0.129910,0.343217,-0.062494,0.184196,0.072947,-1.304324,0.221805,-0.211324,-0.139608,-0.220644,-0.221108
-0.684441,0.166945,0.637802,0.009975,0.076024,-0.784799,0.614988,-0.871054,0.842274,-0.313331,1.465769,-0.285780,-0.261800,-0.446973,-0.482677,0.162425,0.573052,-0.142531,0.261800,-0.104169,0.143337,0.520000,-1.380535,1.013632,-0.595612,0.161803,0.360130,-0.064587,0.186585,0.000439,-1.308811,0.260133,-0.223568,-0.142839,-0.216928,-0.216785
-0.695757,0.170527,0.633178,0.010032,0.075092,-0.783426,0.616850,-0.899694,0.824835,-0.315356,1.538001,-0.316123,-0.261800,-0.478248,-0.469929,0.170846,0.644887,-0.204277,0.261800,-0.110457,0.145268,0.520000,-1.376397,1.016628,-0.600929,0.196621,0.376673,-0.067646,0.190640,-0.076649,-1.311311,0.310381,-0.231032,-0.145757,-0.213243,-0.212751
-0.706305,0.174094,0.628777,0.010489,0.073970,-0.782220,0.618507,-0.923395,0.805071,-0.312455,1.606898,-0.344404,-0.261800,-0.512662,-0.456902,0.180175,0.719689,-0.259103,0.261800,-0.117232,0.146411,0.520000,-1.371794,1.015584,-0.605564,0.235607,0.389533,-0.070344,0.193813,-0.160621,-1.310782,0.366478,-0.236055,-0.147372,-0.209686,-0.210360
-0.715857,0.177513,0.625072,0.010526,0.074093,-0.782015,0.618750,-0.942297,0.785585,-0.307326,1.669321,-0.370836,-0.261800,-0.545629,-0.439963,0.187468,0.787663,-0.301771,0.261800,-0.122025,0.149715,0.520000,-1.364069,1.011078,-0.606833,0.276692,0.393949,-0.071769,0.194555,-0.246633,-1.306288,0.424616,-0.240577,-0.146124,-0.206567,-0.209582
-0.724579,0.180610,0.622220,0.009625,0.076331,-0.783192,0.617002,-0.956938,0.766189,-0.301787,1.725291,-0.395089,-0.261800,-0.578070,-0.418226,0.193052,0.849075,-0.328438,0.261800,-0.123833,0.157617,0.520000,-1.351681,1.003357,-0.602781,0.318990,0.386042,-0.070661,0.191178,-0.333407,-1.297591,0.483098,-0.244668,-0.141156,-0.204365,-0.211218
-0.732677,0.183174,0.619814,0.008283,0.079838,-0.785245,0.613960,-0.967834,0.745787,-0.294193,1.776251,-0.416995,-0.261800,-0.611825,-0.394068,0.198718,0.908392,-0.342637,0.261800,-0.123930,0.168623,0.520000,-1.335736,0.992748,-0.594726,0.362813,0.369079,-0.067806,0.184896,-0.419653,-1.284559,0.540169,-0.248160,-0.133523,-0.202799,-0.214931
-0.740482,0.185372,0.617624,0.007247,0.083436,-0.787742,0.610285,-0.975180,0.725275,-0.281524,1.821205,-0.436991,-0.261800,-0.644457,-0.369798,0.204372,0.963196,-0.351427,0.261800,-0.123086,0.179522,0.520000,-1.318183,0.979979,-0.585398,0.408145,0.348884,-0.065383,0.178509,-0.500604,-1.266665,0.591763,-0.252371,-0.124719,-0.201041,-0.218866
-0.748305,0.187235,0.615813,0.007256,0.085959,-0.790299,0.606619,-0.979168,0.705563,-0.260575,1.859170,-0.455600,-0.261800,-0.673789,-0.347764,0.209922,1.011131,-0.361979,0.261800,-0.121915,0.186644,0.520000,-1.301627,0.966109,-0.578483,0.455159,0.330515,-0.065692,0.174728,-0.571506,-1.243650,0.633775,-0.258615,-0.116598,-0.198302,-0.220822
-0.756164,0.188743,0.614348,0.008623,0.086994,-0.793092,0.602796,-0.978510,0.687281,-0.228737,1.889298,-0.472896,-0.261800,-0.699784,-0.328593,0.216445,1.051428,-0.375009,0.261800,-0.120143,0.187969,0.520000,-1.285995,0.951776,-0.574486,0.504354,0.313580,-0.070227,0.175202,-0.631502,-1.215527,0.664826,-0.267776,-0.109245,-0.194174,-0.219509
-0.763889,0.190112,0.613085,0.010938,0.087167,-0.796242,0.598566,-0.974098,0.669593,-0.188709,1.912230,-0.488428,-0.261800,-0.723630,-0.311354,0.224200,1.085813,-0.387362,0.261800,-0.117787,0.185084,0.520000,-1.270036,0.937184,-0.572031,0.555198,0.295639,-0.077511,0.178134,-0.682940,-1.182745,0.686704,-0.278990,-0.102042,-0.189198,-0.215919
-0.771326,0.191379,0.611925,0.013880,0.086887,-0.799299,0.594457,-0.969287,0.651343,-0.145153,1.929039,-0.501885,-0.261800,-0.745288,-0.296352,0.231444,1.115448,-0.400037,0.261800,-0.115988,0.179613,0.520000,-1.254284,0.922800,-0.571816,0.606254,0.278451,-0.085430,0.181077,-0.727239,-1.146067,0.701587,-0.290818,-0.095919,-0.183971,-0.211237
-0.778433,0.192580,0.610874,0.017143,0.086579,-0.801822,0.591009,-0.967392,0.631635,-0.102602,1.940816,-0.512930,-0.261800,-0.764806,-0.283767,0.236535,1.141419,-0.414097,0.261800,-0.115771,0.173284,0.520000,-1.238984,0.909022,-0.574098,0.655822,0.263944,-0.091783,0.181653,-0.764988,-1.106273,0.711215,-0.302375,-0.092156,-0.179082,-0.206694
-0.785162,0.193629,0.609950,0.021040,0.086183,-0.803664,0.588434,-0.968793,0.610100,-0.059509,1.946808,-0.520628,-0.261800,-0.782101,-0.274840,0.239013,1.162607,-0.430879,0.261800,-0.117771,0.165761,0.520000,-1.224266,0.896360,-0.579657,0.704216,0.253183,-0.096229,0.179874,-0.797549,-1.063994,0.716155,-0.314194,-0.090769,-0.174389,-0.201901
-0.791623,0.194511,0.609186,0.025620,0.085568,-0.805078,0.586405,-0.972115,0.587429,-0.014558,1.946626,-0.525258,-0.261800,-0.797455,-0.269191,0.239952,1.178968,-0.449489,0.261800,-0.121241,0.156700,0.520000,-1.209233,0.884946,-0.587583,0.751313,0.244589,-0.099847,0.176775,-0.823997,-1.019227,0.716361,-0.327502,-0.092360,-0.169589,-0.196641
-0.797801,0.195342,0.608388,0.030137,0.084976,-0.806252,0.584661,-0.977534,0.564513,0.027715,1.942124,-0.528651,-0.261800,-0.811448,-0.264783,0.239939,1.193327,-0.467555,0.261800,-0.125743,0.146834,0.520000,-1.193306,0.874644,-0.596179,0.796031,0.236489,-0.102484,0.171613,-0.847880,-0.972720,0.715397,-0.340358,-0.094049,-0.165251,-0.191805
-0.803665,0.196099,0.607687,0.033872,0.084669,-0.807361,0.582968,-0.985012,0.542176,0.062943,1.934921,-0.532438,-0.261800,-0.824385,-0.259556,0.239383,1.208098,-0.482569,0.261800,-0.130736,0.137514,0.520000,-1.175765,0.865211,-0.603514,0.836981,0.226796,-0.103983,0.163616,-0.870668,-0.925325,0.715760,-0.351290,-0.094053,-0.161832,-0.188618
-0.809094,0.196797,0.607056,0.036796,0.084720,-0.808298,0.581484,-0.995000,0.518750,0.090371,1.924632,-0.537322,-0.261800,-0.836496,-0.253615,0.238103,1.223838,-0.493774,0.261800,-0.136626,0.129259,0.520000,-1.156139,0.856465,-0.608627,0.873555,0.214280,-0.103494,0.149937,-0.891359,-0.877563,0.717303,-0.361336,-0.091491,-0.159602,-0.188267
-0.814193,0.197366,0.606542,0.039273,0.085017,-0.809028,0.580262,-1.007173,0.494463,0.112276,1.910704,-0.542369,-0.261800,-0.847603,-0.247844,0.235978,1.239198,-0.502509,0.261800,-0.143133,0.121733,0.520000,-1.134926,0.848299,-0.612489,0.906279,0.200261,-0.101223,0.131831,-0.910188,-0.829554,0.719118,-0.370566,-0.086946,-0.158198,-0.189989
-0.819032,0.197792,0.606214,0.041183,0.085437,-0.809831,0.578946,-1.019919,0.472806,0.129327,1.894780,-0.546887,-0.261800,-0.857268,-0.241347,0.233598,1.253730,-0.509454,0.261800,-0.149948,0.114552,0.520000,-1.111949,0.840786,-0.614998,0.935978,0.186872,-0.098760,0.114797,-0.925588,-0.782086,0.721062,-0.380121,-0.082687,-0.157180,-0.192010
-0.823711,0.198134,0.606043,0.042538,0.085947,-0.810957,0.577194,-1.031944,0.457224,0.142389,1.878604,-0.550137,-0.261800,-0.865380,-0.233259,0.231507,1.266952,-0.515212,0.261800,-0.155308,0.107772,0.520000,-1.087702,0.833700,-0.616670,0.962378,0.176031,-0.097841,0.104065,-0.940838,-0.735572,0.723762,-0.386702,-0.078860,-0.156028,-0.192722
-0.828300,0.198353,0.606049,0.043223,0.086639,-0.812452,0.574933,-1.043050,0.449369,0.151128,1.862693,-0.551872,-0.261800,-0.871757,-0.222978,0.229827,1.278747,-0.519315,0.261800,-0.159183,0.101579,0.520000,-1.062190,0.826928,-0.618404,0.986038,0.167676,-0.099834,0.101838,-0.954752,-0.690539,0.727273,-0.391725,-0.074933,-0.154886,-0.192093
-0.832784,0.198398,0.606235,0.043383,0.087493,-0.814161,0.572367,-1.053693,0.447005,0.155960,1.846280,-0.552698,-0.261800,-0.876720,-0.211246,0.228321,1.289342,-0.521573,0.261800,-0.161911,0.095931,0.520000,-1.035625,0.820261,-0.619841,1.006747,0.161062,-0.103666,0.104959,-0.966508,-0.647275,0.731076,-0.396208,-0.070555,-0.153897,-0.190932
-0.836985,0.198311,0.606565,0.043325,0.088228,-0.816037,0.569581,-1.063403,0.447773,0.158791,1.829237,-0.553040,-0.261800,-0.880619,-0.199388,0.226982,1.298633,-0.523025,0.261800,-0.163627,0.090292,0.520000,-1.008363,0.813585,-0.619400,1.024009,0.156740,-0.107555,0.110870,-0.976449,-0.606098,0.734536,-0.399528,-0.067764,-0.152552,-0.188736
-0.840931,0.198073,0.607015,0.043345,0.088582,-0.818031,0.566656,-1.071805,0.449352,0.161267,1.811425,-0.553213,-0.261800,-0.883723,-0.188611,0.225853,1.306579,-0.525061,0.261800,-0.164608,0.084105,0.520000,-0.980352,0.806760,-0.614767,1.037150,0.155765,-0.109658,0.117010,-0.985113,-0.567317,0.737205,-0.401110,-0.068591,-0.150353,-0.185031
-0.844663,0.197690,0.607581,0.043478,0.088516,-0.820164,0.563565,-1.078877,0.452092,0.163360,1.792906,-0.553330,-0.261800,-0.886102,-0.179225,0.224717,1.313065,-0.527699,0.261800,-0.164794,0.077311,0.520000,-0.951606,0.799616,-0.605314,1.045938,0.160592,-0.109028,0.123923,-0.992660,-0.531214,0.739268,-0.401084,-0.074871,-0.146899,-0.179068
-0.848219,0.197226,0.608262,0.043585,0.088170,-0.822449,0.560272,-1.084826,0.456933,0.164491,1.773780,-0.553334,-0.261800,-0.887593,-0.170544,0.223688,1.318150,-0.530434,0.261800,-0.164021,0.070246,0.520000,-0.922208,0.791999,-0.592077,1.050683,0.170164,-0.106718,0.132551,-0.998777,-0.497977,0.741106,-0.400071,-0.085061,-0.142597,-0.171362
-0.851498,0.196649,0.609019,0.043836,0.087491,-0.824752,0.556964,-1.089704,0.462345,0.166192,1.753662,-0.552904,-0.259191,-0.888556,-0.163017,0.223240,1.322133,-0.533101,0.261800,-0.162637,0.062952,0.520000,-0.892544,0.784046,-0.576118,1.051374,0.179309,-0.103939,0.141005,-1.003648,-0.467752,0.742706,-0.397764,-0.096192,-0.138127,-0.163312
-0.854304,0.195982,0.609828,0.045051,0.086083,-0.826577,0.554374,-1.093587,0.466002,0.173734,1.731498,-0.551107,-0.242210,-0.890154,-0.159100,0.224672,1.325630,-0.535992,0.261800,-0.162648,0.054406,0.520000,-0.862881,0.776192,-0.557459,1.047672,0.183312,-0.102010,0.147491,-1.008171,-0.440673,0.744169,-0.393977,-0.105338,-0.134048,-0.156336
-0.856939,0.195230,0.610715,0.045995,0.084526,-0.828715,0.551336,-1.096487,0.468319,0.178654,1.707862,-0.548647,-0.229776,-0.890927,-0.154589,0.226746,1.328184,-0.538542,0.261800,-0.160846,0.046131,0.520000,-0.832096,0.768313,-0.535944,1.038831,0.179325,-0.101429,0.150949,-1.010686,-0.416632,0.745252,-0.388489,-0.112665,-0.130640,-0.150602
-0.859336,0.194348,0.611634,0.046745,0.082796,-0.831099,0.547937,-1.098471,0.470119,0.181351,1.682959,-0.545533,-0.220320,-0.890885,-0.149896,0.229329,1.329701,-0.540870,0.261800,-0.157498,0.038034,0.520000,-0.800346,0.760267,-0.511642,1.024952,0.170326,-0.101477,0.152520,-1.011497,-0.395605,0.746212,-0.381439,-0.119415,-0.127543,-0.145446
-0.861463,0.193311,0.612588,0.047391,0.081084,-0.833461,0.544538,-1.099821,0.471876,0.182959,1.657771,-0.542022,-0.211997,-0.890022,-0.145440,0.231969,1.330189,-0.543200,0.261800,-0.153679,0.030578,0.520000,-0.768015,0.752021,-0.486024,1.006898,0.160625,-0.101601,0.153252,-1.011288,-0.377573,0.747456,-0.373187,-0.123960,-0.124540,-0.141231
-0.863463,0.192111,0.613583,0.048021,0.079581,-0.835541,0.541509,-1.100759,0.473939,0.184916,1.633254,-0.538450,-0.202779,-0.888328,-0.141757,0.234207,1.329629,-0.545715,0.261800,-0.150439,0.024208,0.520000,-0.735552,0.743649,-0.460784,0.985576,0.154333,-0.101253,0.154209,-1.010759,-0.362547,0.749413,-0.364072,-0.124665,-0.121397,-0.138305
-0.865229,0.190785,0.614647,0.048639,0.078401,-0.837313,0.538882,-1.101603,0.476694,0.186924,1.608967,-0.535199,-0.192396,-0.885626,-0.138873,0.235804,1.327554,-0.548566,0.261800,-0.147865,0.019208,0.520000,-0.702436,0.735222,-0.435878,0.960150,0.151841,-0.100302,0.155550,-1.010114,-0.350606,0.752345,-0.353652,-0.119841,-0.117795,-0.137278
-0.866841,0.189221,0.615744,0.049211,0.077420,-0.838907,0.536488,-1.102170,0.479818,0.188482,1.584615,-0.531996,-0.181852,-0.881992,-0.136571,0.237055,1.324130,-0.551617,0.261800,-0.145493,0.015199,0.520000,-0.668410,0.726650,-0.410528,0.930219,0.151196,-0.098993,0.156724,-1.008955,-0.341757,0.756057,-0.342011,-0.110753,-0.113931,-0.137860
-0.868285,0.187525,0.616857,0.049740,0.076469,-0.840298,0.534395,-1.101943,0.482787,0.190170,1.561424,-0.528164,-0.171601,-0.877732,-0.134966,0.238273,1.320290,-0.554658,0.261800,-0.143415,0.011772,0.520000,-0.634328,0.717903,-0.385726,0.897308,0.152646,-0.097374,0.157784,-1.007083,-0.335870,0.760189,-0.330184,-0.100225,-0.110328,-0.139022
-0.869632,0.185770,0.617980,0.050207,0.075372,-0.841459,0.532677,-1.100364,0.485148,0.192494,1.540635,-0.523007,-0.162049,-0.873084,-0.134125,0.239757,1.316957,-0.557483,0.261800,-0.141555,0.008643,0.520000,-0.600689,0.709044,-0.362464,0.862589,0.156449,-0.095509,0.158841,-1.004317,-0.332780,0.764260,-0.318955,-0.091131,-0.107489,-0.139643
-0.870894,0.183887,0.619111,0.050678,0.074071,-0.842278,0.531519,-1.097621,0.486784,0.195522,1.521907,-0.514766,-0.153750,-0.868050,-0.134312,0.241718,1.314346,-0.560036,0.261800,-0.140340,0.005650,0.520000,-0.567439,0.700159,-0.340909,0.825810,0.163939,-0.093222,0.160017,-1.000835,-0.332449,0.768213,-0.308123,-0.083644,-0.105553,-0.139255
-0.872081,0.181933,0.620251,0.051132,0.072665,-0.842809,0.530828,-1.093908,0.488033,0.198960,1.504826,-0.504306,-0.146231,-0.862477,-0.135380,0.243950,1.311947,-0.562422,0.261800,-0.139661,0.002921,0.520000,-0.534259,0.691278,-0.320626,0.786484,0.174526,-0.090516,0.161214,-0.996709,-0.334861,0.772277,-0.297350,-0.076444,-0.104247,-0.138480
-0.873123,0.179886,0.621354,0.051415,0.071208,-0.843276,0.530257,-1.088736,0.489201,0.202695,1.490571,-0.494831,-0.138429,-0.856426,-0.136840,0.246070,1.309670,-0.564690,0.261800,-0.138672,0.000568,0.520000,-0.501428,0.682420,-0.301666,0.745688,0.185656,-0.087747,0.162218,-0.991642,-0.339822,0.776425,-0.287215,-0.070162,-0.103455,-0.137790
-0.874016,0.177752,0.622430,0.051369,0.069756,-0.843903,0.529456,-1.081628,0.490591,0.206558,1.480341,-0.489559,-0.129295,-0.849917,-0.138162,0.247758,1.307443,-0.567042,0.261800,-0.136544,-0.001310,0.520000,-0.469315,0.673589,-0.284116,0.704612,0.194777,-0.085288,0.162855,-0.985416,-0.347021,0.780617,-0.278202,-0.065431,-0.103072,-0.137627
-0.874810,0.175590,0.623453,0.050976,0.068130,-0.844770,0.528321,-1.071793,0.492171,0.210796,1.475948,-0.489617,-0.116815,-0.843161,-0.139697,0.248933,1.305815,-0.569411,0.261800,-0.133120,-0.003000,0.520000,-0.437513,0.664816,-0.268207,0.663040,0.201240,-0.083255,0.163640,-0.978165,-0.356253,0.784895,-0.269747,-0.063897,-0.103455,-0.138144
-0.875507,0.173334,0.624397,0.050307,0.066359,-0.845752,0.527039,-1.059716,0.493805,0.215310,1.476261,-0.493149,-0.102097,-0.836073,-0.141571,0.249784,1.304643,-0.571741,0.261800,-0.128918,-0.004525,0.520000,-0.405853,0.656179,-0.253727,0.620561,0.206431,-0.081470,0.164518,-0.970156,-0.367425,0.789294,-0.261551,-0.064733,-0.104546,-0.139040
-0.876095,0.170985,0.625316,0.049353,0.064808,-0.846759,0.525703,-1.046782,0.495635,0.219449,1.478001,-0.498875,-0.088803,-0.828283,-0.142953,0.250323,1.302792,-0.574096,0.261800,-0.124088,-0.005351,0.520000,-0.375190,0.647789,-0.240126,0.578137,0.210821,-0.079839,0.164448,-0.961242,-0.380307,0.793677,-0.254378,-0.064978,-0.105622,-0.140082
-0.876603,0.168524,0.626169,0.048101,0.063845,-0.847707,0.524408,-1.034375,0.497871,0.222576,1.477880,-0.505539,-0.080622,-0.819422,-0.143020,0.250563,1.299090,-0.576474,0.261800,-0.118786,-0.004948,0.520000,-0.346375,0.639774,-0.226804,0.536751,0.214868,-0.078297,0.162382,-0.951264,-0.394537,0.797955,-0.248968,-0.061802,-0.105960,-0.141022
-0.876988,0.165965,0.627020,0.046450,0.063662,-0.848657,0.523039,-1.022699,0.500991,0.224337,1.475295,-0.513553,-0.079735,-0.809306,-0.141008,0.250684,1.293122,-0.579003,0.261800,-0.113053,-0.002996,0.520000,-0.318951,0.632241,-0.212949,0.496270,0.218587,-0.076828,0.157213,-0.940787,-0.409881,0.802520,-0.244728,-0.052995,-0.105169,-0.142037
-0.877321,0.163463,0.627931,0.044445,0.064029,-0.849626,0.521595,-1.011042,0.504802,0.225207,1.471875,-0.523310,-0.083760,-0.798143,-0.137519,0.250696,1.285529,-0.581695,0.261800,-0.106955,0.000052,0.520000,-0.292225,0.625261,-0.198665,0.455972,0.221775,-0.075493,0.149741,-0.929776,-0.426130,0.807355,-0.241307,-0.040786,-0.103720,-0.143186
-0.877590,0.161052,0.628899,0.042290,0.064668,-0.850461,0.520333,-0.999385,0.508584,0.225792,1.467732,-0.533594,-0.089550,-0.786258,-0.133809,0.250304,1.276835,-0.584238,0.261800,-0.100989,0.003501,0.520000,-0.266713,0.618962,-0.184518,0.416234,0.224506,-0.074343,0.141799,-0.918084,-0.443063,0.811697,-0.239319,-0.028073,-0.102172,-0.143968
-0.877885,0.158635,0.629948,0.040191,0.065311,-0.851012,0.519517,-0.987765,0.511549,0.226599,1.462986,-0.543181,-0.093976,-0.773915,-0.131061,0.249166,1.267498,-0.586414,0.261800,-0.095327,0.006787,0.520000,-0.243331,0.613488,-0.171488,0.377627,0.226842,-0.073419,0.135222,-0.904584,-0.460320,0.814611,-0.239770,-0.018606,-0.101060,-0.143892
-0.878203,0.156186,0.631108,0.038060,0.065960,-0.851270,0.519173,-0.975861,0.513757,0.227773,1.457565,-0.552681,-0.096554,-0.760843,-0.129376,0.247047,1.257438,-0.588469,0.261800,-0.090404,0.009821,0.520000,-0.221451,0.609026,-0.159023,0.340047,0.228939,-0.073052,0.130348,-0.890703,-0.477904,0.816029,-0.242019,-0.011631,-0.100504,-0.142254
-0.878506,0.153717,0.632437,0.035840,0.066745,-0.851303,0.519177,-0.963807,0.515537,0.229009,1.451450,-0.562442,-0.098810,-0.747010,-0.128143,0.244144,1.246424,-0.590425,0.261800,-0.085710,0.012952,0.520000,-0.201117,0.605637,-0.147090,0.303381,0.230625,-0.073108,0.126228,-0.875277,-0.495613,0.816195,-0.246179,-0.006828,-0.100213,-0.139535
-0.878751,0.151223,0.634005,0.033742,0.067535,-0.851093,0.519558,-0.952124,0.516453,0.230138,1.444831,-0.570862,-0.100662,-0.733006,-0.127611,0.240778,1.234944,-0.591658,0.261800,-0.081426,0.015750,0.520000,-0.182771,0.603350,-0.135849,0.267872,0.231582,-0.072943,0.122841,-0.858908,-0.513327,0.815197,-0.251988,-0.003578,-0.100128,-0.136655
-0.879039,0.148740,0.635800,0.031975,0.068209,-0.850626,0.520346,-0.941374,0.516060,0.230958,1.437892,-0.576336,-0.102047,-0.719412,-0.128037,0.237250,1.223439,-0.591501,0.261800,-0.077483,0.017903,0.520000,-0.167214,0.602160,-0.125797,0.233958,0.231513,-0.071906,0.120176,-0.841198,-0.530866,0.813019,-0.259538,-0.002124,-0.100193,-0.134578
-0.879359,0.146316,0.637836,0.030652,0.068721,-0.849831,0.521657,-0.932040,0.513946,0.231243,1.430853,-0.577820,-0.102932,-0.706254,-0.129793,0.233482,1.211763,-0.590002,0.261800,-0.074401,0.019167,0.520000,-0.154414,0.602194,-0.116889,0.201702,0.229518,-0.069736,0.118892,-0.823866,-0.548290,0.809796,-0.268076,-0.002362,-0.100581,-0.133501
-0.879688,0.144045,0.640044,0.029643,0.069151,-0.848736,0.523438,-0.923765,0.510439,0.231083,1.423555,-0.576373,-0.103376,-0.693265,-0.132657,0.229285,1.199755,-0.587360,0.261800,-0.071739,0.019915,0.520000,-0.144402,0.603509,-0.109215,0.171121,0.226024,-0.066807,0.118786,-0.804953,-0.565449,0.805262,-0.278418,-0.005468,-0.101260,-0.132970
-0.880056,0.141816,0.642433,0.028766,0.069513,-0.847477,0.525474,-0.915695,0.506199,0.230816,1.415657,-0.573581,-0.103470,-0.680455,-0.135917,0.224950,1.187942,-0.583525,0.261800,-0.069123,0.020319,0.520000,-0.136977,0.605992,-0.102265,0.142281,0.222712,-0.063444,0.118597,-0.785229,-0.582284,0.799564,-0.289847,-0.008084,-0.101918,-0.132717
-0.880406,0.139548,0.644901,0.027843,0.069835,-0.846192,0.527548,-0.906971,0.501879,0.230791,1.406785,-0.571019,-0.103287,-0.667850,-0.138869,0.220789,1.176845,-0.578449,0.261800,-0.066033,0.020661,0.520000,-0.132062,0.609399,-0.095686,0.115265,0.221344,-0.059963,0.117038,-0.764306,-0.598645,0.792772,-0.302238,-0.007844,-0.102232,-0.132537
-0.880808,0.137345,0.647524,0.026850,0.070063,-0.844874,0.529677,-0.897290,0.497453,0.231194,1.396762,-0.568914,-0.102563,-0.655308,-0.141558,0.216863,1.166518,-0.572189,0.261800,-0.062461,0.020985,0.520000,-0.130038,0.613611,-0.089293,0.090476,0.223154,-0.056172,0.113113,-0.742401,-0.614416,0.784948,-0.315275,-0.003057,-0.102138,-0.132457
-0.881234,0.135121,0.650210,0.025870,0.070203,-0.843464,0.531950,-0.887114,0.492637,0.231798,1.385778,-0.566541,-0.101340,-0.642872,-0.144297,0.213003,1.156716,-0.564707,0.261800,-0.058663,0.021248,0.520000,-0.130905,0.618640,-0.083317,0.067852,0.227056,-0.052024,0.107697,-0.719429,-0.629493,0.776116,-0.329073,0.004413,-0.101799,-0.132586
-0.881691,0.132958,0.652988,0.024882,0.070350,-0.842018,0.534263,-0.876737,0.487710,0.232334,1.374120,-0.563899,-0.100138,-0.630769,-0.146745,0.209248,1.147494,-0.555967,0.261800,-0.054695,0.021520,0.520000,-0.133997,0.624415,-0.077898,0.046852,0.231289,-0.048033,0.102344,-0.696081,-0.643808,0.766608,-0.343232,0.012618,-0.101244,-0.132791
-0.882115,0.130857,0.655852,0.023862,0.070609,-0.840595,0.536512,-0.866445,0.482950,0.232540,1.362044,-0.561020,-0.099488,-0.619248,-0.148553,0.205633,1.138900,-0.545909,0.261800,-0.050609,0.021903,0.520000,-0.138623,0.630814,-0.073156,0.026922,0.234108,-0.044689,0.098616,-0.672842,-0.657281,0.756753,-0.357425,0.019432,-0.100490,-0.132949
-0.882544,0.128781,0.658789,0.022823,0.071015,-0.839231,0.538635,-0.856250,0.478444,0.232384,1.349471,-0.557887,-0.099773,-0.608641,-0.149549,0.202346,1.131291,-0.534100,0.261800,-0.046342,0.022499,0.520000,-0.145008,0.637824,-0.069095,0.008176,0.235551,-0.042130,0.096893,-0.649983,-0.669812,0.746668,-0.371432,0.024618,-0.099361,-0.133072
-0.882966,0.126699,0.661768,0.021765,0.071509,-0.837887,0.540701,-0.846001,0.474041,0.231992,1.336319,-0.554500,-0.100632,-0.598728,-0.149931,0.199321,1.124514,-0.520682,0.261800,-0.041948,0.023243,0.520000,-0.153400,0.645456,-0.065647,-0.009135,0.236395,-0.040084,0.096361,-0.627330,-0.681313,0.736340,-0.385309,0.029131,-0.097907,-0.133215
-0.883360,0.124651,0.664792,0.020656,0.072035,-0.836512,0.542800,-0.835690,0.469660,0.231373,1.322777,-0.550952,-0.101499,-0.588929,-0.150032,0.196274,1.117937,-0.506593,0.261800,-0.037705,0.023954,0.520000,-0.163102,0.653571,-0.062756,-0.025363,0.236029,-0.038416,0.096813,-0.605263,-0.691767,0.726080,-0.398863,0.032942,-0.096465,-0.133283
-0.883806,0.122722,0.667870,0.019468,0.072538,-0.835053,0.545020,-0.825375,0.465231,0.230512,1.309148,-0.547253,-0.101797,-0.578699,-0.150165,0.192854,1.110905,-0.492607,0.261800,-0.033897,0.024505,0.520000,-0.173386,0.661939,-0.060338,-0.040895,0.233889,-0.036999,0.098032,-0.584013,-0.701188,0.716139,-0.411994,0.035953,-0.095376,-0.133192
-0.884308,0.120746,0.670929,0.018182,0.073054,-0.833505,0.547359,-0.815138,0.460861,0.229390,1.295516,-0.543467,-0.101198,-0.568000,-0.150258,0.189054,1.103357,-0.478770,0.261800,-0.030585,0.025026,0.520000,-0.184376,0.670457,-0.058311,-0.055799,0.229211,-0.035883,0.100312,-0.563824,-0.709576,0.706687,-0.424648,0.038026,-0.094777,-0.132807
-0.884844,0.118765,0.674017,0.016813,0.073590,-0.831893,0.549778,-0.804910,0.456551,0.228026,1.281720,-0.539545,-0.100064,-0.557079,-0.150158,0.185013,1.095596,-0.464685,0.261800,-0.027679,0.025571,0.520000,-0.196316,0.679126,-0.056695,-0.069897,0.222583,-0.035131,0.103640,-0.544803,-0.716919,0.697791,-0.436694,0.039283,-0.094460,-0.132208
-0.885388,0.116830,0.677070,0.015380,0.074062,-0.830199,0.552311,-0.794530,0.452081,0.226436,1.267712,-0.535441,-0.098867,-0.545770,-0.150179,0.180661,1.087522,-0.450625,0.261800,-0.025238,0.025925,0.520000,-0.208853,0.687847,-0.055648,-0.083016,0.215475,-0.034634,0.107345,-0.526913,-0.723235,0.689576,-0.448016,0.039933,-0.094244,-0.131621
-0.885992,0.114855,0.680166,0.013899,0.074388,-0.828404,0.554995,-0.783823,0.447227,0.224645,1.253421,-0.531104,-0.098082,-0.533898,-0.150595,0.175905,1.079031,-0.436852,0.261800,-0.023315,0.025905,0.520000,-0.221682,0.696466,-0.055354,-0.094935,0.209380,-0.034272,0.110746,-0.510150,-0.728569,0.682156,-0.458500,0.040255,-0.093951,-0.131286
-0.886659,0.112914,0.683271,0.012335,0.074560,-0.826469,0.557886,-0.772781,0.441910,0.222494,1.238816,-0.526450,-0.097929,-0.521023,-0.151454,0.170561,1.069590,-0.423677,0.261800,-0.022034,0.025547,0.520000,-0.234901,0.704935,-0.055920,-0.105662,0.204566,-0.034014,0.114045,-0.494886,-0.732978,0.675796,-0.467969,0.040739,-0.093610,-0.131371
-0.887316,0.110954,0.686343,0.010690,0.074618,-0.824412,0.560947,-0.761471,0.436260,0.220014,1.223928,-0.521534,-0.098130,-0.507346,-0.152590,0.164711,1.059416,-0.410878,0.261800,-0.021323,0.024971,0.520000,-0.248723,0.713250,-0.057311,-0.115220,0.200330,-0.033926,0.117465,-0.480954,-0.736483,0.670432,-0.476602,0.040998,-0.093284,-0.131720
-0.887970,0.108999,0.689392,0.009031,0.074545,-0.822300,0.564078,-0.749852,0.430345,0.217490,1.208769,-0.516485,-0.098419,-0.493624,-0.153964,0.158664,1.049516,-0.397935,0.261800,-0.020972,0.024101,0.520000,-0.262886,0.721296,-0.059414,-0.123524,0.196748,-0.034004,0.120359,-0.468344,-0.739134,0.665820,-0.484209,0.040497,-0.092840,-0.132039
-0.888667,0.107084,0.692428,0.007428,0.074324,-0.820199,0.567180,-0.737894,0.424225,0.215207,1.193353,-0.511442,-0.098532,-0.480638,-0.155589,0.152754,1.040914,-0.384344,0.261800,-0.020759,0.022905,0.520000,-0.277160,0.728897,-0.062135,-0.130451,0.193929,-0.034248,0.122069,-0.456721,-0.740987,0.661623,-0.490818,0.038546,-0.092145,-0.132054
-0.889333,0.105101,0.695432,0.005882,0.073909,-0.818095,0.570283,-0.725503,0.417768,0.213178,1.177622,-0.506412,-0.098517,-0.468249,-0.157630,0.146840,1.033580,-0.370240,0.261800,-0.020704,0.021337,0.520000,-0.291696,0.735961,-0.065508,-0.136039,0.192160,-0.034616,0.122270,-0.446028,-0.742097,0.657706,-0.496580,0.034395,-0.091067,-0.131578
-0.889942,0.103138,0.698444,0.004363,0.073321,-0.815961,0.573422,-0.712752,0.410974,0.211252,1.161603,-0.501335,-0.098485,-0.456166,-0.160039,0.140831,1.027108,-0.355838,0.261800,-0.020869,0.019491,0.520000,-0.306644,0.742478,-0.069649,-0.140270,0.191358,-0.035123,0.121346,-0.436360,-0.742518,0.654216,-0.501471,0.028607,-0.089707,-0.130794
-0.890512,0.101175,0.701422,0.002889,0.072643,-0.813851,0.576508,-0.699764,0.404083,0.209509,1.145327,-0.496194,-0.098287,-0.444882,-0.162501,0.135124,1.021860,-0.340672,0.261800,-0.021116,0.017514,0.520000,-0.321731,0.748410,-0.074527,-0.142964,0.191096,-0.035848,0.119692,-0.427749,-0.742351,0.651343,-0.505245,0.022460,-0.088271,-0.129963
-0.891049,0.099231,0.704407,0.001482,0.071961,-0.811822,0.579452,-0.686704,0.397338,0.208028,1.128871,-0.490987,-0.097769,-0.434946,-0.164732,0.130048,1.018223,-0.324202,0.261800,-0.021309,0.015570,0.520000,-0.336624,0.753699,-0.080070,-0.143991,0.190954,-0.036872,0.117699,-0.420140,-0.741721,0.649264,-0.507671,0.017206,-0.086963,-0.129365
-0.891492,0.097243,0.707371,0.000159,0.071304,-0.809888,0.582235,-0.673662,0.390813,0.206847,1.112279,-0.485731,-0.096915,-0.426358,-0.166415,0.125944,1.016219,-0.306631,0.261800,-0.021394,0.013728,0.520000,-0.351384,0.758320,-0.086312,-0.143401,0.190931,-0.038295,0.115366,-0.413599,-0.740746,0.648002,-0.508895,0.012699,-0.085785,-0.129163
-0.891896,0.095285,0.710325,-0.001090,0.070628,-0.808021,0.584904,-0.660548,0.384342,0.205921,1.095476,-0.480397,-0.095808,-0.418937,-0.167995,0.122386,1.015596,-0.287854,0.261800,-0.021426,0.011927,0.520000,-0.366121,0.762266,-0.093266,-0.141267,0.191230,-0.040052,0.112506,-0.407941,-0.739488,0.647402,-0.509126,0.008403,-0.084641,-0.129205
-0.892213,0.093303,0.713267,-0.002286,0.069891,-0.806216,0.587475,-0.647248,0.377836,0.205229,1.078427,-0.474991,-0.094467,-0.412805,-0.169420,0.119542,1.016718,-0.268125,0.261800,-0.021481,0.010113,0.520000,-0.380551,0.765499,-0.100778,-0.137476,0.191750,-0.041981,0.109230,-0.403094,-0.737998,0.647437,-0.508083,0.005168,-0.083585,-0.129285
-0.892453,0.091363,0.716217,-0.003130,0.069281,-0.804470,0.589931,-0.634549,0.371175,0.204750,1.061048,-0.469358,-0.092854,-0.409047,-0.170763,0.117513,1.019952,-0.247410,0.261800,-0.021562,0.008321,0.516812,-0.394628,0.767689,-0.110404,-0.129897,0.192155,-0.044032,0.105661,-0.397891,-0.735971,0.649008,-0.504489,0.004216,-0.082799,-0.129313
-0.892622,0.089365,0.719140,-0.003813,0.068653,-0.802786,0.592290,-0.621864,0.364281,0.204469,1.043269,-0.463560,-0.090922,-0.407302,-0.171926,0.116636,1.025616,-0.225378,0.261800,-0.021662,0.006530,0.512280,-0.408732,0.768646,-0.121534,-0.119029,0.192783,-0.046466,0.101752,-0.393283,-0.733261,0.651749,-0.498317,0.005995,-0.082419,-0.129199
-0.892726,0.087358,0.722079,-0.004462,0.067931,-0.801165,0.594559,-0.608869,0.357207,0.204395,1.025141,-0.457666,-0.088739,-0.407024,-0.172849,0.116823,1.033381,-0.202128,0.261800,-0.021870,0.004729,0.507801,-0.422410,0.768502,-0.133099,-0.106211,0.193800,-0.049218,0.097406,-0.389817,-0.730021,0.655304,-0.490165,0.009699,-0.082285,-0.128966
-0.892757,0.085371,0.724960,-0.005113,0.067105,-0.799601,0.596749,-0.595577,0.350081,0.204524,1.006822,-0.451728,-0.086505,-0.407804,-0.173699,0.117556,1.042668,-0.178476,0.261800,-0.022220,0.002941,0.503436,-0.435192,0.767443,-0.144767,-0.092107,0.195032,-0.051587,0.092803,-0.387193,-0.726347,0.659492,-0.480372,0.014032,-0.081961,-0.128558
-0.892730,0.083379,0.727803,-0.005804,0.066168,-0.798088,0.598869,-0.581967,0.343029,0.204855,0.988447,-0.445795,-0.084412,-0.409217,-0.174643,0.118294,1.052867,-0.155222,0.261800,-0.022696,0.001166,0.499207,-0.446631,0.765668,-0.156312,-0.077381,0.196327,-0.052863,0.088153,-0.385070,-0.722299,0.664107,-0.469275,0.017675,-0.081016,-0.127904
-0.892682,0.081394,0.730618,-0.006554,0.065110,-0.796625,0.600921,-0.567964,0.336050,0.205396,0.969955,-0.439846,-0.082403,-0.411449,-0.175529,0.119263,1.064271,-0.131961,0.261800,-0.023328,-0.000636,0.495235,-0.456625,0.763293,-0.167708,-0.062062,0.197589,-0.052494,0.083457,-0.383425,-0.717932,0.669132,-0.457004,0.021334,-0.079032,-0.126871
-0.892598,0.079417,0.733372,-0.007339,0.063937,-0.795216,0.602901,-0.553602,0.329072,0.206135,0.951286,-0.433857,-0.080418,-0.414621,-0.176291,0.120692,1.077030,-0.108436,0.261800,-0.024113,-0.002497,0.491516,-0.465263,0.760361,-0.178961,-0.046004,0.198859,-0.050970,0.078633,-0.382261,-0.713291,0.674571,-0.443592,0.025351,-0.076345,-0.125561
-0.892534,0.077473,0.736035,-0.008127,0.062658,-0.793857,0.604814,-0.539039,0.322112,0.207037,0.932632,-0.427881,-0.078606,-0.418194,-0.177249,0.122001,1.090356,-0.085731,0.261800,-0.024995,-0.004421,0.487903,-0.472585,0.756975,-0.189992,-0.029418,0.200155,-0.049145,0.073766,-0.381430,-0.708402,0.680259,-0.429011,0.027963,-0.073649,-0.124244
-0.892514,0.075491,0.738632,-0.008884,0.061279,-0.792544,0.606663,-0.524416,0.315180,0.208075,0.914144,-0.421981,-0.077101,-0.421631,-0.178736,0.122586,1.103499,-0.064975,0.261800,-0.025927,-0.006434,0.484260,-0.478667,0.753279,-0.200721,-0.012495,0.201451,-0.047867,0.068950,-0.380758,-0.703282,0.686025,-0.413308,0.027396,-0.071655,-0.123178
-0.892440,0.073508,0.741138,-0.009676,0.059836,-0.791319,0.608391,-0.509723,0.308545,0.209204,0.895994,-0.416194,-0.075992,-0.424955,-0.180602,0.122386,1.116477,-0.045860,0.261800,-0.026816,-0.008436,0.480660,-0.483239,0.749339,-0.210944,0.004623,0.203119,-0.047212,0.064005,-0.380299,-0.697943,0.691852,-0.396475,0.022295,-0.070616,-0.122420
-0.892414,0.071546,0.743535,-0.010496,0.058309,-0.790169,0.610018,-0.494867,0.302088,0.210453,0.878006,-0.410479,-0.075158,-0.428381,-0.182775,0.121697,1.129637,-0.028019,0.261800,-0.027745,-0.010492,0.477170,-0.486384,0.745195,-0.220742,0.022074,0.204971,-0.046775,0.058955,-0.380096,-0.692396,0.697816,-0.378576,0.013915,-0.070147,-0.121843
-0.892387,0.069603,0.745800,-0.011385,0.056874,-0.789035,0.611603,-0.480318,0.296089,0.211405,0.860498,-0.404916,-0.074591,-0.431575,-0.185303,0.119868,1.142442,-0.012302,0.261800,-0.028724,-0.012231,0.473640,-0.488291,0.740931,-0.230349,0.039692,0.206252,-0.046669,0.054230,-0.379854,-0.686651,0.703797,-0.359759,0.004362,-0.069995,-0.121416
-0.892526,0.067662,0.748005,-0.012660,0.056081,-0.787918,0.613090,-0.466969,0.292093,0.211035,0.844332,-0.399796,-0.074630,-0.434366,-0.189504,0.111899,1.153981,0.000760,0.251719,-0.029532,-0.012473,0.469909,-0.489336,0.736656,-0.240090,0.057467,0.206146,-0.046998,0.050274,-0.379322,-0.680736,0.709679,-0.340152,-0.004228,-0.069910,-0.121095
-0.892731,0.065728,0.750100,-0.013751,0.055132,-0.786720,0.614689,-0.453835,0.287692,0.210761,0.828300,-0.394605,-0.074694,-0.437068,-0.197270,0.099609,1.165670,0.010206,0.231860,-0.030629,-0.013173,0.465979,-0.489641,0.732468,-0.250206,0.075679,0.203830,-0.048037,0.047464,-0.378488,-0.674679,0.715575,-0.319667,-0.012062,-0.070214,-0.121309
-0.892959,0.063823,0.752115,-0.014692,0.054023,-0.785471,0.616361,-0.440839,0.282929,0.210629,0.812464,-0.389426,-0.074766,-0.439463,-0.207030,0.085661,1.177478,0.016338,0.209780,-0.031951,-0.014257,0.461942,-0.489050,0.728386,-0.260534,0.094241,0.199886,-0.049633,0.045491,-0.377367,-0.668490,0.721439,-0.298364,-0.020049,-0.070918,-0.121943
-0.893238,0.061935,0.754003,-0.015476,0.052812,-0.784126,0.618157,-0.428133,0.277768,0.210358,0.796795,-0.384241,-0.074853,-0.441073,-0.218450,0.070203,1.188351,0.018921,0.187230,-0.033579,-0.015661,0.457785,-0.487650,0.724402,-0.270867,0.112687,0.195605,-0.051238,0.043740,-0.375753,-0.662157,0.726871,-0.276655,-0.026966,-0.071269,-0.122137
-0.893567,0.060030,0.755782,-0.016101,0.051561,-0.782642,0.620124,-0.415844,0.272179,0.209686,0.781236,-0.379022,-0.074959,-0.441355,-0.231131,0.053412,1.197092,0.017869,0.166088,-0.035551,-0.017298,0.453499,-0.485415,0.720473,-0.280972,0.130444,0.192330,-0.052308,0.041608,-0.373373,-0.655660,0.731426,-0.254948,-0.031625,-0.070556,-0.121014
-0.893919,0.058151,0.757478,-0.016531,0.050250,-0.780960,0.622337,-0.404005,0.265981,0.208483,0.765689,-0.373714,-0.075094,-0.439989,-0.245877,0.034328,1.203792,0.012983,0.146291,-0.038001,-0.019249,0.449001,-0.482537,0.716618,-0.291066,0.147642,0.189552,-0.052720,0.039000,-0.370104,-0.648988,0.734981,-0.233263,-0.032981,-0.068262,-0.118000
-0.894349,0.056214,0.759110,-0.016796,0.048875,-0.779116,0.624746,-0.392545,0.259318,0.206872,0.750232,-0.368361,-0.075257,-0.437076,-0.262256,0.013277,1.208917,0.004315,0.127413,-0.040829,-0.021464,0.444331,-0.478957,0.712835,-0.301220,0.164460,0.186878,-0.052754,0.036228,-0.366016,-0.642139,0.737723,-0.211480,-0.031945,-0.064875,-0.113677
-0.894794,0.054260,0.760692,-0.016991,0.047527,-0.777214,0.627208,-0.381429,0.252642,0.204964,0.734981,-0.363028,-0.075453,-0.432893,-0.277863,-0.007679,1.211937,-0.007691,0.110805,-0.043774,-0.023671,0.439616,-0.474684,0.709071,-0.311123,0.180807,0.185704,-0.052485,0.033288,-0.361452,-0.635157,0.739847,-0.189531,-0.030170,-0.061181,-0.108885
-0.895264,0.052391,0.762187,-0.017205,0.046296,-0.775364,0.629580,-0.370653,0.246413,0.202904,0.720114,-0.357812,-0.075695,-0.427956,-0.290396,-0.026457,1.212339,-0.022442,0.097732,-0.046568,-0.025579,0.434996,-0.469678,0.705247,-0.320417,0.196538,0.187435,-0.051995,0.030160,-0.356642,-0.628103,0.741514,-0.167475,-0.029334,-0.057978,-0.104473
-0.895738,0.050566,0.763626,-0.017466,0.045188,-0.773549,0.631883,-0.360245,0.240660,0.200621,0.705685,-0.352681,-0.076014,-0.422172,-0.299911,-0.043456,1.209992,-0.041277,0.088727,-0.049260,-0.027114,0.430541,-0.463864,0.701320,-0.329006,0.211416,0.193882,-0.051169,0.026591,-0.351585,-0.621032,0.742666,-0.145339,-0.029267,-0.055463,-0.100435
-0.896202,0.048704,0.764985,-0.017727,0.044174,-0.771731,0.634166,-0.350240,0.235208,0.198087,0.691673,-0.347637,-0.076409,-0.415534,-0.307262,-0.059456,1.205131,-0.063736,0.083186,-0.051937,-0.028383,0.426161,-0.457365,0.697292,-0.337108,0.225648,0.203821,-0.050043,0.022656,-0.346125,-0.613971,0.743254,-0.123170,-0.029282,-0.053214,-0.096409
-0.896707,0.046874,0.766296,-0.017945,0.043269,-0.769991,0.636333,-0.340580,0.230143,0.195565,0.677992,-0.342756,-0.076834,-0.408826,-0.311422,-0.072990,1.197700,-0.086413,0.080404,-0.054387,-0.029439,0.421739,-0.450220,0.693128,-0.344747,0.239580,0.214196,-0.048923,0.018846,-0.340386,-0.606948,0.743487,-0.100934,-0.030203,-0.051122,-0.092688
-0.897241,0.045025,0.767616,-0.018073,0.042483,-0.768410,0.638290,-0.331151,0.225497,0.193343,0.664435,-0.338050,-0.077229,-0.402865,-0.311563,-0.082569,1.187656,-0.105963,0.079517,-0.056426,-0.030349,0.417154,-0.442347,0.688762,-0.351871,0.253488,0.221997,-0.048084,0.015654,-0.334501,-0.599985,0.743606,-0.078572,-0.032877,-0.049079,-0.089567
-0.897761,0.043184,0.768871,-0.018044,0.041825,-0.767007,0.640020,-0.322000,0.221189,0.191512,0.650889,-0.333521,-0.077532,-0.398223,-0.307225,-0.087229,1.175069,-0.121556,0.079969,-0.058008,-0.031161,0.412285,-0.433750,0.684138,-0.358485,0.267466,0.226895,-0.047527,0.013234,-0.328393,-0.593108,0.743604,-0.056160,-0.037539,-0.047276,-0.087344
-0.898358,0.041312,0.770064,-0.017889,0.041269,-0.765736,0.641581,-0.313117,0.217141,0.189956,0.637398,-0.329117,-0.077787,-0.394464,-0.299261,-0.087932,1.159948,-0.134944,0.081987,-0.059234,-0.031859,0.407223,-0.424508,0.679235,-0.364652,0.281409,0.230364,-0.047117,0.011315,-0.321972,-0.586332,0.743365,-0.033732,-0.043744,-0.045702,-0.085792
-0.898952,0.039518,0.771200,-0.017709,0.040765,-0.764587,0.642986,-0.304370,0.213434,0.188627,0.624176,-0.324877,-0.078100,-0.390861,-0.288819,-0.086125,1.142208,-0.146769,0.085808,-0.060151,-0.032436,0.402150,-0.414742,0.674067,-0.370447,0.295367,0.232036,-0.046904,0.009757,-0.315489,-0.579651,0.743009,-0.011057,-0.051239,-0.043946,-0.084402
-0.899570,0.037601,0.772319,-0.017605,0.040266,-0.763549,0.644253,-0.295610,0.210178,0.187495,0.611405,-0.320826,-0.078568,-0.386675,-0.276911,-0.083299,1.121736,-0.157677,0.091707,-0.060823,-0.032873,0.397250,-0.404614,0.668688,-0.375943,0.309429,0.231492,-0.046941,0.008418,-0.309219,-0.573028,0.742680,0.012123,-0.059794,-0.041598,-0.082662
-0.900249,0.035794,0.773363,-0.017612,0.039803,-0.762660,0.645333,-0.286885,0.207550,0.186595,0.599272,-0.317038,-0.079220,-0.381911,-0.263193,-0.079114,1.098282,-0.167601,0.099703,-0.061211,-0.033106,0.392554,-0.393909,0.663112,-0.380998,0.323472,0.227076,-0.047216,0.007247,-0.303227,-0.566407,0.742342,0.035887,-0.069300,-0.038438,-0.080293
-0.900920,0.033984,0.774327,-0.017667,0.039374,-0.761910,0.646243,-0.278200,0.205401,0.185954,0.587555,-0.313441,-0.079989,-0.376801,-0.247562,-0.072993,1.071926,-0.176369,0.109446,-0.061338,-0.033218,0.387972,-0.382637,0.657351,-0.385636,0.337517,0.219478,-0.047703,0.006311,-0.297435,-0.559767,0.741990,0.060170,-0.079907,-0.034731,-0.077593
-0.901601,0.032126,0.775295,-0.017727,0.038888,-0.761219,0.647085,-0.269457,0.203365,0.185459,0.576028,-0.309935,-0.080817,-0.370992,-0.231344,-0.065981,1.043017,-0.184362,0.120855,-0.061341,-0.033411,0.383512,-0.371026,0.651438,-0.390037,0.351611,0.211925,-0.048436,0.005662,-0.291871,-0.553111,0.741772,0.084969,-0.091756,-0.030807,-0.074920
-0.902359,0.030261,0.776231,-0.017751,0.038265,-0.760503,0.647963,-0.260536,0.201092,0.185007,0.564416,-0.306398,-0.081652,-0.364164,-0.215798,-0.059156,1.011852,-0.191925,0.133893,-0.061349,-0.033876,0.379178,-0.359334,0.645419,-0.394395,0.365843,0.207624,-0.049451,0.005356,-0.286558,-0.546465,0.741829,0.110267,-0.104968,-0.026984,-0.072641
-0.903170,0.028444,0.777106,-0.017770,0.037431,-0.759792,0.648844,-0.251174,0.198526,0.184707,0.552598,-0.302827,-0.082420,-0.355948,-0.201154,-0.052803,0.977875,-0.199635,0.149310,-0.061287,-0.034688,0.375104,-0.347476,0.639334,-0.398685,0.380098,0.207778,-0.050920,0.005532,-0.281498,-0.539839,0.742145,0.136116,-0.120176,-0.022884,-0.070696
-0.903974,0.026645,0.777897,-0.017788,0.036441,-0.759112,0.649696,-0.241481,0.195820,0.184579,0.540681,-0.299250,-0.083158,-0.346531,-0.186909,-0.046342,0.940947,-0.207162,0.166762,-0.061127,-0.035768,0.371255,-0.335314,0.633188,-0.402808,0.394333,0.210551,-0.052781,0.006127,-0.276660,-0.533230,0.742648,0.162471,-0.137099,-0.018488,-0.068919
-0.904878,0.024933,0.778609,-0.017719,0.035404,-0.758379,0.650610,-0.231930,0.192932,0.184339,0.528765,-0.295612,-0.083969,-0.336523,-0.173116,-0.039513,0.902154,-0.213433,0.184692,-0.061070,-0.037043,0.367362,-0.323110,0.626987,-0.406902,0.408772,0.214541,-0.054673,0.006886,-0.272017,-0.526664,0.743401,0.189193,-0.154527,-0.014641,-0.067553
-0.905816,0.023000,0.779357,-0.017480,0.034432,-0.757510,0.651680,-0.222969,0.189837,0.183709,0.516901,-0.291824,-0.084970,-0.326484,-0.159762,-0.032020,0.862517,-0.217400,0.201595,-0.061301,-0.038431,0.363147,-0.311185,0.620729,-0.411140,0.423702,0.218332,-0.056252,0.007558,-0.267578,-0.520199,0.744476,0.216163,-0.171202,-0.012175,-0.066869
-0.906764,0.021268,0.780018,-0.016984,0.033591,-0.756503,0.652906,-0.214841,0.186498,0.182708,0.505031,-0.287797,-0.086252,-0.316730,-0.146497,-0.023168,0.821794,-0.218444,0.217375,-0.061844,-0.039913,0.358446,-0.299549,0.614386,-0.415508,0.439150,0.222580,-0.057403,0.008256,-0.263370,-0.513893,0.745929,0.243553,-0.188190,-0.012042,-0.067503
-0.907825,0.019492,0.780649,-0.016295,0.032806,-0.755394,0.654247,-0.207255,0.182940,0.181466,0.493146,-0.283609,-0.087738,-0.306836,-0.133538,-0.013176,0.779541,-0.217279,0.232697,-0.062593,-0.041522,0.353432,-0.288086,0.607954,-0.419965,0.454982,0.227687,-0.058295,0.009052,-0.259340,-0.507780,0.747680,0.271307,-0.205676,-0.013508,-0.069189
-0.908947,0.017686,0.781241,-0.015556,0.031979,-0.754160,0.655727,-0.199861,0.179214,0.179828,0.481342,-0.279365,-0.089284,-0.296273,-0.121608,-0.003156,0.736470,-0.214744,0.247303,-0.063521,-0.043246,0.348364,-0.276871,0.601461,-0.424584,0.471298,0.231908,-0.059104,0.009635,-0.255275,-0.501862,0.749535,0.298846,-0.221114,-0.014895,-0.070822
-0.910068,0.015970,0.781767,-0.014914,0.031019,-0.752783,0.657369,-0.192296,0.175392,0.177657,0.469716,-0.275183,-0.090756,-0.284552,-0.111286,0.005706,0.693291,-0.211607,0.261037,-0.064589,-0.045065,0.343503,-0.266045,0.594967,-0.429485,0.488210,0.233435,-0.060002,0.009688,-0.250956,-0.496113,0.751287,0.325583,-0.231951,-0.014573,-0.071241
-0.911432,0.014263,0.782293,-0.015035,0.030674,-0.751418,0.658942,-0.185725,0.174428,0.174285,0.460836,-0.272355,-0.092791,-0.270608,-0.099161,0.011183,0.647302,-0.206177,0.261800,-0.065263,-0.045161,0.338987,-0.255531,0.588478,-0.434468,0.505783,0.230716,-0.060976,0.008798,-0.246462,-0.490511,0.752990,0.351463,-0.236570,-0.011818,-0.069965
-0.912858,0.012572,0.782767,-0.015307,0.030295,-0.749930,0.660646,-0.179166,0.173691,0.170355,0.452428,-0.269772,-0.094852,-0.255116,-0.087520,0.016281,0.599581,-0.198970,0.261800,-0.066044,-0.045165,0.334680,-0.245249,0.582011,-0.439523,0.523901,0.225054,-0.061946,0.007221,-0.241882,-0.485046,0.754720,0.376816,-0.236657,-0.007632,-0.067654
-0.914363,0.010873,0.783171,-0.015464,0.029635,-0.748259,0.662564,-0.172458,0.172211,0.166123,0.443911,-0.267082,-0.096818,-0.238958,-0.077766,0.021031,0.552505,-0.191470,0.261800,-0.067092,-0.045701,0.330427,-0.235308,0.575638,-0.445035,0.542396,0.218945,-0.062991,0.005682,-0.237054,-0.479716,0.756304,0.401583,-0.234578,-0.002924,-0.064819
-0.915916,0.009097,0.783531,-0.015359,0.028614,-0.746382,0.664725,-0.165518,0.169541,0.161730,0.434769,-0.263960,-0.098677,-0.223037,-0.070748,0.024970,0.508370,-0.184972,0.261800,-0.068423,-0.046997,0.326065,-0.225922,0.569472,-0.451475,0.561163,0.214818,-0.064203,0.004918,-0.231822,-0.474541,0.757555,0.425745,-0.232679,0.001346,-0.061959
-0.917421,0.007463,0.783792,-0.014973,0.027227,-0.744277,0.667147,-0.158433,0.165623,0.157141,0.425104,-0.260438,-0.100424,-0.207560,-0.066549,0.027915,0.467466,-0.180710,0.261800,-0.070086,-0.049099,0.321585,-0.217069,0.563587,-0.458961,0.580220,0.212464,-0.065699,0.005252,-0.226165,-0.469544,0.758440,0.449298,-0.231110,0.005373,-0.058742
-0.918963,0.005771,0.783997,-0.014395,0.025561,-0.741974,0.669786,-0.151251,0.160822,0.152279,0.415112,-0.256632,-0.102099,-0.192233,-0.064462,0.029697,0.428899,-0.177726,0.261800,-0.071984,-0.051804,0.317049,-0.208631,0.557994,-0.467239,0.599535,0.210840,-0.067402,0.006251,-0.220129,-0.464731,0.759014,0.472195,-0.228779,0.009514,-0.055058
-0.920565,0.004058,0.784158,-0.013666,0.023718,-0.739528,0.672569,-0.144028,0.155479,0.147177,0.404846,-0.252603,-0.103784,-0.177326,-0.063991,0.029765,0.393411,-0.174142,0.261800,-0.073932,-0.054894,0.312395,-0.200633,0.552690,-0.476199,0.618921,0.211152,-0.069100,0.007534,-0.213623,-0.460115,0.759229,0.494332,-0.226216,0.013069,-0.051704
-0.922233,0.002430,0.784263,-0.012838,0.021804,-0.736990,0.675430,-0.136797,0.149953,0.141869,0.394312,-0.248386,-0.105529,-0.163163,-0.064617,0.027630,0.361907,-0.168174,0.261800,-0.075733,-0.058122,0.307573,-0.193107,0.547647,-0.485725,0.638187,0.214626,-0.070578,0.008724,-0.206507,-0.455703,0.759000,0.515544,-0.223949,0.015332,-0.049469
-0.923957,0.000852,0.784321,-0.012024,0.019939,-0.734370,0.678350,-0.129719,0.144747,0.136195,0.383896,-0.244213,-0.107494,-0.148968,-0.065631,0.022486,0.332966,-0.157181,0.261800,-0.077324,-0.061218,0.302567,-0.186118,0.542836,-0.495932,0.657645,0.222240,-0.071981,0.010109,-0.198680,-0.451515,0.758359,0.535896,-0.222448,0.015580,-0.048756
-0.925798,-0.000807,0.784352,-0.011191,0.018075,-0.731643,0.681357,-0.122780,0.139667,0.130167,0.373548,-0.240038,-0.109589,-0.134922,-0.067199,0.014704,0.306766,-0.142906,0.261800,-0.078796,-0.064264,0.297399,-0.179682,0.538243,-0.506849,0.677325,0.233118,-0.073338,0.011778,-0.190225,-0.447556,0.757339,0.555407,-0.221295,0.014365,-0.049068
-0.927644,-0.002410,0.784371,-0.010232,0.016135,-0.728802,0.684458,-0.115860,0.134233,0.123949,0.362840,-0.235591,-0.111642,-0.123091,-0.070087,0.005482,0.287378,-0.130532,0.261800,-0.080226,-0.067392,0.292097,-0.173703,0.533852,-0.518179,0.696584,0.245753,-0.074270,0.013054,-0.181326,-0.443835,0.755869,0.573952,-0.219763,0.012872,-0.049847
-0.929309,-0.003969,0.784399,-0.009098,0.014077,-0.725828,0.687672,-0.108817,0.128100,0.117610,0.351335,-0.230580,-0.113506,-0.115525,-0.075109,-0.004113,0.279019,-0.125518,0.261800,-0.081743,-0.070618,0.286749,-0.168073,0.529650,-0.529600,0.714767,0.258632,-0.074421,0.013250,-0.172199,-0.440369,0.753888,0.591426,-0.217135,0.012289,-0.050534
-0.930819,-0.005475,0.784438,-0.007636,0.011763,-0.722584,0.691141,-0.101279,0.120469,0.110994,0.337993,-0.224431,-0.114923,-0.115145,-0.084103,-0.014224,0.288922,-0.132281,0.261800,-0.083694,-0.074224,0.281329,-0.162973,0.525616,-0.541378,0.731907,0.272246,-0.073333,0.011888,-0.162894,-0.437190,0.751433,0.607772,-0.213241,0.012996,-0.051113
-0.932513,-0.006957,0.784495,-0.007058,0.010498,-0.719458,0.694421,-0.096124,0.116859,0.103490,0.329218,-0.220564,-0.117375,-0.117397,-0.089212,-0.026197,0.306687,-0.143750,0.233571,-0.084887,-0.075085,0.275976,-0.158463,0.521775,-0.553602,0.748353,0.287095,-0.071359,0.009388,-0.153218,-0.434274,0.748488,0.622959,-0.208448,0.014349,-0.051843
-0.934396,-0.008403,0.784471,-0.007345,0.010134,-0.716579,0.697394,-0.093114,0.117130,0.095572,0.325089,-0.219073,-0.120912,-0.118375,-0.089716,-0.039224,0.322501,-0.155092,0.186851,-0.085092,-0.073563,0.270843,-0.154105,0.518145,-0.565549,0.763745,0.301728,-0.069352,0.006433,-0.143214,-0.431562,0.744995,0.637072,-0.202807,0.015968,-0.052570
-0.936348,-0.009820,0.784410,-0.007652,0.009537,-0.713730,0.700314,-0.089584,0.117172,0.087926,0.320691,-0.217382,-0.124551,-0.116015,-0.090477,-0.052013,0.331528,-0.164159,0.153043,-0.085092,-0.072358,0.266103,-0.149369,0.514719,-0.576408,0.777625,0.314712,-0.068133,0.003736,-0.133046,-0.429014,0.740996,0.650276,-0.196333,0.017469,-0.053135
-0.938322,-0.011197,0.784343,-0.007979,0.008605,-0.710875,0.703220,-0.085302,0.116828,0.080497,0.315869,-0.215405,-0.128299,-0.108698,-0.091581,-0.064921,0.330471,-0.169432,0.137227,-0.084963,-0.071651,0.261903,-0.144198,0.511550,-0.586171,0.789854,0.326160,-0.068013,0.001322,-0.122727,-0.426567,0.736492,0.662544,-0.188716,0.018818,-0.053426
-0.940336,-0.012535,0.784229,-0.008363,0.007503,-0.708013,0.706110,-0.080731,0.116470,0.073147,0.311147,-0.213386,-0.132209,-0.098472,-0.092800,-0.078113,0.324020,-0.172964,0.131784,-0.084698,-0.071118,0.258090,-0.138753,0.508666,-0.595123,0.800577,0.336674,-0.068518,-0.001124,-0.112287,-0.424192,0.731543,0.673923,-0.180068,0.020194,-0.053556
-0.942386,-0.013871,0.784147,-0.008815,0.006409,-0.705231,0.708893,-0.076149,0.116388,0.066027,0.306627,-0.211444,-0.136278,-0.086972,-0.093591,-0.090652,0.314814,-0.175345,0.131153,-0.084251,-0.070457,0.254476,-0.132872,0.506005,-0.602913,0.809815,0.345567,-0.069279,-0.003376,-0.101857,-0.421878,0.726270,0.684614,-0.170987,0.021530,-0.053715
-0.944440,-0.015177,0.784116,-0.009346,0.005492,-0.702615,0.711488,-0.072016,0.116914,0.059252,0.302803,-0.209797,-0.140509,-0.075950,-0.093459,-0.101571,0.305752,-0.177412,0.129723,-0.083608,-0.069330,0.250868,-0.126352,0.503457,-0.609128,0.817593,0.352197,-0.069919,-0.005214,-0.091594,-0.419636,0.720815,0.694842,-0.162082,0.022759,-0.054099
-0.946411,-0.016453,0.784116,-0.010007,0.004817,-0.700210,0.713851,-0.068303,0.118217,0.052910,0.299651,-0.208461,-0.144997,-0.065540,-0.092184,-0.110370,0.296959,-0.179168,0.126957,-0.082692,-0.067513,0.247242,-0.119147,0.500939,-0.613741,0.823813,0.355995,-0.070447,-0.006597,-0.081520,-0.417485,0.715183,0.704674,-0.153374,0.023880,-0.054771
-0.948358,-0.017721,0.784082,-0.010759,0.004270,-0.697967,0.716036,-0.064848,0.120066,0.046930,0.297011,-0.207342,-0.149709,-0.054949,-0.090107,-0.117624,0.287065,-0.180197,0.125471,-0.081532,-0.065234,0.243663,-0.111392,0.498426,-0.616958,0.828583,0.357465,-0.071021,-0.007631,-0.071557,-0.415431,0.709321,0.714007,-0.144581,0.024923,-0.055630
-0.950311,-0.018939,0.784044,-0.011533,0.003817,-0.695829,0.718105,-0.061790,0.122212,0.041195,0.294954,-0.206445,-0.154458,-0.044558,-0.087569,-0.123967,0.276861,-0.180817,0.124381,-0.080290,-0.062775,0.240099,-0.103164,0.495895,-0.618720,0.832246,0.357559,-0.071498,-0.008314,-0.061714,-0.413462,0.703283,0.722834,-0.135854,0.025857,-0.056616
-0.952262,-0.020108,0.783959,-0.012250,0.003408,-0.693735,0.720118,-0.059216,0.124410,0.035585,0.293453,-0.205759,-0.159057,-0.034666,-0.084889,-0.130051,0.267016,-0.181345,0.122849,-0.079147,-0.060405,0.236530,-0.094508,0.493330,-0.618924,0.835111,0.357246,-0.071735,-0.008650,-0.051995,-0.411536,0.697137,0.731115,-0.127331,0.026657,-0.057673
-0.954272,-0.021251,0.783887,-0.012884,0.002993,-0.691687,0.722077,-0.057193,0.126572,0.030047,0.292769,-0.205399,-0.163464,-0.025293,-0.082157,-0.135774,0.257671,-0.181912,0.120866,-0.078125,-0.058230,0.232969,-0.085292,0.490719,-0.617357,0.837053,0.356502,-0.071664,-0.008457,-0.042436,-0.409623,0.690871,0.738894,-0.118942,0.027256,-0.058847
-0.956191,-0.022332,0.783828,-0.013487,0.002620,-0.689713,0.723953,-0.055624,0.128814,0.024661,0.292755,-0.205323,-0.167782,-0.016283,-0.079223,-0.140880,0.248480,-0.182349,0.118841,-0.077148,-0.056100,0.229421,-0.075491,0.488058,-0.614092,0.837939,0.354937,-0.071374,-0.007794,-0.033058,-0.407710,0.684476,0.746213,-0.110643,0.027683,-0.060151
-0.958118,-0.023383,0.783776,-0.014050,0.002335,-0.687790,0.725770,-0.054576,0.131234,0.019471,0.293294,-0.205386,-0.172038,-0.007699,-0.076031,-0.145790,0.239430,-0.182531,0.116571,-0.076260,-0.053905,0.225849,-0.065372,0.485345,-0.609508,0.838155,0.352892,-0.070959,-0.007011,-0.023874,-0.405782,0.678020,0.753103,-0.102660,0.028058,-0.061483
-0.960106,-0.024437,0.783748,-0.014619,0.002234,-0.685895,0.727550,-0.054116,0.133948,0.014515,0.294251,-0.205434,-0.176264,0.000414,-0.072510,-0.150925,0.230460,-0.182305,0.113829,-0.075488,-0.051526,0.222216,-0.055192,0.482565,-0.603976,0.838071,0.350739,-0.070507,-0.006459,-0.014890,-0.403815,0.671562,0.759589,-0.095210,0.028502,-0.062743
-0.962061,-0.025405,0.783721,-0.015194,0.002395,-0.684020,0.729301,-0.054497,0.137129,0.009618,0.295829,-0.205512,-0.180464,0.007927,-0.068469,-0.156492,0.221554,-0.181582,0.110363,-0.074798,-0.048780,0.218425,-0.044913,0.479678,-0.597298,0.837644,0.348585,-0.070039,-0.006133,-0.006012,-0.401779,0.664953,0.765575,-0.088572,0.029131,-0.063926
-0.964019,-0.026368,0.783698,-0.015772,0.002765,-0.682179,0.731010,-0.055553,0.140670,0.004819,0.297926,-0.205675,-0.184640,0.014822,-0.064002,-0.162232,0.212912,-0.180497,0.106335,-0.074178,-0.045772,0.214521,-0.034488,0.476662,-0.589410,0.836773,0.346208,-0.069507,-0.005872,0.002714,-0.399663,0.658205,0.771125,-0.082566,0.029853,-0.065083
-0.965929,-0.027262,0.783677,-0.016316,0.003173,-0.680380,0.732671,-0.056831,0.144245,0.000469,0.300182,-0.205756,-0.188800,0.021464,-0.059462,-0.167880,0.204266,-0.179167,0.102150,-0.073679,-0.042833,0.210683,-0.024100,0.473533,-0.580822,0.835700,0.343574,-0.068899,-0.005798,0.011111,-0.397474,0.651623,0.776454,-0.076717,0.030478,-0.066191
-0.967824,-0.028097,0.783672,-0.016787,0.003448,-0.678632,0.734278,-0.057874,0.147541,-0.003079,0.302201,-0.205593,-0.192953,0.028181,-0.055202,-0.173170,0.195438,-0.177719,0.098214,-0.073346,-0.040279,0.207095,-0.013980,0.470325,-0.572111,0.834687,0.340589,-0.068198,-0.006029,0.019047,-0.395220,0.645470,0.781737,-0.070569,0.030819,-0.067222
-0.969722,-0.028902,0.783664,-0.017180,0.003545,-0.676936,0.735833,-0.058639,0.150472,-0.005882,0.303993,-0.205191,-0.196945,0.035025,-0.051287,-0.178037,0.186425,-0.176204,0.094562,-0.073191,-0.038214,0.203838,-0.004048,0.467042,-0.563061,0.833633,0.336932,-0.067346,-0.006671,0.026488,-0.392918,0.639720,0.786972,-0.063970,0.030733,-0.068150
-0.971568,-0.029717,0.783697,-0.017519,0.003558,-0.675289,0.737337,-0.059338,0.153213,-0.008078,0.305703,-0.204601,-0.200828,0.041834,-0.047538,-0.182630,0.177311,-0.174546,0.090996,-0.073194,-0.036456,0.200817,0.005788,0.463673,-0.553475,0.832411,0.332762,-0.066366,-0.007637,0.033528,-0.390565,0.634251,0.792037,-0.057180,0.030356,-0.068992
-0.973369,-0.030491,0.783729,-0.017797,0.003518,-0.673691,0.738790,-0.059977,0.155825,-0.009442,0.307314,-0.203828,-0.204910,0.048523,-0.043982,-0.186989,0.168198,-0.172748,0.087569,-0.073331,-0.034929,0.197927,0.015259,0.460252,-0.543993,0.831343,0.328671,-0.065358,-0.008748,0.040136,-0.388181,0.629179,0.797102,-0.050363,0.029895,-0.069788
-0.975150,-0.031248,0.783838,-0.017986,0.003433,-0.672145,0.740193,-0.060534,0.158363,-0.009744,0.308741,-0.202833,-0.209491,0.054999,-0.040646,-0.191160,0.159239,-0.170853,0.084339,-0.073542,-0.033550,0.195079,0.024121,0.456832,-0.535268,0.830710,0.325286,-0.064423,-0.009833,0.046342,-0.385767,0.624586,0.802233,-0.043675,0.029568,-0.070574
-0.976850,-0.031994,0.783925,-0.018088,0.003294,-0.670641,0.741554,-0.061065,0.160761,-0.008883,0.310136,-0.201576,-0.214567,0.061254,-0.037612,-0.195158,0.150488,-0.168852,0.081369,-0.073845,-0.032385,0.192293,0.032328,0.453448,-0.527369,0.830590,0.322498,-0.063603,-0.010859,0.052121,-0.383327,0.620465,0.807498,-0.036866,0.029363,-0.071409
-0.978571,-0.032650,0.783993,-0.018101,0.003088,-0.669183,0.742871,-0.061527,0.163018,-0.006991,0.311386,-0.200059,-0.220008,0.067300,-0.034845,-0.198964,0.141938,-0.166773,0.078611,-0.074239,-0.031442,0.189616,0.040011,0.450109,-0.520004,0.830802,0.320054,-0.062839,-0.011915,0.057500,-0.380857,0.616751,0.812786,-0.029946,0.029190,-0.072254
-0.980202,-0.033346,0.784067,-0.018060,0.002878,-0.667788,0.744127,-0.061931,0.165280,-0.004210,0.312416,-0.198426,-0.225902,0.073164,-0.032203,-0.202572,0.133431,-0.164578,0.075970,-0.074638,-0.030596,0.186967,0.047160,0.446831,-0.513309,0.831301,0.318335,-0.062081,-0.013006,0.062540,-0.378372,0.613396,0.818060,-0.023536,0.029132,-0.073011
-0.981783,-0.034010,0.784146,-0.017985,0.002710,-0.666480,0.745301,-0.062168,0.167685,-0.000659,0.312907,-0.196776,-0.232344,0.078876,-0.029534,-0.205971,0.124819,-0.162244,0.073346,-0.074936,-0.029712,0.184270,0.053742,0.443627,-0.507449,0.832049,0.317711,-0.061279,-0.014128,0.067331,-0.375891,0.610345,0.823241,-0.018241,0.029282,-0.073578
-0.983327,-0.034670,0.784199,-0.017870,0.002613,-0.665252,0.746400,-0.062259,0.170276,0.003940,0.312761,-0.195049,-0.239570,0.081519,-0.027484,-0.209111,0.122320,-0.163069,0.070763,-0.075105,-0.028805,0.181485,0.059701,0.440514,-0.502483,0.833058,0.318549,-0.060377,-0.015244,0.071937,-0.373424,0.607522,0.828281,-0.014487,0.029753,-0.073880
-0.984803,-0.035342,0.784251,-0.017699,0.002547,-0.664099,0.747431,-0.062245,0.172960,0.009555,0.312150,-0.193216,-0.247451,0.083160,-0.025696,-0.212061,0.121526,-0.164733,0.068248,-0.075185,-0.027937,0.178665,0.065073,0.437502,-0.498321,0.834331,0.320562,-0.059419,-0.016367,0.076317,-0.370978,0.604958,0.833205,-0.011859,0.030472,-0.073984
-0.986226,-0.036000,0.784326,-0.017522,0.002508,-0.663039,0.748376,-0.062068,0.175713,0.015591,0.311204,-0.191433,-0.255534,0.084661,-0.023914,-0.214774,0.120754,-0.166270,0.065761,-0.075181,-0.027021,0.175866,0.069926,0.434594,-0.494940,0.835858,0.323107,-0.058502,-0.017578,0.080412,-0.368576,0.602727,0.838027,-0.009739,0.031243,-0.074013
-0.987527,-0.036631,0.784363,-0.017299,0.002418,-0.662031,0.749273,-0.061523,0.177965,0.021366,0.309619,-0.189602,-0.261800,0.086073,-0.022427,-0.217304,0.120110,-0.167758,0.063374,-0.075256,-0.026193,0.173129,0.074335,0.431768,-0.492291,0.837606,0.325571,-0.057724,-0.018958,0.084171,-0.366258,0.600885,0.842754,-0.007522,0.031873,-0.074084
-0.988770,-0.037209,0.784361,-0.016938,0.002197,-0.661028,0.750167,-0.060617,0.178948,0.027094,0.307305,-0.187662,-0.261800,0.087069,-0.021671,-0.219728,0.120364,-0.169563,0.061157,-0.075553,-0.025612,0.170467,0.078210,0.429007,-0.490554,0.839703,0.327900,-0.057155,-0.020518,0.087583,-0.364055,0.599448,0.847361,-0.005189,0.032295,-0.074273
-0.989934,-0.037846,0.784322,-0.016571,0.001982,-0.660132,0.750964,-0.059605,0.179930,0.033166,0.304911,-0.185967,-0.261800,0.087960,-0.020961,-0.221866,0.120627,-0.171218,0.058930,-0.075778,-0.025002,0.167861,0.081540,0.426327,-0.489687,0.842140,0.330403,-0.056731,-0.022221,0.090713,-0.361981,0.598367,0.851811,-0.003020,0.032625,-0.074501
-0.991070,-0.038436,0.784275,-0.016251,0.001810,-0.659344,0.751664,-0.058467,0.180972,0.038654,0.302377,-0.184463,-0.261800,0.088784,-0.020116,-0.223737,0.120875,-0.172800,0.056746,-0.075887,-0.024224,0.165306,0.084503,0.423715,-0.489318,0.844667,0.332942,-0.056346,-0.024056,0.093589,-0.360037,0.597643,0.856079,-0.000802,0.032924,-0.074645
-0.992100,-0.039005,0.784215,-0.016004,0.001695,-0.658676,0.752255,-0.057350,0.182027,0.042646,0.300051,-0.183314,-0.261800,0.089591,-0.019093,-0.225322,0.121070,-0.174376,0.054661,-0.075830,-0.023288,0.162784,0.087281,0.421155,-0.489066,0.847057,0.335394,-0.055892,-0.026013,0.096173,-0.358248,0.597298,0.860224,0.001674,0.033251,-0.074589
-0.993079,-0.039603,0.784104,-0.015845,0.001644,-0.658143,0.752725,-0.056371,0.183069,0.044630,0.298141,-0.182601,-0.261800,0.090342,-0.017871,-0.226574,0.121277,-0.175988,0.052644,-0.075595,-0.022166,0.160322,0.089883,0.418636,-0.488892,0.849320,0.337669,-0.055381,-0.028118,0.098468,-0.356625,0.597390,0.864194,0.004739,0.033556,-0.074272
-0.994035,-0.040184,0.783975,-0.015756,0.001643,-0.657739,0.753080,-0.055404,0.184149,0.045182,0.296412,-0.182222,-0.261800,0.091066,-0.016462,-0.227511,0.121430,-0.177564,0.050678,-0.075213,-0.020861,0.157923,0.092242,0.416160,-0.488950,0.851554,0.339871,-0.054857,-0.030369,0.100448,-0.355191,0.597918,0.868016,0.008208,0.033831,-0.073768
-0.994942,-0.040764,0.783837,-0.015731,0.001682,-0.657443,0.753338,-0.054267,0.185314,0.045020,0.294583,-0.182081,-0.261800,0.091793,-0.014920,-0.228195,0.121546,-0.179100,0.048850,-0.074714,-0.019404,0.155565,0.094424,0.413725,-0.489145,0.853624,0.342136,-0.054270,-0.032709,0.102202,-0.353921,0.598769,0.871658,0.011479,0.034202,-0.073152
-0.995777,-0.041338,0.783685,-0.015758,0.001749,-0.657237,0.753518,-0.052780,0.186621,0.044860,0.292384,-0.182090,-0.261800,0.092630,-0.013277,-0.228693,0.121453,-0.180494,0.047235,-0.074129,-0.017834,0.153210,0.096503,0.411334,-0.489376,0.855407,0.344616,-0.053565,-0.035085,0.103756,-0.352780,0.599861,0.875167,0.013970,0.034793,-0.072501
-0.996575,-0.041971,0.783541,-0.015873,0.001859,-0.657129,0.753609,-0.050922,0.188150,0.044542,0.289881,-0.182391,-0.261800,0.093320,-0.011530,-0.228985,0.121743,-0.182050,0.045862,-0.073411,-0.016064,0.150868,0.098497,0.408984,-0.489666,0.856829,0.347649,-0.052643,-0.037450,0.105087,-0.351749,0.601249,0.878576,0.015236,0.035690,-0.071801
-0.997341,-0.042585,0.783382,-0.016053,0.001992,-0.657127,0.753606,-0.048781,0.189858,0.043798,0.287175,-0.182975,-0.261800,0.094149,-0.009607,-0.229050,0.121771,-0.183433,0.044673,-0.072560,-0.014116,0.148543,0.100371,0.406675,-0.490047,0.857980,0.351062,-0.051563,-0.039846,0.106169,-0.350828,0.602944,0.881905,0.015668,0.036805,-0.071025
-0.998028,-0.043174,0.783207,-0.016251,0.002149,-0.657203,0.753535,-0.046361,0.191583,0.043197,0.284065,-0.183538,-0.261800,0.094945,-0.007719,-0.228926,0.121806,-0.184783,0.043630,-0.071686,-0.012173,0.146206,0.102120,0.404421,-0.490427,0.858951,0.354231,-0.050506,-0.042346,0.107017,-0.349991,0.604837,0.885139,0.015982,0.038002,-0.070234
-0.998716,-0.043795,0.783047,-0.016349,0.002263,-0.657331,0.753421,-0.043654,0.193156,0.043310,0.280338,-0.183753,-0.261800,0.095665,-0.006053,-0.228652,0.121844,-0.186105,0.042695,-0.070896,-0.010438,0.143826,0.103775,0.402244,-0.490697,0.859801,0.356552,-0.049653,-0.045026,0.107687,-0.349185,0.606792,0.888244,0.016856,0.039147,-0.069495
-0.999357,-0.044442,0.782901,-0.016360,0.002345,-0.657516,0.753259,-0.040557,0.194496,0.044259,0.275801,-0.183525,-0.261800,0.096314,-0.004692,-0.228205,0.121888,-0.187410,0.041897,-0.070217,-0.009010,0.141421,0.105337,0.400166,-0.490782,0.860561,0.357674,-0.049105,-0.048083,0.108083,-0.348387,0.608924,0.891259,0.018449,0.040200,-0.068897
-0.999951,-0.045080,0.782786,-0.016293,0.002383,-0.657769,0.753039,-0.037098,0.195690,0.045762,0.270613,-0.183031,-0.261800,0.096912,-0.003546,-0.227564,0.121934,-0.188691,0.041237,-0.069600,-0.007789,0.138999,0.106830,0.398195,-0.490738,0.861155,0.357984,-0.048741,-0.051421,0.108207,-0.347583,0.611260,0.894197,0.020386,0.041235,-0.068386
-1.000521,-0.045744,0.782684,-0.016182,0.002426,-0.658070,0.752779,-0.033548,0.196825,0.047735,0.265239,-0.182435,-0.261800,0.097423,-0.002531,-0.226773,0.121975,-0.189917,0.040635,-0.069028,-0.006694,0.136511,0.108229,0.396340,-0.490695,0.861568,0.357945,-0.048410,-0.054665,0.108127,-0.346754,0.613555,0.897150,0.022614,0.042272,-0.067813
-1.001085,-0.046399,0.782551,-0.016022,0.002489,-0.658399,0.752494,-0.030172,0.197986,0.050097,0.260135,-0.181888,-0.261800,0.097807,-0.001566,-0.225873,0.122022,-0.191069,0.040016,-0.068478,-0.005637,0.133911,0.109495,0.394610,-0.490805,0.861798,0.357999,-0.047961,-0.057439,0.107971,-0.345862,0.615532,0.900149,0.025044,0.043335,-0.067030
-1.001590,-0.047036,0.782434,-0.015814,0.002586,-0.658737,0.752202,-0.026989,0.199169,0.052877,0.255303,-0.181411,-0.261800,0.098058,-0.000658,-0.224878,0.122034,-0.192120,0.039362,-0.067934,-0.004639,0.131140,0.110573,0.393024,-0.491199,0.861869,0.358181,-0.047310,-0.059658,0.107718,-0.344890,0.617186,0.903294,0.027811,0.044422,-0.065833
-1.002089,-0.047716,0.782325,-0.015552,0.002697,-0.659100,0.751889,-0.023923,0.200336,0.056097,0.250646,-0.180953,-0.261800,0.098188,0.000152,-0.223763,0.122059,-0.193116,0.038713,-0.067396,-0.003738,0.128241,0.111477,0.391590,-0.491793,0.861779,0.358266,-0.046552,-0.061517,0.107329,-0.343827,0.618617,0.906544,0.030899,0.045522,-0.064355
-1.002577,-0.048384,0.782225,-0.015260,0.002823,-0.659519,0.751528,-0.020870,0.201502,0.059717,0.246019,-0.180471,-0.261800,0.098216,0.000899,-0.222514,0.122088,-0.194036,0.038077,-0.066851,-0.002896,0.125301,0.112303,0.390286,-0.492406,0.861495,0.358328,-0.045798,-0.063058,0.106835,-0.342666,0.619730,0.909796,0.034002,0.046647,-0.062966
-1.003017,-0.049015,0.782162,-0.014974,0.002977,-0.660022,0.751091,-0.017792,0.202678,0.063680,0.241400,-0.179922,-0.261800,0.098167,0.001617,-0.221115,0.122104,-0.194856,0.037468,-0.066280,-0.002059,0.122410,0.113133,0.389076,-0.492850,0.860977,0.358465,-0.045160,-0.064323,0.106281,-0.341392,0.620431,0.912933,0.036839,0.047804,-0.062028
-1.003419,-0.049654,0.782088,-0.014660,0.003138,-0.660607,0.750582,-0.014647,0.203835,0.068082,0.236646,-0.179233,-0.261800,0.098030,0.002288,-0.219604,0.122104,-0.195581,0.036887,-0.065704,-0.001248,0.119549,0.113957,0.387945,-0.493135,0.860227,0.358828,-0.044664,-0.065181,0.105670,-0.339992,0.620628,0.915966,0.039386,0.049038,-0.061678
-1.003792,-0.050283,0.782022,-0.014321,0.003317,-0.661263,0.750010,-0.011466,0.204964,0.072912,0.231817,-0.178444,-0.261800,0.097786,0.002896,-0.217973,0.122109,-0.196223,0.036329,-0.065125,-0.000475,0.116681,0.114727,0.386890,-0.493342,0.859285,0.359335,-0.044251,-0.065652,0.104984,-0.338459,0.620389,0.918960,0.041768,0.050325,-0.061708
-1.004093,-0.050906,0.781990,-0.014003,0.003516,-0.662003,0.749362,-0.008315,0.206137,0.077995,0.227216,-0.177731,-0.261800,0.097502,0.003506,-0.216150,0.122095,-0.196759,0.035789,-0.064496,0.000316,0.113860,0.115442,0.385895,-0.493413,0.858230,0.359688,-0.043910,-0.066002,0.104175,-0.336818,0.619887,0.921926,0.043939,0.051575,-0.061982
-1.004390,-0.051546,0.781973,-0.013723,0.003712,-0.662842,0.748624,-0.005236,0.207413,0.083160,0.223101,-0.177255,-0.261800,0.097319,0.004199,-0.214059,0.121859,-0.197068,0.035266,-0.063779,0.001178,0.111141,0.116093,0.384937,-0.493282,0.857145,0.359586,-0.043629,-0.066494,0.103200,-0.335122,0.619315,0.924869,0.045862,0.052697,-0.062358
-1.004654,-0.052146,0.781932,-0.013506,0.003943,-0.663810,0.747769,-0.002295,0.208891,0.088450,0.219632,-0.177132,-0.261800,0.096904,0.004975,-0.211622,0.122016,-0.197454,0.034756,-0.062917,0.002191,0.108507,0.116693,0.383988,-0.492889,0.856049,0.358853,-0.043441,-0.067229,0.102032,-0.333417,0.618709,0.927801,0.047488,0.053667,-0.062856
-1.004865,-0.052701,0.781920,-0.013326,0.004194,-0.664891,0.746810,0.000553,0.210510,0.093932,0.216651,-0.177268,-0.261800,0.096526,0.005847,-0.208896,0.121985,-0.197613,0.034260,-0.061953,0.003315,0.105942,0.117237,0.383037,-0.492267,0.854909,0.357697,-0.043341,-0.068053,0.100721,-0.331720,0.617978,0.930671,0.048852,0.054539,-0.063530
-1.005032,-0.053269,0.781901,-0.013170,0.004413,-0.666029,0.745796,0.003423,0.212091,0.099468,0.213926,-0.177483,-0.261800,0.096216,0.006677,-0.206013,0.121926,-0.197689,0.033792,-0.061002,0.004441,0.103515,0.117693,0.382094,-0.491507,0.853730,0.356376,-0.043260,-0.068848,0.099342,-0.330033,0.617127,0.933372,0.050070,0.055332,-0.064280
-1.005181,-0.053858,0.781893,-0.013030,0.004552,-0.667169,0.744779,0.006475,0.213442,0.104930,0.211147,-0.177560,-0.261800,0.096050,0.007335,-0.203103,0.121903,-0.197774,0.033371,-0.060176,0.005447,0.101286,0.118055,0.381182,-0.490678,0.852495,0.355179,-0.043128,-0.069495,0.097956,-0.328360,0.616147,0.935833,0.051229,0.056067,-0.065012
-1.005278,-0.054418,0.781905,-0.012893,0.004576,-0.668310,0.743757,0.009828,0.214498,0.110307,0.208098,-0.177397,-0.261800,0.096077,0.007785,-0.200161,0.121860,-0.197809,0.032992,-0.059479,0.006293,0.099302,0.118319,0.380319,-0.489744,0.851145,0.354177,-0.042891,-0.070012,0.096566,-0.326701,0.614939,0.938036,0.052490,0.056723,-0.065724
-1.005366,-0.054989,0.781950,-0.012776,0.004527,-0.669476,0.742710,0.013305,0.215363,0.115649,0.205139,-0.177166,-0.261800,0.096233,0.008085,-0.197129,0.121830,-0.197805,0.032649,-0.058852,0.007044,0.097525,0.118497,0.379508,-0.488693,0.849686,0.353212,-0.042598,-0.070449,0.095161,-0.325053,0.613531,0.939995,0.053750,0.057299,-0.066456
-1.005416,-0.055539,0.781961,-0.012679,0.004435,-0.670652,0.741650,0.016846,0.216102,0.120944,0.202288,-0.176920,-0.261800,0.096486,0.008286,-0.194064,0.121807,-0.197807,0.032356,-0.058329,0.007726,0.095885,0.118614,0.378756,-0.487618,0.848201,0.352227,-0.042334,-0.070735,0.093715,-0.323434,0.612128,0.941762,0.054751,0.057838,-0.067179
-1.005445,-0.056073,0.781956,-0.012593,0.004319,-0.671822,0.740593,0.020359,0.216774,0.126171,0.199641,-0.176731,-0.261800,0.096805,0.008430,-0.191027,0.121775,-0.197854,0.032127,-0.057944,0.008373,0.094318,0.118703,0.378074,-0.486601,0.846769,0.351164,-0.042189,-0.070803,0.092233,-0.321868,0.610925,0.943353,0.055208,0.058384,-0.067856
-1.005396,-0.056597,0.781974,-0.012458,0.004138,-0.672939,0.739581,0.023940,0.216795,0.131165,0.196797,-0.176356,-0.259000,0.097176,0.008265,-0.188132,0.121789,-0.198026,0.032059,-0.057835,0.008870,0.092835,0.118850,0.377494,-0.485583,0.845297,0.350075,-0.042198,-0.070552,0.090764,-0.320481,0.609968,0.944635,0.055172,0.058934,-0.068464
-1.005334,-0.057158,0.782004,-0.012274,0.003886,-0.674006,0.738614,0.027664,0.216376,0.136005,0.193647,-0.175732,-0.255532,0.097599,0.007789,-0.185369,0.121850,-0.198288,0.032125,-0.058023,0.009168,0.091392,0.118948,0.376918,-0.484541,0.843938,0.348994,-0.042308,-0.070026,0.089139,-0.319049,0.609189,0.945921,0.054723,0.059456,-0.069049
-1.005223,-0.057669,0.782013,-0.012110,0.003630,-0.675067,0.737648,0.031310,0.215916,0.140658,0.190705,-0.175176,-0.252046,0.098058,0.007288,-0.182613,0.121909,-0.198545,0.032224,-0.058321,0.009473,0.090016,0.118949,0.376421,-0.483635,0.842606,0.347736,-0.042484,-0.069440,0.087538,-0.317711,0.608529,0.946935,0.053754,0.060000,-0.069599
-1.005079,-0.058187,0.782023,-0.011956,0.003390,-0.676119,0.736687,0.034724,0.215485,0.144958,0.188122,-0.174787,-0.248514,0.098499,0.006817,-0.179851,0.121964,-0.198730,0.032323,-0.058681,0.009824,0.088649,0.118731,0.376024,-0.483053,0.841363,0.346130,-0.042688,-0.068985,0.085952,-0.316477,0.607968,0.947711,0.052160,0.060600,-0.070121
-1.004872,-0.058685,0.782051,-0.011840,0.003194,-0.677163,0.735731,0.037847,0.215124,0.148776,0.185998,-0.174606,-0.244778,0.098917,0.006412,-0.177059,0.122022,-0.198822,0.032390,-0.059067,0.010306,0.087342,0.118344,0.375803,-0.482851,0.840002,0.343928,-0.042925,-0.068732,0.084643,-0.315627,0.607446,0.947782,0.049938,0.061331,-0.070599
-1.004685,-0.059175,0.782080,-0.011741,0.003007,-0.678202,0.734776,0.040749,0.214796,0.152222,0.184261,-0.174590,-0.240900,0.099355,0.006033,-0.174248,0.122060,-0.198850,0.032453,-0.059482,0.010797,0.085977,0.117654,0.375613,-0.483016,0.838913,0.341313,-0.043200,-0.068531,0.083160,-0.314536,0.606996,0.948017,0.047059,0.062111,-0.071098
-1.004473,-0.059684,0.782092,-0.011665,0.002843,-0.679231,0.733826,0.043554,0.214451,0.155514,0.182656,-0.174621,-0.237180,0.099766,0.005645,-0.171469,0.122125,-0.198867,0.032551,-0.060005,0.011285,0.084680,0.116835,0.375540,-0.483360,0.837857,0.338658,-0.043509,-0.068387,0.081714,-0.313586,0.606680,0.947954,0.043615,0.062883,-0.071529
-1.004263,-0.060213,0.782093,-0.011579,0.002682,-0.680251,0.732883,0.046337,0.214043,0.158855,0.181024,-0.174632,-0.233911,0.100154,0.005228,-0.168774,0.122173,-0.198877,0.032720,-0.060685,0.011749,0.083503,0.115917,0.375556,-0.483766,0.836863,0.336355,-0.043845,-0.068272,0.080330,-0.312844,0.606557,0.947513,0.039681,0.063571,-0.071833
-1.003987,-0.060722,0.782095,-0.011483,0.002526,-0.681254,0.731953,0.049201,0.213515,0.162289,0.179135,-0.174461,-0.231249,0.100519,0.004749,-0.166210,0.122210,-0.198920,0.033006,-0.061596,0.012163,0.082457,0.114876,0.375620,-0.484186,0.835972,0.334520,-0.044200,-0.068280,0.079002,-0.312342,0.606671,0.946605,0.035071,0.064252,-0.071937
-1.003690,-0.061190,0.782091,-0.011378,0.002371,-0.682243,0.731033,0.052088,0.212901,0.165706,0.177123,-0.174184,-0.229011,0.100857,0.004233,-0.163739,0.122259,-0.198983,0.033377,-0.062637,0.012412,0.081398,0.113649,0.375824,-0.484807,0.835317,0.332909,-0.044563,-0.068371,0.077372,-0.311458,0.606968,0.946001,0.029733,0.064887,-0.071957
-1.003397,-0.061641,0.782103,-0.011298,0.002251,-0.683229,0.730113,0.054851,0.212325,0.169091,0.175289,-0.174029,-0.226993,0.101162,0.003745,-0.161290,0.122296,-0.198997,0.033752,-0.063839,0.012846,0.080527,0.112330,0.375933,-0.485338,0.834688,0.331598,-0.044989,-0.068382,0.076008,-0.311181,0.607396,0.944683,0.024137,0.065376,-0.071898
-1.003077,-0.062093,0.782118,-0.011242,0.002166,-0.684223,0.729183,0.057384,0.211891,0.172430,0.173868,-0.174199,-0.224989,0.101412,0.003350,-0.158793,0.122336,-0.198917,0.034048,-0.064884,0.013203,0.079556,0.110872,0.376304,-0.486289,0.834258,0.330262,-0.045431,-0.068034,0.074375,-0.310357,0.607890,0.944111,0.018586,0.065446,-0.072071
-1.002708,-0.062542,0.782119,-0.011229,0.002143,-0.685229,0.728238,0.059588,0.211669,0.175710,0.173044,-0.174819,-0.222908,0.101603,0.003085,-0.156202,0.122366,-0.198690,0.034218,-0.065956,0.013796,0.078690,0.109314,0.376579,-0.487256,0.833979,0.329262,-0.046003,-0.067173,0.072892,-0.309886,0.608409,0.943289,0.013227,0.065034,-0.072374
-1.002335,-0.062959,0.782129,-0.011251,0.002171,-0.686239,0.727286,0.061547,0.211592,0.178936,0.172643,-0.175748,-0.220866,0.101743,0.002916,-0.153568,0.122389,-0.198359,0.034308,-0.066966,0.014456,0.077834,0.107576,0.376940,-0.488520,0.833909,0.328424,-0.046651,-0.065929,0.071401,-0.309364,0.608961,0.942569,0.007867,0.064235,-0.072800
-1.001958,-0.063363,0.782135,-0.011287,0.002217,-0.687252,0.726328,0.063388,0.211578,0.182129,0.172431,-0.176818,-0.218980,0.101850,0.002781,-0.150949,0.122417,-0.198004,0.034402,-0.067913,0.015109,0.077054,0.105744,0.377442,-0.489855,0.833837,0.327615,-0.047269,-0.064689,0.069847,-0.308728,0.609505,0.942049,0.002248,0.063257,-0.073307
-1.001527,-0.063773,0.782122,-0.011333,0.002262,-0.688267,0.725366,0.065230,0.211529,0.185299,0.172179,-0.177854,-0.217359,0.101947,0.002619,-0.148402,0.122428,-0.197681,0.034580,-0.068976,0.015926,0.076518,0.103841,0.377662,-0.490702,0.833727,0.326946,-0.047792,-0.063842,0.068384,-0.308508,0.610127,0.941263,-0.003809,0.062361,-0.073779
-1.001096,-0.064163,0.782115,-0.011388,0.002307,-0.689290,0.724392,0.067081,0.211446,0.188460,0.171858,-0.178838,-0.216064,0.102014,0.002425,-0.145951,0.122451,-0.197430,0.034857,-0.069835,0.016637,0.076013,0.101790,0.378119,-0.491761,0.833539,0.325843,-0.048103,-0.063524,0.066854,-0.308049,0.610834,0.940906,-0.010732,0.061427,-0.074440
-1.000608,-0.064506,0.782107,-0.011462,0.002368,-0.690321,0.723408,0.068866,0.211378,0.191594,0.171622,-0.179872,-0.215021,0.102051,0.002238,-0.143571,0.122477,-0.197213,0.035192,-0.070734,0.017431,0.075709,0.099664,0.378502,-0.492488,0.833281,0.324810,-0.048328,-0.063584,0.065312,-0.307695,0.611567,0.940533,-0.018417,0.060422,-0.075168
-1.000129,-0.064826,0.782090,-0.011544,0.002427,-0.691345,0.722429,0.070655,0.211293,0.194695,0.171350,-0.180888,-0.214160,0.102088,0.002032,-0.141220,0.122487,-0.196986,0.035578,-0.071651,0.018143,0.075498,0.097638,0.379070,-0.493102,0.832813,0.323786,-0.048477,-0.063709,0.063617,-0.307174,0.612345,0.940463,-0.025814,0.059501,-0.075846
-0.999629,-0.065147,0.782076,-0.011637,0.002478,-0.692346,0.721468,0.072447,0.211192,0.197744,0.171066,-0.181889,-0.213413,0.102156,0.001809,-0.138869,0.122475,-0.196728,0.036003,-0.072620,0.018860,0.075406,0.095581,0.379518,-0.493521,0.832407,0.323038,-0.048636,-0.063587,0.061993,-0.306784,0.613034,0.940286,-0.031980,0.058896,-0.076251
-0.999120,-0.065461,0.782064,-0.011759,0.002540,-0.693318,0.720531,0.074161,0.211123,0.200700,0.170934,-0.182964,-0.212843,0.102230,0.001586,-0.136521,0.122499,-0.196477,0.036476,-0.073610,0.019641,0.075442,0.093489,0.379743,-0.493702,0.832097,0.322834,-0.048755,-0.063156,0.060640,-0.306611,0.613446,0.939741,-0.036699,0.058725,-0.076237
-0.998591,-0.065761,0.782059,-0.011883,0.002577,-0.694271,0.719611,0.075894,0.211046,0.203602,0.170771,-0.184017,-0.212458,0.102344,0.001346,-0.134184,0.122494,-0.196204,0.037000,-0.074697,0.020231,0.075601,0.091326,0.380183,-0.493849,0.831803,0.322564,-0.048821,-0.062574,0.058952,-0.306221,0.614124,0.939604,-0.040102,0.058791,-0.076080
-0.998041,-0.066034,0.782070,-0.012015,0.002616,-0.695212,0.718700,0.077702,0.210888,0.206497,0.170427,-0.184965,-0.212103,0.102447,0.001053,-0.131852,0.122508,-0.195913,0.037555,-0.075859,0.020744,0.075814,0.089576,0.380838,-0.493728,0.831031,0.322413,-0.048907,-0.061893,0.057149,-0.305602,0.614718,0.939759,-0.042982,0.058978,-0.075790
-0.997503,-0.066303,0.782070,-0.012126,0.002626,-0.696150,0.717789,0.079725,0.210556,0.209453,0.169618,-0.185657,-0.211626,0.102554,0.000664,-0.129515,0.122507,-0.195563,0.038121,-0.076869,0.021282,0.076052,0.087646,0.381348,-0.493743,0.830420,0.322070,-0.049167,-0.061061,0.055595,-0.305130,0.615085,0.939808,-0.045604,0.059190,-0.075489
-0.996926,-0.066592,0.782082,-0.012200,0.002608,-0.697085,0.716880,0.082034,0.209964,0.212493,0.168149,-0.185980,-0.210974,0.102652,0.000119,-0.127163,0.122479,-0.195144,0.038708,-0.077741,0.021777,0.076267,0.085721,0.381871,-0.493908,0.829729,0.321312,-0.049669,-0.060045,0.054150,-0.304664,0.615299,0.940020,-0.047880,0.059426,-0.075181
-0.996325,-0.066874,0.782115,-0.012242,0.002559,-0.698014,0.715975,0.084531,0.209184,0.215579,0.166239,-0.186055,-0.210235,0.102694,-0.000549,-0.124806,0.122524,-0.194715,0.039319,-0.078486,0.022153,0.076503,0.083868,0.382593,-0.494179,0.828828,0.320258,-0.050334,-0.058879,0.052768,-0.304024,0.615320,0.940412,-0.049717,0.059730,-0.074820
-0.995716,-0.067111,0.782154,-0.012299,0.002500,-0.698941,0.715069,0.087164,0.208326,0.218689,0.164092,-0.186004,-0.209458,0.102773,-0.001249,-0.122448,0.122550,-0.194238,0.039941,-0.079195,0.022603,0.076807,0.081939,0.383131,-0.494432,0.828046,0.319290,-0.051030,-0.057621,0.051540,-0.303573,0.615224,0.940695,-0.051306,0.060040,-0.074458
-0.995074,-0.067354,0.782174,-0.012390,0.002423,-0.699872,0.714157,0.089890,0.207500,0.221802,0.161902,-0.185946,-0.208694,0.102932,-0.001898,-0.120095,0.122556,-0.193714,0.040558,-0.079895,0.023104,0.077231,0.080054,0.383610,-0.494578,0.827260,0.318700,-0.051613,-0.056391,0.050434,-0.303187,0.614976,0.940821,-0.052960,0.060269,-0.074180
-0.994426,-0.067594,0.782206,-0.012553,0.002341,-0.700804,0.713240,0.092691,0.206745,0.224903,0.159795,-0.185952,-0.207941,0.103206,-0.002478,-0.117764,0.122559,-0.193144,0.041152,-0.080618,0.023640,0.077834,0.078246,0.384101,-0.494596,0.826423,0.318640,-0.052029,-0.055139,0.049415,-0.302802,0.614524,0.940825,-0.054788,0.060386,-0.073982
-0.993816,-0.067832,0.782238,-0.012749,0.002234,-0.701735,0.712320,0.095604,0.205993,0.228004,0.157616,-0.185928,-0.207182,0.103558,-0.003029,-0.115449,0.122567,-0.192530,0.041732,-0.081332,0.024169,0.078587,0.076525,0.384675,-0.494538,0.825465,0.318886,-0.052354,-0.053848,0.048479,-0.302357,0.613857,0.940767,-0.056666,0.060432,-0.073830
-0.993151,-0.068089,0.782271,-0.012962,0.002131,-0.702674,0.711391,0.098612,0.205212,0.231134,0.155270,-0.185831,-0.206435,0.103919,-0.003581,-0.113113,0.122566,-0.191890,0.042340,-0.081979,0.024621,0.079387,0.074998,0.385434,-0.494402,0.824267,0.319201,-0.052637,-0.052681,0.047524,-0.301781,0.613111,0.940808,-0.058448,0.060418,-0.073779
-0.992477,-0.068298,0.782318,-0.013153,0.002040,-0.703628,0.710444,0.101635,0.204376,0.234305,0.152777,-0.185671,-0.205719,0.104045,-0.004177,-0.110713,0.122901,-0.191427,0.043020,-0.082595,0.025204,0.080090,0.073462,0.385821,-0.494132,0.823285,0.319483,-0.052953,-0.051714,0.046681,-0.301501,0.612577,0.940717,-0.059864,0.060400,-0.073860
-0.991802,-0.068531,0.782361,-0.013322,0.001962,-0.704611,0.709466,0.104762,0.203444,0.237581,0.149972,-0.185377,-0.205023,0.103903,-0.004838,-0.108208,0.123640,-0.191181,0.043819,-0.083025,0.025733,0.080738,0.072210,0.386302,-0.493713,0.821958,0.319626,-0.053260,-0.051070,0.045841,-0.301165,0.612042,0.940709,-0.060984,0.060293,-0.074175
-0.991120,-0.068781,0.782392,-0.013477,0.001885,-0.705613,0.708467,0.107968,0.202449,0.240924,0.146965,-0.185004,-0.204344,0.103714,-0.005521,-0.105631,0.124365,-0.190911,0.044702,-0.083379,0.026266,0.081343,0.071112,0.386723,-0.493130,0.820549,0.319761,-0.053566,-0.050635,0.045047,-0.300882,0.611612,0.940683,-0.061785,0.060126,-0.074682
-0.990444,-0.068995,0.782439,-0.013629,0.001834,-0.706612,0.707467,0.111213,0.201419,0.244252,0.143714,-0.184519,-0.203707,0.103491,-0.006192,-0.103054,0.125031,-0.190613,0.045585,-0.083689,0.026890,0.081822,0.069900,0.386940,-0.492707,0.819440,0.319762,-0.053881,-0.050289,0.044369,-0.300751,0.611300,0.940647,-0.062370,0.060006,-0.075206
-0.989724,-0.069184,0.782491,-0.013758,0.001784,-0.707587,0.706490,0.114346,0.200380,0.247455,0.140520,-0.184002,-0.203127,0.103216,-0.006869,-0.100546,0.125723,-0.190346,0.046395,-0.084029,0.027480,0.082457,0.068810,0.387321,-0.492221,0.818051,0.319760,-0.054256,-0.050163,0.043545,-0.300546,0.610803,0.940711,-0.063195,0.059982,-0.075447
-0.989045,-0.069372,0.782519,-0.013884,0.001771,-0.708527,0.705545,0.117335,0.199349,0.250479,0.137349,-0.183434,-0.202640,0.102845,-0.007535,-0.098134,0.126456,-0.190130,0.047079,-0.084353,0.028102,0.083006,0.067543,0.387727,-0.492130,0.816921,0.319404,-0.054704,-0.050140,0.042795,-0.300365,0.610286,0.940831,-0.063965,0.060148,-0.075368
-0.988344,-0.069555,0.782546,-0.013989,0.001770,-0.709445,0.704620,0.120276,0.198295,0.253396,0.134085,-0.182784,-0.202222,0.102413,-0.008200,-0.095778,0.127201,-0.189942,0.047690,-0.084526,0.028683,0.083555,0.066206,0.388325,-0.492370,0.815764,0.318764,-0.055203,-0.050287,0.042154,-0.300145,0.609555,0.940939,-0.064743,0.060427,-0.075065
-0.987635,-0.069716,0.782583,-0.014096,0.001803,-0.710352,0.703703,0.123142,0.197251,0.256264,0.130782,-0.182090,-0.201829,0.101947,-0.008838,-0.093456,0.127878,-0.189701,0.048292,-0.084705,0.029308,0.084055,0.064841,0.388851,-0.492711,0.814723,0.318155,-0.055684,-0.050485,0.041513,-0.299990,0.608906,0.941105,-0.065586,0.060741,-0.074748
-0.986923,-0.069896,0.782613,-0.014192,0.001849,-0.711259,0.702784,0.125976,0.196233,0.259158,0.127406,-0.181377,-0.201411,0.101453,-0.009428,-0.091157,0.128464,-0.189356,0.048952,-0.084892,0.029971,0.084510,0.063556,0.389319,-0.493057,0.813674,0.317821,-0.056060,-0.050657,0.040815,-0.299880,0.608422,0.941372,-0.066636,0.061000,-0.074615
-0.986213,-0.070018,0.782658,-0.014288,0.001948,-0.712165,0.701864,0.128695,0.195290,0.262076,0.124019,-0.180671,-0.200981,0.100897,-0.009930,-0.088900,0.128957,-0.188882,0.049688,-0.085185,0.030735,0.084854,0.062356,0.389625,-0.493347,0.812690,0.317886,-0.056276,-0.050785,0.039981,-0.299826,0.608257,0.941849,-0.067966,0.061157,-0.074782
-0.985531,-0.070118,0.782712,-0.014380,0.002085,-0.713067,0.700945,0.130854,0.194515,0.264900,0.121619,-0.180493,-0.200557,0.100306,-0.010376,-0.086681,0.129333,-0.188285,0.050469,-0.085390,0.031452,0.085158,0.061294,0.390190,-0.493829,0.811456,0.318047,-0.056367,-0.050950,0.039155,-0.299733,0.608115,0.942391,-0.069560,0.061256,-0.075116
-0.984837,-0.070275,0.782741,-0.014480,0.002236,-0.713960,0.700033,0.131971,0.194051,0.267508,0.121380,-0.181446,-0.200102,0.099701,-0.010780,-0.084479,0.129687,-0.187672,0.051268,-0.085600,0.032144,0.085516,0.060462,0.390932,-0.494237,0.809972,0.318318,-0.056442,-0.051143,0.038269,-0.299619,0.608065,0.942957,-0.071189,0.061369,-0.075458
-0.984138,-0.070428,0.782754,-0.014587,0.002355,-0.714847,0.699125,0.133038,0.193550,0.270088,0.121370,-0.182504,-0.199564,0.099133,-0.011239,-0.082234,0.130053,-0.187097,0.052071,-0.085777,0.032833,0.085971,0.059650,0.391473,-0.494475,0.808641,0.318734,-0.056609,-0.051303,0.037365,-0.299550,0.608022,0.943496,-0.072711,0.061574,-0.075655
-0.983422,-0.070513,0.782775,-0.014703,0.002414,-0.715736,0.698212,0.134197,0.192919,0.272675,0.121379,-0.183553,-0.198896,0.098583,-0.011822,-0.079905,0.130586,-0.186667,0.052882,-0.085788,0.033397,0.086630,0.058959,0.392060,-0.494567,0.807157,0.319280,-0.056935,-0.051474,0.036508,-0.299505,0.607815,0.943886,-0.074180,0.061929,-0.075630
-0.982740,-0.070576,0.782786,-0.014813,0.002429,-0.716623,0.697299,0.135396,0.192209,0.275262,0.121410,-0.184606,-0.198130,0.098066,-0.012469,-0.077528,0.131129,-0.186269,0.053704,-0.085761,0.034004,0.087278,0.058174,0.392254,-0.494552,0.806065,0.320080,-0.057358,-0.051572,0.035691,-0.299506,0.607696,0.944296,-0.075588,0.062401,-0.075524
-0.982013,-0.070714,0.782812,-0.014924,0.002431,-0.717506,0.696388,0.136618,0.191455,0.277857,0.121412,-0.185631,-0.197346,0.097541,-0.013148,-0.075136,0.131720,-0.185912,0.054533,-0.085651,0.034553,0.088007,0.057445,0.392423,-0.494539,0.805001,0.320878,-0.057749,-0.051650,0.034812,-0.299524,0.607534,0.944748,-0.076903,0.062853,-0.075349
-0.981318,-0.070794,0.782841,-0.015024,0.002440,-0.718376,0.695488,0.137790,0.190718,0.280450,0.121421,-0.186627,-0.196620,0.096997,-0.013809,-0.072773,0.132299,-0.185557,0.055358,-0.085412,0.034994,0.088852,0.056815,0.392920,-0.494674,0.803785,0.321450,-0.057994,-0.051713,0.034017,-0.299598,0.607192,0.944994,-0.078092,0.063173,-0.075138
-0.980661,-0.070880,0.782859,-0.015109,0.002473,-0.719234,0.694600,0.138891,0.190024,0.283048,0.121443,-0.187618,-0.195964,0.096460,-0.014417,-0.070450,0.132740,-0.185130,0.056182,-0.085350,0.035480,0.089385,0.056237,0.393115,-0.494886,0.803204,0.321865,-0.057998,-0.051562,0.033231,-0.299643,0.607208,0.945498,-0.078965,0.063369,-0.075028
-0.979973,-0.070991,0.782878,-0.015197,0.002493,-0.720096,0.693704,0.140034,0.189313,0.285703,0.121439,-0.188584,-0.195341,0.095898,-0.015030,-0.068095,0.133276,-0.184766,0.057009,-0.084980,0.035860,0.090069,0.055595,0.393641,-0.495668,0.802500,0.321679,-0.057796,-0.051269,0.032478,-0.299775,0.607074,0.945884,-0.079483,0.063438,-0.074876
-0.979278,-0.071051,0.782911,-0.015270,0.002541,-0.720926,0.692839,0.141049,0.188635,0.288270,0.121461,-0.189523,-0.194745,0.095335,-0.015609,-0.065830,0.133678,-0.184336,0.057828,-0.084875,0.036284,0.090549,0.055122,0.393743,-0.495907,0.802266,0.322059,-0.057627,-0.051052,0.031744,-0.299810,0.607144,0.946405,-0.080081,0.063482,-0.074787
-0.978616,-0.071123,0.782923,-0.015327,0.002586,-0.721738,0.691992,0.142020,0.187923,0.290783,0.121432,-0.190396,-0.194167,0.094700,-0.016223,-0.063612,0.134169,-0.183950,0.058633,-0.084419,0.036568,0.091135,0.054472,0.394194,-0.496623,0.802018,0.322354,-0.057565,-0.050931,0.031022,-0.299981,0.607254,0.946756,-0.080305,0.063467,-0.074773
-0.978014,-0.071158,0.782951,-0.015348,0.002656,-0.722507,0.691188,0.142796,0.187205,0.293148,0.121438,-0.191241,-0.193610,0.093983,-0.016850,-0.061527,0.134617,-0.183525,0.059400,-0.084067,0.036791,0.091619,0.053983,0.394410,-0.496704,0.802012,0.323729,-0.057759,-0.051102,0.030375,-0.300088,0.607462,0.947076,-0.080619,0.063393,-0.074902
-0.977382,-0.071202,0.782970,-0.015344,0.002739,-0.723248,0.690413,0.143461,0.186482,0.295426,0.121428,-0.192040,-0.193075,0.093215,-0.017486,-0.059529,0.135035,-0.183079,0.060144,-0.083679,0.036951,0.092063,0.053567,0.394556,-0.496609,0.802143,0.325628,-0.058068,-0.051413,0.029782,-0.300185,0.607775,0.947334,-0.080808,0.063258,-0.075151
-0.976706,-0.071245,0.782985,-0.015332,0.002829,-0.723959,0.689667,0.144042,0.185759,0.297612,0.121437,-0.192796,-0.192546,0.092434,-0.018126,-0.057603,0.135419,-0.182627,0.060898,-0.083243,0.037083,0.092443,0.053225,0.394622,-0.496513,0.802417,0.327503,-0.058387,-0.051814,0.029277,-0.300245,0.608046,0.947533,-0.081059,0.063158,-0.075376
-0.976078,-0.071286,0.783009,-0.015331,0.002892,-0.724666,0.688923,0.144672,0.185006,0.299784,0.121423,-0.193484,-0.192005,0.091686,-0.018792,-0.055659,0.135810,-0.182204,0.061703,-0.083297,0.037190,0.093060,0.053332,0.394843,-0.495830,0.802389,0.328772,-0.058689,-0.052338,0.028312,-0.300549,0.609141,0.947665,-0.080974,0.063201,-0.075501
-0.975457,-0.071313,0.783013,-0.015343,0.002929,-0.725360,0.688192,0.145335,0.184259,0.301912,0.121412,-0.194082,-0.191462,0.091006,-0.019452,-0.053722,0.136150,-0.181787,0.062585,-0.082994,0.037317,0.093635,0.053213,0.394923,-0.495630,0.802720,0.329195,-0.058854,-0.052864,0.027549,-0.300748,0.609732,0.947748,-0.081132,0.063448,-0.075428
-0.974839,-0.071280,0.783043,-0.015363,0.002947,-0.726040,0.687475,0.146018,0.183504,0.303999,0.121389,-0.194607,-0.190921,0.090375,-0.020113,-0.051800,0.136423,-0.181352,0.063519,-0.082657,0.037458,0.094237,0.053125,0.394941,-0.495489,0.803196,0.329078,-0.058966,-0.053448,0.026819,-0.301033,0.610382,0.947701,-0.081227,0.063838,-0.075252
-0.974237,-0.071252,0.783064,-0.015377,0.002974,-0.726691,0.686786,0.146616,0.182745,0.305986,0.121396,-0.195118,-0.190358,0.089730,-0.020785,-0.049950,0.136673,-0.180929,0.064457,-0.082152,0.037542,0.094820,0.052916,0.394914,-0.495578,0.803870,0.328766,-0.059018,-0.054078,0.026127,-0.301186,0.610723,0.947685,-0.081705,0.064248,-0.074970
-0.973662,-0.071233,0.783071,-0.015360,0.003016,-0.727300,0.686141,0.147074,0.181980,0.307828,0.121386,-0.195633,-0.189756,0.089029,-0.021471,-0.048220,0.136918,-0.180532,0.065356,-0.081884,0.037671,0.095328,0.052647,0.394759,-0.495802,0.804832,0.328324,-0.059039,-0.054656,0.025383,-0.301551,0.611539,0.947521,-0.082176,0.064600,-0.074661
-0.973075,-0.071203,0.783074,-0.015309,0.003090,-0.727872,0.685535,0.147368,0.181216,0.309528,0.121370,-0.196214,-0.189081,0.088243,-0.022161,-0.046615,0.137148,-0.180162,0.066209,-0.081590,0.037733,0.095810,0.052374,0.394674,-0.496144,0.805817,0.328047,-0.059064,-0.055344,0.024549,-0.301718,0.612006,0.947520,-0.083479,0.064807,-0.074183
-0.972497,-0.071139,0.783094,-0.015226,0.003178,-0.728413,0.684961,0.147519,0.180456,0.311108,0.121378,-0.196838,-0.188353,0.087416,-0.022855,-0.045109,0.137332,-0.179807,0.067041,-0.081369,0.037923,0.096104,0.051856,0.394306,-0.496931,0.807371,0.327477,-0.059057,-0.055935,0.023894,-0.302259,0.612867,0.947245,-0.084762,0.064996,-0.073660
-0.971930,-0.071094,0.783115,-0.015138,0.003284,-0.728905,0.684440,0.147567,0.179681,0.312538,0.121371,-0.197401,-0.187627,0.086578,-0.023568,-0.043726,0.137483,-0.179441,0.067837,-0.081126,0.038089,0.096459,0.051240,0.393822,-0.497743,0.809030,0.326985,-0.058952,-0.056537,0.023326,-0.302855,0.613510,0.946763,-0.086380,0.065157,-0.073069
-0.971365,-0.071043,0.783127,-0.015024,0.003360,-0.729331,0.683988,0.147517,0.178874,0.313781,0.121377,-0.197836,-0.186952,0.085703,-0.024318,-0.042489,0.137735,-0.179109,0.068588,-0.080973,0.037997,0.096948,0.050936,0.393631,-0.498297,0.810223,0.326630,-0.058634,-0.057151,0.022481,-0.303073,0.614081,0.946500,-0.088159,0.065290,-0.072553
-0.970821,-0.070962,0.783162,-0.014895,0.003443,-0.729680,0.683618,0.147318,0.178042,0.314797,0.121368,-0.198074,-0.186360,0.084807,-0.025094,-0.041426,0.137961,-0.178722,0.069258,-0.080894,0.037821,0.097318,0.050338,0.393176,-0.499059,0.811925,0.326261,-0.057973,-0.057537,0.021841,-0.303472,0.615017,0.945878,-0.089527,0.065521,-0.072222
-0.970346,-0.070837,0.783179,-0.014743,0.003521,-0.729961,0.683321,0.146995,0.177183,0.315615,0.121354,-0.198182,-0.185813,0.083866,-0.025897,-0.040516,0.138240,-0.178348,0.069866,-0.080922,0.037635,0.097763,0.049716,0.392454,-0.499653,0.813695,0.326160,-0.057054,-0.057871,0.021197,-0.303980,0.615953,0.945050,-0.091004,0.065774,-0.071908
-0.969860,-0.070702,0.783214,-0.014588,0.003577,-0.730197,0.683072,0.146644,0.176294,0.316313,0.121315,-0.198212,-0.185273,0.082951,-0.026733,-0.039715,0.138536,-0.177987,0.070471,-0.080967,0.037279,0.098283,0.049257,0.391966,-0.500217,0.815239,0.325916,-0.056131,-0.058193,0.020465,-0.304268,0.616838,0.944310,-0.092597,0.065960,-0.071649
-0.969370,-0.070578,0.783247,-0.014444,0.003592,-0.730407,0.682850,0.146339,0.175382,0.316969,0.121317,-0.198275,-0.184697,0.082151,-0.027594,-0.038982,0.138815,-0.177658,0.071128,-0.081001,0.036931,0.098813,0.048750,0.391333,-0.500833,0.817019,0.325398,-0.055483,-0.058439,0.019746,-0.304579,0.617779,0.943663,-0.094163,0.066026,-0.071452
-0.968874,-0.070441,0.783264,-0.014337,0.003555,-0.730593,0.682654,0.146179,0.174409,0.317623,0.121297,-0.198350,-0.184069,0.081553,-0.028506,-0.038302,0.139017,-0.177337,0.071881,-0.080962,0.036655,0.099384,0.048053,0.390384,-0.501555,0.819236,0.324455,-0.055253,-0.058540,0.019117,-0.304978,0.618682,0.943069,-0.095724,0.065922,-0.071339
-0.968414,-0.070318,0.783289,-0.014246,0.003474,-0.730744,0.682495,0.146087,0.173391,0.318222,0.121277,-0.198418,-0.183415,0.081050,-0.029461,-0.037700,0.139266,-0.177075,0.072688,-0.080866,0.036175,0.100108,0.047649,0.389872,-0.502247,0.821033,0.323119,-0.055267,-0.058634,0.018431,-0.305175,0.619479,0.942547,-0.097361,0.065671,-0.071287
-0.967947,-0.070175,0.783323,-0.014157,0.003390,-0.730866,0.682366,0.145953,0.172382,0.318729,0.121259,-0.198466,-0.182749,0.080595,-0.030412,-0.037185,0.139445,-0.176797,0.073488,-0.080768,0.035912,0.100685,0.046789,0.388632,-0.503152,0.823664,0.321827,-0.055321,-0.058617,0.017876,-0.305576,0.620358,0.942038,-0.098983,0.065400,-0.071262
-0.967512,-0.069991,0.783352,-0.014044,0.003333,-0.730965,0.682263,0.145678,0.171429,0.319106,0.121258,-0.198510,-0.182088,0.080072,-0.031323,-0.036765,0.139585,-0.176511,0.074221,-0.080687,0.035604,0.101263,0.046117,0.387582,-0.504041,0.825960,0.320802,-0.055196,-0.058779,0.017320,-0.305873,0.621107,0.941513,-0.100830,0.065158,-0.071141
-0.967075,-0.069828,0.783376,-0.013908,0.003340,-0.731036,0.682189,0.145215,0.170540,0.319322,0.121237,-0.198534,-0.181422,0.079394,-0.032181,-0.036460,0.139732,-0.176236,0.074859,-0.080684,0.035251,0.101790,0.045706,0.386762,-0.504891,0.827883,0.320135,-0.054796,-0.059162,0.016744,-0.306057,0.621770,0.940986,-0.103076,0.064949,-0.070842
-0.966622,-0.069653,0.783413,-0.013760,0.003383,-0.731080,0.682144,0.144613,0.169691,0.319398,0.121216,-0.198541,-0.180750,0.078653,-0.033015,-0.036258,0.139845,-0.175967,0.075440,-0.080746,0.034868,0.102314,0.045573,0.386106,-0.505690,0.829426,0.319686,-0.054224,-0.059693,0.016132,-0.306167,0.622370,0.940468,-0.105619,0.064740,-0.070432
-0.966225,-0.069469,0.783434,-0.013606,0.003420,-0.731105,0.682121,0.143966,0.168874,0.319398,0.121224,-0.198549,-0.180089,0.077915,-0.033826,-0.036122,0.139957,-0.175701,0.075993,-0.080744,0.034537,0.102729,0.045073,0.385134,-0.506708,0.831500,0.319309,-0.053671,-0.060223,0.015601,-0.306274,0.622992,0.940024,-0.107974,0.064555,-0.070094
-0.965828,-0.069256,0.783441,-0.013483,0.003428,-0.731116,0.682111,0.143407,0.168058,0.319380,0.121216,-0.198533,-0.179459,0.077286,-0.034629,-0.036013,0.140043,-0.175415,0.076549,-0.080670,0.034221,0.103208,0.044563,0.384089,-0.507810,0.833426,0.318894,-0.053164,-0.060744,0.015056,-0.306360,0.623659,0.939638,-0.109793,0.064423,-0.069984
-0.965426,-0.069052,0.783459,-0.013393,0.003382,-0.731117,0.682112,0.142979,0.167244,0.319359,0.121206,-0.198503,-0.178884,0.076797,-0.035423,-0.035928,0.140153,-0.175134,0.077120,-0.080478,0.033989,0.103720,0.043726,0.382685,-0.509115,0.835642,0.318303,-0.052765,-0.061235,0.014561,-0.306454,0.624385,0.939326,-0.110904,0.064380,-0.070233
-0.965047,-0.068844,0.783487,-0.013335,0.003316,-0.731103,0.682129,0.142618,0.166439,0.319302,0.121194,-0.198460,-0.178349,0.076403,-0.036212,-0.035885,0.140242,-0.174835,0.077692,-0.080263,0.033654,0.104370,0.043136,0.381617,-0.510407,0.837297,0.317550,-0.052408,-0.061835,0.014073,-0.306518,0.625177,0.938921,-0.111522,0.064396,-0.070703
-0.964700,-0.068617,0.783517,-0.013274,0.003235,-0.731073,0.682163,0.142245,0.165641,0.319202,0.121185,-0.198398,-0.177810,0.076008,-0.036993,-0.035877,0.140380,-0.174569,0.078242,-0.080034,0.033229,0.105080,0.042782,0.380836,-0.511692,0.838498,0.316903,-0.052068,-0.062451,0.013601,-0.306550,0.626021,0.938468,-0.111849,0.064412,-0.071205
-0.964393,-0.068399,0.783536,-0.013196,0.003172,-0.731027,0.682214,0.141792,0.164856,0.319054,0.121159,-0.198303,-0.177228,0.075556,-0.037762,-0.035895,0.140512,-0.174308,0.078750,-0.079750,0.032837,0.105644,0.042227,0.379836,-0.513184,0.840028,0.316641,-0.051722,-0.062897,0.013113,-0.306577,0.626920,0.938224,-0.112049,0.064373,-0.071577
-0.964087,-0.068173,0.783563,-0.013089,0.003133,-0.730959,0.682289,0.141199,0.164088,0.318834,0.121166,-0.198197,-0.176581,0.075015,-0.038523,-0.035948,0.140644,-0.174058,0.079195,-0.079450,0.032425,0.106107,0.041699,0.378762,-0.514694,0.841627,0.317010,-0.051335,-0.063168,0.012608,-0.306591,0.627899,0.938110,-0.112070,0.064230,-0.071739
-0.963776,-0.067927,0.783592,-0.012959,0.003098,-0.730871,0.682385,0.140525,0.163324,0.318553,0.121163,-0.198055,-0.175895,0.074409,-0.039282,-0.036036,0.140811,-0.173835,0.079596,-0.079176,0.031879,0.106608,0.041493,0.378059,-0.516110,0.842722,0.317764,-0.050930,-0.063399,0.012069,-0.306596,0.628965,0.937986,-0.111852,0.064018,-0.071779
-0.963479,-0.067666,0.783626,-0.012835,0.003072,-0.730776,0.682490,0.139832,0.162578,0.318254,0.121167,-0.197909,-0.175198,0.073804,-0.040026,-0.036143,0.140960,-0.173608,0.079982,-0.078850,0.031394,0.106998,0.041117,0.377179,-0.517781,0.844028,0.318591,-0.050567,-0.063536,0.011536,-0.306587,0.630089,0.938005,-0.111547,0.063827,-0.071795
-0.963175,-0.067418,0.783663,-0.012708,0.003022,-0.730687,0.682588,0.139191,0.161843,0.317986,0.121155,-0.197763,-0.174519,0.073250,-0.040755,-0.036251,0.141082,-0.173375,0.080385,-0.078529,0.030899,0.107430,0.040857,0.376535,-0.519568,0.844958,0.319176,-0.050313,-0.063745,0.010977,-0.306581,0.631188,0.938008,-0.111402,0.063727,-0.071808
-0.962906,-0.067173,0.783696,-0.012615,0.002975,-0.730606,0.682676,0.138621,0.161129,0.317760,0.121136,-0.197631,-0.173864,0.072757,-0.041465,-0.036359,0.141168,-0.173125,0.080816,-0.078057,0.030527,0.107729,0.040249,0.375686,-0.521935,0.846160,0.319369,-0.050198,-0.063911,0.010481,-0.306567,0.632247,0.938148,-0.111394,0.063767,-0.071871
-0.962646,-0.066927,0.783720,-0.012515,0.002905,-0.730528,0.682762,0.138059,0.160437,0.317548,0.121157,-0.197519,-0.173220,0.072293,-0.042163,-0.036474,0.141258,-0.172892,0.081256,-0.077555,0.030166,0.108037,0.039670,0.374993,-0.524501,0.847097,0.319387,-0.050194,-0.064108,0.009995,-0.306559,0.633277,0.938275,-0.111492,0.063892,-0.071910
-0.962369,-0.066652,0.783749,-0.012426,0.002838,-0.730450,0.682848,0.137526,0.159747,0.317344,0.121149,-0.197397,-0.172580,0.071844,-0.042854,-0.036593,0.141336,-0.172654,0.081698,-0.077095,0.029769,0.108399,0.039279,0.374530,-0.527029,0.847674,0.319342,-0.050235,-0.064357,0.009471,-0.306559,0.634334,0.938365,-0.111633,0.064049,-0.071932
