0.001446,0.020528,0.785718,-0.011818,-0.005520,-0.726257,0.687300,0.050065,0.140255,0.344636,0.129759,-0.146791,-0.104217,0.006512,-0.090941,-0.151549,0.153648,-0.123739,0.082779,-0.051342,0.001054,0.143805,-0.017688,0.359217,-0.618653,0.902280,0.350566,-0.043309,-0.008114,-0.047470,-0.318626,0.669076,0.918577,-0.203503,0.081901,-0.045616
0.001478,0.020794,0.785753,-0.011814,-0.005256,-0.726545,0.686997,0.049133,0.140856,0.345316,0.130087,-0.146457,-0.104742,0.005372,-0.090351,-0.150902,0.153341,-0.122419,0.082686,-0.050517,0.001305,0.145410,-0.018845,0.359653,-0.618063,0.902328,0.350140,-0.043650,-0.008486,-0.048551,-0.318862,0.668486,0.918060,-0.203641,0.081689,-0.046226
0.001544,0.021218,0.785753,-0.011899,-0.004977,-0.726759,0.686772,0.045946,0.142462,0.345455,0.135693,-0.148946,-0.105276,0.004554,-0.089621,-0.150517,0.152859,-0.121209,0.082591,-0.049872,0.001695,0.147066,-0.019816,0.360182,-0.617494,0.902167,0.349715,-0.043954,-0.008902,-0.049465,-0.319093,0.667787,0.917419,-0.203984,0.081516,-0.046802
0.001627,0.021720,0.785758,-0.011917,-0.004555,-0.727085,0.686429,0.042382,0.144269,0.345818,0.141378,-0.151365,-0.105900,0.003238,-0.088680,-0.149822,0.152282,-0.119548,0.082487,-0.048971,0.002187,0.148754,-0.020744,0.361020,-0.616707,0.901587,0.349347,-0.044255,-0.009325,-0.050611,-0.319406,0.667083,0.916689,-0.204108,0.081305,-0.047396
0.001729,0.022314,0.785781,-0.011773,-0.003765,-0.727690,0.685794,0.037165,0.146844,0.346628,0.148837,-0.154436,-0.106758,0.000722,-0.087208,-0.148371,0.151364,-0.116706,0.082347,-0.047478,0.003097,0.150242,-0.022157,0.361584,-0.615499,0.901235,0.349278,-0.044527,-0.009593,-0.052597,-0.319611,0.666586,0.916442,-0.203635,0.081036,-0.048133
0.001841,0.023051,0.785805,-0.011302,-0.002450,-0.728596,0.684846,0.029554,0.150273,0.347959,0.158547,-0.158432,-0.107764,-0.003531,-0.085188,-0.146083,0.150033,-0.112447,0.082151,-0.045509,0.004383,0.151379,-0.023773,0.362443,-0.613694,0.900463,0.349831,-0.044790,-0.009646,-0.055507,-0.319937,0.666427,0.916386,-0.202175,0.080613,-0.049086
0.002013,0.023868,0.785776,-0.010486,-0.000863,-0.729736,0.683648,0.020340,0.153952,0.349782,0.169636,-0.163021,-0.108864,-0.011613,-0.083492,-0.142852,0.153833,-0.110006,0.081979,-0.043160,0.005613,0.152237,-0.025414,0.363651,-0.611436,0.899214,0.350773,-0.045045,-0.009562,-0.059042,-0.320409,0.666601,0.916356,-0.199945,0.080091,-0.050198
0.002248,0.024868,0.785655,-0.009510,0.000622,-0.731132,0.682169,0.010303,0.157622,0.352053,0.182401,-0.168212,-0.110279,-0.024953,-0.082750,-0.138396,0.167736,-0.112228,0.081917,-0.040275,0.006509,0.153380,-0.027025,0.364783,-0.608374,0.897584,0.351661,-0.045249,-0.009630,-0.063144,-0.320898,0.666833,0.916441,-0.197750,0.079652,-0.051227
0.002503,0.026087,0.785500,-0.008795,0.001833,-0.732773,0.680414,0.000272,0.161710,0.354528,0.197128,-0.174026,-0.112303,-0.038361,-0.081938,-0.133218,0.182755,-0.114579,0.081947,-0.037169,0.007378,0.155680,-0.027833,0.366041,-0.603581,0.894612,0.352074,-0.045373,-0.010252,-0.067888,-0.321532,0.667265,0.916388,-0.196240,0.079497,-0.051923
0.002788,0.027406,0.785308,-0.008316,0.002704,-0.734730,0.678303,-0.009715,0.166203,0.357853,0.214062,-0.180633,-0.114921,-0.052326,-0.081168,-0.127103,0.199875,-0.117439,0.082103,-0.033568,0.008113,0.159216,-0.027955,0.367248,-0.596685,0.890621,0.352633,-0.045249,-0.011584,-0.073327,-0.322279,0.667922,0.916501,-0.195463,0.079646,-0.052421
0.003184,0.028845,0.785031,-0.007970,0.003389,-0.736972,0.675868,-0.020060,0.171158,0.361849,0.233130,-0.188038,-0.118012,-0.067209,-0.080339,-0.120137,0.219030,-0.120707,0.082389,-0.029565,0.008829,0.163647,-0.027579,0.368421,-0.588054,0.885750,0.353348,-0.044949,-0.013416,-0.079451,-0.323145,0.668879,0.916742,-0.195065,0.080010,-0.052784
0.003650,0.030321,0.784655,-0.007860,0.003915,-0.739360,0.673253,-0.030606,0.176536,0.365207,0.253957,-0.195913,-0.121649,-0.081904,-0.079262,-0.112701,0.238551,-0.123913,0.082832,-0.025739,0.009692,0.168994,-0.026324,0.369841,-0.578134,0.879181,0.352828,-0.044792,-0.015557,-0.086108,-0.324270,0.670104,0.916431,-0.195211,0.080614,-0.052644
0.004147,0.031846,0.784256,-0.008089,0.004305,-0.741762,0.670600,-0.041061,0.182210,0.366657,0.275832,-0.203788,-0.125922,-0.095240,-0.077745,-0.105184,0.256608,-0.126486,0.083456,-0.022243,0.010865,0.175188,-0.024317,0.371581,-0.567988,0.870624,0.349575,-0.045065,-0.017741,-0.092948,-0.325620,0.671072,0.914982,-0.196204,0.081466,-0.051629
0.004754,0.033542,0.783786,-0.008761,0.004426,-0.744183,0.667904,-0.051040,0.188339,0.367154,0.299009,-0.211788,-0.131335,-0.106974,-0.075832,-0.097491,0.273481,-0.128571,0.084316,-0.019184,0.012297,0.182592,-0.021282,0.373815,-0.557359,0.859898,0.343117,-0.045931,-0.019951,-0.100005,-0.327214,0.671780,0.912528,-0.198141,0.082660,-0.049417
0.005437,0.035278,0.783265,-0.009785,0.004309,-0.746679,0.665099,-0.060755,0.194862,0.366972,0.323571,-0.220035,-0.137671,-0.117654,-0.073576,-0.089490,0.289746,-0.130325,0.085439,-0.016392,0.013886,0.191127,-0.017228,0.376606,-0.545901,0.847020,0.334217,-0.047175,-0.022337,-0.107385,-0.329059,0.672395,0.909229,-0.200876,0.084154,-0.046264
0.006159,0.037020,0.782716,-0.010963,0.004229,-0.749197,0.662243,-0.071064,0.201333,0.363775,0.349021,-0.228176,-0.144004,-0.127511,-0.070867,-0.081493,0.304478,-0.131349,0.086781,-0.013922,0.015749,0.200123,-0.012360,0.380002,-0.534121,0.831664,0.323298,-0.048524,-0.024938,-0.114979,-0.331206,0.672964,0.904455,-0.204275,0.085763,-0.042665
0.006962,0.038775,0.782167,-0.012093,0.004449,-0.751688,0.659393,-0.082729,0.207167,0.355239,0.374574,-0.235751,-0.149510,-0.136719,-0.067601,-0.073812,0.316647,-0.131222,0.088270,-0.011778,0.018037,0.208919,-0.006923,0.384040,-0.522613,0.813538,0.310767,-0.049708,-0.027781,-0.122599,-0.333748,0.673450,0.897474,-0.208224,0.087313,-0.039114
0.007914,0.040587,0.781597,-0.013278,0.005105,-0.754021,0.656697,-0.096322,0.212248,0.339941,0.400769,-0.242790,-0.153694,-0.144788,-0.063617,-0.066821,0.325411,-0.129642,0.089801,-0.010196,0.021106,0.217426,-0.000987,0.388812,-0.511843,0.792765,0.295029,-0.050997,-0.031099,-0.130006,-0.336782,0.673653,0.888121,-0.212962,0.089114,-0.035388
0.008935,0.042472,0.781054,-0.014567,0.006028,-0.756261,0.654080,-0.111200,0.216493,0.319430,0.427435,-0.249336,-0.157286,-0.151737,-0.059053,-0.060249,0.331348,-0.126863,0.091419,-0.009063,0.024789,0.226012,0.005612,0.394364,-0.501422,0.769311,0.276400,-0.052372,-0.034829,-0.137260,-0.340355,0.673592,0.876558,-0.218478,0.091143,-0.031315
0.009998,0.044456,0.780460,-0.015735,0.007085,-0.758652,0.651268,-0.126261,0.219406,0.295888,0.452712,-0.254966,-0.161227,-0.158691,-0.054276,-0.053420,0.335969,-0.123389,0.093262,-0.007896,0.028442,0.234672,0.013015,0.400609,-0.490621,0.742693,0.258172,-0.053154,-0.038532,-0.144757,-0.344503,0.673672,0.862682,-0.224224,0.092733,-0.027470
0.011192,0.046427,0.779875,-0.016557,0.008138,-0.761431,0.647984,-0.140613,0.220740,0.271438,0.475250,-0.259467,-0.166342,-0.166703,-0.049632,-0.045668,0.340656,-0.119725,0.095500,-0.006222,0.031444,0.243381,0.021352,0.407360,-0.478690,0.712474,0.243656,-0.052710,-0.041725,-0.152886,-0.349233,0.674342,0.846397,-0.229597,0.093225,-0.024439
0.012482,0.048483,0.779255,-0.017040,0.009162,-0.764536,0.644291,-0.154606,0.220092,0.244265,0.495482,-0.262741,-0.172717,-0.175296,-0.045269,-0.037201,0.344734,-0.116046,0.098074,-0.004228,0.033866,0.252161,0.030678,0.414509,-0.465615,0.678584,0.233804,-0.050676,-0.044505,-0.161661,-0.354570,0.675864,0.827961,-0.234079,0.092147,-0.022526
0.013928,0.050606,0.778629,-0.017273,0.010216,-0.767873,0.640288,-0.168494,0.217667,0.214079,0.514128,-0.265078,-0.179961,-0.184144,-0.041031,-0.028226,0.347810,-0.112090,0.100937,-0.002115,0.035985,0.261001,0.041006,0.422038,-0.451630,0.641239,0.226868,-0.047480,-0.047027,-0.170925,-0.360524,0.678050,0.807325,-0.238068,0.089967,-0.021377
0.015517,0.052821,0.778026,-0.017161,0.011287,-0.771627,0.635744,-0.181186,0.214428,0.185247,0.530011,-0.266793,-0.188033,-0.194428,-0.036745,-0.018087,0.351553,-0.107658,0.104341,0.000590,0.037508,0.269802,0.052410,0.429838,-0.436370,0.600442,0.222080,-0.043713,-0.048886,-0.180755,-0.367050,0.680604,0.783927,-0.242411,0.087442,-0.020596
0.017258,0.055105,0.777411,-0.016609,0.012366,-0.775974,0.630425,-0.191747,0.211571,0.162044,0.541996,-0.268195,-0.196808,-0.207282,-0.032167,-0.006143,0.357544,-0.102522,0.108617,0.004344,0.038176,0.278447,0.064969,0.437743,-0.419444,0.556217,0.218683,-0.039964,-0.049685,-0.191252,-0.374058,0.683247,0.757247,-0.247968,0.085326,-0.019793
0.019055,0.057470,0.776793,-0.015621,0.013445,-0.780998,0.624193,-0.199819,0.209260,0.144014,0.549293,-0.268798,-0.207125,-0.222919,-0.027169,0.007945,0.366226,-0.097069,0.113162,0.009470,0.038019,0.286949,0.078967,0.445601,-0.400741,0.508291,0.217128,-0.036649,-0.048877,-0.202523,-0.381508,0.686093,0.727340,-0.254987,0.083872,-0.018938
0.021013,0.059834,0.776155,-0.014249,0.014537,-0.786561,0.617177,-0.206033,0.207216,0.129313,0.552747,-0.268665,-0.218634,-0.240637,-0.021764,0.023762,0.376627,-0.091272,0.118222,0.015646,0.037217,0.295331,0.094397,0.453330,-0.380411,0.456748,0.217589,-0.033375,-0.046830,-0.214483,-0.389393,0.689272,0.694455,-0.263019,0.082666,-0.018215
0.023114,0.062238,0.775541,-0.012485,0.015681,-0.792503,0.609539,-0.211055,0.206110,0.120076,0.553636,-0.268817,-0.229389,-0.260215,-0.015846,0.040823,0.388253,-0.084397,0.125507,0.022382,0.035762,0.303486,0.110875,0.460861,-0.358498,0.402108,0.218871,-0.029514,-0.044492,-0.226995,-0.397656,0.692541,0.658389,-0.271824,0.081452,-0.017557
0.025326,0.064771,0.774907,-0.010331,0.016917,-0.798670,0.601443,-0.215567,0.206596,0.118441,0.553250,-0.270226,-0.237464,-0.281503,-0.009299,0.058674,0.400751,-0.075901,0.136786,0.029196,0.033654,0.311310,0.127967,0.468138,-0.335067,0.344884,0.219781,-0.024443,-0.042796,-0.239918,-0.406202,0.695626,0.618909,-0.281147,0.079978,-0.016905
0.027665,0.067244,0.774208,-0.007770,0.018380,-0.805276,0.592565,-0.218848,0.209519,0.126522,0.550409,-0.273012,-0.243681,-0.305666,-0.001151,0.078618,0.415740,-0.066390,0.150386,0.036607,0.030975,0.318679,0.146304,0.474980,-0.309857,0.284243,0.219975,-0.017704,-0.041671,-0.253232,-0.415000,0.698450,0.575649,-0.291438,0.077933,-0.016343
0.030177,0.069843,0.773397,-0.004836,0.020029,-0.812273,0.582913,-0.220808,0.214399,0.142629,0.544947,-0.276608,-0.248649,-0.332213,0.008492,0.100436,0.432755,-0.056293,0.166563,0.044658,0.027773,0.325682,0.166000,0.481264,-0.282887,0.220108,0.220072,-0.009704,-0.040697,-0.267005,-0.424060,0.701178,0.528809,-0.302625,0.075549,-0.015881
0.032768,0.072446,0.772546,-0.001604,0.021656,-0.819149,0.573169,-0.223036,0.219908,0.163169,0.539593,-0.280944,-0.250152,-0.358795,0.018029,0.121543,0.448758,-0.045249,0.189822,0.052154,0.023965,0.332521,0.185820,0.487098,-0.254649,0.154128,0.220359,-0.001188,-0.040277,-0.281226,-0.433309,0.703849,0.479041,-0.313751,0.073339,-0.015352
0.035330,0.075123,0.771535,0.001852,0.023055,-0.825427,0.564034,-0.227183,0.224800,0.184496,0.537094,-0.286038,-0.245935,-0.383252,0.025719,0.139495,0.460881,-0.033265,0.224371,0.057917,0.019427,0.339366,0.204516,0.492765,-0.225667,0.087915,0.221099,0.007107,-0.040838,-0.295917,-0.442632,0.706504,0.426977,-0.323840,0.071855,-0.014566
0.037872,0.077766,0.770407,0.005573,0.024227,-0.831218,0.555390,-0.232957,0.229486,0.208284,0.537288,-0.292703,-0.233169,-0.405497,0.031920,0.152247,0.468031,-0.020263,0.261800,0.062057,0.013748,0.346118,0.222769,0.498292,-0.195656,0.020833,0.222648,0.014957,-0.042970,-0.311038,-0.451997,0.709264,0.372128,-0.332521,0.071186,-0.013714
0.039821,0.080655,0.769217,0.007097,0.028190,-0.836923,0.546548,-0.242711,0.245155,0.231522,0.547139,-0.304862,-0.216525,-0.421402,0.045205,0.148858,0.462759,-0.001676,0.261800,0.066172,0.014233,0.353116,0.241029,0.503628,-0.164433,-0.047786,0.224719,0.022742,-0.046280,-0.326525,-0.461369,0.712037,0.314288,-0.340330,0.071064,-0.012829
0.041762,0.083679,0.767921,0.008476,0.032573,-0.842071,0.538316,-0.255154,0.262226,0.252734,0.561090,-0.317646,-0.198744,-0.436742,0.057441,0.139757,0.456897,0.015945,0.261800,0.068919,0.015395,0.359962,0.257831,0.509076,-0.132692,-0.116508,0.226634,0.030649,-0.049723,-0.342439,-0.470650,0.714585,0.254670,-0.347804,0.071470,-0.011464
0.043643,0.086725,0.766548,0.009605,0.037395,-0.846405,0.531139,-0.271504,0.279898,0.267184,0.579968,-0.329314,-0.184776,-0.451960,0.068181,0.125891,0.452920,0.031865,0.261800,0.069886,0.017730,0.366686,0.271837,0.515237,-0.101133,-0.184062,0.227653,0.038871,-0.052280,-0.358865,-0.479671,0.716612,0.194503,-0.355494,0.072361,-0.009174
0.045479,0.089847,0.765032,0.010358,0.042944,-0.849845,0.525178,-0.293525,0.298692,0.272369,0.605626,-0.339383,-0.175587,-0.465373,0.078515,0.106354,0.445706,0.051457,0.261800,0.068613,0.021586,0.373310,0.283570,0.522662,-0.069697,-0.251563,0.227645,0.047970,-0.054110,-0.376161,-0.488284,0.718156,0.133507,-0.363628,0.074028,-0.005542
0.047175,0.093156,0.763452,0.010940,0.049104,-0.852637,0.520076,-0.320230,0.318459,0.271211,0.636378,-0.348428,-0.168380,-0.477964,0.088367,0.081014,0.436104,0.074334,0.261800,0.065821,0.026254,0.379599,0.293811,0.531485,-0.038061,-0.319556,0.226745,0.057675,-0.055544,-0.394152,-0.496437,0.719237,0.071298,-0.371937,0.076332,-0.000913
0.048752,0.096658,0.761719,0.011633,0.055293,-0.854989,0.515560,-0.348705,0.337528,0.267047,0.667958,-0.356280,-0.162591,-0.493286,0.095486,0.052393,0.434310,0.092140,0.261800,0.062697,0.030882,0.385339,0.301505,0.541678,-0.006610,-0.385825,0.224685,0.066936,-0.055857,-0.412082,-0.504100,0.719517,0.008922,-0.380306,0.078582,0.004011
0.050276,0.100184,0.759853,0.012595,0.060893,-0.857038,0.511487,-0.375957,0.354455,0.263186,0.696714,-0.363022,-0.157921,-0.513917,0.097449,0.023739,0.449637,0.096298,0.261800,0.060167,0.034836,0.390495,0.305133,0.553178,0.024012,-0.447702,0.221273,0.074665,-0.054329,-0.429209,-0.511276,0.718640,-0.052517,-0.388593,0.080107,0.008523
0.051983,0.103522,0.757880,0.013677,0.065557,-0.858564,0.508315,-0.401315,0.368391,0.259677,0.722444,-0.368566,-0.155113,-0.539649,0.092829,-0.002427,0.484476,0.082202,0.261800,0.057385,0.038038,0.395547,0.304186,0.566343,0.053385,-0.505030,0.216474,0.081013,-0.050595,-0.445504,-0.517978,0.716507,-0.113253,-0.397966,0.081020,0.013070
0.053853,0.106712,0.755741,0.014731,0.069328,-0.859477,0.506238,-0.425817,0.379490,0.255142,0.747158,-0.373112,-0.154240,-0.567406,0.082225,-0.026729,0.532049,0.055624,0.261800,0.053703,0.040439,0.400828,0.299148,0.581438,0.081520,-0.558779,0.210365,0.086375,-0.045085,-0.461221,-0.524208,0.713225,-0.173712,-0.408144,0.081574,0.017812
0.055876,0.109716,0.753530,0.015874,0.072140,-0.860074,0.504793,-0.448848,0.387912,0.250810,0.770634,-0.377230,-0.154035,-0.595006,0.066069,-0.050277,0.587634,0.023069,0.261800,0.050108,0.041564,0.406110,0.289579,0.598121,0.108258,-0.607578,0.203082,0.090068,-0.038348,-0.476373,-0.529969,0.708925,-0.232708,-0.416643,0.081348,0.021575
0.057845,0.112615,0.751190,0.017252,0.074062,-0.860692,0.503415,-0.470018,0.394192,0.247833,0.792547,-0.381371,-0.153093,-0.620741,0.045035,-0.074493,0.646907,-0.008974,0.261800,0.047697,0.041262,0.410937,0.274769,0.615720,0.133345,-0.649648,0.195023,0.091401,-0.031031,-0.491065,-0.535256,0.703899,-0.288933,-0.421005,0.079990,0.023167
0.059765,0.115521,0.748738,0.018962,0.074771,-0.861448,0.501954,-0.488515,0.397843,0.247236,0.812485,-0.385702,-0.150925,-0.644550,0.017175,-0.100339,0.711188,-0.041176,0.261800,0.046598,0.039114,0.415370,0.254231,0.633940,0.157004,-0.684659,0.185763,0.089730,-0.023328,-0.505745,-0.540087,0.698559,-0.341986,-0.420381,0.077292,0.021988
0.061666,0.118305,0.746207,0.020832,0.074176,-0.862071,0.500897,-0.504419,0.398418,0.248234,0.830732,-0.390026,-0.148208,-0.665959,-0.017960,-0.125538,0.781100,-0.076609,0.261800,0.045662,0.035335,0.419894,0.228240,0.652921,0.178965,-0.713403,0.175656,0.085490,-0.015183,-0.520614,-0.544426,0.693005,-0.392350,-0.416127,0.073530,0.018735
0.063479,0.121064,0.743569,0.022656,0.072893,-0.862386,0.500463,-0.519004,0.397008,0.249191,0.847882,-0.394094,-0.145246,-0.683575,-0.056543,-0.147269,0.851826,-0.112383,0.261800,0.044456,0.031007,0.424365,0.196926,0.672607,0.198105,-0.735700,0.166332,0.079663,-0.006847,-0.535330,-0.548135,0.687037,-0.439934,-0.409173,0.069076,0.014172
0.065084,0.123857,0.740891,0.024295,0.071660,-0.862285,0.500738,-0.533848,0.395014,0.248506,0.864652,-0.397674,-0.142402,-0.696993,-0.094093,-0.163549,0.919255,-0.145439,0.261800,0.042819,0.027334,0.428376,0.160332,0.692820,0.213257,-0.751304,0.159452,0.073267,0.001480,-0.549672,-0.551037,0.680456,-0.484464,-0.400423,0.064300,0.009085
0.066532,0.126661,0.738228,0.025852,0.070725,-0.861701,0.501798,-0.549753,0.392629,0.245717,0.881186,-0.400611,-0.139603,-0.707091,-0.130046,-0.174547,0.983874,-0.175047,0.261800,0.040600,0.024669,0.431449,0.117489,0.713561,0.224223,-0.759568,0.154892,0.065835,0.010136,-0.563765,-0.552934,0.672965,-0.525874,-0.389980,0.059258,0.003800
0.067762,0.129423,0.735558,0.027396,0.069708,-0.860726,0.503529,-0.565838,0.389213,0.241809,0.897162,-0.403059,-0.136713,-0.714370,-0.166187,-0.181213,1.047640,-0.202937,0.261800,0.038036,0.022282,0.433828,0.068406,0.734897,0.231126,-0.760895,0.152066,0.057108,0.019100,-0.577862,-0.553739,0.664720,-0.564105,-0.377491,0.053718,-0.002068
0.068854,0.132203,0.732866,0.028778,0.068514,-0.859548,0.505623,-0.581362,0.385169,0.237389,0.912603,-0.405170,-0.134025,-0.718546,-0.201223,-0.183648,1.108927,-0.228909,0.261800,0.035692,0.019809,0.436067,0.014513,0.756577,0.233460,-0.756375,0.151874,0.048460,0.027692,-0.591981,-0.553466,0.656146,-0.598851,-0.363067,0.047609,-0.008807
0.069823,0.134958,0.730167,0.029853,0.067083,-0.858372,0.507746,-0.595617,0.381002,0.233035,0.927450,-0.407154,-0.131843,-0.719410,-0.233751,-0.182231,1.166208,-0.252635,0.261800,0.034152,0.016991,0.438728,-0.042729,0.778101,0.230864,-0.747246,0.155226,0.041274,0.035225,-0.605892,-0.552184,0.647711,-0.630098,-0.346986,0.040861,-0.016716
0.070635,0.137723,0.727476,0.030544,0.065478,-0.857179,0.509926,-0.608704,0.376845,0.228506,0.941806,-0.408973,-0.130300,-0.717080,-0.262915,-0.176658,1.219770,-0.273608,0.261800,0.033423,0.013970,0.441997,-0.103869,0.798933,0.223319,-0.733601,0.163518,0.036070,0.041409,-0.619784,-0.549930,0.639232,-0.658092,-0.327911,0.033420,-0.026002
0.071100,0.140799,0.724852,0.030457,0.065902,-0.856487,0.511038,-0.624219,0.378871,0.221207,0.957791,-0.411075,-0.130671,-0.712091,-0.286499,-0.176672,1.268137,-0.290221,0.238769,0.035891,0.014531,0.444220,-0.168790,0.818727,0.211570,-0.715680,0.175874,0.032104,0.046679,-0.633804,-0.546703,0.630543,-0.683101,-0.306202,0.025228,-0.036360
0.071444,0.143901,0.722274,0.030228,0.066522,-0.855993,0.511798,-0.639453,0.381925,0.213800,0.973421,-0.413023,-0.131535,-0.705048,-0.308289,-0.176706,1.313075,-0.304804,0.210430,0.039212,0.014938,0.446583,-0.235149,0.837210,0.196591,-0.694704,0.189812,0.028843,0.051361,-0.648035,-0.542522,0.622278,-0.704828,-0.284435,0.016265,-0.047350
0.071672,0.146959,0.719770,0.030099,0.066934,-0.855758,0.512144,-0.653744,0.385154,0.207385,0.988351,-0.414881,-0.132443,-0.696378,-0.329316,-0.175873,1.354354,-0.318225,0.184375,0.042886,0.014194,0.449291,-0.299665,0.854181,0.179928,-0.672531,0.202720,0.025736,0.055752,-0.662706,-0.537420,0.615113,-0.722827,-0.265072,0.006583,-0.058565
0.071806,0.150048,0.717269,0.030064,0.067111,-0.855857,0.511959,-0.666925,0.388768,0.202198,1.002607,-0.416752,-0.133325,-0.685979,-0.349948,-0.174631,1.392332,-0.330596,0.160788,0.047004,0.012263,0.452554,-0.361200,0.869422,0.162781,-0.650314,0.215112,0.023305,0.059212,-0.678046,-0.531325,0.609592,-0.737046,-0.247655,-0.004289,-0.070972
0.071851,0.153132,0.714765,0.030062,0.067092,-0.856195,0.511395,-0.679122,0.392648,0.197855,1.016167,-0.418532,-0.134267,-0.673846,-0.369682,-0.172315,1.427309,-0.341496,0.139678,0.051161,0.009332,0.456571,-0.421618,0.882640,0.144639,-0.626609,0.228346,0.021552,0.061676,-0.694054,-0.524047,0.605800,-0.747865,-0.231660,-0.016193,-0.084471
0.071835,0.156178,0.712306,0.030153,0.066932,-0.856682,0.510594,-0.690681,0.396589,0.194084,1.029075,-0.420119,-0.135320,-0.660490,-0.387979,-0.168809,1.458566,-0.350718,0.120829,0.054823,0.005719,0.460696,-0.478267,0.893918,0.126833,-0.602153,0.239823,0.019170,0.064303,-0.711923,-0.515748,0.602539,-0.753952,-0.217404,-0.028019,-0.096932
0.071716,0.159204,0.709854,0.030401,0.066705,-0.857226,0.509696,-0.701984,0.400399,0.190583,1.041363,-0.421401,-0.136543,-0.646394,-0.404151,-0.164074,1.485342,-0.357997,0.104069,0.058108,0.001775,0.465047,-0.531550,0.903313,0.108813,-0.576223,0.247456,0.014854,0.068296,-0.728245,-0.506165,0.600495,-0.757485,-0.210251,-0.038467,-0.106777
0.071543,0.162244,0.707441,0.030864,0.066326,-0.857850,0.508667,-0.712930,0.403944,0.187596,1.052998,-0.422333,-0.137923,-0.631695,-0.418924,-0.158358,1.508448,-0.363818,0.088812,0.060346,-0.002847,0.469075,-0.580137,0.911050,0.091396,-0.548716,0.250331,0.008175,0.073868,-0.746855,-0.495661,0.598153,-0.755759,-0.207114,-0.047591,-0.113152
0.071287,0.165241,0.705093,0.031493,0.065811,-0.858585,0.507453,-0.723447,0.407412,0.185132,1.064035,-0.422997,-0.139434,-0.616197,-0.432208,-0.151825,1.528062,-0.367969,0.075418,0.062195,-0.008061,0.473255,-0.625615,0.917071,0.073845,-0.519364,0.249917,-0.000167,0.080405,-0.765374,-0.484131,0.596561,-0.750624,-0.209242,-0.055769,-0.117436
0.070932,0.168236,0.702750,0.032187,0.065339,-0.859359,0.506158,-0.733814,0.411027,0.182653,1.074538,-0.423429,-0.141103,-0.599820,-0.442017,-0.144342,1.542440,-0.369012,0.065198,0.063804,-0.013160,0.477228,-0.667595,0.921555,0.056550,-0.488315,0.246806,-0.009829,0.087754,-0.783178,-0.471587,0.595535,-0.741977,-0.215118,-0.062401,-0.120105
0.070551,0.171251,0.700480,0.032847,0.065098,-0.860101,0.504886,-0.744398,0.415014,0.179569,1.084658,-0.423696,-0.142978,-0.582459,-0.446288,-0.135813,1.549910,-0.365511,0.059472,0.064651,-0.017876,0.480882,-0.706973,0.924487,0.039049,-0.454449,0.242608,-0.020445,0.095858,-0.800350,-0.458135,0.594762,-0.729974,-0.222386,-0.066935,-0.121632
0.070044,0.174249,0.698236,0.033510,0.065127,-0.860809,0.503630,-0.755284,0.419360,0.175926,1.094222,-0.423726,-0.145063,-0.565498,-0.444216,-0.125019,1.552439,-0.353668,0.054941,0.065118,-0.021855,0.484046,-0.743040,0.926056,0.021492,-0.418046,0.234692,-0.032990,0.105249,-0.816462,-0.443886,0.593963,-0.714369,-0.232160,-0.068498,-0.120737
0.069451,0.177274,0.696074,0.034203,0.065349,-0.861519,0.502340,-0.766328,0.423992,0.171918,1.103240,-0.423518,-0.147351,-0.548359,-0.436765,-0.112573,1.550193,-0.335291,0.052235,0.065211,-0.025432,0.486877,-0.776138,0.926273,0.003709,-0.378956,0.223570,-0.047373,0.115694,-0.831653,-0.428891,0.593221,-0.695363,-0.244833,-0.067689,-0.117618
0.068753,0.180262,0.693968,0.034805,0.065770,-0.862207,0.501060,-0.777497,0.429023,0.167204,1.112027,-0.423194,-0.149874,-0.527995,-0.424533,-0.100852,1.538840,-0.317573,0.058527,0.064891,-0.028656,0.489325,-0.806728,0.925150,-0.013941,-0.337407,0.213883,-0.061571,0.125958,-0.845811,-0.413267,0.592804,-0.673464,-0.258035,-0.066105,-0.114874
0.067867,0.183287,0.691873,0.035205,0.066374,-0.862851,0.499844,-0.788734,0.434505,0.161483,1.120889,-0.422879,-0.152656,-0.501474,-0.408292,-0.091926,1.514018,-0.307898,0.080741,0.064369,-0.031340,0.491173,-0.834125,0.923019,-0.030321,-0.294603,0.209475,-0.073470,0.134898,-0.858793,-0.397278,0.592805,-0.648802,-0.269317,-0.065256,-0.115102
0.066785,0.186285,0.689794,0.035299,0.067280,-0.863474,0.498638,-0.800134,0.440801,0.154415,1.129889,-0.422552,-0.155783,-0.465962,-0.385538,-0.085367,1.470105,-0.305044,0.128448,0.063436,-0.033417,0.492639,-0.858403,0.919909,-0.045687,-0.249621,0.213318,-0.083102,0.143211,-0.870646,-0.381017,0.593522,-0.621015,-0.279344,-0.064986,-0.118942
0.065519,0.189248,0.687775,0.035199,0.068393,-0.864071,0.497458,-0.811580,0.447570,0.146378,1.138751,-0.422135,-0.159177,-0.423840,-0.357697,-0.079804,1.410607,-0.306846,0.194279,0.062305,-0.034905,0.493636,-0.879013,0.916010,-0.059971,-0.202919,0.222174,-0.091289,0.151271,-0.881165,-0.364584,0.594646,-0.590123,-0.288986,-0.064617,-0.125034
0.064039,0.192084,0.685698,0.035127,0.069367,-0.864577,0.496449,-0.822711,0.453827,0.138198,1.147303,-0.421673,-0.162610,-0.380101,-0.331798,-0.076615,1.344839,-0.318519,0.259740,0.060787,-0.036619,0.494130,-0.896418,0.911496,-0.072712,-0.155897,0.232273,-0.097046,0.157630,-0.890042,-0.348188,0.595933,-0.558126,-0.296060,-0.064841,-0.133257
0.061904,0.195127,0.683739,0.033471,0.074732,-0.865592,0.494009,-0.840970,0.469899,0.119983,1.158138,-0.421148,-0.169051,-0.340520,-0.305547,-0.093520,1.278893,-0.341079,0.261800,0.061859,-0.030341,0.492222,-0.912886,0.905978,-0.084034,-0.108184,0.240989,-0.099456,0.160828,-0.897244,-0.332085,0.597545,-0.527649,-0.298198,-0.066414,-0.143557
0.059801,0.198037,0.681533,0.032670,0.077488,-0.866060,0.492816,-0.855402,0.479490,0.106137,1.167722,-0.420783,-0.174325,-0.302515,-0.287028,-0.105884,1.214640,-0.386179,0.261800,0.060764,-0.029005,0.490571,-0.926946,0.899787,-0.093386,-0.060703,0.247516,-0.096567,0.158614,-0.901613,-0.316556,0.598806,-0.497720,-0.293802,-0.069884,-0.157130
0.057728,0.200704,0.679296,0.032327,0.078824,-0.866211,0.492362,-0.867607,0.485539,0.094613,1.176630,-0.420580,-0.179050,-0.264518,-0.272134,-0.116679,1.147766,-0.448349,0.261800,0.058210,-0.030519,0.488933,-0.939022,0.892919,-0.101283,-0.012493,0.253829,-0.089496,0.152337,-0.903420,-0.301713,0.600081,-0.468234,-0.284390,-0.074881,-0.173694
0.055738,0.203233,0.677175,0.032516,0.079456,-0.866244,0.492191,-0.878504,0.489392,0.085194,1.184329,-0.420149,-0.182900,-0.230967,-0.261168,-0.127986,1.085829,-0.512529,0.261800,0.055059,-0.033265,0.487198,-0.948890,0.885708,-0.107794,0.034232,0.257312,-0.082022,0.145692,-0.903867,-0.287779,0.601371,-0.440431,-0.272659,-0.080703,-0.190731
0.054062,0.205591,0.675318,0.033328,0.080018,-0.866339,0.491877,-0.889009,0.492196,0.077674,1.190275,-0.419062,-0.185514,-0.206261,-0.254776,-0.141852,1.036828,-0.563929,0.261800,0.052011,-0.035854,0.485398,-0.956323,0.878711,-0.112880,0.077194,0.255166,-0.077820,0.142458,-0.904114,-0.275031,0.602657,-0.415802,-0.261218,-0.086514,-0.205776
0.052768,0.207909,0.673728,0.035187,0.080423,-0.866399,0.491575,-0.899643,0.493011,0.072625,1.194106,-0.417060,-0.186395,-0.192670,-0.256646,-0.162556,1.004681,-0.600098,0.261800,0.048700,-0.038817,0.483277,-0.961716,0.872365,-0.116725,0.117119,0.243077,-0.078679,0.143621,-0.904107,-0.263723,0.603804,-0.395206,-0.248596,-0.092294,-0.218549
0.051856,0.210174,0.672368,0.037865,0.080462,-0.866376,0.491412,-0.909856,0.491831,0.069884,1.196286,-0.414445,-0.185902,-0.186980,-0.266206,-0.189673,0.985148,-0.629123,0.261800,0.044933,-0.042628,0.481035,-0.965005,0.866783,-0.119278,0.154534,0.223431,-0.082360,0.147184,-0.903059,-0.253959,0.604833,-0.378296,-0.234003,-0.098440,-0.230251
0.051230,0.212282,0.671208,0.040522,0.080472,-0.866511,0.490960,-0.918925,0.490900,0.068285,1.197567,-0.411657,-0.184873,-0.185708,-0.277699,-0.217185,0.974095,-0.651911,0.261800,0.041638,-0.045990,0.479403,-0.964723,0.862076,-0.119861,0.186403,0.203340,-0.086521,0.152516,-0.901051,-0.245728,0.605991,-0.364567,-0.221088,-0.104551,-0.240691
0.050743,0.214199,0.670416,0.042377,0.080793,-0.867074,0.489754,-0.926198,0.492487,0.066720,1.198622,-0.409095,-0.184135,-0.186028,-0.285240,-0.238293,0.967188,-0.668996,0.261800,0.039492,-0.047796,0.479191,-0.961046,0.858267,-0.118275,0.211206,0.190102,-0.088794,0.159019,-0.898450,-0.238847,0.607774,-0.353504,-0.213493,-0.110141,-0.249762
0.050358,0.215925,0.669974,0.043117,0.081623,-0.868187,0.487575,-0.931451,0.497499,0.064746,1.199520,-0.406851,-0.183800,-0.187946,-0.287689,-0.251943,0.964363,-0.679143,0.261800,0.038974,-0.047123,0.480737,-0.951557,0.855557,-0.113576,0.226207,0.185629,-0.088186,0.168376,-0.895196,-0.233192,0.610320,-0.345217,-0.213646,-0.115049,-0.257367
0.049994,0.217517,0.669739,0.043222,0.082689,-0.869683,0.484712,-0.935022,0.504536,0.063101,1.199913,-0.404719,-0.183436,-0.192957,-0.288413,-0.261030,0.967692,-0.682619,0.261800,0.039219,-0.044968,0.483695,-0.937225,0.854009,-0.105966,0.233347,0.186021,-0.086068,0.180210,-0.891502,-0.228648,0.613670,-0.339776,-0.219074,-0.119412,-0.263667
0.049687,0.219043,0.669679,0.043139,0.083644,-0.871421,0.481423,-0.937161,0.512470,0.062482,1.199848,-0.402616,-0.183056,-0.200902,-0.287988,-0.264464,0.975785,-0.681702,0.261800,0.039864,-0.042780,0.487237,-0.919202,0.853430,-0.095816,0.234444,0.189401,-0.083424,0.191168,-0.887645,-0.225070,0.617545,-0.335997,-0.226239,-0.123230,-0.268832
0.049397,0.220485,0.669708,0.043313,0.084150,-0.873268,0.477961,-0.938104,0.520212,0.063585,1.199395,-0.400467,-0.182675,-0.211607,-0.286871,-0.261226,0.987225,-0.678668,0.261800,0.040589,-0.042005,0.490595,-0.899792,0.853407,-0.084000,0.232266,0.194099,-0.081303,0.197894,-0.883785,-0.222248,0.621683,-0.332836,-0.231759,-0.126540,-0.273018
0.049103,0.221851,0.669809,0.043846,0.084094,-0.875384,0.474034,-0.937417,0.528216,0.067153,1.198486,-0.398249,-0.182304,-0.226721,-0.284222,-0.248000,1.003593,-0.672631,0.261800,0.042160,-0.043003,0.493532,-0.878562,0.853724,-0.070283,0.226232,0.202252,-0.079825,0.199088,-0.879902,-0.220062,0.625918,-0.329847,-0.235173,-0.129291,-0.275766
0.048838,0.223145,0.669983,0.044511,0.083678,-0.877771,0.469611,-0.935104,0.536864,0.072664,1.197132,-0.396007,-0.181943,-0.245713,-0.279739,-0.226476,1.024893,-0.662700,0.261800,0.044494,-0.044957,0.496443,-0.855212,0.854280,-0.054618,0.215877,0.214058,-0.078515,0.196659,-0.876057,-0.218449,0.630445,-0.327405,-0.238215,-0.131501,-0.277122
0.048454,0.224315,0.670227,0.045255,0.083041,-0.880067,0.465336,-0.932033,0.544938,0.078895,1.195480,-0.393736,-0.181620,-0.265208,-0.274769,-0.203031,1.047436,-0.651432,0.261800,0.046379,-0.047425,0.499224,-0.830860,0.854819,-0.037929,0.202890,0.224810,-0.077545,0.192223,-0.872461,-0.217376,0.635132,-0.325373,-0.240632,-0.133345,-0.277912
0.048090,0.225337,0.670515,0.046032,0.082297,-0.881921,0.461870,-0.929101,0.551191,0.084635,1.193709,-0.391463,-0.181337,-0.281971,-0.271122,-0.183871,1.067532,-0.641344,0.261800,0.046799,-0.049961,0.501663,-0.806394,0.855016,-0.021294,0.188699,0.229750,-0.077012,0.187488,-0.869201,-0.216890,0.639721,-0.323563,-0.242202,-0.135002,-0.278926
0.047669,0.226232,0.670791,0.046913,0.081383,-0.883273,0.459353,-0.926268,0.555192,0.089998,1.191624,-0.389110,-0.181014,-0.296105,-0.269491,-0.169414,1.085340,-0.632279,0.261800,0.045605,-0.052746,0.503673,-0.782382,0.854594,-0.005186,0.173967,0.226337,-0.077507,0.182233,-0.866119,-0.217090,0.644191,-0.321872,-0.242625,-0.136657,-0.280446
0.047244,0.226909,0.671071,0.047893,0.080270,-0.884308,0.457453,-0.923158,0.557639,0.095484,1.189212,-0.386697,-0.180669,-0.309054,-0.268964,-0.156723,1.102413,-0.623080,0.261800,0.043534,-0.055817,0.505276,-0.758661,0.853460,0.010562,0.158099,0.217642,-0.078728,0.175857,-0.863119,-0.218069,0.648465,-0.320385,-0.242060,-0.138175,-0.281996
0.046789,0.227416,0.671307,0.048822,0.079105,-0.885046,0.456128,-0.920156,0.558929,0.100434,1.186879,-0.384374,-0.180457,-0.319745,-0.269272,-0.146720,1.117310,-0.615101,0.261800,0.040858,-0.058599,0.506515,-0.735815,0.851594,0.025492,0.141204,0.207429,-0.079428,0.169487,-0.860198,-0.219833,0.652328,-0.319409,-0.241222,-0.139242,-0.283279
0.046350,0.227782,0.671503,0.049548,0.078025,-0.885505,0.455343,-0.917616,0.559461,0.104234,1.185024,-0.382290,-0.180521,-0.327121,-0.270241,-0.140347,1.128622,-0.609613,0.261800,0.037834,-0.060566,0.507423,-0.714813,0.849035,0.038918,0.123734,0.199498,-0.078419,0.164288,-0.857400,-0.222334,0.655525,-0.319150,-0.240793,-0.139547,-0.283982
0.045814,0.228024,0.671636,0.050001,0.077007,-0.885582,0.455319,-0.915628,0.558835,0.106560,1.183746,-0.380431,-0.180792,-0.330174,-0.272495,-0.138942,1.135523,-0.607281,0.261800,0.034106,-0.061601,0.508003,-0.695597,0.845732,0.050376,0.105680,0.194528,-0.074817,0.161338,-0.854604,-0.225588,0.657938,-0.319634,-0.241131,-0.138901,-0.284005
0.045190,0.228223,0.671668,0.050270,0.075987,-0.885302,0.456003,-0.914002,0.556997,0.107800,1.182835,-0.378733,-0.181229,-0.329730,-0.276053,-0.141621,1.138966,-0.607375,0.261800,0.029766,-0.061959,0.508205,-0.677969,0.841690,0.060067,0.086961,0.190655,-0.069466,0.159814,-0.851764,-0.229642,0.659626,-0.320738,-0.241815,-0.137504,-0.283507
0.044512,0.228296,0.671648,0.050458,0.075038,-0.884882,0.456955,-0.912650,0.554839,0.108428,1.182187,-0.377280,-0.181993,-0.327472,-0.279841,-0.146004,1.140223,-0.608953,0.261800,0.025701,-0.061705,0.508014,-0.662438,0.837155,0.068496,0.067754,0.187817,-0.063803,0.158009,-0.849063,-0.234435,0.660661,-0.322498,-0.242378,-0.135646,-0.282550
0.043788,0.228304,0.671584,0.050668,0.074237,-0.884537,0.457729,-0.911481,0.553264,0.108922,1.181676,-0.376137,-0.183250,-0.325083,-0.282759,-0.149701,1.140509,-0.611093,0.261800,0.022756,-0.060953,0.507385,-0.648826,0.832511,0.076512,0.047691,0.185815,-0.059242,0.154210,-0.846712,-0.239809,0.661110,-0.324904,-0.242342,-0.133616,-0.281198
0.043023,0.228273,0.671480,0.050859,0.073651,-0.884265,0.458328,-0.910652,0.552433,0.109067,1.181406,-0.375347,-0.185128,-0.322322,-0.284540,-0.152709,1.139349,-0.614065,0.261800,0.020836,-0.059680,0.506250,-0.636949,0.827966,0.084649,0.026497,0.184940,-0.056123,0.147056,-0.844875,-0.245608,0.660982,-0.327907,-0.241331,-0.131382,-0.279194
0.042229,0.228221,0.671341,0.051000,0.073223,-0.883971,0.458948,-0.910138,0.551886,0.108733,1.181382,-0.374867,-0.187511,-0.318523,-0.285720,-0.156093,1.136362,-0.618181,0.261800,0.019420,-0.057960,0.504679,-0.626490,0.823587,0.092754,0.004146,0.185054,-0.053705,0.137710,-0.843556,-0.251718,0.660344,-0.331446,-0.239700,-0.128827,-0.276607
0.041420,0.228144,0.671150,0.051208,0.072838,-0.883735,0.459440,-0.909596,0.551610,0.108525,1.181391,-0.374659,-0.190197,-0.314789,-0.286589,-0.159017,1.132941,-0.622632,0.261800,0.018636,-0.056105,0.502841,-0.617253,0.819605,0.100625,-0.019137,0.185329,-0.051777,0.128236,-0.842920,-0.258037,0.659416,-0.335322,-0.237947,-0.126125,-0.273953
0.040555,0.228047,0.670951,0.051598,0.072381,-0.883639,0.459654,-0.908674,0.551599,0.109044,1.181198,-0.374674,-0.192983,-0.312209,-0.287420,-0.160654,1.130470,-0.626635,0.261800,0.018672,-0.054455,0.500972,-0.609341,0.816343,0.107903,-0.042939,0.184888,-0.050117,0.120693,-0.842864,-0.264392,0.658421,-0.339571,-0.236810,-0.123448,-0.271774
0.039688,0.227895,0.670781,0.052229,0.071825,-0.883734,0.459487,-0.907229,0.551952,0.110522,1.180688,-0.374972,-0.196065,-0.311119,-0.288138,-0.160514,1.129089,-0.630159,0.261800,0.019636,-0.053238,0.498968,-0.602550,0.814103,0.114621,-0.067931,0.183430,-0.048770,0.115445,-0.843681,-0.270645,0.657397,-0.344148,-0.236475,-0.120640,-0.270029
0.038825,0.227726,0.670614,0.053028,0.071227,-0.883967,0.459039,-0.905442,0.552635,0.112635,1.179977,-0.375549,-0.199461,-0.310918,-0.288626,-0.159132,1.128112,-0.633585,0.261800,0.021339,-0.052384,0.496778,-0.596890,0.812973,0.120968,-0.093979,0.181283,-0.047825,0.111466,-0.845359,-0.276686,0.656261,-0.349011,-0.236607,-0.117692,-0.268483
0.037948,0.227543,0.670439,0.053920,0.070604,-0.884261,0.458465,-0.903513,0.553445,0.115098,1.179265,-0.376268,-0.202714,-0.311334,-0.289180,-0.157188,1.127805,-0.636644,0.261800,0.023442,-0.051800,0.494632,-0.592543,0.812909,0.126937,-0.119642,0.178546,-0.047051,0.108746,-0.847689,-0.282450,0.655036,-0.353939,-0.236839,-0.115005,-0.267333
0.037106,0.227289,0.670283,0.054825,0.069973,-0.884538,0.457921,-0.901622,0.554174,0.117641,1.178708,-0.376968,-0.205365,-0.312085,-0.290020,-0.155387,1.128379,-0.639059,0.261800,0.025703,-0.051323,0.492769,-0.589999,0.813782,0.132314,-0.143327,0.175367,-0.046230,0.107276,-0.850206,-0.287859,0.653709,-0.358808,-0.237009,-0.112974,-0.266805
0.036259,0.226986,0.670168,0.055784,0.069367,-0.884806,0.457378,-0.899939,0.554901,0.120291,1.178397,-0.377576,-0.207152,-0.313447,-0.291182,-0.153758,1.130141,-0.640661,0.261800,0.028251,-0.050848,0.491124,-0.589530,0.815578,0.137141,-0.165168,0.171608,-0.045277,0.107081,-0.852972,-0.292855,0.652225,-0.363556,-0.237460,-0.111915,-0.267183
0.035382,0.226671,0.670084,0.056816,0.068765,-0.885097,0.456779,-0.898301,0.555689,0.123180,1.178205,-0.378169,-0.208362,-0.315450,-0.292567,-0.151983,1.132869,-0.641586,0.261800,0.031134,-0.050471,0.489581,-0.590897,0.818331,0.141460,-0.185723,0.167287,-0.044333,0.108160,-0.856303,-0.297418,0.650602,-0.368064,-0.238094,-0.111551,-0.268256
0.034487,0.226281,0.670007,0.057821,0.068107,-0.885368,0.456225,-0.896465,0.556310,0.126123,1.178051,-0.378860,-0.209379,-0.317467,-0.294178,-0.150200,1.136093,-0.642214,0.261800,0.034137,-0.050266,0.488318,-0.593763,0.821893,0.144974,-0.204195,0.162791,-0.043508,0.110497,-0.859751,-0.301496,0.648983,-0.372401,-0.238464,-0.111371,-0.269532
0.033566,0.225845,0.669940,0.058693,0.067331,-0.885579,0.455820,-0.894182,0.556537,0.128952,1.177842,-0.379760,-0.210580,-0.318867,-0.296011,-0.148568,1.139315,-0.642898,0.261800,0.036932,-0.050300,0.487440,-0.597901,0.826030,0.147360,-0.219511,0.158601,-0.042923,0.114069,-0.863343,-0.305117,0.647494,-0.376314,-0.237705,-0.110878,-0.270463
0.032642,0.225372,0.669882,0.059372,0.066400,-0.885737,0.455562,-0.891259,0.556366,0.131684,1.177562,-0.380899,-0.212039,-0.319593,-0.298045,-0.146961,1.142680,-0.643508,0.261800,0.039656,-0.050446,0.487119,-0.603667,0.830608,0.148331,-0.231427,0.154807,-0.042816,0.119784,-0.866977,-0.308279,0.646140,-0.379821,-0.235298,-0.109984,-0.270915
0.031722,0.224850,0.669816,0.059924,0.065353,-0.885859,0.455403,-0.887868,0.555899,0.134392,1.177247,-0.382211,-0.213558,-0.319938,-0.300300,-0.145350,1.146348,-0.643907,0.261800,0.042441,-0.050639,0.487198,-0.611145,0.835610,0.148002,-0.240436,0.151262,-0.043076,0.127348,-0.870772,-0.310996,0.644836,-0.382913,-0.231729,-0.108944,-0.271156
0.030785,0.224275,0.669723,0.060439,0.064245,-0.885911,0.455391,-0.884320,0.555069,0.136965,1.176912,-0.383680,-0.215124,-0.319818,-0.302812,-0.144044,1.149879,-0.644456,0.261800,0.045088,-0.050993,0.487406,-0.619809,0.840928,0.146593,-0.246665,0.148064,-0.043274,0.134923,-0.874519,-0.313282,0.643594,-0.385562,-0.228139,-0.107751,-0.271318
0.029852,0.223661,0.669616,0.061007,0.063130,-0.885863,0.455566,-0.880924,0.553803,0.139297,1.176556,-0.385281,-0.216714,-0.319140,-0.305588,-0.143362,1.152837,-0.645524,0.261800,0.047401,-0.051584,0.487476,-0.629103,0.846391,0.144361,-0.250351,0.145342,-0.042973,0.140657,-0.877977,-0.315136,0.642449,-0.387763,-0.225728,-0.106395,-0.271534
0.028841,0.222991,0.669460,0.061649,0.062018,-0.885696,0.455956,-0.877780,0.552058,0.141356,1.176207,-0.387010,-0.218242,-0.317877,-0.308673,-0.143381,1.155132,-0.647145,0.261800,0.049319,-0.052336,0.487358,-0.639110,0.851877,0.141373,-0.251304,0.143273,-0.041939,0.144206,-0.881084,-0.316509,0.641420,-0.389467,-0.225037,-0.104814,-0.271884
0.027747,0.222249,0.669309,0.062316,0.060883,-0.885430,0.456534,-0.874708,0.549885,0.143198,1.175842,-0.388873,-0.219745,-0.316068,-0.312047,-0.143945,1.156971,-0.649154,0.261800,0.050912,-0.053179,0.487168,-0.649851,0.857355,0.137629,-0.249672,0.141787,-0.040437,0.146480,-0.884101,-0.317399,0.640524,-0.390539,-0.225307,-0.103031,-0.272266
0.026677,0.221458,0.669127,0.062999,0.059726,-0.885088,0.457257,-0.871654,0.547366,0.144826,1.175443,-0.390884,-0.221399,-0.313749,-0.315675,-0.145013,1.158423,-0.651559,0.261800,0.052250,-0.054191,0.486940,-0.660751,0.862776,0.133244,-0.246048,0.140632,-0.038780,0.147508,-0.887013,-0.317850,0.639817,-0.391113,-0.226030,-0.101151,-0.272585
0.025533,0.220646,0.668917,0.063686,0.058547,-0.884688,0.458087,-0.868548,0.544583,0.146245,1.174975,-0.393047,-0.223376,-0.310938,-0.319500,-0.146554,1.159527,-0.654392,0.261800,0.053374,-0.055460,0.486755,-0.671719,0.868055,0.128113,-0.240686,0.139680,-0.037296,0.147299,-0.889705,-0.317905,0.639380,-0.391405,-0.226791,-0.099276,-0.272774
0.024373,0.219766,0.668693,0.064348,0.057371,-0.884255,0.458978,-0.865346,0.541665,0.147449,1.174439,-0.395418,-0.225796,-0.307629,-0.323382,-0.148484,1.160212,-0.657646,0.261800,0.054402,-0.056865,0.486561,-0.682374,0.873157,0.122535,-0.233730,0.138705,-0.035761,0.145098,-0.892262,-0.317652,0.639171,-0.391341,-0.227628,-0.097325,-0.272826
0.023195,0.218820,0.668468,0.065000,0.056193,-0.883773,0.459960,-0.862101,0.538542,0.148430,1.173855,-0.397977,-0.228542,-0.303817,-0.327377,-0.150855,1.160495,-0.661314,0.261800,0.055281,-0.058387,0.486395,-0.693127,0.878043,0.116374,-0.224859,0.137933,-0.034113,0.141123,-0.894565,-0.317100,0.639230,-0.390994,-0.228840,-0.095272,-0.272801
0.021886,0.217874,0.668225,0.065690,0.054964,-0.883198,0.461113,-0.858890,0.534985,0.149206,1.173209,-0.400627,-0.231424,-0.299491,-0.331759,-0.153843,1.160488,-0.665445,0.261800,0.055888,-0.060161,0.486249,-0.703316,0.882704,0.109674,-0.214963,0.137510,-0.032886,0.136907,-0.896614,-0.316284,0.639493,-0.390426,-0.229853,-0.093320,-0.272637
0.020503,0.216870,0.667960,0.066467,0.053637,-0.882487,0.462516,-0.855780,0.530765,0.149794,1.172484,-0.403269,-0.234254,-0.294661,-0.336773,-0.157627,1.160332,-0.670066,0.261800,0.056025,-0.062383,0.486173,-0.712846,0.887113,0.102236,-0.204450,0.137742,-0.032633,0.133959,-0.898418,-0.315230,0.640014,-0.389798,-0.230151,-0.091674,-0.272294
0.019060,0.215835,0.667700,0.067246,0.052240,-0.881689,0.464084,-0.852671,0.526131,0.150112,1.171781,-0.405982,-0.237130,-0.289191,-0.342318,-0.162249,1.159939,-0.675269,0.261800,0.055888,-0.064853,0.486258,-0.721294,0.891331,0.094151,-0.193340,0.139160,-0.033937,0.132708,-0.899950,-0.313946,0.640872,-0.389000,-0.229306,-0.090531,-0.271880
0.017608,0.214717,0.667386,0.068032,0.050789,-0.880803,0.465809,-0.849572,0.521109,0.150169,1.171075,-0.408788,-0.240100,-0.283095,-0.348289,-0.167651,1.159268,-0.681011,0.261800,0.055459,-0.067571,0.486467,-0.728974,0.895369,0.085450,-0.181310,0.141487,-0.036364,0.132337,-0.901245,-0.312439,0.642037,-0.388043,-0.227655,-0.089732,-0.271387
0.016082,0.213658,0.667032,0.068952,0.049392,-0.879744,0.467820,-0.847040,0.515533,0.149725,1.170284,-0.411497,-0.243009,-0.276661,-0.354495,-0.173916,1.158419,-0.687067,0.261800,0.054576,-0.070553,0.486490,-0.736072,0.899100,0.076158,-0.169024,0.143576,-0.038914,0.132525,-0.902183,-0.310763,0.643270,-0.387196,-0.225936,-0.088953,-0.270576
0.014394,0.212500,0.666695,0.070170,0.048037,-0.878407,0.470287,-0.845403,0.508972,0.148802,1.169192,-0.413883,-0.245650,-0.270157,-0.360831,-0.181079,1.157553,-0.693277,0.260621,0.053210,-0.073844,0.485939,-0.741299,0.902456,0.067017,-0.158347,0.143838,-0.040577,0.132949,-0.902542,-0.309064,0.644223,-0.386499,-0.224933,-0.087867,-0.269191
0.012643,0.211334,0.666328,0.071857,0.046470,-0.876798,0.473183,-0.844187,0.500970,0.148279,1.167633,-0.415997,-0.247938,-0.263866,-0.368000,-0.188790,1.156871,-0.699880,0.257275,0.051031,-0.078177,0.484910,-0.746065,0.905309,0.057637,-0.146915,0.141650,-0.042751,0.133389,-0.902389,-0.307383,0.645024,-0.386373,-0.224650,-0.086357,-0.267116
0.010748,0.210125,0.665963,0.073899,0.044730,-0.874946,0.476453,-0.843304,0.491754,0.147973,1.165741,-0.417932,-0.249966,-0.257492,-0.376144,-0.197141,1.156249,-0.706854,0.254041,0.047893,-0.083545,0.483703,-0.752307,0.907390,0.046900,-0.133150,0.138619,-0.045441,0.134026,-0.901903,-0.305704,0.645867,-0.386906,-0.224628,-0.084604,-0.264538
0.008784,0.208890,0.665572,0.076149,0.042830,-0.872709,0.480360,-0.842927,0.481023,0.147171,1.163460,-0.419445,-0.251596,-0.250467,-0.384942,-0.206601,1.155793,-0.714050,0.250728,0.044283,-0.089212,0.482195,-0.756176,0.908819,0.036115,-0.123079,0.135271,-0.045534,0.135144,-0.900598,-0.304206,0.646320,-0.387394,-0.225276,-0.082717,-0.261611
0.006694,0.207667,0.665177,0.078461,0.040790,-0.869941,0.485162,-0.843207,0.468477,0.145178,1.160737,-0.420299,-0.252693,-0.242199,-0.394110,-0.217642,1.155575,-0.721316,0.247162,0.039609,-0.095157,0.480839,-0.757817,0.909408,0.025138,-0.119149,0.133699,-0.039972,0.136895,-0.898528,-0.303020,0.646441,-0.388036,-0.226615,-0.080793,-0.258632
0.004482,0.206442,0.664769,0.080850,0.038595,-0.866545,0.490992,-0.844221,0.453759,0.141884,1.157517,-0.420400,-0.252965,-0.232295,-0.403771,-0.230430,1.155154,-0.728847,0.243770,0.033534,-0.101211,0.479554,-0.757278,0.909056,0.013678,-0.121640,0.134896,-0.024208,0.139580,-0.895953,-0.302252,0.646388,-0.388879,-0.228675,-0.078489,-0.255245
0.002013,0.205179,0.664285,0.083369,0.036246,-0.862588,0.497673,-0.845772,0.437116,0.137685,1.153818,-0.419866,-0.252584,-0.221071,-0.413973,-0.244740,1.154628,-0.736625,0.240529,0.026373,-0.107446,0.478233,-0.755065,0.907738,0.001667,-0.128898,0.137805,-0.001113,0.142943,-0.892674,-0.301961,0.646118,-0.390144,-0.231430,-0.075874,-0.251470
-0.000605,0.203935,0.663813,0.085934,0.033780,-0.858167,0.504999,-0.847655,0.419169,0.132612,1.149788,-0.418815,-0.252124,-0.208985,-0.424359,-0.260442,1.154920,-0.744319,0.236587,0.018921,-0.113984,0.477068,-0.750957,0.905370,-0.010474,-0.141571,0.141074,0.021250,0.146420,-0.887962,-0.302256,0.645233,-0.391678,-0.234888,-0.073664,-0.248103
-0.003481,0.202720,0.663299,0.088463,0.031235,-0.853383,0.512773,-0.849690,0.400529,0.126680,1.145583,-0.417366,-0.252149,-0.196487,-0.434606,-0.277370,1.156963,-0.751637,0.231030,0.012153,-0.120766,0.476166,-0.743633,0.902000,-0.021762,-0.161190,0.143081,0.034814,0.149543,-0.881006,-0.303330,0.643261,-0.393247,-0.239073,-0.072571,-0.245929
-0.006513,0.201517,0.662701,0.090916,0.028708,-0.848160,0.521089,-0.852096,0.381127,0.119476,1.141137,-0.415327,-0.252679,-0.183530,-0.444347,-0.295238,1.160792,-0.758635,0.223896,0.005626,-0.128003,0.475710,-0.733825,0.897456,-0.032235,-0.188203,0.147442,0.037506,0.152645,-0.872027,-0.305282,0.640224,-0.395393,-0.244432,-0.073045,-0.245348
-0.009790,0.200211,0.662042,0.093338,0.026153,-0.842448,0.529987,-0.854792,0.360700,0.111167,1.136421,-0.412710,-0.253467,-0.169822,-0.453888,-0.314148,1.165976,-0.765621,0.215506,-0.000971,-0.135687,0.475667,-0.722336,0.891580,-0.042599,-0.221371,0.154046,0.033605,0.155898,-0.861198,-0.308150,0.636306,-0.398336,-0.250802,-0.074603,-0.245915
-0.013221,0.198900,0.661280,0.095771,0.023389,-0.836394,0.539190,-0.857189,0.339584,0.102605,1.131571,-0.409890,-0.254665,-0.155420,-0.464000,-0.334526,1.172796,-0.772719,0.205308,-0.006623,-0.143638,0.475956,-0.708267,0.884498,-0.052918,-0.259517,0.155992,0.024522,0.158634,-0.847611,-0.312065,0.631358,-0.401628,-0.257308,-0.076550,-0.247178
-0.016788,0.197541,0.660411,0.098265,0.020233,-0.830157,0.548428,-0.858741,0.318120,0.094614,1.126682,-0.407227,-0.256421,-0.140331,-0.475455,-0.356863,1.181554,-0.780051,0.192708,-0.011223,-0.152392,0.476926,-0.693774,0.875916,-0.064557,-0.298717,0.147687,0.011620,0.160089,-0.830953,-0.317128,0.625501,-0.405427,-0.262538,-0.078199,-0.248751
-0.020493,0.196121,0.659434,0.100930,0.016568,-0.823733,0.557676,-0.859390,0.296087,0.087515,1.121693,-0.404845,-0.258062,-0.124402,-0.488832,-0.381612,1.192532,-0.788519,0.176296,-0.014610,-0.162466,0.478396,-0.678751,0.865325,-0.077746,-0.339533,0.122653,-0.006914,0.159321,-0.810666,-0.323500,0.618482,-0.410230,-0.266734,-0.079005,-0.250357
-0.024404,0.194579,0.658331,0.103716,0.012509,-0.817028,0.567056,-0.859437,0.273395,0.080798,1.116551,-0.402529,-0.259738,-0.107405,-0.503594,-0.408496,1.205540,-0.798173,0.156707,-0.016688,-0.173400,0.480388,-0.663235,0.852618,-0.092649,-0.382885,0.085966,-0.031091,0.156375,-0.786582,-0.331273,0.610222,-0.416213,-0.270786,-0.079434,-0.252288
-0.028384,0.192894,0.657110,0.106567,0.008071,-0.810013,0.576592,-0.858829,0.250129,0.074520,1.111144,-0.400002,-0.261800,-0.089309,-0.519408,-0.437002,1.220309,-0.807654,0.136495,-0.017329,-0.184433,0.483046,-0.647592,0.838447,-0.109857,-0.426875,0.048769,-0.056815,0.152216,-0.759588,-0.340613,0.600579,-0.422158,-0.273395,-0.080373,-0.254853
-0.032537,0.191073,0.655763,0.109279,0.003401,-0.802736,0.586226,-0.857580,0.226790,0.068797,1.105636,-0.397176,-0.261800,-0.070056,-0.535383,-0.466567,1.236438,-0.815276,0.118107,-0.016889,-0.195048,0.487023,-0.637151,0.823575,-0.131972,-0.465142,0.022448,-0.080112,0.148541,-0.730934,-0.351579,0.589751,-0.427387,-0.272929,-0.082720,-0.258454
-0.036815,0.189213,0.654283,0.111855,-0.001792,-0.795054,0.596133,-0.855207,0.202789,0.063656,1.099726,-0.393892,-0.261800,-0.047948,-0.552207,-0.499226,1.253298,-0.821310,0.101836,-0.014771,-0.205545,0.492754,-0.630435,0.808496,-0.160310,-0.500175,0.006829,-0.100933,0.147972,-0.698900,-0.364267,0.576918,-0.432895,-0.268695,-0.086649,-0.262930
-0.041245,0.187329,0.652687,0.114331,-0.007463,-0.786998,0.606223,-0.851867,0.178245,0.058967,1.093512,-0.390350,-0.261800,-0.023141,-0.569757,-0.534758,1.271291,-0.826288,0.086344,-0.010797,-0.216277,0.500113,-0.627151,0.793232,-0.194225,-0.532710,-0.003177,-0.121093,0.149407,-0.662894,-0.378775,0.561787,-0.439403,-0.261393,-0.091771,-0.268133
-0.045819,0.185452,0.650991,0.116626,-0.013027,-0.778875,0.616103,-0.848452,0.154614,0.054014,1.087635,-0.386912,-0.261800,0.001286,-0.586315,-0.569136,1.291616,-0.828766,0.071476,-0.004758,-0.226292,0.508500,-0.629056,0.777984,-0.231090,-0.558915,-0.004779,-0.139407,0.149622,-0.623651,-0.394990,0.544762,-0.446303,-0.252851,-0.098140,-0.274451
-0.050490,0.183516,0.649184,0.118678,-0.017904,-0.771008,0.625413,-0.845854,0.133295,0.048153,1.082738,-0.383900,-0.261800,0.021829,-0.600492,-0.598078,1.315408,-0.827184,0.057163,0.003312,-0.234677,0.517273,-0.635607,0.762984,-0.267149,-0.576816,0.004902,-0.154664,0.145489,-0.582147,-0.412558,0.526433,-0.452725,-0.244947,-0.105804,-0.282294
-0.055229,0.181528,0.647346,0.121112,-0.021535,-0.763298,0.634228,-0.846016,0.114361,0.041343,1.078804,-0.380957,-0.261800,0.036559,-0.612628,-0.622544,1.343090,-0.820111,0.044572,0.011420,-0.241284,0.520000,-0.644514,0.747987,-0.302047,-0.583212,0.033424,-0.168335,0.136544,-0.538110,-0.430335,0.509765,-0.454893,-0.236474,-0.116098,-0.293270
-0.059960,0.179440,0.645479,0.123608,-0.024467,-0.755667,0.642720,-0.847498,0.097120,0.033942,1.075645,-0.378192,-0.261800,0.047886,-0.623399,-0.644128,1.373850,-0.808430,0.033444,0.019473,-0.246633,0.520000,-0.653957,0.732682,-0.335318,-0.582398,0.077606,-0.180816,0.124744,-0.493801,-0.447416,0.494632,-0.452264,-0.227526,-0.128506,-0.306584
-0.064722,0.177377,0.643569,0.125866,-0.026826,-0.748356,0.650693,-0.849435,0.081893,0.025972,1.073221,-0.375877,-0.261800,0.054400,-0.632234,-0.658992,1.407660,-0.793853,0.021409,0.027554,-0.250880,0.520000,-0.665749,0.717277,-0.365716,-0.575120,0.120642,-0.189733,0.110563,-0.450506,-0.463550,0.480185,-0.446229,-0.219404,-0.140736,-0.319680
-0.069549,0.175296,0.641703,0.127860,-0.028508,-0.741585,0.657944,-0.851757,0.069040,0.017463,1.071409,-0.374105,-0.261800,0.053601,-0.638603,-0.663255,1.444540,-0.777940,0.006367,0.035037,-0.254202,0.520000,-0.679236,0.701792,-0.392080,-0.562390,0.146180,-0.192351,0.094169,-0.408947,-0.478286,0.466608,-0.437351,-0.212883,-0.150508,-0.330319
-0.074385,0.173189,0.639917,0.129696,-0.029306,-0.735528,0.664319,-0.854865,0.058998,0.008500,1.070376,-0.373001,-0.261800,0.043619,-0.642172,-0.655917,1.485691,-0.758953,-0.013093,0.042313,-0.256561,0.520000,-0.693749,0.686459,-0.412905,-0.542394,0.145602,-0.187263,0.070707,-0.369706,-0.491285,0.453931,-0.424758,-0.209169,-0.156262,-0.337541
-0.079217,0.171012,0.638200,0.131368,-0.029326,-0.730071,0.669984,-0.858705,0.051454,-0.000946,1.070149,-0.372505,-0.261800,0.025832,-0.642930,-0.639492,1.530360,-0.735705,-0.034246,0.049307,-0.258054,0.520000,-0.709172,0.671623,-0.428811,-0.515954,0.129456,-0.175397,0.041643,-0.332890,-0.502444,0.442370,-0.408112,-0.207577,-0.159480,-0.342637
-0.084078,0.168864,0.636563,0.132687,-0.028930,-0.725013,0.675213,-0.862541,0.045650,-0.011032,1.070356,-0.372380,-0.261800,0.002517,-0.640438,-0.615208,1.575823,-0.710564,-0.052941,0.054628,-0.259152,0.520000,-0.725927,0.657189,-0.442084,-0.487501,0.110502,-0.157616,0.016479,-0.298599,-0.511705,0.432468,-0.388825,-0.206043,-0.162453,-0.346722
-0.089080,0.166858,0.634911,0.133442,-0.028492,-0.720152,0.680267,-0.865600,0.040863,-0.021940,1.070663,-0.372411,-0.261800,-0.023945,-0.633914,-0.584042,1.619454,-0.686356,-0.065359,0.057697,-0.259921,0.520000,-0.745972,0.643180,-0.455252,-0.460669,0.099452,-0.135805,0.004001,-0.266186,-0.519152,0.423994,-0.368375,-0.202595,-0.167498,-0.350858
-0.094168,0.164902,0.633280,0.133517,-0.027975,-0.715456,0.685210,-0.867896,0.037122,-0.033985,1.071216,-0.372680,-0.261800,-0.055407,-0.619084,-0.542323,1.661495,-0.662647,-0.071060,0.058080,-0.260385,0.520000,-0.768627,0.629088,-0.468962,-0.434035,0.098371,-0.105966,0.008935,-0.236042,-0.524710,0.417746,-0.345993,-0.195586,-0.175867,-0.355206
-0.099378,0.163005,0.631710,0.133002,-0.027142,-0.711075,0.689888,-0.869903,0.034951,-0.047125,1.072230,-0.373298,-0.261800,-0.091376,-0.595197,-0.492230,1.702945,-0.638360,-0.070354,0.056590,-0.260317,0.520000,-0.794142,0.614640,-0.482346,-0.405760,0.100915,-0.068775,0.025398,-0.208121,-0.528424,0.413338,-0.321414,-0.186569,-0.186153,-0.359114
-0.104778,0.161178,0.630242,0.132048,-0.026077,-0.707052,0.694234,-0.871572,0.034276,-0.060899,1.073382,-0.374009,-0.261800,-0.126393,-0.567930,-0.442384,1.742602,-0.616638,-0.061973,0.053474,-0.260096,0.520000,-0.823409,0.599772,-0.495413,-0.380060,0.107440,-0.033423,0.046232,-0.181705,-0.530651,0.409639,-0.297180,-0.178155,-0.196676,-0.362535
-0.110256,0.159464,0.628812,0.130840,-0.024940,-0.703378,0.698225,-0.872809,0.034815,-0.074781,1.074265,-0.374491,-0.261800,-0.156169,-0.544888,-0.399523,1.779476,-0.600892,-0.046041,0.049090,-0.260074,0.520000,-0.857120,0.584644,-0.508118,-0.361587,0.118766,-0.009107,0.064467,-0.155628,-0.531947,0.405194,-0.276143,-0.172835,-0.205740,-0.365546
-0.115847,0.157827,0.627420,0.129382,-0.023841,-0.699943,0.701977,-0.873497,0.036170,-0.088894,1.074671,-0.374667,-0.261800,-0.180819,-0.525311,-0.361480,1.813048,-0.592697,-0.018375,0.043025,-0.260423,0.520000,-0.894887,0.569096,-0.519436,-0.353385,0.141124,0.000649,0.079320,-0.129148,-0.532450,0.400158,-0.259037,-0.172202,-0.212947,-0.369176
-0.121511,0.156301,0.626049,0.127605,-0.022709,-0.696766,0.705491,-0.873681,0.038497,-0.103407,1.074777,-0.374673,-0.261800,-0.202036,-0.506999,-0.325554,1.844315,-0.591710,0.018316,0.035251,-0.260876,0.520000,-0.936073,0.553004,-0.529371,-0.352790,0.172338,0.001433,0.094364,-0.102707,-0.532223,0.395080,-0.244698,-0.174491,-0.219142,-0.373189
-0.127187,0.154879,0.624761,0.125656,-0.021484,-0.694029,0.708571,-0.873389,0.042197,-0.117705,1.074543,-0.374461,-0.261800,-0.219670,-0.497268,-0.295275,1.874279,-0.596625,0.052450,0.026280,-0.261437,0.520000,-0.980565,0.536504,-0.539380,-0.356125,0.201596,-0.002571,0.109556,-0.076947,-0.531827,0.389338,-0.233351,-0.177030,-0.224515,-0.375819
-0.132847,0.153430,0.623576,0.123716,-0.020086,-0.691908,0.711023,-0.872783,0.047663,-0.131149,1.073993,-0.373991,-0.261800,-0.234607,-0.503673,-0.273028,1.903720,-0.604401,0.072508,0.016669,-0.262048,0.520000,-1.028187,0.519797,-0.551065,-0.359939,0.217865,-0.007538,0.124567,-0.052049,-0.532174,0.382044,-0.225765,-0.177013,-0.229267,-0.375297
-0.138436,0.151964,0.622492,0.122004,-0.018497,-0.690342,0.712882,-0.872349,0.054553,-0.143505,1.073144,-0.373042,-0.261800,-0.245775,-0.535923,-0.262766,1.934330,-0.615317,0.069986,0.005935,-0.262848,0.520000,-1.079379,0.502712,-0.565173,-0.366469,0.212204,-0.014222,0.140358,-0.026921,-0.533958,0.372934,-0.223462,-0.172364,-0.233459,-0.370568
-0.144078,0.150550,0.621476,0.120473,-0.016828,-0.689246,0.714242,-0.871898,0.062598,-0.154938,1.071861,-0.371617,-0.261800,-0.254478,-0.588891,-0.260221,1.965050,-0.629584,0.051902,-0.006059,-0.263719,0.520000,-1.133517,0.484983,-0.580469,-0.377106,0.192499,-0.024635,0.156682,-0.000773,-0.537352,0.362032,-0.226735,-0.164716,-0.236895,-0.362831
-0.149693,0.149229,0.620518,0.118867,-0.015132,-0.688795,0.714984,-0.870699,0.072406,-0.165515,1.070072,-0.370061,-0.261800,-0.265848,-0.647162,-0.255152,1.992342,-0.643269,0.030472,-0.018387,-0.264196,0.520000,-1.189054,0.466707,-0.595699,-0.386716,0.172920,-0.036726,0.171245,0.025565,-0.542444,0.349009,-0.234450,-0.156814,-0.239410,-0.353703
-0.155433,0.147851,0.619616,0.116890,-0.013399,-0.689165,0.714989,-0.868085,0.084706,-0.175413,1.067707,-0.368713,-0.261800,-0.285861,-0.694834,-0.237004,2.012441,-0.651413,0.018099,-0.030148,-0.263756,0.520000,-1.244515,0.448309,-0.609653,-0.390379,0.167472,-0.047934,0.182104,0.051238,-0.549217,0.333580,-0.245476,-0.151435,-0.240920,-0.344834
-0.161261,0.146577,0.618797,0.114462,-0.011593,-0.690410,0.714212,-0.864355,0.099735,-0.184734,1.065285,-0.367834,-0.261800,-0.317128,-0.728376,-0.201246,2.024871,-0.652185,0.017626,-0.041633,-0.262427,0.520000,-1.301265,0.430095,-0.622972,-0.388128,0.182389,-0.058151,0.188945,0.076290,-0.557849,0.315657,-0.259698,-0.150124,-0.241454,-0.336406
-0.167285,0.145308,0.618103,0.111697,-0.009692,-0.692412,0.712738,-0.859791,0.117149,-0.193486,1.062640,-0.367128,-0.261800,-0.356818,-0.755070,-0.153588,2.031205,-0.648110,0.022476,-0.053392,-0.260217,0.520000,-1.359166,0.412146,-0.635759,-0.382739,0.209235,-0.068341,0.193116,0.101504,-0.568335,0.295197,-0.277938,-0.151049,-0.241072,-0.327668
-0.173445,0.144052,0.617515,0.108586,-0.007705,-0.695083,0.710640,-0.853831,0.136813,-0.201756,1.058897,-0.366267,-0.261800,-0.402146,-0.775018,-0.099327,2.031081,-0.640408,0.030900,-0.064927,-0.256758,0.520000,-1.414967,0.394860,-0.646302,-0.372994,0.239936,-0.077424,0.195226,0.126676,-0.580156,0.272198,-0.300071,-0.151967,-0.239784,-0.318861
-0.179805,0.142785,0.617102,0.105130,-0.005661,-0.698341,0.707980,-0.845773,0.158635,-0.209568,1.052957,-0.364736,-0.261800,-0.450142,-0.788832,-0.043870,2.024199,-0.630215,0.041295,-0.075788,-0.251960,0.520000,-1.465664,0.379007,-0.653144,-0.357520,0.266419,-0.084373,0.195606,0.151028,-0.592461,0.246995,-0.325459,-0.150727,-0.237588,-0.310203
-0.186435,0.141565,0.616870,0.101140,-0.003618,-0.702208,0.704742,-0.835587,0.182703,-0.217286,1.045339,-0.362800,-0.261800,-0.500016,-0.793805,0.014052,2.009978,-0.617431,0.056020,-0.086455,-0.246263,0.520000,-1.511942,0.365373,-0.656257,-0.335747,0.288014,-0.088642,0.192127,0.173279,-0.604754,0.219467,-0.353388,-0.147315,-0.234268,-0.301038
-0.193319,0.140341,0.616862,0.096647,-0.001573,-0.706694,0.700885,-0.823544,0.209052,-0.224720,1.036355,-0.360597,-0.261800,-0.550533,-0.790333,0.074741,1.989011,-0.602457,0.075020,-0.097212,-0.239937,0.520000,-1.555146,0.354505,-0.656887,-0.308763,0.308497,-0.091066,0.185296,0.193427,-0.616909,0.189967,-0.383529,-0.142907,-0.229896,-0.291424
-0.200526,0.139003,0.617168,0.092001,0.000510,-0.711698,0.696435,-0.809246,0.237468,-0.230930,1.024488,-0.357358,-0.261800,-0.599469,-0.784376,0.132165,1.962694,-0.586781,0.092954,-0.107451,-0.232912,0.520000,-1.593872,0.346879,-0.655758,-0.277051,0.326612,-0.092497,0.179276,0.211751,-0.628606,0.159994,-0.415224,-0.137199,-0.224882,-0.282654
-0.208035,0.137595,0.617779,0.087549,0.002674,-0.717129,0.691415,-0.792316,0.267720,-0.234975,1.008384,-0.352422,-0.261800,-0.646798,-0.782005,0.181503,1.932292,-0.571115,0.104446,-0.116402,-0.225165,0.520000,-1.626727,0.343001,-0.653631,-0.241098,0.341008,-0.093597,0.178237,0.228305,-0.639417,0.131099,-0.447692,-0.129934,-0.219649,-0.275997
-0.215809,0.136034,0.618703,0.083217,0.004942,-0.722958,0.685845,-0.772776,0.299712,-0.237257,0.988259,-0.346079,-0.261800,-0.694234,-0.785706,0.221927,1.897629,-0.554958,0.107749,-0.124075,-0.216881,0.520000,-1.653668,0.343414,-0.651077,-0.199969,0.352917,-0.094514,0.185111,0.242642,-0.649104,0.103027,-0.480700,-0.120044,-0.213851,-0.272386
-0.223942,0.134375,0.619913,0.078840,0.007273,-0.729225,0.679678,-0.750502,0.333499,-0.237932,0.964611,-0.338556,-0.261800,-0.741992,-0.792063,0.256151,1.858056,-0.538031,0.106020,-0.130800,-0.208245,0.520000,-1.675732,0.348469,-0.648215,-0.153821,0.362539,-0.094692,0.197203,0.254249,-0.657750,0.075487,-0.514213,-0.108217,-0.207446,-0.270862
-0.232483,0.132599,0.621389,0.074628,0.009627,-0.735955,0.672836,-0.725107,0.369167,-0.235269,0.936915,-0.328958,-0.261800,-0.788710,-0.798364,0.285022,1.813862,-0.521049,0.101324,-0.136033,-0.199197,0.520000,-1.692972,0.358365,-0.645030,-0.104931,0.366719,-0.093755,0.210190,0.263157,-0.665414,0.049853,-0.547727,-0.096805,-0.201321,-0.269859
-0.241441,0.130701,0.623228,0.070805,0.011944,-0.743175,0.665233,-0.695575,0.406548,-0.227690,0.904069,-0.316387,-0.261800,-0.832487,-0.801997,0.309185,1.765340,-0.504769,0.095748,-0.139367,-0.189978,0.520000,-1.705811,0.372533,-0.641709,-0.054527,0.362606,-0.091445,0.219752,0.268637,-0.672017,0.028055,-0.580255,-0.088340,-0.196341,-0.267732
-0.250716,0.128568,0.625419,0.068071,0.014755,-0.751008,0.656609,-0.662278,0.445853,-0.213631,0.864481,-0.300909,-0.261800,-0.876172,-0.803630,0.328292,1.712764,-0.490269,0.088724,-0.141999,-0.180956,0.513372,-1.707221,0.392355,-0.637798,-0.003227,0.345440,-0.086883,0.225437,0.267196,-0.678737,0.015253,-0.606431,-0.082369,-0.192993,-0.264195
-0.260321,0.126252,0.627887,0.066384,0.018031,-0.759364,0.647020,-0.625207,0.486420,-0.193327,0.819077,-0.282764,-0.261800,-0.919939,-0.804395,0.342132,1.655737,-0.476762,0.080300,-0.144415,-0.172549,0.499206,-1.696929,0.417461,-0.633776,0.050401,0.318220,-0.080630,0.229801,0.257648,-0.685875,0.012108,-0.625063,-0.078122,-0.190696,-0.259928
-0.270366,0.123735,0.630582,0.065114,0.021078,-0.767959,0.636831,-0.583792,0.526939,-0.167266,0.770845,-0.261087,-0.261800,-0.958702,-0.802541,0.351403,1.593800,-0.462124,0.072616,-0.146208,-0.164322,0.483775,-1.680420,0.447689,-0.629409,0.104039,0.289072,-0.074643,0.232778,0.243523,-0.693574,0.013985,-0.641188,-0.077006,-0.188636,-0.254607
-0.280913,0.121100,0.633499,0.064113,0.023570,-0.776506,0.626396,-0.538908,0.566236,-0.135740,0.722485,-0.234748,-0.261800,-0.989444,-0.796518,0.358103,1.526512,-0.443860,0.067863,-0.147823,-0.156239,0.468430,-1.659320,0.482500,-0.624406,0.155778,0.266098,-0.071101,0.234156,0.226470,-0.701842,0.019419,-0.655788,-0.080385,-0.186049,-0.247426
-0.291877,0.118346,0.636609,0.063604,0.025237,-0.785252,0.615384,-0.487644,0.603680,-0.096014,0.671562,-0.202055,-0.261800,-1.012612,-0.785071,0.364107,1.453134,-0.424055,0.066226,-0.148505,-0.148852,0.453432,-1.633155,0.521669,-0.617886,0.206357,0.246670,-0.070475,0.230766,0.205971,-0.710468,0.028615,-0.668953,-0.090871,-0.183201,-0.237521
-0.303203,0.115483,0.639849,0.063604,0.026271,-0.794251,0.603680,-0.429545,0.638931,-0.047504,0.617942,-0.164399,-0.261800,-1.029504,-0.769841,0.368652,1.373968,-0.403035,0.066498,-0.148056,-0.141839,0.438197,-1.599745,0.565022,-0.609173,0.255922,0.227847,-0.071432,0.223591,0.181927,-0.719430,0.041736,-0.680707,-0.107002,-0.180507,-0.225440
-0.314912,0.112415,0.643120,0.063588,0.027146,-0.802980,0.591982,-0.369878,0.672182,0.005485,0.568007,-0.125890,-0.261800,-1.038526,-0.753427,0.369851,1.289955,-0.375694,0.068614,-0.148148,-0.133733,0.423173,-1.558355,0.611659,-0.597787,0.302240,0.218093,-0.073720,0.218295,0.155650,-0.729037,0.057986,-0.691530,-0.123944,-0.177365,-0.212545
-0.327018,0.109193,0.646295,0.062978,0.028425,-0.810945,0.581028,-0.314566,0.704892,0.057883,0.528462,-0.091264,-0.261800,-1.038216,-0.738013,0.365722,1.202109,-0.336881,0.072728,-0.150201,-0.122818,0.409140,-1.509340,0.660158,-0.583132,0.343708,0.226152,-0.077274,0.220475,0.128841,-0.739587,0.076333,-0.702324,-0.136699,-0.173016,-0.200343
-0.339675,0.105918,0.649196,0.061189,0.030705,-0.818290,0.570714,-0.263377,0.742120,0.111848,0.498835,-0.059589,-0.261800,-1.026547,-0.723448,0.352107,1.108096,-0.283760,0.078707,-0.153436,-0.106975,0.397040,-1.452559,0.709400,-0.564464,0.382074,0.267074,-0.082036,0.235180,0.102736,-0.751004,0.096529,-0.713699,-0.144150,-0.166974,-0.189097
-0.352750,0.102463,0.651680,0.058435,0.033669,-0.825299,0.560655,-0.213679,0.782505,0.168562,0.479365,-0.033617,-0.261800,-1.005222,-0.707589,0.332443,1.008545,-0.219782,0.086666,-0.156811,-0.087201,0.387274,-1.387649,0.758734,-0.540842,0.418355,0.332504,-0.086926,0.258389,0.076658,-0.762999,0.118742,-0.725639,-0.148669,-0.159662,-0.178215
-0.366004,0.098986,0.653762,0.055479,0.036486,-0.831654,0.551309,-0.168851,0.819420,0.219904,0.474945,-0.019898,-0.261800,-0.978847,-0.690114,0.316021,0.908868,-0.149114,0.097142,-0.161534,-0.066716,0.379685,-1.315918,0.807372,-0.511695,0.450567,0.395979,-0.091451,0.281811,0.049743,-0.775360,0.142440,-0.738351,-0.150539,-0.151570,-0.168034
-0.379113,0.095580,0.655385,0.053297,0.038347,-0.836958,0.543314,-0.133164,0.846559,0.256528,0.486031,-0.019100,-0.261800,-0.952133,-0.671803,0.311409,0.814152,-0.075485,0.110627,-0.169176,-0.049002,0.373685,-1.239887,0.854305,-0.476855,0.477546,0.431305,-0.097269,0.296981,0.020829,-0.787927,0.166965,-0.752073,-0.149828,-0.143201,-0.158888
-0.392335,0.092542,0.656749,0.052651,0.039098,-0.840904,0.537196,-0.109795,0.860486,0.273063,0.509370,-0.028607,-0.261800,-0.924494,-0.652895,0.323291,0.720044,0.007812,0.128553,-0.179735,-0.034786,0.367693,-1.159982,0.898844,-0.436669,0.500047,0.425113,-0.106906,0.300199,-0.008018,-0.800476,0.190796,-0.767850,-0.144952,-0.134078,-0.150715
-0.405964,0.089993,0.658016,0.053046,0.039158,-0.843775,0.532632,-0.097343,0.864932,0.273651,0.542398,-0.044675,-0.261800,-0.894436,-0.633834,0.347332,0.625623,0.100096,0.150671,-0.192536,-0.022924,0.362638,-1.077390,0.939989,-0.391544,0.520929,0.394217,-0.119583,0.295995,-0.036573,-0.812729,0.214025,-0.786182,-0.136248,-0.124138,-0.143482
-0.419745,0.087901,0.658970,0.053624,0.038544,-0.846034,0.529022,-0.093045,0.863908,0.263388,0.584884,-0.064086,-0.261800,-0.864863,-0.616284,0.376689,0.540763,0.186911,0.174594,-0.205338,-0.013065,0.359515,-0.993462,0.977360,-0.343786,0.538496,0.354678,-0.132827,0.288799,-0.065125,-0.824266,0.236264,-0.806015,-0.127088,-0.114514,-0.137732
-0.433566,0.086394,0.659420,0.053514,0.037219,-0.848125,0.525771,-0.093506,0.861681,0.247635,0.637036,-0.084253,-0.261800,-0.838823,-0.601307,0.403117,0.475394,0.254310,0.197301,-0.216380,-0.005136,0.359502,-0.909976,1.010938,-0.295833,0.551157,0.323004,-0.144498,0.283526,-0.094622,-0.834628,0.257470,-0.825954,-0.120733,-0.106393,-0.133792
-0.447312,0.085429,0.659346,0.052876,0.035024,-0.850087,0.522809,-0.100155,0.856235,0.223164,0.701810,-0.105136,-0.261800,-0.819570,-0.587669,0.427795,0.434864,0.300398,0.211118,-0.225444,0.000194,0.362353,-0.828639,1.040811,-0.250395,0.559902,0.299191,-0.154826,0.281653,-0.125674,-0.843605,0.277739,-0.845869,-0.118547,-0.100269,-0.132041
-0.460952,0.084943,0.658740,0.052189,0.031837,-0.851676,0.520490,-0.114378,0.843982,0.189645,0.779194,-0.128652,-0.261800,-0.804731,-0.575385,0.452456,0.412756,0.332540,0.219600,-0.232790,0.002720,0.366770,-0.750293,1.067114,-0.208463,0.565742,0.275732,-0.164660,0.280882,-0.156758,-0.851066,0.296374,-0.866031,-0.118894,-0.095488,-0.131969
-0.474514,0.084809,0.657557,0.050940,0.027708,-0.852894,0.518854,-0.131640,0.828827,0.156428,0.864102,-0.154894,-0.261800,-0.788537,-0.567072,0.469445,0.400297,0.351426,0.236343,-0.238817,0.002613,0.373513,-0.678695,1.089473,-0.169957,0.569857,0.259760,-0.173272,0.280614,-0.187470,-0.856679,0.313007,-0.885807,-0.120068,-0.091544,-0.132530
-0.488053,0.085142,0.655870,0.047894,0.024001,-0.853950,0.517590,-0.147613,0.820081,0.130671,0.950427,-0.182840,-0.261800,-0.765258,-0.563448,0.463471,0.389033,0.357654,0.261800,-0.241831,0.003795,0.382871,-0.613144,1.108100,-0.134166,0.569640,0.256449,-0.179866,0.280690,-0.216122,-0.860205,0.326800,-0.903826,-0.120838,-0.087904,-0.132541
-0.501904,0.086234,0.653903,0.040630,0.023878,-0.855378,0.515856,-0.161094,0.831546,0.111207,1.037422,-0.211609,-0.261800,-0.728353,-0.562922,0.396026,0.374910,0.349099,0.261800,-0.239648,0.013315,0.397052,-0.553336,1.123536,-0.101657,0.563209,0.274889,-0.183761,0.282709,-0.242788,-0.861536,0.337875,-0.919748,-0.121547,-0.084505,-0.131798
-0.515655,0.087973,0.651623,0.031525,0.024955,-0.857074,0.513623,-0.175315,0.853553,0.094616,1.129672,-0.243167,-0.261800,-0.683915,-0.562261,0.296150,0.363405,0.329227,0.261800,-0.233142,0.025572,0.413273,-0.499568,1.136424,-0.073338,0.551472,0.309623,-0.185446,0.286425,-0.268118,-0.860808,0.346945,-0.933878,-0.122994,-0.081561,-0.130711
-0.529434,0.089970,0.648663,0.023157,0.026177,-0.859018,0.510751,-0.193186,0.877669,0.080017,1.224907,-0.276579,-0.261800,-0.648799,-0.556349,0.201459,0.366392,0.301931,0.261800,-0.223090,0.037546,0.428082,-0.452995,1.146749,-0.048152,0.537194,0.344613,-0.186048,0.288743,-0.294275,-0.858420,0.354763,-0.944731,-0.123376,-0.079051,-0.129027
-0.543881,0.091548,0.644503,0.017097,0.026374,-0.860835,0.507913,-0.216261,0.895256,0.065576,1.320028,-0.310726,-0.261800,-0.637144,-0.545753,0.146080,0.395023,0.266614,0.261800,-0.211745,0.046803,0.440102,-0.414192,1.154029,-0.024482,0.522805,0.363918,-0.186913,0.286606,-0.322790,-0.854964,0.362015,-0.951302,-0.121285,-0.076934,-0.126566
-0.556928,0.093249,0.640750,0.013150,0.024778,-0.862222,0.505753,-0.243279,0.906575,0.051509,1.416229,-0.346391,-0.261800,-0.653857,-0.531378,0.142334,0.458741,0.215027,0.261800,-0.200124,0.052537,0.450300,-0.384278,1.158138,-0.001894,0.507584,0.362148,-0.188953,0.277783,-0.354616,-0.850689,0.368373,-0.953103,-0.116069,-0.074679,-0.122515
-0.568905,0.095206,0.636984,0.009935,0.022112,-0.863291,0.504124,-0.272096,0.915912,0.036831,1.514072,-0.384187,-0.261800,-0.686455,-0.512865,0.166696,0.547126,0.148923,0.261800,-0.187788,0.056897,0.460382,-0.361761,1.159363,0.019341,0.489888,0.348236,-0.191106,0.264334,-0.388988,-0.845763,0.373991,-0.950779,-0.108586,-0.072421,-0.117337
-0.579847,0.097478,0.633008,0.006780,0.019507,-0.864118,0.502865,-0.302511,0.920513,0.018861,1.609091,-0.422212,-0.261800,-0.720882,-0.491086,0.197929,0.639969,0.082083,0.261800,-0.175756,0.062138,0.471126,-0.343794,1.157530,0.039877,0.471181,0.328060,-0.191892,0.249681,-0.425422,-0.840788,0.380279,-0.944634,-0.099217,-0.071201,-0.112892
-0.589469,0.099972,0.629092,0.003353,0.018102,-0.864793,0.501792,-0.335340,0.918041,-0.002313,1.696966,-0.458026,-0.256748,-0.746668,-0.469770,0.217765,0.719112,0.027119,0.261800,-0.165080,0.070555,0.482697,-0.326762,1.152182,0.061032,0.452387,0.307506,-0.190047,0.237381,-0.463376,-0.836585,0.388743,-0.935082,-0.088325,-0.072059,-0.111188
-0.598120,0.102009,0.625957,0.001050,0.017493,-0.864784,0.501838,-0.375467,0.903980,-0.024222,1.779708,-0.492137,-0.235231,-0.766507,-0.454981,0.226615,0.782033,-0.010952,0.261800,-0.158660,0.080931,0.493766,-0.310383,1.142468,0.084758,0.434256,0.284990,-0.184484,0.228435,-0.505145,-0.833901,0.400080,-0.921309,-0.075156,-0.076073,-0.113060
-0.606480,0.103321,0.623688,-0.001225,0.018061,-0.864487,0.502329,-0.418461,0.881799,-0.048379,1.858441,-0.524856,-0.213447,-0.783650,-0.440549,0.232076,0.838041,-0.039146,0.261800,-0.154691,0.095116,0.505990,-0.296008,1.128142,0.111144,0.415430,0.258971,-0.176065,0.221156,-0.549828,-0.832789,0.414058,-0.904484,-0.060325,-0.082457,-0.117725
-0.614282,0.104465,0.622142,-0.003372,0.018903,-0.864016,0.503099,-0.458653,0.854518,-0.067319,1.929632,-0.554381,-0.196674,-0.797096,-0.426739,0.234732,0.887198,-0.063353,0.261800,-0.151993,0.110752,0.518525,-0.281623,1.110127,0.138598,0.393163,0.235052,-0.166759,0.215137,-0.594499,-0.832953,0.429723,-0.886062,-0.043672,-0.089518,-0.124578
-0.621947,0.105480,0.621045,-0.003768,0.019405,-0.863398,0.504136,-0.495659,0.824693,-0.074148,1.990141,-0.578789,-0.188511,-0.809411,-0.415381,0.235962,0.929364,-0.089124,0.261800,-0.147918,0.125164,0.520000,-0.268665,1.089124,0.155880,0.369529,0.218981,-0.158702,0.209500,-0.629247,-0.832325,0.448913,-0.866000,-0.027661,-0.095967,-0.133868
-0.630064,0.106285,0.620331,-0.003803,0.018808,-0.862560,0.505590,-0.525766,0.794781,-0.066157,2.037854,-0.596996,-0.190811,-0.815109,-0.407492,0.234855,0.963027,-0.119827,0.261800,-0.142620,0.136538,0.520000,-0.257801,1.066453,0.167064,0.342458,0.212430,-0.152435,0.205079,-0.657966,-0.831152,0.467394,-0.845106,-0.008787,-0.101932,-0.145618
-0.638639,0.106726,0.620002,-0.003666,0.017673,-0.861531,0.507383,-0.552543,0.763678,-0.048136,2.074789,-0.609645,-0.200676,-0.815469,-0.402637,0.231836,0.989158,-0.152082,0.261800,-0.136391,0.146144,0.520000,-0.248257,1.042554,0.175179,0.311759,0.211645,-0.146978,0.201526,-0.679509,-0.829723,0.484975,-0.825627,0.010278,-0.108119,-0.159771
-0.646978,0.107091,0.619812,-0.003126,0.016008,-0.860551,0.509103,-0.578103,0.729786,-0.024799,2.102118,-0.617766,-0.215701,-0.814801,-0.399527,0.229174,1.011901,-0.183007,0.261800,-0.129437,0.153905,0.520000,-0.239330,1.018318,0.181546,0.277747,0.214179,-0.142050,0.197106,-0.697073,-0.828020,0.501411,-0.807433,0.027149,-0.112879,-0.173065
-0.654896,0.107600,0.619587,-0.001934,0.013813,-0.859857,0.510344,-0.604347,0.691328,-0.000711,2.120946,-0.622402,-0.233723,-0.817476,-0.396609,0.229195,1.035591,-0.209925,0.261800,-0.121821,0.159703,0.520000,-0.230934,0.994914,0.186883,0.240941,0.217423,-0.137347,0.190098,-0.712614,-0.825664,0.516415,-0.791000,0.038572,-0.114399,-0.182304
-0.662426,0.108197,0.619382,0.000247,0.010721,-0.859514,0.510999,-0.631776,0.645521,0.024666,2.130468,-0.622875,-0.256422,-0.825122,-0.394116,0.233406,1.061289,-0.231834,0.261800,-0.113385,0.162067,0.520000,-0.222997,0.973090,0.191468,0.201009,0.220669,-0.133292,0.178297,-0.726168,-0.822142,0.529731,-0.776450,0.042946,-0.110793,-0.186364
-0.669247,0.108929,0.619404,0.005212,0.005190,-0.858452,0.512841,-0.662568,0.594116,0.063297,2.129681,-0.617389,-0.261800,-0.838369,-0.399438,0.243957,1.086657,-0.250102,0.261800,-0.108124,0.156121,0.520000,-0.213986,0.953049,0.197742,0.156436,0.224736,-0.129907,0.163069,-0.738254,-0.817413,0.541369,-0.764162,0.042123,-0.103278,-0.186907
-0.675425,0.109652,0.619606,0.010657,-0.000617,-0.857313,0.514684,-0.695542,0.543550,0.103727,2.120117,-0.608024,-0.261800,-0.852721,-0.406034,0.255572,1.110651,-0.265634,0.261800,-0.103875,0.148093,0.520000,-0.204049,0.934772,0.203691,0.109366,0.229550,-0.126308,0.147883,-0.748812,-0.811393,0.552504,-0.753025,0.038509,-0.094813,-0.185136
-0.681187,0.110296,0.619883,0.015226,-0.005404,-0.856408,0.516047,-0.729771,0.498585,0.138337,2.104025,-0.597077,-0.261800,-0.865108,-0.410527,0.264611,1.132610,-0.279497,0.261800,-0.099814,0.141966,0.520000,-0.194295,0.918308,0.207460,0.062243,0.235162,-0.121596,0.136406,-0.758212,-0.804096,0.563840,-0.742256,0.034343,-0.088303,-0.182208
-0.686472,0.110837,0.620219,0.018781,-0.009114,-0.855772,0.516931,-0.765351,0.457670,0.166027,2.080974,-0.584721,-0.261800,-0.875507,-0.413035,0.270635,1.152774,-0.291112,0.261800,-0.095944,0.138372,0.520000,-0.184837,0.903755,0.207697,0.015304,0.241950,-0.114979,0.130663,-0.765938,-0.795288,0.575522,-0.731884,0.027900,-0.084217,-0.177260
-0.691444,0.111208,0.620693,0.021691,-0.012236,-0.855387,0.517390,-0.801223,0.418822,0.188909,2.050253,-0.570791,-0.261800,-0.884625,-0.414312,0.274978,1.171357,-0.300313,0.261800,-0.092834,0.135489,0.520000,-0.175108,0.891275,0.205652,-0.031802,0.249760,-0.107101,0.128400,-0.773682,-0.785316,0.586892,-0.721320,0.020949,-0.081158,-0.169744
-0.696389,0.111495,0.621296,0.024055,-0.014639,-0.855310,0.517352,-0.835601,0.385692,0.207177,2.014252,-0.556720,-0.261800,-0.892026,-0.413692,0.277622,1.187918,-0.308594,0.261800,-0.088719,0.133581,0.520000,-0.167497,0.880770,0.201664,-0.078365,0.257745,-0.099258,0.126781,-0.778342,-0.774029,0.597906,-0.711824,0.013031,-0.079174,-0.162415
-0.701510,0.111757,0.622053,0.026044,-0.016328,-0.855537,0.516829,-0.866770,0.361645,0.221675,1.975427,-0.543451,-0.261800,-0.897324,-0.410929,0.278699,1.201985,-0.317421,0.261800,-0.083536,0.131848,0.520000,-0.162449,0.872180,0.197992,-0.123904,0.265163,-0.092737,0.123070,-0.781224,-0.761977,0.608126,-0.703266,0.008402,-0.078220,-0.157442
-0.706829,0.111921,0.622973,0.027928,-0.017275,-0.856083,0.515794,-0.894423,0.348956,0.233811,1.933443,-0.530891,-0.261800,-0.900845,-0.406132,0.278204,1.213171,-0.326914,0.261800,-0.076862,0.129956,0.520000,-0.159562,0.865534,0.195539,-0.169847,0.271807,-0.088146,0.116690,-0.781369,-0.749553,0.617458,-0.696878,0.008167,-0.078747,-0.156179
-0.712249,0.112015,0.624015,0.029765,-0.017638,-0.856883,0.514348,-0.919162,0.344597,0.243923,1.887526,-0.518587,-0.261800,-0.903053,-0.399934,0.276381,1.221784,-0.336321,0.261800,-0.069012,0.127869,0.520000,-0.158337,0.860789,0.193529,-0.216525,0.278041,-0.084733,0.109043,-0.778212,-0.736792,0.626029,-0.692898,0.009870,-0.080583,-0.157318
-0.717555,0.112107,0.625105,0.031437,-0.017676,-0.857795,0.512725,-0.941030,0.344056,0.251445,1.839418,-0.506619,-0.261800,-0.903840,-0.393093,0.273716,1.228267,-0.345697,0.261800,-0.061067,0.125289,0.520000,-0.158892,0.857650,0.191902,-0.261929,0.284039,-0.081763,0.100394,-0.773970,-0.723938,0.633658,-0.689618,0.012736,-0.082726,-0.159106
-0.722564,0.112111,0.626281,0.032789,-0.017553,-0.858696,0.511134,-0.960387,0.342970,0.255134,1.790918,-0.494960,-0.261800,-0.903035,-0.386085,0.270506,1.233065,-0.355105,0.261800,-0.053449,0.122485,0.520000,-0.162038,0.855603,0.189884,-0.304069,0.290052,-0.078505,0.090989,-0.768804,-0.710971,0.640391,-0.686135,0.013845,-0.084160,-0.160034
-0.727488,0.112103,0.627586,0.033789,-0.017192,-0.859601,0.509557,-0.977483,0.341428,0.254033,1.741507,-0.484058,-0.261800,-0.900338,-0.378693,0.266651,1.235598,-0.364713,0.261800,-0.046154,0.119791,0.520000,-0.168180,0.854423,0.187671,-0.343000,0.297517,-0.074832,0.080297,-0.763006,-0.697926,0.646335,-0.682313,0.013724,-0.084889,-0.159891
-0.732312,0.111990,0.628918,0.034533,-0.016543,-0.860541,0.507939,-0.992170,0.341252,0.249502,1.690649,-0.473763,-0.261800,-0.895973,-0.370831,0.262095,1.235837,-0.374434,0.261800,-0.039130,0.117029,0.520000,-0.176616,0.854088,0.185746,-0.379791,0.306003,-0.071158,0.068378,-0.756829,-0.684966,0.651483,-0.678481,0.013793,-0.085355,-0.159406
-0.736941,0.111748,0.630247,0.035002,-0.015761,-0.861446,0.506396,-1.004398,0.340764,0.242820,1.639910,-0.463010,-0.261800,-0.890476,-0.363071,0.257039,1.235054,-0.383945,0.261800,-0.032499,0.113984,0.520000,-0.187012,0.854315,0.183336,-0.413815,0.313033,-0.067496,0.056407,-0.749738,-0.672084,0.655926,-0.674593,0.011718,-0.085184,-0.158516
-0.741379,0.111447,0.631616,0.035114,-0.014972,-0.862277,0.504995,-1.014150,0.338226,0.235004,1.590873,-0.450684,-0.261800,-0.884250,-0.355829,0.251541,1.234494,-0.392893,0.261800,-0.026473,0.110531,0.520000,-0.198948,0.854715,0.179712,-0.444203,0.316222,-0.063788,0.045587,-0.742083,-0.659315,0.659715,-0.670041,0.005994,-0.084007,-0.157043
-0.745634,0.111012,0.632986,0.034801,-0.014199,-0.862944,0.503900,-1.021754,0.332005,0.223602,1.543401,-0.435530,-0.261800,-0.877142,-0.349401,0.245469,1.234381,-0.401420,0.261800,-0.021391,0.106777,0.520000,-0.212832,0.855020,0.174574,-0.470940,0.314509,-0.059811,0.035951,-0.734052,-0.646733,0.662741,-0.664375,-0.005186,-0.081520,-0.154683
-0.749749,0.110509,0.634389,0.034090,-0.013350,-0.863502,0.503015,-1.027151,0.323526,0.208351,1.496868,-0.418339,-0.261800,-0.868995,-0.343406,0.238715,1.234031,-0.409544,0.261800,-0.017039,0.102934,0.520000,-0.228911,0.855181,0.168193,-0.494287,0.309489,-0.055584,0.026965,-0.725672,-0.634423,0.665104,-0.657895,-0.020409,-0.078024,-0.151561
-0.753672,0.109719,0.635739,0.033088,-0.012429,-0.864119,0.502044,-1.029827,0.315793,0.192927,1.452113,-0.400996,-0.261800,-0.860345,-0.337334,0.231682,1.233615,-0.417087,0.261800,-0.012885,0.098921,0.520000,-0.246116,0.855146,0.160975,-0.514300,0.302651,-0.051376,0.018989,-0.716949,-0.622435,0.667070,-0.651187,-0.036329,-0.074033,-0.148173
-0.757537,0.108824,0.637093,0.031921,-0.011460,-0.864955,0.500702,-1.029452,0.311744,0.181201,1.409923,-0.385365,-0.261800,-0.851742,-0.330714,0.224808,1.233259,-0.423830,0.261800,-0.008452,0.094597,0.520000,-0.263469,0.854868,0.153308,-0.530870,0.295517,-0.047504,0.012352,-0.707948,-0.610776,0.669079,-0.644795,-0.049688,-0.070020,-0.145050
-0.761318,0.107803,0.638391,0.030684,-0.010557,-0.866039,0.498922,-1.025848,0.311804,0.174434,1.370273,-0.371965,-0.261800,-0.843578,-0.323680,0.218386,1.233270,-0.429560,0.261800,-0.003566,0.089618,0.520000,-0.281194,0.854271,0.144939,-0.544050,0.286390,-0.043988,0.007326,-0.698116,-0.599340,0.671202,-0.638931,-0.060189,-0.065722,-0.142094
-0.764990,0.106622,0.639668,0.029282,-0.009682,-0.867293,0.496842,-1.019453,0.314463,0.170507,1.332852,-0.359727,-0.261800,-0.835491,-0.316401,0.212184,1.233497,-0.434444,0.261800,0.001415,0.084146,0.520000,-0.299561,0.853341,0.135874,-0.553880,0.275180,-0.040679,0.003661,-0.688019,-0.588137,0.673386,-0.633023,-0.069149,-0.061005,-0.139079
-0.768524,0.105298,0.640903,0.027571,-0.008648,-0.868706,0.494485,-1.010922,0.319733,0.168477,1.298022,-0.348264,-0.261800,-0.826876,-0.308428,0.205836,1.233354,-0.438842,0.261800,0.006041,0.078742,0.520000,-0.317461,0.852157,0.127085,-0.560297,0.265806,-0.037698,0.000851,-0.679710,-0.577450,0.675597,-0.626247,-0.075214,-0.056505,-0.136374
-0.771996,0.103839,0.642088,0.025442,-0.007210,-0.870265,0.491874,-1.001122,0.327760,0.167405,1.266388,-0.337152,-0.261800,-0.817247,-0.299299,0.198986,1.232237,-0.443076,0.261800,0.010754,0.074401,0.520000,-0.334682,0.850704,0.118639,-0.563358,0.262075,-0.035189,-0.001620,-0.670617,-0.567091,0.678510,-0.620376,-0.081434,-0.052804,-0.134758
-0.775343,0.102334,0.643290,0.022703,-0.005236,-0.872029,0.488899,-0.989611,0.340338,0.168469,1.238469,-0.327306,-0.261800,-0.806157,-0.288504,0.191383,1.229847,-0.447122,0.261800,0.015441,0.071323,0.520000,-0.350937,0.848891,0.110511,-0.562447,0.265685,-0.033469,-0.003374,-0.661537,-0.557014,0.682298,-0.614688,-0.086401,-0.050150,-0.134687
-0.778543,0.100742,0.644475,0.019463,-0.002887,-0.873983,0.485558,-0.976153,0.356880,0.172012,1.214000,-0.318750,-0.261800,-0.794007,-0.276370,0.183399,1.226504,-0.450801,0.261800,0.020082,0.069058,0.520000,-0.366420,0.846677,0.102610,-0.557800,0.274362,-0.032411,-0.004358,-0.652595,-0.547189,0.686802,-0.609020,-0.089985,-0.048171,-0.135754
-0.781590,0.099014,0.645698,0.016227,-0.000553,-0.875887,0.482243,-0.961706,0.373487,0.176776,1.191884,-0.309465,-0.259584,-0.781709,-0.264458,0.175821,1.222496,-0.454268,0.261800,0.023885,0.066673,0.520000,-0.380829,0.844276,0.095903,-0.550733,0.286101,-0.031481,-0.005584,-0.644608,-0.537713,0.691621,-0.603539,-0.093285,-0.046559,-0.137040
-0.784243,0.097145,0.646914,0.014031,0.001016,-0.877233,0.479859,-0.947224,0.385389,0.185811,1.170115,-0.296760,-0.237879,-0.771007,-0.256349,0.170009,1.218374,-0.457729,0.261800,0.024833,0.062078,0.520000,-0.393566,0.842073,0.092001,-0.543014,0.298870,-0.030133,-0.008057,-0.638511,-0.528773,0.696375,-0.598943,-0.097545,-0.044995,-0.137658
-0.786798,0.095213,0.648106,0.012070,0.002434,-0.878462,0.477654,-0.932290,0.392924,0.191967,1.148789,-0.277974,-0.213253,-0.760507,-0.249076,0.164733,1.213816,-0.461161,0.261800,0.024620,0.056939,0.520000,-0.404682,0.840293,0.090516,-0.534157,0.314173,-0.027959,-0.012830,-0.634454,-0.520499,0.700621,-0.594704,-0.102219,-0.043642,-0.137217
-0.789222,0.093208,0.649321,0.010234,0.003823,-0.879626,0.475541,-0.916805,0.398327,0.196838,1.128835,-0.255037,-0.185606,-0.750014,-0.242236,0.159784,1.208713,-0.464488,0.261800,0.023978,0.051673,0.520000,-0.414974,0.838905,0.090343,-0.523593,0.332230,-0.025380,-0.019050,-0.629061,-0.512591,0.705057,-0.592562,-0.109524,-0.042569,-0.136468
-0.791412,0.091297,0.650587,0.008407,0.005293,-0.880790,0.473403,-0.902559,0.403654,0.200184,1.112868,-0.234425,-0.160243,-0.739501,-0.235352,0.155015,1.203000,-0.467503,0.261800,0.022387,0.046301,0.520000,-0.423808,0.838076,0.092009,-0.511348,0.349251,-0.023161,-0.024899,-0.627623,-0.505465,0.708871,-0.589577,-0.114357,-0.041529,-0.135559
-0.793429,0.089306,0.651838,0.006547,0.007041,-0.882018,0.471117,-0.891558,0.410614,0.201291,1.103217,-0.222607,-0.142724,-0.729165,-0.227809,0.150280,1.196654,-0.470088,0.261800,0.020973,0.041617,0.520000,-0.431908,0.837804,0.094535,-0.497768,0.361103,-0.021952,-0.028456,-0.626059,-0.498864,0.712960,-0.588318,-0.120196,-0.040169,-0.135339
-0.795404,0.086978,0.653045,0.004539,0.009220,-0.883364,0.468576,-0.885008,0.419772,0.198552,1.102192,-0.223702,-0.137049,-0.718790,-0.219154,0.145323,1.189337,-0.472040,0.261800,0.019412,0.037745,0.520000,-0.438816,0.838173,0.098662,-0.482440,0.366818,-0.022095,-0.029566,-0.627429,-0.492994,0.716979,-0.587341,-0.124222,-0.038082,-0.135677
-0.797175,0.084904,0.654287,0.002464,0.011728,-0.884775,0.465863,-0.881800,0.430045,0.192388,1.107668,-0.233226,-0.139604,-0.708427,-0.209801,0.140325,1.181187,-0.473517,0.261800,0.017847,0.034524,0.520000,-0.444965,0.839140,0.104003,-0.465263,0.368446,-0.023124,-0.029075,-0.629322,-0.487688,0.721226,-0.587943,-0.128711,-0.035527,-0.136490
-0.798728,0.083133,0.655555,0.000451,0.014234,-0.886162,0.463157,-0.879877,0.440436,0.185228,1.115212,-0.244826,-0.144567,-0.698280,-0.200522,0.135705,1.172717,-0.474665,0.261800,0.015796,0.031260,0.520000,-0.450009,0.840789,0.110277,-0.447115,0.366768,-0.024419,-0.026624,-0.633416,-0.483042,0.724972,-0.588430,-0.132153,-0.033281,-0.137628
-0.800235,0.081236,0.656751,-0.001351,0.016439,-0.887438,0.460632,-0.877132,0.449836,0.179524,1.120442,-0.252294,-0.146110,-0.688598,-0.192145,0.131807,1.164418,-0.475585,0.261800,0.013286,0.027456,0.520000,-0.454238,0.843197,0.116582,-0.428691,0.362484,-0.025371,-0.021818,-0.638602,-0.479000,0.727909,-0.588780,-0.135476,-0.032105,-0.139141
-0.801669,0.079247,0.657896,-0.002904,0.018395,-0.888552,0.458399,-0.873654,0.457905,0.175325,1.122772,-0.253567,-0.142134,-0.679556,-0.184728,0.128510,1.156492,-0.476360,0.261800,0.010442,0.023298,0.520000,-0.458742,0.846499,0.122072,-0.409420,0.355111,-0.025818,-0.013771,-0.643060,-0.475277,0.730522,-0.590034,-0.141339,-0.032468,-0.141407
-0.803039,0.077366,0.659132,-0.004319,0.020192,-0.889564,0.456344,-0.870174,0.465223,0.171591,1.124387,-0.252132,-0.135899,-0.670863,-0.177984,0.125625,1.148620,-0.476842,0.261800,0.006778,0.018699,0.520000,-0.462564,0.850849,0.127871,-0.389159,0.344481,-0.026144,-0.002903,-0.650689,-0.472179,0.732017,-0.590271,-0.145750,-0.033895,-0.144066
-0.804368,0.075545,0.660529,-0.005547,0.021709,-0.890567,0.454299,-0.865900,0.472038,0.169055,1.125109,-0.250140,-0.129618,-0.662474,-0.171805,0.123519,1.140725,-0.477147,0.261800,0.003810,0.013712,0.520000,-0.466853,0.855898,0.132608,-0.367995,0.331740,-0.026575,0.009225,-0.655469,-0.469191,0.733375,-0.592537,-0.152672,-0.035619,-0.146991
-0.805709,0.073687,0.661979,-0.006648,0.022717,-0.891654,0.452099,-0.859680,0.478538,0.168519,1.124752,-0.249808,-0.125532,-0.654073,-0.166227,0.122632,1.132825,-0.477446,0.261800,0.001173,0.007713,0.520000,-0.470305,0.861374,0.137178,-0.346482,0.318300,-0.027279,0.020990,-0.662123,-0.466668,0.733100,-0.593719,-0.155941,-0.036954,-0.149250
-0.807015,0.071786,0.663514,-0.007535,0.022996,-0.892895,0.449614,-0.850632,0.484701,0.170920,1.122934,-0.251962,-0.124512,-0.645673,-0.161423,0.123506,1.124922,-0.477840,0.261800,0.000100,0.000627,0.520000,-0.473849,0.867008,0.140406,-0.324550,0.302748,-0.028171,0.032323,-0.665712,-0.464250,0.732127,-0.596455,-0.159238,-0.037666,-0.150889
-0.808453,0.069917,0.665030,-0.008243,0.022690,-0.894227,0.446962,-0.839409,0.490402,0.175657,1.119883,-0.255360,-0.125286,-0.637317,-0.157364,0.125762,1.117060,-0.478238,0.261800,-0.000079,-0.007323,0.520000,-0.477250,0.872814,0.142725,-0.302069,0.285099,-0.029287,0.043919,-0.668461,-0.461946,0.730203,-0.599511,-0.161709,-0.038156,-0.152069
-0.809814,0.067950,0.666555,-0.008852,0.022272,-0.895535,0.444345,-0.827711,0.495739,0.181073,1.116265,-0.259025,-0.126863,-0.629078,-0.153638,0.128391,1.109073,-0.478438,0.261800,0.000049,-0.015292,0.520000,-0.480985,0.878544,0.144236,-0.278804,0.268736,-0.030903,0.055275,-0.670669,-0.459726,0.727671,-0.602801,-0.164610,-0.038583,-0.153195
-0.811105,0.066024,0.668048,-0.009451,0.022212,-0.896710,0.441961,-0.817264,0.500861,0.185476,1.112778,-0.262006,-0.128245,-0.621030,-0.149766,0.130367,1.100788,-0.478212,0.261800,-0.000006,-0.022288,0.520000,-0.484823,0.883824,0.145405,-0.255162,0.256928,-0.033206,0.065863,-0.672675,-0.457578,0.724839,-0.606109,-0.169217,-0.039093,-0.154647
-0.812382,0.064180,0.669560,-0.010081,0.022665,-0.897759,0.439788,-0.808504,0.506014,0.188434,1.109665,-0.264115,-0.129300,-0.613193,-0.145476,0.131517,1.092091,-0.477460,0.261800,-0.000310,-0.027887,0.520000,-0.488611,0.888353,0.146501,-0.230900,0.252933,-0.036620,0.075677,-0.674639,-0.455455,0.721774,-0.609282,-0.175420,-0.039580,-0.156445
-0.813516,0.062401,0.671080,-0.010695,0.023369,-0.898733,0.437743,-0.800529,0.511071,0.190820,1.106543,-0.265840,-0.130507,-0.605513,-0.141034,0.132336,1.083078,-0.476306,0.261800,-0.000612,-0.032488,0.520000,-0.491636,0.892082,0.147770,-0.206611,0.254231,-0.040803,0.084904,-0.676531,-0.453342,0.718413,-0.612217,-0.182709,-0.039992,-0.158391
-0.814612,0.060684,0.672593,-0.011228,0.024186,-0.899579,0.435942,-0.793120,0.515644,0.192874,1.103164,-0.267252,-0.131797,-0.598015,-0.136895,0.132812,1.073946,-0.474901,0.261800,-0.001145,-0.036506,0.520000,-0.494650,0.894922,0.148705,-0.182462,0.255944,-0.044843,0.093257,-0.678377,-0.451231,0.714971,-0.614950,-0.191725,-0.040562,-0.160627
-0.815642,0.058982,0.674120,-0.011610,0.024984,-0.900252,0.434497,-0.786098,0.519341,0.194806,1.099292,-0.268412,-0.133099,-0.590738,-0.133493,0.132914,1.064866,-0.473375,0.261800,-0.001432,-0.040009,0.520000,-0.497729,0.896822,0.148807,-0.159729,0.252671,-0.047883,0.100455,-0.677856,-0.448835,0.712217,-0.618599,-0.205517,-0.041485,-0.163417
-0.816653,0.057332,0.675633,-0.011888,0.025774,-0.900715,0.433483,-0.779443,0.522045,0.196481,1.094823,-0.269346,-0.134415,-0.583501,-0.130900,0.132449,1.055730,-0.471667,0.261800,-0.002310,-0.043142,0.520000,-0.499944,0.897844,0.149140,-0.138432,0.243412,-0.049643,0.106051,-0.678538,-0.446485,0.709078,-0.621094,-0.222377,-0.042914,-0.167028
-0.817652,0.055744,0.677182,-0.012108,0.026589,-0.901004,0.432826,-0.773156,0.523968,0.197841,1.089887,-0.270025,-0.135780,-0.576257,-0.128921,0.131496,1.046496,-0.469759,0.261800,-0.004278,-0.045995,0.520000,-0.500428,0.898087,0.150590,-0.118457,0.230844,-0.050632,0.110292,-0.682894,-0.444809,0.704712,-0.621408,-0.238691,-0.044690,-0.171080
-0.818643,0.054230,0.678713,-0.012138,0.027373,-0.901176,0.432418,-0.767309,0.525224,0.199193,1.084643,-0.270433,-0.137156,-0.569441,-0.127494,0.130385,1.037489,-0.467838,0.261800,-0.005427,-0.048263,0.520000,-0.501006,0.897434,0.150861,-0.100243,0.215069,-0.051229,0.113944,-0.682532,-0.443070,0.701645,-0.624384,-0.259258,-0.046527,-0.175241
-0.819638,0.052767,0.680201,-0.012079,0.027894,-0.901285,0.432158,-0.761246,0.525875,0.200959,1.079262,-0.270645,-0.138558,-0.562876,-0.126703,0.129544,1.029115,-0.466227,0.261800,-0.007445,-0.051002,0.520000,-0.499840,0.896272,0.151657,-0.084129,0.196752,-0.051832,0.117791,-0.686969,-0.442026,0.697292,-0.624730,-0.271524,-0.048397,-0.177608
-0.820682,0.051347,0.681669,-0.011744,0.028195,-0.901321,0.432074,-0.755331,0.525773,0.203218,1.073654,-0.270526,-0.139912,-0.556997,-0.126666,0.129026,1.021426,-0.464899,0.261800,-0.007995,-0.053488,0.520000,-0.498502,0.894389,0.150465,-0.070762,0.171511,-0.052554,0.122381,-0.684794,-0.440545,0.694842,-0.628824,-0.286281,-0.050223,-0.178547
-0.821720,0.050025,0.683042,-0.011215,0.028285,-0.901263,0.432202,-0.749483,0.524887,0.205827,1.067762,-0.270108,-0.141254,-0.551587,-0.127371,0.128675,1.014321,-0.463796,0.261800,-0.009866,-0.056552,0.519120,-0.495177,0.892114,0.149544,-0.058677,0.140986,-0.053299,0.127232,-0.688326,-0.439727,0.690693,-0.629339,-0.292553,-0.052305,-0.177706
-0.822740,0.048686,0.684372,-0.010260,0.028429,-0.901158,0.432436,-0.744620,0.523599,0.208551,1.061737,-0.269418,-0.142608,-0.547360,-0.128435,0.128368,1.007638,-0.462746,0.261800,-0.010855,-0.059117,0.515656,-0.491979,0.889197,0.146032,-0.047362,0.112462,-0.053956,0.131627,-0.687082,-0.438609,0.688221,-0.631198,-0.299205,-0.054482,-0.176854
-0.823782,0.047435,0.685623,-0.009322,0.028528,-0.901045,0.432687,-0.739886,0.522301,0.211213,1.055880,-0.268791,-0.144136,-0.543298,-0.129546,0.128029,1.001317,-0.461882,0.261800,-0.011589,-0.061406,0.512126,-0.488795,0.885918,0.142307,-0.037825,0.093919,-0.054229,0.134778,-0.686885,-0.437459,0.685987,-0.631989,-0.302017,-0.056634,-0.176144
-0.824838,0.046225,0.686808,-0.008392,0.028566,-0.900934,0.432934,-0.735226,0.521017,0.213911,1.050157,-0.268244,-0.145901,-0.539431,-0.130725,0.127722,0.995354,-0.461193,0.261800,-0.011343,-0.063293,0.509064,-0.485973,0.882323,0.138114,-0.030886,0.089034,-0.053497,0.136574,-0.684228,-0.435888,0.685443,-0.634015,-0.303273,-0.058833,-0.176109
-0.825894,0.045107,0.687953,-0.007426,0.028492,-0.900804,0.433227,-0.730600,0.519547,0.216734,1.044465,-0.267687,-0.147836,-0.535827,-0.132149,0.127498,0.989867,-0.460720,0.261800,-0.011938,-0.065409,0.505467,-0.481158,0.878620,0.135011,-0.026264,0.093172,-0.052020,0.137408,-0.686687,-0.434730,0.684052,-0.632622,-0.295499,-0.061223,-0.175687
-0.826898,0.043999,0.689028,-0.006485,0.028422,-0.900644,0.433578,-0.726228,0.518042,0.219328,1.038942,-0.267143,-0.149838,-0.532312,-0.133570,0.127126,0.984595,-0.460370,0.261800,-0.011329,-0.066919,0.502676,-0.476630,0.874659,0.131634,-0.024195,0.100871,-0.050703,0.137093,-0.684393,-0.433155,0.684485,-0.634223,-0.292088,-0.063268,-0.175553
-0.827954,0.042968,0.690058,-0.005621,0.028416,-0.900450,0.433994,-0.722220,0.516592,0.221447,1.033685,-0.266621,-0.151801,-0.528780,-0.134841,0.126474,0.979489,-0.460176,0.261800,-0.011198,-0.068160,0.499801,-0.471463,0.870570,0.129226,-0.023224,0.107263,-0.050584,0.135561,-0.684363,-0.431564,0.684437,-0.634266,-0.288886,-0.064774,-0.174940
-0.828947,0.041988,0.691039,-0.004888,0.028510,-0.900216,0.434481,-0.718573,0.515270,0.222963,1.028719,-0.266149,-0.153691,-0.525060,-0.135890,0.125445,0.974398,-0.460073,0.261800,-0.011329,-0.068966,0.497113,-0.465376,0.866416,0.128218,-0.024002,0.112088,-0.052382,0.131708,-0.685469,-0.430127,0.684070,-0.633757,-0.287598,-0.065515,-0.173794
-0.829984,0.041070,0.691937,-0.004243,0.028650,-0.899948,0.435035,-0.715208,0.513998,0.224058,1.023988,-0.265715,-0.155566,-0.521266,-0.136825,0.124159,0.969435,-0.460092,0.261800,-0.012148,-0.069602,0.494353,-0.457658,0.862263,0.128934,-0.026773,0.117665,-0.055450,0.125946,-0.689644,-0.429306,0.682827,-0.631657,-0.284343,-0.065744,-0.172106
-0.831008,0.040185,0.692793,-0.003598,0.028834,-0.899649,0.435647,-0.712228,0.512727,0.224841,1.019460,-0.265250,-0.157457,-0.517642,-0.137707,0.122693,0.964703,-0.460239,0.261800,-0.011645,-0.069609,0.492519,-0.451032,0.857874,0.128913,-0.031207,0.122363,-0.058619,0.120388,-0.688027,-0.428055,0.683571,-0.633295,-0.288234,-0.065588,-0.170939
-0.832077,0.039318,0.693599,-0.002861,0.028995,-0.899326,0.436308,-0.709617,0.511322,0.225542,1.015057,-0.264668,-0.159392,-0.514447,-0.138736,0.121216,0.960402,-0.460550,0.261800,-0.012254,-0.069840,0.489907,-0.443093,0.853393,0.129526,-0.036095,0.124956,-0.060791,0.117276,-0.691584,-0.427232,0.682912,-0.631417,-0.287233,-0.065562,-0.169608
-0.833084,0.038527,0.694337,-0.002011,0.029176,-0.898983,0.437005,-0.707508,0.509843,0.226104,1.010845,-0.263965,-0.161417,-0.511752,-0.139858,0.119671,0.956501,-0.461002,0.261800,-0.012271,-0.069751,0.487509,-0.435708,0.848658,0.129083,-0.041892,0.124161,-0.061604,0.117539,-0.692812,-0.426328,0.683178,-0.630913,-0.289909,-0.065574,-0.169021
-0.834132,0.037776,0.695027,-0.001097,0.029380,-0.898617,0.437748,-0.705840,0.508319,0.226470,1.006829,-0.263182,-0.163502,-0.509425,-0.141011,0.118022,0.952947,-0.461590,0.261800,-0.011840,-0.069325,0.485182,-0.428827,0.843660,0.127772,-0.048507,0.121097,-0.061673,0.119944,-0.692777,-0.425134,0.684078,-0.630833,-0.295314,-0.065499,-0.168829
-0.835181,0.037090,0.695677,-0.000132,0.029552,-0.898217,0.438558,-0.704422,0.506642,0.226732,1.002855,-0.262289,-0.165581,-0.507363,-0.142293,0.116356,0.949727,-0.462322,0.261800,-0.011670,-0.068910,0.482626,-0.421882,0.838503,0.126560,-0.055461,0.117618,-0.061251,0.123218,-0.694298,-0.423930,0.684568,-0.629485,-0.298770,-0.065382,-0.168418
-0.836216,0.036489,0.696274,0.000871,0.029650,-0.897772,0.439461,-0.703093,0.504717,0.226962,0.998782,-0.261269,-0.167585,-0.505460,-0.143716,0.114733,0.946820,-0.463205,0.261800,-0.011721,-0.068652,0.480009,-0.415116,0.833269,0.125812,-0.062469,0.115488,-0.060554,0.126056,-0.696872,-0.422891,0.684581,-0.627432,-0.298980,-0.065197,-0.167482
-0.837280,0.035925,0.696860,0.001942,0.029652,-0.897279,0.440462,-0.701893,0.502486,0.227176,0.994608,-0.260078,-0.169348,-0.503782,-0.145319,0.113229,0.944276,-0.464292,0.261800,-0.011317,-0.068472,0.477661,-0.409378,0.827934,0.124933,-0.069602,0.115019,-0.059357,0.128508,-0.697670,-0.421733,0.684951,-0.626477,-0.297928,-0.064877,-0.166006
-0.838396,0.035450,0.697397,0.003077,0.029580,-0.896745,0.441548,-0.700863,0.500003,0.227351,0.990378,-0.258727,-0.170956,-0.502363,-0.147091,0.111800,0.942096,-0.465563,0.261800,-0.011011,-0.068432,0.475216,-0.403798,0.822527,0.124297,-0.077015,0.115296,-0.057639,0.131148,-0.699174,-0.420608,0.684982,-0.624921,-0.294083,-0.064478,-0.164015
-0.839542,0.035060,0.697919,0.004209,0.029481,-0.896167,0.442716,-0.699921,0.497383,0.227423,0.986075,-0.257311,-0.172723,-0.501012,-0.148949,0.110281,0.940118,-0.466896,0.261800,-0.010645,-0.068341,0.472952,-0.398747,0.817074,0.123765,-0.084477,0.116193,-0.055865,0.133395,-0.700380,-0.419459,0.685112,-0.623503,-0.290078,-0.063986,-0.162014
-0.840666,0.034685,0.698444,0.005274,0.029402,-0.895546,0.443966,-0.698964,0.494739,0.227340,0.981661,-0.255907,-0.174963,-0.499560,-0.150872,0.108523,0.938197,-0.468178,0.261800,-0.010142,-0.068036,0.471029,-0.394235,0.811608,0.123335,-0.091934,0.117553,-0.054502,0.134700,-0.700812,-0.418150,0.685618,-0.622446,-0.288044,-0.063412,-0.160438
-0.841714,0.034376,0.698956,0.006310,0.029345,-0.894895,0.445267,-0.698001,0.492074,0.227175,0.977047,-0.254489,-0.177819,-0.498153,-0.152857,0.106582,0.936379,-0.469364,0.261800,-0.009973,-0.067712,0.469121,-0.389657,0.806187,0.123661,-0.099407,0.119667,-0.053560,0.134678,-0.702686,-0.416913,0.685868,-0.620426,-0.285840,-0.062735,-0.159196
-0.842847,0.034079,0.699463,0.007336,0.029290,-0.894208,0.446632,-0.697072,0.489346,0.226925,0.972283,-0.253036,-0.181107,-0.496820,-0.154929,0.104505,0.934730,-0.470536,0.261800,-0.010026,-0.067393,0.467317,-0.385182,0.800812,0.124612,-0.106973,0.122483,-0.052830,0.133682,-0.705348,-0.415832,0.685960,-0.617974,-0.283279,-0.061958,-0.158156
-0.843960,0.033778,0.699949,0.008247,0.029236,-0.893460,0.448114,-0.696122,0.486559,0.226431,0.967532,-0.251629,-0.184635,-0.495206,-0.157054,0.102128,0.933117,-0.471758,0.261800,-0.010014,-0.066835,0.465958,-0.381006,0.795472,0.125634,-0.114680,0.125352,-0.052461,0.132314,-0.707044,-0.414717,0.686360,-0.616103,-0.282296,-0.061188,-0.157394
-0.845091,0.033507,0.700446,0.008944,0.029174,-0.892624,0.449768,-0.695060,0.483712,0.225563,0.962918,-0.250331,-0.188213,-0.492949,-0.159267,0.099303,0.931406,-0.473069,0.261800,-0.010392,-0.066004,0.464991,-0.376779,0.790220,0.126723,-0.122251,0.127684,-0.052604,0.131178,-0.709045,-0.413626,0.686620,-0.613890,-0.281639,-0.060593,-0.156724
-0.846158,0.033261,0.700911,0.009379,0.029097,-0.891682,0.451629,-0.693876,0.480692,0.224127,0.958449,-0.249094,-0.191843,-0.489911,-0.161556,0.095971,0.929597,-0.474566,0.261800,-0.010995,-0.064804,0.464649,-0.372945,0.785086,0.127665,-0.129549,0.129353,-0.053481,0.130250,-0.710494,-0.412462,0.686942,-0.611844,-0.282732,-0.060260,-0.156264
-0.847228,0.033035,0.701373,0.009613,0.029009,-0.890650,0.453661,-0.692602,0.477539,0.222252,0.954055,-0.247900,-0.195606,-0.486282,-0.163940,0.092203,0.927717,-0.476152,0.261800,-0.011820,-0.063337,0.464771,-0.369357,0.780078,0.128622,-0.136700,0.130652,-0.054938,0.129292,-0.711784,-0.411210,0.687201,-0.609732,-0.284935,-0.060104,-0.155985
-0.848303,0.032804,0.701806,0.009704,0.028921,-0.889552,0.455813,-0.691238,0.474477,0.220271,0.949820,-0.246905,-0.199438,-0.482249,-0.166355,0.088094,0.925842,-0.477776,0.261800,-0.013178,-0.061769,0.464995,-0.365379,0.775224,0.129813,-0.143709,0.131610,-0.056629,0.128559,-0.714258,-0.410089,0.687172,-0.606787,-0.285860,-0.059996,-0.155663
-0.849372,0.032537,0.702240,0.009710,0.028855,-0.888414,0.458033,-0.689789,0.471748,0.218503,0.945805,-0.246256,-0.203277,-0.478002,-0.168788,0.083775,0.924049,-0.479434,0.261800,-0.014637,-0.060051,0.465341,-0.361233,0.770497,0.130740,-0.150654,0.132232,-0.058187,0.128302,-0.716248,-0.409012,0.687460,-0.604072,-0.286255,-0.059748,-0.155335
-0.850415,0.032249,0.702644,0.009582,0.028826,-0.887211,0.460362,-0.688257,0.469099,0.216507,0.941830,-0.245757,-0.207791,-0.473398,-0.171208,0.079088,0.922274,-0.481040,0.261800,-0.016298,-0.058077,0.465884,-0.357026,0.765878,0.131300,-0.157411,0.132441,-0.059587,0.128926,-0.717833,-0.407916,0.688106,-0.601612,-0.285912,-0.059349,-0.155013
-0.851463,0.031967,0.703015,0.009311,0.028817,-0.885940,0.462811,-0.686628,0.466507,0.214296,0.937920,-0.245408,-0.212786,-0.468396,-0.173631,0.074042,0.920508,-0.482649,0.261800,-0.018447,-0.055934,0.466518,-0.352335,0.761377,0.131926,-0.164131,0.132261,-0.060999,0.130193,-0.720288,-0.406959,0.688629,-0.598582,-0.283925,-0.058897,-0.154626
-0.852511,0.031610,0.703357,0.009012,0.028804,-0.884651,0.465276,-0.684934,0.464546,0.212856,0.934484,-0.245632,-0.216904,-0.463335,-0.176104,0.068918,0.918873,-0.484301,0.261800,-0.020609,-0.053780,0.467147,-0.347566,0.757010,0.132318,-0.170616,0.131896,-0.062359,0.131374,-0.722432,-0.406102,0.689295,-0.595551,-0.281515,-0.058341,-0.154205
-0.853558,0.031259,0.703699,0.008804,0.028754,-0.883399,0.467655,-0.683198,0.463778,0.213185,0.931923,-0.246841,-0.218795,-0.458560,-0.178643,0.063996,0.917485,-0.486034,0.261800,-0.022712,-0.051899,0.467418,-0.342550,0.752826,0.132560,-0.176684,0.131553,-0.063602,0.131772,-0.724863,-0.405456,0.689812,-0.591987,-0.278002,-0.057666,-0.153608
-0.854606,0.030889,0.703992,0.008730,0.028641,-0.882170,0.469977,-0.681528,0.463847,0.215027,0.930175,-0.248967,-0.218391,-0.454163,-0.181344,0.059287,0.916444,-0.487929,0.261800,-0.024535,-0.050341,0.467367,-0.337747,0.748850,0.132374,-0.182316,0.131019,-0.064853,0.131117,-0.726643,-0.404979,0.690407,-0.588542,-0.274071,-0.056915,-0.153086
-0.855652,0.030431,0.704262,0.008725,0.028485,-0.880945,0.472280,-0.679886,0.464608,0.218017,0.929101,-0.251858,-0.216330,-0.449966,-0.184161,0.054655,0.915660,-0.489923,0.261800,-0.026174,-0.048978,0.467117,-0.333153,0.745092,0.131746,-0.187495,0.130265,-0.066092,0.129825,-0.727867,-0.404641,0.691076,-0.585191,-0.269711,-0.056081,-0.152609
-0.856677,0.029914,0.704517,0.008740,0.028331,-0.879771,0.474472,-0.678032,0.466930,0.223010,0.928915,-0.255806,-0.212329,-0.445903,-0.186926,0.050203,0.914985,-0.491902,0.261800,-0.027718,-0.047737,0.466640,-0.328265,0.741562,0.130911,-0.192210,0.129738,-0.067049,0.128201,-0.729302,-0.404531,0.691584,-0.581286,-0.264611,-0.055048,-0.151751
-0.857657,0.029352,0.704734,0.008728,0.028225,-0.878698,0.476463,-0.675735,0.471683,0.230849,0.929867,-0.261144,-0.206116,-0.441915,-0.189414,0.046014,0.914246,-0.493734,0.261800,-0.028807,-0.046414,0.466146,-0.323117,0.738245,0.129677,-0.196390,0.129885,-0.067452,0.126535,-0.729879,-0.404526,0.692220,-0.577285,-0.260413,-0.053666,-0.150242
-0.858586,0.028691,0.704932,0.008699,0.028153,-0.877745,0.478222,-0.672731,0.479737,0.242734,0.932281,-0.268568,-0.196657,-0.438075,-0.191616,0.042156,0.913502,-0.495395,0.261800,-0.029690,-0.045132,0.465457,-0.317385,0.735152,0.128239,-0.200173,0.131127,-0.067179,0.125191,-0.730743,-0.404725,0.692586,-0.572623,-0.255972,-0.051826,-0.147773
-0.859490,0.027972,0.705122,0.008674,0.028098,-0.876885,0.479800,-0.669071,0.490367,0.257917,0.935942,-0.277856,-0.184484,-0.434383,-0.193633,0.038568,0.912784,-0.496936,0.261800,-0.030116,-0.043856,0.464706,-0.311521,0.732278,0.126317,-0.203521,0.133124,-0.066391,0.123910,-0.730671,-0.405009,0.693072,-0.568055,-0.252354,-0.049599,-0.144682
-0.860341,0.027209,0.705296,0.008615,0.028097,-0.876099,0.481234,-0.665009,0.502068,0.274329,0.940306,-0.287906,-0.171660,-0.430704,-0.195438,0.035173,0.911991,-0.498396,0.261800,-0.030381,-0.042529,0.463852,-0.305304,0.729632,0.124240,-0.206099,0.135216,-0.065257,0.122081,-0.730639,-0.405410,0.693576,-0.562656,-0.248643,-0.047211,-0.141191
-0.861172,0.026359,0.705448,0.008482,0.028188,-0.875370,0.482557,-0.660894,0.513378,0.289886,0.944805,-0.297476,-0.160186,-0.426866,-0.196941,0.031870,0.910966,-0.499783,0.261800,-0.030617,-0.041044,0.462973,-0.298617,0.727214,0.122252,-0.207636,0.136737,-0.063946,0.119078,-0.730874,-0.405945,0.694240,-0.556011,-0.244693,-0.044875,-0.137597
-0.861908,0.025425,0.705567,0.008262,0.028401,-0.874731,0.483706,-0.656728,0.524611,0.304797,0.949596,-0.306639,-0.150130,-0.422926,-0.198029,0.028749,0.909706,-0.501093,0.261800,-0.030575,-0.039267,0.462185,-0.291652,0.725042,0.120245,-0.208052,0.137452,-0.062555,0.114707,-0.730756,-0.406491,0.695304,-0.548431,-0.240971,-0.042798,-0.133881
-0.862578,0.024402,0.705681,0.007977,0.028706,-0.874180,0.484687,-0.652321,0.536323,0.319952,0.954880,-0.315885,-0.140555,-0.418940,-0.198735,0.025826,0.908281,-0.502318,0.261800,-0.030608,-0.037393,0.461275,-0.283908,0.723124,0.118526,-0.207611,0.137736,-0.060978,0.109319,-0.731634,-0.407185,0.696340,-0.539273,-0.236117,-0.040835,-0.129820
-0.863196,0.023292,0.705795,0.007638,0.029070,-0.873645,0.485634,-0.647916,0.547492,0.334228,0.960154,-0.324459,-0.131894,-0.414748,-0.199364,0.022899,0.906631,-0.503470,0.261800,-0.030463,-0.035404,0.460444,-0.275971,0.721405,0.116658,-0.206319,0.137826,-0.059067,0.103059,-0.731582,-0.407849,0.697846,-0.529626,-0.232666,-0.038585,-0.125819
-0.863764,0.022105,0.705896,0.007259,0.029451,-0.873054,0.486679,-0.643795,0.557086,0.346502,0.964922,-0.331593,-0.124566,-0.410232,-0.200143,0.019775,0.904797,-0.504603,0.261800,-0.030656,-0.033493,0.459500,-0.267605,0.719835,0.114873,-0.204094,0.137994,-0.056690,0.096098,-0.731813,-0.408571,0.699574,-0.518614,-0.229953,-0.035707,-0.122024
-0.864296,0.020818,0.705988,0.006822,0.029844,-0.872395,0.487842,-0.640009,0.565149,0.356767,0.969163,-0.337138,-0.118515,-0.405343,-0.201140,0.016430,0.902814,-0.505756,0.261800,-0.031039,-0.031582,0.458567,-0.259070,0.718378,0.113235,-0.200904,0.137692,-0.053317,0.087280,-0.731624,-0.409292,0.701795,-0.506408,-0.228606,-0.032325,-0.118885
-0.864750,0.019439,0.706071,0.006327,0.030269,-0.871703,0.489058,-0.636494,0.572149,0.365512,0.973102,-0.341427,-0.113534,-0.400150,-0.202188,0.012954,0.900649,-0.506888,0.261800,-0.031625,-0.029641,0.457593,-0.250154,0.717027,0.111815,-0.196808,0.137032,-0.049182,0.076917,-0.731468,-0.410018,0.704379,-0.492857,-0.227970,-0.028573,-0.116127
-0.865130,0.017976,0.706167,0.005809,0.030726,-0.870980,0.490323,-0.633451,0.577718,0.372281,0.976622,-0.344384,-0.109821,-0.394689,-0.203316,0.009332,0.898211,-0.507927,0.261800,-0.032453,-0.027734,0.456507,-0.240600,0.715755,0.110247,-0.192051,0.137228,-0.045305,0.067335,-0.731414,-0.410794,0.707148,-0.478424,-0.228392,-0.024071,-0.113039
-0.865440,0.016372,0.706276,0.005305,0.031221,-0.870226,0.491633,-0.631034,0.581502,0.376672,0.979533,-0.345917,-0.107571,-0.388975,-0.204600,0.005558,0.895377,-0.508784,0.261800,-0.033426,-0.025872,0.455264,-0.230309,0.714517,0.108002,-0.186864,0.139476,-0.042726,0.060863,-0.731116,-0.411640,0.709893,-0.463791,-0.230542,-0.018444,-0.108931
-0.865708,0.014681,0.706399,0.004838,0.031785,-0.869435,0.492999,-0.629710,0.583033,0.377818,0.981787,-0.345455,-0.107130,-0.383101,-0.206006,0.001557,0.892185,-0.509460,0.261800,-0.034027,-0.023853,0.454024,-0.219964,0.713339,0.104276,-0.180865,0.144557,-0.042055,0.058544,-0.728435,-0.412221,0.712838,-0.450386,-0.236848,-0.010539,-0.103356
-0.865898,0.012904,0.706528,0.004389,0.032392,-0.868609,0.494419,-0.629248,0.582614,0.376216,0.983438,-0.343204,-0.108301,-0.377034,-0.207544,-0.002624,0.888701,-0.509999,0.261800,-0.035273,-0.021990,0.452305,-0.208646,0.712292,0.100176,-0.173859,0.151666,-0.042613,0.059054,-0.727750,-0.413005,0.715513,-0.435283,-0.242792,-0.001007,-0.096444
-0.866061,0.010992,0.706700,0.003914,0.033005,-0.867758,0.495874,-0.628998,0.581063,0.373268,0.984677,-0.340314,-0.110486,-0.370584,-0.209180,-0.006894,0.884751,-0.510350,0.261800,-0.036343,-0.020115,0.450594,-0.197051,0.711260,0.095357,-0.166690,0.159651,-0.043538,0.061037,-0.725910,-0.413856,0.718316,-0.420116,-0.250958,0.008045,-0.089345
-0.866058,0.009010,0.706886,0.003372,0.033580,-0.866895,0.497347,-0.628298,0.579203,0.370389,0.985708,-0.337936,-0.113070,-0.363580,-0.210875,-0.011145,0.880203,-0.510477,0.261800,-0.037116,-0.018238,0.448947,-0.185386,0.710081,0.089901,-0.159847,0.167411,-0.043990,0.063159,-0.722829,-0.414697,0.721337,-0.404437,-0.261125,0.014474,-0.082987
-0.866042,0.006925,0.707116,0.002743,0.034120,-0.866028,0.498823,-0.627101,0.576995,0.367510,0.986475,-0.336071,-0.116370,-0.355938,-0.212574,-0.015322,0.874919,-0.510414,0.261800,-0.038082,-0.016448,0.447217,-0.172906,0.708649,0.084323,-0.153453,0.175983,-0.043676,0.065899,-0.720534,-0.415758,0.724380,-0.386679,-0.272018,0.017035,-0.077379
-0.865945,0.004685,0.707391,0.002053,0.034647,-0.865147,0.500315,-0.625716,0.574091,0.364020,0.986905,-0.334223,-0.120552,-0.347755,-0.214293,-0.019496,0.868977,-0.510182,0.261800,-0.038960,-0.014577,0.445542,-0.159904,0.706946,0.078300,-0.147342,0.185586,-0.043055,0.069640,-0.717533,-0.416965,0.727605,-0.368066,-0.284971,0.017099,-0.072228
-0.865752,0.002377,0.707711,0.001323,0.035129,-0.864243,0.501845,-0.623988,0.570840,0.360562,0.987177,-0.332773,-0.124762,-0.339133,-0.216162,-0.023731,0.862617,-0.509635,0.261800,-0.039783,-0.012704,0.443757,-0.146541,0.704969,0.071897,-0.141626,0.193855,-0.042456,0.072982,-0.714049,-0.418410,0.731043,-0.349138,-0.298186,0.016377,-0.067633
-0.865518,-0.000038,0.708103,0.000578,0.035536,-0.863304,0.503432,-0.621779,0.567601,0.357764,0.987478,-0.332095,-0.128139,-0.330135,-0.218325,-0.028103,0.855994,-0.508676,0.261800,-0.040491,-0.010878,0.441776,-0.133028,0.702708,0.065143,-0.136487,0.198425,-0.042250,0.074517,-0.709896,-0.420243,0.734794,-0.330707,-0.310262,0.016612,-0.063690
-0.865192,-0.002542,0.708534,-0.000213,0.035895,-0.862324,0.505084,-0.619072,0.564622,0.355763,0.987939,-0.332345,-0.130769,-0.320620,-0.220691,-0.032541,0.848894,-0.507315,0.261800,-0.040541,-0.008857,0.439834,-0.120077,0.700131,0.057578,-0.131762,0.197332,-0.042380,0.073073,-0.702678,-0.422206,0.739030,-0.314118,-0.323646,0.018496,-0.061071
-0.864812,-0.005125,0.708991,-0.001045,0.036188,-0.861311,0.506787,-0.615886,0.561632,0.354275,0.988391,-0.333278,-0.132997,-0.310602,-0.223236,-0.037022,0.841332,-0.505611,0.261800,-0.041539,-0.007172,0.437230,-0.105924,0.697256,0.050553,-0.127256,0.192248,-0.042713,0.069732,-0.699673,-0.425268,0.743712,-0.295005,-0.332147,0.020922,-0.059124
-0.864368,-0.007818,0.709518,-0.001866,0.036401,-0.860270,0.508535,-0.612313,0.558352,0.353132,0.988695,-0.334695,-0.134359,-0.300371,-0.226155,-0.041774,0.833731,-0.503472,0.261800,-0.041697,-0.005316,0.434850,-0.092113,0.694095,0.042531,-0.123776,0.186425,-0.043505,0.066199,-0.692768,-0.428853,0.748213,-0.278609,-0.341946,0.023416,-0.057314
-0.863881,-0.010634,0.710130,-0.002613,0.036477,-0.859207,0.510319,-0.608369,0.554435,0.352241,0.988672,-0.336381,-0.134389,-0.290246,-0.229668,-0.046985,0.826610,-0.500855,0.261800,-0.041636,-0.003654,0.432232,-0.078235,0.690784,0.033660,-0.121177,0.183008,-0.045043,0.064391,-0.685261,-0.433128,0.752120,-0.263042,-0.349061,0.025219,-0.054369
-0.863336,-0.013495,0.710775,-0.003294,0.036407,-0.858137,0.512118,-0.604104,0.549862,0.351530,0.988452,-0.338410,-0.132555,-0.279965,-0.233817,-0.052884,0.819490,-0.497925,0.261800,-0.041230,-0.002206,0.429423,-0.064214,0.687415,0.023641,-0.119580,0.182210,-0.047738,0.065265,-0.676717,-0.438159,0.755269,-0.248851,-0.352605,0.026436,-0.049370
-0.862723,-0.016412,0.711479,-0.003933,0.036216,-0.857050,0.513943,-0.599505,0.544783,0.351052,0.988073,-0.340848,-0.129239,-0.269478,-0.238489,-0.059320,0.812327,-0.494658,0.261800,-0.040390,-0.000904,0.426448,-0.050347,0.684036,0.012441,-0.118678,0.182531,-0.051323,0.067706,-0.666797,-0.443967,0.757821,-0.236041,-0.353670,0.027357,-0.043116
-0.861998,-0.019407,0.712251,-0.004497,0.035902,-0.855924,0.515834,-0.594492,0.539098,0.350882,0.987220,-0.343465,-0.125343,-0.259367,-0.243674,-0.065931,0.806201,-0.490697,0.261800,-0.039140,0.000246,0.423316,-0.036879,0.680651,0.000453,-0.118447,0.184573,-0.055098,0.070435,-0.655439,-0.450550,0.759768,-0.224399,-0.354223,0.027575,-0.037173
-0.861218,-0.022484,0.713094,-0.004953,0.035463,-0.854735,0.517828,-0.588940,0.532705,0.351140,0.985520,-0.346028,-0.121767,-0.250216,-0.249442,-0.072359,0.802158,-0.485622,0.261800,-0.037569,0.001222,0.420032,-0.023970,0.677236,-0.011831,-0.118917,0.188918,-0.058364,0.072164,-0.642798,-0.457908,0.761151,-0.213609,-0.356067,0.026657,-0.033104
-0.860385,-0.025575,0.714038,-0.005241,0.034893,-0.853484,0.519923,-0.582859,0.525499,0.351879,0.982868,-0.348581,-0.118709,-0.242085,-0.256020,-0.078871,0.800210,-0.479522,0.261800,-0.035630,0.002013,0.416506,-0.011552,0.673765,-0.024438,-0.120428,0.196786,-0.060957,0.072666,-0.628715,-0.466044,0.762042,-0.203642,-0.360353,0.024060,-0.031574
-0.859497,-0.028720,0.715033,-0.005393,0.034190,-0.852178,0.522107,-0.576292,0.517534,0.353020,0.979442,-0.351213,-0.115703,-0.234681,-0.263340,-0.085527,0.799880,-0.472559,0.261800,-0.033321,0.002627,0.412774,0.000428,0.670234,-0.037558,-0.122871,0.207511,-0.063248,0.072589,-0.613131,-0.474941,0.762373,-0.194642,-0.365899,0.020164,-0.031685
-0.858502,-0.031974,0.716103,-0.005515,0.033347,-0.850801,0.524400,-0.569218,0.508952,0.354416,0.975346,-0.353760,-0.112665,-0.228113,-0.271109,-0.091593,0.801622,-0.464549,0.261800,-0.030772,0.003071,0.409080,0.011820,0.666627,-0.050921,-0.125655,0.218832,-0.065347,0.071940,-0.596142,-0.484516,0.761979,-0.186738,-0.371263,0.015901,-0.032654
-0.857454,-0.035216,0.717201,-0.005713,0.032358,-0.849336,0.526828,-0.561644,0.499871,0.355882,0.970718,-0.356063,-0.109514,-0.222501,-0.278957,-0.096283,0.805877,-0.455384,0.261800,-0.028162,0.003342,0.405679,0.022634,0.662921,-0.064141,-0.128314,0.228486,-0.067363,0.070707,-0.577942,-0.494628,0.760729,-0.179976,-0.374959,0.012198,-0.033679
-0.856438,-0.038501,0.718380,-0.006009,0.031269,-0.847816,0.529334,-0.553580,0.490487,0.357479,0.965596,-0.358113,-0.106156,-0.217968,-0.286503,-0.098970,0.812679,-0.444751,0.261800,-0.025483,0.003504,0.402589,0.033108,0.659105,-0.077089,-0.131085,0.235667,-0.069392,0.068525,-0.558518,-0.505151,0.758683,-0.174520,-0.376146,0.009774,-0.034267
-0.855287,-0.041784,0.719621,-0.006345,0.030062,-0.846234,0.531925,-0.545009,0.480644,0.359247,0.959866,-0.359961,-0.102665,-0.214437,-0.294063,-0.100128,0.821792,-0.432835,0.261800,-0.022730,0.003515,0.399703,0.043269,0.655175,-0.089880,-0.134155,0.241629,-0.071368,0.065499,-0.537866,-0.515997,0.755905,-0.170130,-0.375803,0.007965,-0.034923
-0.854146,-0.045102,0.720904,-0.006703,0.028624,-0.844513,0.534727,-0.535892,0.469977,0.361031,0.953489,-0.361599,-0.099196,-0.211684,-0.302352,-0.100699,0.833181,-0.420057,0.261800,-0.020102,0.003194,0.397064,0.052950,0.651099,-0.102424,-0.137084,0.247224,-0.073149,0.062319,-0.516299,-0.527067,0.752319,-0.166202,-0.375123,0.005647,-0.036300
-0.852936,-0.048405,0.722195,-0.007063,0.026848,-0.842576,0.537861,-0.526201,0.458121,0.362655,0.946420,-0.363008,-0.095899,-0.209446,-0.312067,-0.101610,0.846809,-0.406856,0.261800,-0.017809,0.002380,0.394736,0.061940,0.646837,-0.114629,-0.139397,0.253292,-0.074595,0.059671,-0.494046,-0.538241,0.747870,-0.162122,-0.375406,0.001670,-0.039081
-0.851677,-0.051780,0.723496,-0.007381,0.024639,-0.840359,0.541420,-0.515840,0.444625,0.364119,0.938426,-0.364104,-0.092663,-0.207823,-0.323382,-0.102508,0.863082,-0.393065,0.261800,-0.016142,0.000896,0.392738,0.070438,0.642375,-0.126797,-0.141258,0.258639,-0.075585,0.058064,-0.471074,-0.549399,0.742541,-0.157715,-0.375735,-0.004448,-0.043122
-0.850437,-0.055137,0.724816,-0.007680,0.022069,-0.837905,0.545316,-0.504838,0.429775,0.365447,0.929526,-0.364902,-0.089459,-0.206818,-0.335835,-0.103000,0.881764,-0.378470,0.261800,-0.014958,-0.001126,0.391022,0.078528,0.637705,-0.138844,-0.142820,0.263288,-0.076211,0.057020,-0.447348,-0.560455,0.736397,-0.153149,-0.375896,-0.012043,-0.048161
-0.849143,-0.058501,0.726112,-0.008038,0.019279,-0.835293,0.549408,-0.493369,0.414292,0.366510,0.920124,-0.365476,-0.086532,-0.205936,-0.349133,-0.103972,0.901748,-0.363361,0.261800,-0.013862,-0.003409,0.389588,0.085997,0.632771,-0.149973,-0.143722,0.269916,-0.076669,0.055739,-0.423117,-0.571336,0.729530,-0.148376,-0.378238,-0.020515,-0.054729
-0.847891,-0.061849,0.727358,-0.008536,0.016403,-0.832606,0.553557,-0.481584,0.398883,0.367209,0.910561,-0.365948,-0.084116,-0.204715,-0.363080,-0.106302,0.922048,-0.348129,0.261800,-0.012525,-0.005698,0.388457,0.092728,0.627485,-0.159271,-0.143687,0.281193,-0.077178,0.053404,-0.398803,-0.581977,0.722134,-0.143258,-0.385042,-0.029227,-0.063405
-0.846678,-0.065169,0.728630,-0.009468,0.013893,-0.829872,0.557701,-0.470020,0.384883,0.366671,0.901323,-0.366405,-0.082509,-0.202983,-0.376130,-0.111387,0.942415,-0.332102,0.254863,-0.010764,-0.007019,0.387659,0.098803,0.621700,-0.166416,-0.142929,0.298860,-0.078047,0.049107,-0.374310,-0.592328,0.714249,-0.137774,-0.398098,-0.038391,-0.075396
-0.845603,-0.068402,0.729914,-0.010979,0.012163,-0.827176,0.561704,-0.459288,0.373399,0.364429,0.892950,-0.367045,-0.081851,-0.201067,-0.387325,-0.119527,0.962900,-0.314980,0.240198,-0.008437,-0.006467,0.386958,0.104440,0.615343,-0.171742,-0.141617,0.321186,-0.079176,0.043507,-0.349678,-0.602326,0.705948,-0.131847,-0.415837,-0.048029,-0.090181
-0.844600,-0.071586,0.731195,-0.012579,0.010500,-0.824513,0.565606,-0.448520,0.362460,0.362016,0.884679,-0.367699,-0.081698,-0.199137,-0.399121,-0.129411,0.983615,-0.298282,0.223955,-0.005912,-0.005709,0.386268,0.109733,0.608493,-0.175307,-0.139408,0.345628,-0.080133,0.038125,-0.325424,-0.611881,0.697488,-0.125318,-0.435623,-0.057235,-0.105711
-0.843575,-0.074750,0.732415,-0.014121,0.008967,-0.822038,0.569187,-0.437949,0.352387,0.359851,0.876723,-0.368455,-0.082104,-0.197520,-0.411545,-0.140904,1.004060,-0.283044,0.206184,-0.003001,-0.004833,0.385270,0.114909,0.601285,-0.177112,-0.136103,0.369625,-0.080382,0.034478,-0.302160,-0.620874,0.689148,-0.117988,-0.454734,-0.065266,-0.119862
-0.842607,-0.077870,0.733547,-0.015608,0.007562,-0.819812,0.572370,-0.427470,0.343333,0.358118,0.869089,-0.369331,-0.083426,-0.196368,-0.424808,-0.154165,1.024534,-0.269448,0.186624,0.000488,-0.003930,0.383958,0.120174,0.593741,-0.176869,-0.132037,0.394549,-0.079425,0.032945,-0.279958,-0.629181,0.680925,-0.109872,-0.473605,-0.072084,-0.132620
-0.841721,-0.080962,0.734644,-0.017103,0.006252,-0.817748,0.575288,-0.417020,0.335082,0.356595,0.861698,-0.370302,-0.085510,-0.195387,-0.438986,-0.169240,1.045225,-0.257116,0.165184,0.004342,-0.003024,0.382463,0.125487,0.585838,-0.174584,-0.127297,0.421047,-0.077585,0.032681,-0.258752,-0.636729,0.672860,-0.100839,-0.493288,-0.078040,-0.144898
-0.840803,-0.083997,0.735683,-0.018547,0.005055,-0.815791,0.578028,-0.406829,0.327374,0.355123,0.854525,-0.371351,-0.087640,-0.194290,-0.453780,-0.185774,1.065524,-0.246322,0.142217,0.008185,-0.002080,0.380692,0.130590,0.577684,-0.170741,-0.121252,0.445456,-0.075483,0.033385,-0.238794,-0.643475,0.665211,-0.090602,-0.511964,-0.083154,-0.155898
-0.839931,-0.086996,0.736694,-0.019882,0.003991,-0.813881,0.580677,-0.397152,0.319986,0.353517,0.847604,-0.372467,-0.089121,-0.192795,-0.468861,-0.203406,1.084794,-0.237306,0.118119,0.011678,-0.001085,0.378546,0.135231,0.569471,-0.165855,-0.113275,0.464073,-0.073753,0.034820,-0.220355,-0.649409,0.658216,-0.078839,-0.527803,-0.087524,-0.164786
-0.839093,-0.089989,0.737672,-0.021084,0.003142,-0.812044,0.583206,-0.388179,0.313106,0.351766,0.841103,-0.373726,-0.089847,-0.191097,-0.484478,-0.222624,1.103485,-0.230058,0.091356,0.014855,0.000011,0.375879,0.139490,0.561271,-0.159704,-0.103087,0.475311,-0.072614,0.037524,-0.203533,-0.654510,0.651835,-0.065368,-0.540109,-0.091271,-0.170968
-0.838294,-0.092951,0.738612,-0.022193,0.002474,-0.810299,0.585591,-0.379728,0.306784,0.349960,0.834970,-0.375109,-0.090182,-0.189116,-0.500709,-0.243490,1.121795,-0.224698,0.062213,0.017881,0.001126,0.372790,0.143499,0.553082,-0.152121,-0.091142,0.481297,-0.071684,0.041460,-0.188204,-0.658763,0.645993,-0.050375,-0.549925,-0.094451,-0.174947
-0.837519,-0.095844,0.739535,-0.023225,0.001828,-0.808583,0.587920,-0.371497,0.300597,0.348056,0.828881,-0.376432,-0.090140,-0.186305,-0.516761,-0.264893,1.138708,-0.221514,0.033972,0.020670,0.002110,0.369555,0.147027,0.545044,-0.143732,-0.077883,0.483873,-0.070727,0.045561,-0.174220,-0.662213,0.640792,-0.034198,-0.557999,-0.097072,-0.177543
-0.836801,-0.098666,0.740408,-0.024219,0.001067,-0.806834,0.590281,-0.363174,0.294149,0.346001,0.822491,-0.377507,-0.089782,-0.182247,-0.531704,-0.285593,1.153199,-0.220602,0.010055,0.023202,0.002828,0.366456,0.149814,0.537373,-0.135223,-0.063759,0.484858,-0.069493,0.048777,-0.161272,-0.664942,0.636211,-0.017300,-0.565101,-0.099112,-0.179583
-0.836143,-0.101405,0.741271,-0.025160,0.000097,-0.805020,0.592714,-0.354663,0.287201,0.343752,0.815742,-0.378330,-0.089043,-0.176592,-0.546126,-0.306206,1.165326,-0.221768,-0.009213,0.025555,0.003124,0.363617,0.151732,0.530225,-0.126503,-0.048626,0.482764,-0.067862,0.050752,-0.149109,-0.667014,0.631972,0.000198,-0.571405,-0.100392,-0.180973
-0.835557,-0.104095,0.742121,-0.026044,-0.000973,-0.803183,0.595163,-0.346134,0.280054,0.341333,0.808800,-0.378976,-0.087957,-0.169712,-0.559970,-0.326972,1.175517,-0.224881,-0.025252,0.027829,0.003105,0.360903,0.152970,0.523637,-0.117340,-0.032433,0.477217,-0.065983,0.052109,-0.137769,-0.668473,0.628015,0.018332,-0.576491,-0.101015,-0.181356
-0.835088,-0.106710,0.742999,-0.026893,-0.001997,-0.801374,0.597555,-0.337775,0.273135,0.338784,0.801807,-0.379456,-0.086646,-0.162567,-0.571302,-0.345932,1.183352,-0.229948,-0.037168,0.030041,0.003042,0.358193,0.153670,0.517653,-0.108222,-0.015685,0.471666,-0.063989,0.053256,-0.127299,-0.669390,0.624625,0.036864,-0.580300,-0.101356,-0.181177
-0.834612,-0.109312,0.743909,-0.027729,-0.002827,-0.799648,0.599822,-0.329754,0.266845,0.336166,0.794868,-0.379765,-0.085224,-0.156266,-0.578130,-0.361066,1.188339,-0.236876,-0.044085,0.032233,0.003201,0.355347,0.153945,0.512306,-0.099689,0.001141,0.469587,-0.062003,0.054606,-0.117768,-0.669858,0.622069,0.055584,-0.582759,-0.101784,-0.180882
-0.834190,-0.111790,0.744845,-0.028574,-0.003400,-0.797976,0.602003,-0.322230,0.261266,0.333353,0.788097,-0.379885,-0.083572,-0.151005,-0.579699,-0.371689,1.190069,-0.246842,-0.044545,0.034391,0.003716,0.352347,0.153601,0.507627,-0.091785,0.018110,0.472676,-0.059829,0.056414,-0.109099,-0.669957,0.620270,0.074447,-0.584154,-0.102516,-0.180794
-0.833848,-0.114239,0.745769,-0.029411,-0.003802,-0.796344,0.604116,-0.315062,0.256176,0.330390,0.781390,-0.379821,-0.081691,-0.146523,-0.577133,-0.378830,1.188840,-0.259314,-0.039432,0.036550,0.004430,0.349273,0.152655,0.503623,-0.084283,0.035393,0.478821,-0.057458,0.058413,-0.101134,-0.669728,0.619025,0.093381,-0.584420,-0.103303,-0.180602
-0.833637,-0.116658,0.746725,-0.030192,-0.004112,-0.794833,0.606062,-0.308016,0.251547,0.327579,0.774600,-0.379637,-0.079865,-0.143271,-0.571554,-0.382955,1.185292,-0.271708,-0.031393,0.038814,0.005177,0.346128,0.151410,0.500283,-0.077343,0.052789,0.485753,-0.055295,0.060223,-0.093954,-0.669210,0.618482,0.112332,-0.582923,-0.103857,-0.179829
-0.833429,-0.119077,0.747698,-0.030911,-0.004363,-0.793522,0.607741,-0.300850,0.247354,0.325220,0.767569,-0.379378,-0.078373,-0.141659,-0.563940,-0.384521,1.180073,-0.281448,-0.023041,0.041284,0.005796,0.342908,0.150154,0.497579,-0.071131,0.070111,0.491223,-0.053759,0.061471,-0.087605,-0.668426,0.618794,0.131216,-0.579069,-0.103876,-0.177995
-0.833242,-0.121511,0.748669,-0.031557,-0.004556,-0.792467,0.609080,-0.293525,0.243733,0.323423,0.760313,-0.379101,-0.077251,-0.141927,-0.554301,-0.383375,1.173326,-0.287674,-0.014791,0.044083,0.006312,0.339580,0.148881,0.495539,-0.065605,0.087453,0.495591,-0.053184,0.062021,-0.082202,-0.667411,0.620127,0.149919,-0.572087,-0.103012,-0.174640
-0.833118,-0.123782,0.749662,-0.032157,-0.004655,-0.791617,0.610153,-0.286165,0.240629,0.322030,0.752910,-0.378767,-0.076358,-0.143752,-0.542238,-0.379406,1.164727,-0.291901,-0.005406,0.047205,0.006775,0.336187,0.147373,0.494261,-0.060797,0.104891,0.499686,-0.053269,0.062101,-0.077445,-0.666271,0.622181,0.168286,-0.562515,-0.101481,-0.170137
-0.833048,-0.126022,0.750639,-0.032679,-0.004739,-0.790885,0.611073,-0.278731,0.237733,0.320937,0.745179,-0.378244,-0.075708,-0.146596,-0.528207,-0.373079,1.154121,-0.295043,0.005060,0.050234,0.007086,0.332787,0.145920,0.493425,-0.056604,0.122112,0.502174,-0.053535,0.061825,-0.073599,-0.664772,0.625027,0.186903,-0.551647,-0.099825,-0.165281
-0.833054,-0.128267,0.751665,-0.033095,-0.004873,-0.790185,0.611955,-0.271175,0.234726,0.320040,0.736922,-0.377371,-0.075311,-0.149937,-0.512652,-0.364857,1.141382,-0.298041,0.016522,0.053135,0.007177,0.329454,0.144316,0.493019,-0.053447,0.139073,0.501545,-0.053450,0.061378,-0.070182,-0.662972,0.628101,0.205767,-0.540759,-0.098637,-0.160821
-0.833089,-0.130412,0.752680,-0.033412,-0.005074,-0.789556,0.612747,-0.263368,0.231570,0.319506,0.728015,-0.376122,-0.075278,-0.153817,-0.495532,-0.354499,1.126518,-0.301134,0.028653,0.056065,0.007074,0.326225,0.142382,0.492965,-0.051428,0.156044,0.496072,-0.053024,0.060686,-0.067082,-0.661018,0.631413,0.224988,-0.529484,-0.098303,-0.156900
-0.833246,-0.132545,0.753711,-0.033630,-0.005322,-0.789024,0.613419,-0.255356,0.228380,0.319326,0.718559,-0.374558,-0.075555,-0.158275,-0.476771,-0.341925,1.109608,-0.303948,0.041481,0.058909,0.006747,0.323001,0.140290,0.493252,-0.050283,0.173016,0.487045,-0.052481,0.059691,-0.064862,-0.658564,0.635423,0.244951,-0.517411,-0.098429,-0.153143
-0.833375,-0.134687,0.754745,-0.033762,-0.005588,-0.788470,0.614120,-0.247358,0.225104,0.319136,0.708726,-0.372696,-0.075917,-0.162711,-0.456811,-0.327898,1.090513,-0.306512,0.055409,0.061426,0.006249,0.319836,0.138087,0.493855,-0.050085,0.189539,0.477478,-0.051633,0.058593,-0.063062,-0.655778,0.639551,0.264814,-0.505668,-0.098458,-0.149441
-0.833581,-0.136803,0.755816,-0.033825,-0.005839,-0.787782,0.614997,-0.239591,0.221676,0.318571,0.698654,-0.370533,-0.076133,-0.166644,-0.436047,-0.313030,1.069115,-0.308799,0.070893,0.063272,0.005600,0.316735,0.135940,0.494716,-0.050795,0.205136,0.470413,-0.050311,0.057588,-0.061452,-0.652594,0.643422,0.284024,-0.495443,-0.097835,-0.145719
-0.833880,-0.138875,0.756870,-0.033823,-0.006085,-0.786947,0.616063,-0.231999,0.218055,0.317672,0.688296,-0.368033,-0.076097,-0.169972,-0.414207,-0.296842,1.045029,-0.311047,0.088635,0.064408,0.004738,0.313727,0.133902,0.495820,-0.052400,0.219511,0.466432,-0.048057,0.056590,-0.060161,-0.648980,0.647220,0.302770,-0.486981,-0.096468,-0.142204
-0.834238,-0.140891,0.757957,-0.033734,-0.006361,-0.786017,0.617251,-0.224463,0.214243,0.316595,0.677542,-0.365178,-0.075932,-0.172778,-0.391388,-0.279182,1.018416,-0.313373,0.108010,0.064976,0.003665,0.310804,0.131883,0.497164,-0.054911,0.232980,0.464015,-0.045109,0.055540,-0.059264,-0.644914,0.651060,0.321271,-0.479689,-0.094644,-0.138867
-0.834598,-0.142861,0.759024,-0.033571,-0.006616,-0.784969,0.618589,-0.217180,0.210295,0.315130,0.666591,-0.362079,-0.075773,-0.174867,-0.368594,-0.261187,0.989897,-0.315514,0.127531,0.064934,0.002494,0.307892,0.129711,0.498734,-0.058394,0.246093,0.463026,-0.042328,0.054683,-0.058612,-0.640385,0.654532,0.339201,-0.473486,-0.092393,-0.135243
-0.834998,-0.144816,0.760072,-0.033365,-0.006786,-0.783783,0.620101,-0.210333,0.206282,0.313093,0.655612,-0.358829,-0.075758,-0.176146,-0.346747,-0.243945,0.960049,-0.317092,0.145818,0.064291,0.001368,0.304922,0.127198,0.500508,-0.062960,0.259389,0.463330,-0.040578,0.054265,-0.057978,-0.635397,0.657150,0.356158,-0.468272,-0.089735,-0.130858
-0.835481,-0.146715,0.761123,-0.033104,-0.006874,-0.782436,0.621812,-0.203936,0.202131,0.310376,0.644526,-0.355382,-0.075928,-0.176713,-0.325450,-0.226888,0.928614,-0.318099,0.162843,0.062968,0.000332,0.301869,0.124292,0.502515,-0.068754,0.272921,0.465790,-0.040228,0.054564,-0.057337,-0.629957,0.658804,0.372050,-0.465088,-0.086450,-0.125150
-0.836001,-0.148596,0.762174,-0.032784,-0.006906,-0.780942,0.623704,-0.197891,0.197830,0.307108,0.633265,-0.351702,-0.076212,-0.176562,-0.304508,-0.209585,0.895353,-0.318675,0.179180,0.061037,-0.000683,0.298771,0.121023,0.504770,-0.075745,0.286465,0.470167,-0.040766,0.055383,-0.056733,-0.624081,0.659679,0.387033,-0.463641,-0.082608,-0.118503
-0.836484,-0.150444,0.763167,-0.032402,-0.006866,-0.779343,0.625721,-0.192227,0.193561,0.303430,0.622022,-0.347887,-0.076580,-0.175668,-0.284927,-0.193279,0.860936,-0.318381,0.194548,0.058723,-0.001678,0.295641,0.117356,0.507204,-0.083756,0.300130,0.474674,-0.041732,0.056258,-0.056031,-0.617780,0.659738,0.401123,-0.461858,-0.078697,-0.111895
-0.837068,-0.152231,0.764140,-0.031975,-0.006725,-0.777681,0.627809,-0.186974,0.189513,0.299484,0.610985,-0.344034,-0.077003,-0.174100,-0.267516,-0.179248,0.826024,-0.316708,0.208797,0.056245,-0.002628,0.292487,0.113245,0.509710,-0.092604,0.314037,0.477550,-0.042671,0.056719,-0.055114,-0.611085,0.658955,0.414339,-0.457663,-0.075184,-0.106313
-0.837677,-0.154002,0.765090,-0.031476,-0.006451,-0.775960,0.629963,-0.182229,0.185738,0.295254,0.600168,-0.340139,-0.077475,-0.171891,-0.252162,-0.167789,0.790075,-0.312723,0.222751,0.053582,-0.003457,0.289249,0.108652,0.512223,-0.102388,0.328224,0.478735,-0.043571,0.056876,-0.053937,-0.604004,0.657204,0.426587,-0.450576,-0.072205,-0.101931
-0.838306,-0.155723,0.766043,-0.030906,-0.006065,-0.774162,0.632204,-0.177954,0.182144,0.290693,0.589499,-0.336168,-0.078009,-0.169085,-0.238324,-0.158198,0.752802,-0.306751,0.236423,0.050644,-0.004163,0.285934,0.103618,0.514738,-0.113155,0.342613,0.479071,-0.044635,0.056898,-0.052580,-0.596558,0.654555,0.437871,-0.441669,-0.069479,-0.098252
-0.839101,-0.157427,0.766938,-0.030321,-0.005613,-0.772294,0.634517,-0.174021,0.178744,0.285870,0.579073,-0.332181,-0.078628,-0.165804,-0.226143,-0.150313,0.715263,-0.300093,0.248554,0.047528,-0.004808,0.282679,0.098219,0.517232,-0.124620,0.357188,0.478127,-0.045765,0.056405,-0.051114,-0.588785,0.651285,0.448393,-0.431194,-0.066898,-0.095307
-0.839924,-0.159075,0.767816,-0.029765,-0.005151,-0.770368,0.636884,-0.170305,0.175558,0.280848,0.569016,-0.328263,-0.079322,-0.162186,-0.215739,-0.144041,0.678585,-0.294057,0.257880,0.044299,-0.005463,0.279615,0.092619,0.519673,-0.136444,0.371828,0.475479,-0.046832,0.054989,-0.049672,-0.580746,0.647721,0.458397,-0.419402,-0.064348,-0.093124
-0.840835,-0.160687,0.768652,-0.029337,-0.004481,-0.768435,0.639239,-0.167185,0.173289,0.275529,0.559937,-0.324705,-0.080163,-0.158264,-0.206409,-0.140036,0.642324,-0.288622,0.261800,0.041075,-0.005693,0.276670,0.086869,0.522011,-0.148555,0.386425,0.470807,-0.047646,0.052363,-0.048203,-0.572465,0.643790,0.467690,-0.405997,-0.061808,-0.091959
-0.841798,-0.162237,0.769434,-0.029000,-0.003623,-0.766480,0.641603,-0.164622,0.171771,0.269919,0.551653,-0.321423,-0.081105,-0.153979,-0.197969,-0.138192,0.605971,-0.283029,0.261800,0.037777,-0.005556,0.273816,0.080957,0.524222,-0.161078,0.401003,0.464432,-0.048309,0.048790,-0.046694,-0.563949,0.639407,0.476204,-0.390947,-0.059353,-0.091726
-0.842743,-0.163766,0.770164,-0.028610,-0.002916,-0.764423,0.644074,-0.161993,0.169932,0.264173,0.543282,-0.317986,-0.082096,-0.149413,-0.191137,-0.137479,0.570610,-0.277511,0.261800,0.034196,-0.005727,0.271218,0.074869,0.526333,-0.173977,0.415742,0.456857,-0.049158,0.044704,-0.045283,-0.555242,0.634863,0.484326,-0.374899,-0.057014,-0.091929
-0.843786,-0.165284,0.770873,-0.028203,-0.002375,-0.762279,0.646630,-0.159188,0.167812,0.258310,0.534791,-0.314368,-0.083312,-0.144645,-0.185382,-0.137172,0.536784,-0.271956,0.261800,0.030369,-0.006199,0.268902,0.068710,0.528368,-0.187153,0.430647,0.448585,-0.050507,0.040508,-0.044078,-0.546374,0.630453,0.492367,-0.358481,-0.054804,-0.092074
-0.844904,-0.166773,0.771593,-0.027763,-0.002004,-0.760045,0.649274,-0.156176,0.165362,0.252369,0.526078,-0.310491,-0.084860,-0.139770,-0.181105,-0.137963,0.504745,-0.266863,0.261800,0.026265,-0.007040,0.266857,0.062455,0.530335,-0.200594,0.445817,0.439230,-0.052459,0.036070,-0.043102,-0.537364,0.626207,0.500242,-0.341233,-0.052766,-0.092210
-0.845994,-0.168227,0.772248,-0.027287,-0.001775,-0.757721,0.652006,-0.153055,0.162660,0.246310,0.517258,-0.306423,-0.086636,-0.134818,-0.178209,-0.140127,0.474286,-0.262190,0.261800,0.021878,-0.008177,0.265069,0.056095,0.532226,-0.214325,0.461172,0.428668,-0.054816,0.031231,-0.042272,-0.528215,0.621974,0.507782,-0.323027,-0.050886,-0.092538
-0.847127,-0.169624,0.772879,-0.026838,-0.001653,-0.755320,0.654805,-0.149817,0.159864,0.240056,0.508431,-0.302266,-0.088486,-0.129672,-0.175590,-0.142158,0.445112,-0.256921,0.261800,0.017277,-0.009482,0.263550,0.049771,0.534035,-0.228292,0.476509,0.417858,-0.057484,0.026370,-0.041656,-0.518954,0.617835,0.515339,-0.304949,-0.049078,-0.092788
-0.848372,-0.170985,0.773463,-0.026460,-0.001635,-0.752851,0.657656,-0.146462,0.157085,0.233538,0.499726,-0.298135,-0.090249,-0.124200,-0.172287,-0.142444,0.416911,-0.250009,0.261800,0.012495,-0.010848,0.262326,0.043604,0.535764,-0.242425,0.491644,0.407730,-0.060390,0.021869,-0.041282,-0.509608,0.613872,0.523217,-0.288120,-0.047245,-0.092689
-0.849654,-0.172281,0.774026,-0.026146,-0.001740,-0.750297,0.660582,-0.143001,0.154275,0.226683,0.491136,-0.294012,-0.091838,-0.118513,-0.168456,-0.140819,0.389989,-0.241619,0.261800,0.007443,-0.012297,0.261467,0.037608,0.537431,-0.256722,0.506564,0.398296,-0.063804,0.017611,-0.041170,-0.500160,0.609975,0.531381,-0.272452,-0.045322,-0.092084
-0.850971,-0.173581,0.774561,-0.025881,-0.001964,-0.747654,0.663581,-0.139450,0.151394,0.219543,0.482645,-0.289866,-0.093356,-0.112648,-0.164568,-0.138008,0.364416,-0.232214,0.261800,0.002131,-0.013886,0.260935,0.031719,0.539040,-0.271214,0.521360,0.389124,-0.067676,0.013458,-0.041314,-0.490615,0.606141,0.539723,-0.257477,-0.043365,-0.091143
-0.852345,-0.174852,0.775077,-0.025669,-0.002292,-0.744963,0.666608,-0.135719,0.148514,0.212270,0.474200,-0.285721,-0.094910,-0.106527,-0.160291,-0.133596,0.339948,-0.221242,0.261800,-0.003264,-0.015587,0.260602,0.026009,0.540550,-0.285850,0.535947,0.380523,-0.071471,0.009764,-0.041647,-0.481036,0.602603,0.548354,-0.243715,-0.041431,-0.090082
-0.853768,-0.176104,0.775567,-0.025498,-0.002734,-0.742260,0.669621,-0.131722,0.145694,0.205017,0.465768,-0.281607,-0.096606,-0.100009,-0.155321,-0.127159,0.316238,-0.208125,0.261800,-0.008587,-0.017363,0.260350,0.020568,0.541891,-0.300547,0.550235,0.372834,-0.074665,0.006898,-0.042100,-0.471532,0.599608,0.557365,-0.231683,-0.039584,-0.089113
-0.855263,-0.177317,0.776014,-0.025485,-0.003226,-0.739575,0.672584,-0.127578,0.143313,0.197703,0.457853,-0.277774,-0.098510,-0.091916,-0.148345,-0.117081,0.290245,-0.190503,0.261800,-0.013801,-0.019022,0.260266,0.015406,0.543026,-0.315335,0.564279,0.366266,-0.077202,0.005152,-0.042629,-0.462163,0.597142,0.566683,-0.221530,-0.037816,-0.088129
-0.856860,-0.178569,0.776406,-0.025561,-0.003850,-0.736869,0.675541,-0.123188,0.141073,0.190316,0.450170,-0.274122,-0.100512,-0.082557,-0.140266,-0.104002,0.263083,-0.169400,0.261800,-0.019021,-0.020734,0.260400,0.010479,0.543951,-0.330223,0.578116,0.360635,-0.079357,0.004280,-0.043218,-0.452953,0.595089,0.576215,-0.212961,-0.036095,-0.087058
-0.858472,-0.179831,0.776769,-0.025560,-0.004654,-0.734097,0.678548,-0.118390,0.138358,0.183008,0.441899,-0.270171,-0.102577,-0.074404,-0.133667,-0.091019,0.241151,-0.149572,0.261800,-0.024295,-0.022715,0.260567,0.005725,0.544626,-0.345124,0.591666,0.355644,-0.081103,0.003853,-0.043824,-0.443976,0.593544,0.585965,-0.205798,-0.034459,-0.086170
-0.859921,-0.181043,0.777172,-0.025381,-0.005570,-0.731230,0.681636,-0.113198,0.134947,0.175858,0.432449,-0.265576,-0.104653,-0.070264,-0.130558,-0.081341,0.231133,-0.135885,0.261800,-0.029638,-0.024851,0.260556,0.001123,0.544963,-0.359897,0.604800,0.351031,-0.082406,0.003441,-0.044367,-0.435319,0.592593,0.595862,-0.199872,-0.032955,-0.085732
-0.861211,-0.182282,0.777678,-0.025058,-0.006540,-0.728181,0.684896,-0.107412,0.130716,0.168721,0.421151,-0.259973,-0.106677,-0.073239,-0.131980,-0.075377,0.240186,-0.130787,0.261800,-0.035304,-0.026859,0.260438,-0.003531,0.544865,-0.374762,0.617595,0.346762,-0.083131,0.003243,-0.044953,-0.427074,0.592285,0.606005,-0.195706,-0.031614,-0.085977
-0.862604,-0.183489,0.778183,-0.025390,-0.006561,-0.725357,0.687874,-0.103186,0.129879,0.161298,0.412494,-0.255678,-0.109680,-0.079370,-0.130753,-0.071620,0.257538,-0.128237,0.241504,-0.040221,-0.026467,0.260043,-0.008229,0.544323,-0.389699,0.630164,0.343011,-0.083346,0.003387,-0.045471,-0.419265,0.592548,0.616254,-0.193169,-0.030397,-0.086696
-0.864189,-0.184641,0.778635,-0.026112,-0.005943,-0.722828,0.690509,-0.100414,0.131680,0.153951,0.406519,-0.252759,-0.113527,-0.084739,-0.126819,-0.070733,0.273969,-0.126505,0.206944,-0.044168,-0.024608,0.259232,-0.012779,0.543399,-0.404296,0.642507,0.339720,-0.083307,0.003364,-0.045678,-0.411895,0.593331,0.626343,-0.191134,-0.029254,-0.087495
-0.865807,-0.185818,0.779003,-0.026319,-0.005855,-0.720338,0.693099,-0.097118,0.131872,0.147245,0.399626,-0.249385,-0.117191,-0.086965,-0.125066,-0.072586,0.284991,-0.126667,0.182794,-0.047806,-0.024248,0.258041,-0.016875,0.542158,-0.418072,0.654515,0.336850,-0.083269,0.002672,-0.045416,-0.404981,0.594624,0.636071,-0.188446,-0.028148,-0.087980
-0.867502,-0.187036,0.779158,-0.025763,-0.006540,-0.717853,0.695687,-0.093076,0.129618,0.141281,0.391346,-0.245324,-0.120592,-0.084720,-0.126437,-0.077839,0.288467,-0.129747,0.173411,-0.051183,-0.026120,0.256301,-0.020409,0.540676,-0.430985,0.666186,0.334449,-0.083257,0.001024,-0.044537,-0.398536,0.596585,0.645346,-0.185081,-0.027066,-0.088196
-0.869294,-0.188250,0.779279,-0.024710,-0.007688,-0.715392,0.698244,-0.088619,0.125950,0.135834,0.382223,-0.240843,-0.123926,-0.079863,-0.130047,-0.086076,0.288409,-0.135682,0.172342,-0.054301,-0.029338,0.254117,-0.023433,0.538979,-0.443196,0.677447,0.332513,-0.083149,-0.001270,-0.043189,-0.392565,0.599201,0.654289,-0.181541,-0.026030,-0.088300
-0.871108,-0.189535,0.779410,-0.023595,-0.008898,-0.713007,0.700704,-0.084086,0.122271,0.130667,0.373089,-0.236350,-0.127266,-0.073567,-0.133991,-0.095449,0.285962,-0.141926,0.174723,-0.057170,-0.032694,0.251811,-0.025948,0.537052,-0.454567,0.688157,0.330886,-0.082976,-0.003819,-0.041606,-0.387051,0.602190,0.662960,-0.177498,-0.025057,-0.088082
-0.872939,-0.190775,0.779594,-0.022853,-0.009774,-0.710749,0.703006,-0.079813,0.119969,0.125563,0.364780,-0.232240,-0.130689,-0.067027,-0.136378,-0.104062,0.282311,-0.146042,0.175615,-0.059804,-0.034986,0.249719,-0.028007,0.534867,-0.464974,0.698204,0.329393,-0.082766,-0.006226,-0.040024,-0.381962,0.605274,0.671433,-0.172631,-0.024157,-0.087337
-0.874791,-0.192038,0.779851,-0.022642,-0.010201,-0.708586,0.705187,-0.075849,0.119512,0.120308,0.357501,-0.228638,-0.134389,-0.059975,-0.136637,-0.111832,0.276840,-0.147172,0.174238,-0.062275,-0.035802,0.247949,-0.029699,0.532453,-0.474802,0.707575,0.327843,-0.082484,-0.008149,-0.038449,-0.377282,0.608465,0.679674,-0.166666,-0.023394,-0.085953
-0.876607,-0.193237,0.780099,-0.022721,-0.010389,-0.706509,0.707263,-0.072050,0.120117,0.115078,0.350848,-0.225344,-0.138269,-0.052011,-0.135776,-0.119621,0.269251,-0.146685,0.172990,-0.064527,-0.035816,0.246320,-0.031051,0.529824,-0.484036,0.716381,0.326345,-0.082128,-0.009874,-0.036756,-0.373002,0.611856,0.687666,-0.159858,-0.022733,-0.084056
-0.878364,-0.194426,0.780319,-0.022893,-0.010461,-0.704605,0.709154,-0.068425,0.121274,0.110264,0.344711,-0.222263,-0.141972,-0.044162,-0.134319,-0.126875,0.261283,-0.145582,0.171679,-0.066399,-0.035478,0.244741,-0.031877,0.526891,-0.491822,0.724616,0.325317,-0.081783,-0.011951,-0.035083,-0.369113,0.615340,0.695593,-0.152626,-0.022039,-0.081801
-0.880112,-0.195597,0.780584,-0.022969,-0.010539,-0.702961,0.710779,-0.065000,0.122465,0.106248,0.338989,-0.219292,-0.145144,-0.037424,-0.132804,-0.133054,0.254654,-0.144852,0.170159,-0.067776,-0.035195,0.243117,-0.032018,0.523518,-0.497304,0.732333,0.325147,-0.081535,-0.014930,-0.033553,-0.365588,0.618845,0.703598,-0.145389,-0.021173,-0.079356
-0.881848,-0.196732,0.780803,-0.022925,-0.010636,-0.701605,0.712118,-0.061729,0.123581,0.103138,0.333588,-0.216375,-0.147724,-0.032063,-0.131342,-0.137958,0.249904,-0.144731,0.168479,-0.068634,-0.035038,0.241372,-0.031410,0.519604,-0.500265,0.739523,0.326320,-0.081568,-0.019293,-0.032267,-0.362433,0.622579,0.711856,-0.137839,-0.020208,-0.076692
-0.883614,-0.197847,0.781060,-0.022833,-0.010715,-0.700493,0.713214,-0.058625,0.124868,0.100736,0.328579,-0.213558,-0.149898,-0.027538,-0.129688,-0.141893,0.246076,-0.144697,0.166709,-0.069076,-0.034780,0.239542,-0.030171,0.515144,-0.501123,0.746281,0.328539,-0.081797,-0.024625,-0.031198,-0.359664,0.626565,0.720324,-0.129894,-0.019170,-0.073759
-0.885280,-0.198914,0.781341,-0.022715,-0.010746,-0.699603,0.714090,-0.055810,0.126360,0.098961,0.324133,-0.210913,-0.151684,-0.023635,-0.127832,-0.145093,0.242707,-0.144652,0.164754,-0.069147,-0.034384,0.237716,-0.028376,0.510153,-0.499982,0.752735,0.331070,-0.081916,-0.030128,-0.030240,-0.357222,0.630440,0.728792,-0.122272,-0.017860,-0.070685
-0.886897,-0.199934,0.781621,-0.022583,-0.010710,-0.698915,0.714768,-0.053397,0.128092,0.097738,0.320397,-0.208501,-0.153099,-0.020128,-0.125763,-0.147799,0.239316,-0.144486,0.162512,-0.068895,-0.033840,0.235968,-0.026094,0.504675,-0.496943,0.759026,0.333181,-0.081605,-0.035009,-0.029341,-0.355031,0.633850,0.737151,-0.115717,-0.016088,-0.067604
-0.888507,-0.200913,0.781892,-0.022402,-0.010576,-0.698495,0.715186,-0.051443,0.130101,0.097234,0.317355,-0.206329,-0.154019,-0.017144,-0.123446,-0.149888,0.235810,-0.144148,0.160002,-0.068154,-0.033187,0.234237,-0.023094,0.498654,-0.491412,0.764937,0.335207,-0.080667,-0.039471,-0.028507,-0.353019,0.636662,0.745474,-0.110363,-0.013817,-0.064473
-0.890099,-0.201834,0.782141,-0.022168,-0.010374,-0.698331,0.715357,-0.049899,0.132357,0.097427,0.314981,-0.204363,-0.154481,-0.014811,-0.120915,-0.151289,0.232607,-0.143746,0.157264,-0.066972,-0.032435,0.232492,-0.019465,0.492078,-0.483563,0.770517,0.337366,-0.079311,-0.043802,-0.027820,-0.351170,0.639097,0.753900,-0.105862,-0.011151,-0.061258
-0.891695,-0.202663,0.782335,-0.021961,-0.010153,-0.698287,0.715409,-0.048645,0.134780,0.097966,0.313281,-0.202618,-0.154739,-0.012674,-0.118231,-0.152340,0.229447,-0.143306,0.154237,-0.065674,-0.031553,0.230873,-0.015707,0.485095,-0.474656,0.776194,0.338764,-0.077810,-0.047326,-0.027295,-0.349474,0.641293,0.762323,-0.102214,-0.008131,-0.058096
-0.893328,-0.203469,0.782532,-0.021853,-0.009977,-0.698228,0.715472,-0.047634,0.137290,0.098491,0.312402,-0.201114,-0.155043,-0.010291,-0.115459,-0.153374,0.226094,-0.142836,0.150862,-0.064540,-0.030524,0.229536,-0.012335,0.477956,-0.466028,0.782363,0.338420,-0.076419,-0.049370,-0.026895,-0.347940,0.643313,0.770593,-0.099462,-0.004796,-0.055115
-0.894907,-0.204221,0.782730,-0.021899,-0.009832,-0.698178,0.715522,-0.046892,0.140051,0.099059,0.312566,-0.200033,-0.155397,-0.007647,-0.112444,-0.154341,0.222601,-0.142387,0.146847,-0.063445,-0.029280,0.228610,-0.009271,0.470785,-0.457538,0.789020,0.335882,-0.075208,-0.049504,-0.026577,-0.346565,0.645042,0.778576,-0.097870,-0.000971,-0.052161
-0.896414,-0.204911,0.782929,-0.022058,-0.009688,-0.698189,0.715508,-0.046450,0.143053,0.099805,0.313663,-0.199309,-0.155690,-0.004949,-0.109201,-0.155112,0.219077,-0.141955,0.142320,-0.062275,-0.027892,0.228015,-0.006250,0.463597,-0.448654,0.795813,0.331676,-0.074031,-0.048186,-0.026351,-0.345345,0.646444,0.786333,-0.097348,0.003289,-0.049213
-0.897913,-0.205563,0.783106,-0.022227,-0.009605,-0.698166,0.715526,-0.046213,0.145953,0.100487,0.315250,-0.198574,-0.155992,-0.002065,-0.106041,-0.155906,0.215333,-0.141459,0.137846,-0.061300,-0.026536,0.227612,-0.003454,0.456517,-0.440125,0.802563,0.326299,-0.072827,-0.046066,-0.026177,-0.344267,0.647651,0.793908,-0.097393,0.007607,-0.046594
-0.899434,-0.206183,0.783285,-0.022331,-0.009616,-0.698013,0.715672,-0.046115,0.148404,0.100857,0.316931,-0.197487,-0.156377,0.001095,-0.103281,-0.156937,0.211252,-0.140851,0.133991,-0.060729,-0.025422,0.227259,-0.001031,0.449725,-0.432723,0.809053,0.320267,-0.071528,-0.043798,-0.026016,-0.343320,0.648746,0.801364,-0.097493,0.011601,-0.044624
-0.900913,-0.206803,0.783480,-0.022295,-0.009802,-0.697669,0.716006,-0.046184,0.150170,0.100795,0.318682,-0.195801,-0.156774,0.004630,-0.101121,-0.158299,0.206748,-0.140112,0.130954,-0.060658,-0.024750,0.227014,0.001118,0.443320,-0.426336,0.815074,0.313094,-0.069928,-0.041316,-0.025816,-0.342477,0.649558,0.808594,-0.097950,0.015325,-0.043424
-0.902393,-0.207398,0.783707,-0.022194,-0.010103,-0.697198,0.716464,-0.046531,0.151490,0.100434,0.320878,-0.193784,-0.157163,0.008472,-0.099348,-0.159867,0.201881,-0.139255,0.128426,-0.060941,-0.024412,0.226941,0.003137,0.437329,-0.420642,0.820647,0.304682,-0.068139,-0.038364,-0.025610,-0.341724,0.650078,0.815589,-0.098895,0.018928,-0.042803
-0.903840,-0.207966,0.783939,-0.022089,-0.010433,-0.696685,0.716961,-0.046896,0.152699,0.099968,0.323042,-0.191726,-0.157706,0.012457,-0.097668,-0.161523,0.196768,-0.138285,0.126199,-0.061423,-0.024128,0.226914,0.004893,0.431844,-0.416154,0.825952,0.296059,-0.066553,-0.035314,-0.025452,-0.341074,0.650623,0.822518,-0.099552,0.022168,-0.042620
-0.905143,-0.208431,0.784132,-0.022047,-0.010699,-0.696220,0.717410,-0.047154,0.154137,0.099569,0.324978,-0.189969,-0.158566,0.016369,-0.095798,-0.163140,0.191640,-0.137264,0.124058,-0.061922,-0.023632,0.226809,0.006251,0.426984,-0.413408,0.831166,0.288242,-0.065554,-0.032544,-0.025352,-0.340562,0.651462,0.829510,-0.099175,0.024806,-0.042734
-0.906477,-0.208926,0.784291,-0.022092,-0.010876,-0.695775,0.717838,-0.047309,0.155809,0.099132,0.326646,-0.188524,-0.159903,0.020269,-0.093729,-0.164840,0.186397,-0.136147,0.122040,-0.062489,-0.022935,0.226603,0.007080,0.422876,-0.412787,0.836476,0.280840,-0.065398,-0.029916,-0.025292,-0.340213,0.652668,0.836585,-0.097398,0.026666,-0.043184
-0.907768,-0.209403,0.784444,-0.022169,-0.011030,-0.695319,0.718274,-0.047432,0.157557,0.098617,0.328180,-0.187241,-0.161595,0.024188,-0.091605,-0.166629,0.181068,-0.134977,0.120222,-0.063155,-0.022191,0.226383,0.007562,0.419540,-0.413934,0.841627,0.273492,-0.065828,-0.027339,-0.025213,-0.340021,0.654049,0.843586,-0.094683,0.027909,-0.044012
-0.909009,-0.209819,0.784578,-0.022299,-0.011129,-0.694938,0.718637,-0.047403,0.159466,0.098301,0.329463,-0.186147,-0.163386,0.028078,-0.089331,-0.168231,0.175570,-0.133640,0.118443,-0.063737,-0.021323,0.226187,0.007989,0.416896,-0.416275,0.846173,0.267273,-0.066434,-0.025262,-0.025122,-0.339983,0.655541,0.850409,-0.091478,0.028805,-0.045093
-0.910208,-0.210269,0.784677,-0.022482,-0.011157,-0.694715,0.718847,-0.047097,0.161618,0.098470,0.330360,-0.185252,-0.165019,0.031869,-0.086813,-0.169372,0.169879,-0.132071,0.116553,-0.064067,-0.020244,0.226039,0.008630,0.414799,-0.419221,0.849723,0.263283,-0.066795,-0.024113,-0.025061,-0.340098,0.657108,0.857003,-0.088220,0.029629,-0.046309
-0.911337,-0.210692,0.784786,-0.022711,-0.011083,-0.694684,0.718871,-0.046530,0.164074,0.099253,0.330836,-0.184551,-0.166470,0.035415,-0.084005,-0.169940,0.164116,-0.130279,0.114464,-0.064110,-0.018855,0.225895,0.009422,0.413184,-0.422860,0.852258,0.262133,-0.066796,-0.024095,-0.025099,-0.340378,0.658822,0.863457,-0.084688,0.030343,-0.047793
-0.912426,-0.211087,0.784869,-0.022981,-0.010934,-0.694795,0.718758,-0.045729,0.166769,0.100485,0.330921,-0.184019,-0.167858,0.038842,-0.080961,-0.170098,0.158170,-0.128253,0.112274,-0.063980,-0.017223,0.225744,0.010258,0.412086,-0.427393,0.854005,0.263155,-0.066650,-0.024940,-0.025231,-0.340816,0.660718,0.869816,-0.080756,0.030836,-0.049559
-0.913407,-0.211436,0.784920,-0.023321,-0.010745,-0.695011,0.718541,-0.044671,0.169621,0.102000,0.330758,-0.183731,-0.169166,0.042287,-0.077763,-0.169963,0.152082,-0.126100,0.110109,-0.063720,-0.015443,0.225650,0.011218,0.411388,-0.432437,0.855094,0.265564,-0.066445,-0.026358,-0.025344,-0.341387,0.662667,0.875926,-0.077021,0.031271,-0.051300
-0.914379,-0.211813,0.784972,-0.023739,-0.010577,-0.695292,0.718258,-0.043264,0.172536,0.103655,0.330352,-0.183699,-0.170313,0.046137,-0.074460,-0.169674,0.145391,-0.123659,0.108097,-0.063375,-0.013602,0.225671,0.012395,0.410942,-0.437609,0.855647,0.268597,-0.066260,-0.028050,-0.025347,-0.342092,0.664549,0.881657,-0.074067,0.031817,-0.052715
-0.915268,-0.212177,0.784986,-0.024290,-0.010437,-0.695669,0.717875,-0.041433,0.175588,0.105520,0.329837,-0.184057,-0.171270,0.050515,-0.070984,-0.169168,0.137999,-0.120906,0.106183,-0.063128,-0.011705,0.225907,0.014106,0.410803,-0.442490,0.855451,0.272929,-0.066088,-0.030143,-0.025654,-0.342674,0.666650,0.887441,-0.072256,0.032520,-0.053725
-0.916133,-0.212579,0.784967,-0.024943,-0.010306,-0.696151,0.717388,-0.039229,0.178784,0.107649,0.329142,-0.184746,-0.172063,0.055119,-0.067366,-0.168391,0.130329,-0.117968,0.104332,-0.062316,-0.009510,0.226210,0.015343,0.410710,-0.448408,0.855272,0.278405,-0.065882,-0.032580,-0.025323,-0.343799,0.668363,0.892386,-0.071148,0.033330,-0.054464
-0.916956,-0.212936,0.784961,-0.025609,-0.010167,-0.696660,0.716872,-0.036799,0.181941,0.109828,0.328072,-0.185523,-0.172789,0.060080,-0.063714,-0.167523,0.121902,-0.114658,0.102677,-0.061705,-0.007318,0.226531,0.016934,0.410803,-0.454163,0.854466,0.284007,-0.065745,-0.035239,-0.025044,-0.345014,0.670168,0.897061,-0.070313,0.034162,-0.055032
-0.917717,-0.213295,0.784910,-0.026140,-0.010043,-0.697133,0.716395,-0.034411,0.184730,0.111903,0.326647,-0.186259,-0.173532,0.062487,-0.060820,-0.166497,0.118661,-0.114136,0.101390,-0.061259,-0.005448,0.226625,0.018731,0.411057,-0.459896,0.853223,0.288285,-0.065730,-0.037823,-0.024599,-0.346264,0.671852,0.901367,-0.069278,0.034955,-0.055535
-0.918472,-0.213670,0.784830,-0.026557,-0.009917,-0.697555,0.715970,-0.031957,0.187205,0.113797,0.324587,-0.186845,-0.174310,0.063276,-0.058434,-0.165429,0.118657,-0.115422,0.100551,-0.061262,-0.003891,0.226419,0.020892,0.411379,-0.465352,0.851525,0.290918,-0.065886,-0.040384,-0.024463,-0.347159,0.673754,0.905879,-0.067931,0.035725,-0.055995
-0.919215,-0.214028,0.784727,-0.026869,-0.009833,-0.697965,0.715560,-0.029569,0.189396,0.115602,0.322445,-0.187589,-0.175080,0.063997,-0.056313,-0.164331,0.118663,-0.116777,0.100060,-0.060991,-0.002553,0.226093,0.022906,0.411995,-0.471500,0.849421,0.292288,-0.066135,-0.042978,-0.023632,-0.348502,0.675150,0.909368,-0.066511,0.036522,-0.056291
-0.919906,-0.214414,0.784613,-0.027137,-0.009712,-0.698346,0.715180,-0.027053,0.191418,0.117346,0.319726,-0.188191,-0.175852,0.064624,-0.054313,-0.163276,0.118664,-0.118138,0.099771,-0.060976,-0.001321,0.225630,0.025192,0.412716,-0.477390,0.846950,0.293152,-0.066432,-0.045476,-0.022795,-0.349800,0.676491,0.912727,-0.065117,0.037236,-0.056548
-0.920592,-0.214830,0.784463,-0.027336,-0.009557,-0.698686,0.714842,-0.024452,0.193281,0.119059,0.316446,-0.188598,-0.176633,0.065114,-0.052427,-0.162307,0.118669,-0.119447,0.099551,-0.061034,-0.000146,0.224996,0.027530,0.413512,-0.483162,0.844446,0.293857,-0.066696,-0.047660,-0.021775,-0.351034,0.677495,0.915997,-0.063850,0.037769,-0.056851
-0.921251,-0.215224,0.784334,-0.027465,-0.009348,-0.698966,0.714566,-0.021774,0.194959,0.120724,0.312527,-0.188806,-0.177447,0.065463,-0.050677,-0.161461,0.118667,-0.120706,0.099473,-0.061160,0.000982,0.224108,0.029851,0.414372,-0.489027,0.842018,0.294438,-0.066904,-0.049455,-0.020490,-0.352205,0.678139,0.919223,-0.062960,0.038003,-0.057226
-0.921835,-0.215640,0.784237,-0.027530,-0.009092,-0.699196,0.714342,-0.019001,0.196469,0.122327,0.307985,-0.188832,-0.178282,0.065690,-0.049037,-0.160715,0.118658,-0.121938,0.099574,-0.061389,0.002064,0.222976,0.032178,0.415265,-0.494955,0.839607,0.294707,-0.067095,-0.050959,-0.019047,-0.353282,0.678530,0.922445,-0.062319,0.038015,-0.057637
-0.922388,-0.216082,0.784136,-0.027552,-0.008809,-0.699415,0.714130,-0.016114,0.197854,0.123918,0.302945,-0.188666,-0.179097,0.065802,-0.047477,-0.159995,0.118644,-0.123115,0.099667,-0.061601,0.003089,0.221780,0.034545,0.416215,-0.500639,0.837073,0.294696,-0.067281,-0.052264,-0.017407,-0.354330,0.678482,0.925424,-0.061507,0.038018,-0.058033
-0.922917,-0.216522,0.784039,-0.027554,-0.008518,-0.699664,0.713890,-0.013117,0.199114,0.125551,0.297578,-0.188308,-0.179854,0.065795,-0.045999,-0.159227,0.118653,-0.124225,0.099569,-0.061916,0.004012,0.220624,0.037054,0.417032,-0.505490,0.834455,0.294556,-0.067494,-0.053447,-0.015920,-0.355160,0.678160,0.928431,-0.060056,0.038218,-0.058409
-0.923397,-0.216896,0.783946,-0.027529,-0.008239,-0.699926,0.713637,-0.010046,0.200236,0.127182,0.291973,-0.187804,-0.180548,0.065702,-0.044627,-0.158421,0.118673,-0.125303,0.099150,-0.062163,0.004789,0.219573,0.039664,0.417853,-0.509615,0.831555,0.294113,-0.067713,-0.054566,-0.014270,-0.355937,0.677229,0.931054,-0.057927,0.038743,-0.058705
-0.923845,-0.217255,0.783862,-0.027456,-0.007971,-0.700191,0.713383,-0.006907,0.201188,0.128808,0.286072,-0.187162,-0.181203,0.065510,-0.043392,-0.157610,0.118709,-0.126346,0.098549,-0.062571,0.005437,0.218509,0.042426,0.418533,-0.512972,0.828544,0.293461,-0.067948,-0.055562,-0.012712,-0.356505,0.676037,0.933673,-0.055287,0.039456,-0.058975
-0.924234,-0.217614,0.783820,-0.027338,-0.007695,-0.700503,0.713084,-0.003675,0.201991,0.130533,0.279829,-0.186335,-0.181836,0.065181,-0.042274,-0.156678,0.118737,-0.127276,0.097904,-0.062886,0.005996,0.217447,0.045164,0.419168,-0.515924,0.825599,0.292724,-0.068202,-0.056347,-0.011164,-0.356965,0.674460,0.936260,-0.052206,0.040172,-0.059258
-0.924620,-0.217951,0.783763,-0.027174,-0.007396,-0.700905,0.712699,-0.000327,0.202681,0.132456,0.273213,-0.185287,-0.182461,0.064654,-0.041238,-0.155521,0.118775,-0.128025,0.097359,-0.063347,0.006554,0.216348,0.047985,0.419538,-0.518202,0.822976,0.292268,-0.068511,-0.056841,-0.010051,-0.357179,0.672998,0.939278,-0.048631,0.040707,-0.059636
-0.924962,-0.218224,0.783709,-0.026936,-0.007056,-0.701433,0.712191,0.003219,0.203256,0.134660,0.265945,-0.183973,-0.183104,0.063856,-0.040256,-0.154055,0.118783,-0.128530,0.096935,-0.063550,0.007135,0.215200,0.050684,0.419834,-0.520263,0.820680,0.292062,-0.068903,-0.056877,-0.009049,-0.357302,0.671184,0.942464,-0.044503,0.040967,-0.060073
-0.925240,-0.218547,0.783669,-0.026642,-0.006678,-0.702057,0.711591,0.006864,0.203706,0.137067,0.258267,-0.182455,-0.183754,0.062820,-0.039354,-0.152347,0.118796,-0.128856,0.096551,-0.063256,0.007682,0.214036,0.053032,0.420172,-0.522431,0.818694,0.291833,-0.069341,-0.056539,-0.007810,-0.357388,0.668607,0.945483,-0.039958,0.041069,-0.060527
-0.925468,-0.218823,0.783654,-0.026318,-0.006328,-0.702716,0.710956,0.010613,0.204001,0.139565,0.250375,-0.180712,-0.184374,0.061725,-0.038577,-0.150540,0.118812,-0.129065,0.096219,-0.063017,0.008173,0.212948,0.055432,0.420421,-0.524110,0.816793,0.291584,-0.069759,-0.056138,-0.006706,-0.357387,0.665936,0.948497,-0.035117,0.041134,-0.061035
-0.925634,-0.219079,0.783650,-0.026014,-0.006052,-0.703352,0.710340,0.014438,0.204125,0.142046,0.242531,-0.178726,-0.184920,0.060766,-0.037968,-0.148768,0.118823,-0.129236,0.095946,-0.062894,0.008565,0.212021,0.057766,0.420565,-0.525425,0.815024,0.291056,-0.070072,-0.055951,-0.005658,-0.357301,0.663247,0.951358,-0.030256,0.041285,-0.061615
-0.925803,-0.219337,0.783650,-0.025717,-0.005879,-0.703983,0.709727,0.018377,0.204038,0.144579,0.234768,-0.176444,-0.185350,0.059940,-0.037579,-0.146969,0.118838,-0.129343,0.095759,-0.062754,0.008828,0.211285,0.060001,0.420613,-0.526398,0.813339,0.289947,-0.070262,-0.056106,-0.004564,-0.357143,0.660348,0.953990,-0.025413,0.041611,-0.062342
-0.925963,-0.219558,0.783668,-0.025412,-0.005779,-0.704628,0.709098,0.022440,0.203758,0.147192,0.226926,-0.173869,-0.185697,0.059166,-0.037380,-0.145102,0.118848,-0.129357,0.095644,-0.062329,0.008994,0.210698,0.061914,0.420583,-0.527329,0.811895,0.288399,-0.070364,-0.056418,-0.003290,-0.356867,0.656864,0.956399,-0.020590,0.042019,-0.063162
-0.926067,-0.219725,0.783694,-0.025124,-0.005718,-0.705236,0.708504,0.026509,0.203360,0.149698,0.219144,-0.171189,-0.186018,0.058489,-0.037283,-0.143332,0.118858,-0.129355,0.095553,-0.061841,0.009099,0.210187,0.063461,0.420452,-0.528318,0.810894,0.286893,-0.070371,-0.056716,-0.001982,-0.356435,0.653176,0.958725,-0.015782,0.042366,-0.063939
-0.926145,-0.219887,0.783748,-0.024871,-0.005669,-0.705755,0.707997,0.030451,0.202936,0.151904,0.211548,-0.168570,-0.186371,0.057937,-0.037195,-0.141823,0.118860,-0.129389,0.095436,-0.061863,0.009199,0.209757,0.065110,0.420290,-0.528950,0.810050,0.286027,-0.070294,-0.056876,-0.000906,-0.356032,0.650117,0.960915,-0.010782,0.042537,-0.064533
-0.926196,-0.220059,0.783773,-0.024677,-0.005630,-0.706172,0.707588,0.034283,0.202481,0.153780,0.204155,-0.166059,-0.186724,0.057545,-0.037125,-0.140607,0.118899,-0.129508,0.095278,-0.061936,0.009288,0.209413,0.066281,0.420055,-0.529836,0.809840,0.286025,-0.070037,-0.056824,0.000223,-0.355496,0.646959,0.962966,-0.005519,0.042405,-0.064814
-0.926253,-0.220231,0.783772,-0.024515,-0.005626,-0.706515,0.707251,0.038073,0.201962,0.155420,0.196858,-0.163535,-0.187055,0.057301,-0.037114,-0.139600,0.118923,-0.129648,0.095107,-0.062295,0.009340,0.209186,0.067380,0.419795,-0.530516,0.809882,0.286610,-0.069638,-0.056670,0.001257,-0.354947,0.644054,0.964832,0.000094,0.042083,-0.064898
-0.926290,-0.220387,0.783794,-0.024374,-0.005619,-0.706792,0.706979,0.041688,0.201435,0.156815,0.189826,-0.161071,-0.187438,0.057119,-0.037125,-0.138793,0.118951,-0.129804,0.094939,-0.062636,0.009380,0.208938,0.068042,0.419441,-0.531482,0.810454,0.287222,-0.069243,-0.056397,0.002279,-0.354182,0.641141,0.966699,0.005185,0.041719,-0.064935
-0.926304,-0.220515,0.783802,-0.024238,-0.005581,-0.707009,0.706767,0.045013,0.200960,0.157954,0.183166,-0.158689,-0.187950,0.056934,-0.037111,-0.138177,0.118963,-0.129954,0.094781,-0.063330,0.009446,0.208705,0.068860,0.419207,-0.532248,0.810862,0.287433,-0.069025,-0.056090,0.003248,-0.353584,0.638853,0.968180,0.009292,0.041507,-0.065058
-0.926334,-0.220643,0.783803,-0.024098,-0.005490,-0.707154,0.706628,0.047925,0.200571,0.158735,0.176993,-0.156425,-0.188668,0.056698,-0.037058,-0.137800,0.118973,-0.130090,0.094634,-0.064198,0.009567,0.208407,0.069543,0.419068,-0.533176,0.811379,0.286965,-0.069080,-0.055684,0.004295,-0.353065,0.636926,0.969287,0.011930,0.041500,-0.065313
-0.926336,-0.220767,0.783801,-0.023964,-0.005366,-0.707228,0.706559,0.050544,0.200237,0.159201,0.171175,-0.154234,-0.189527,0.056462,-0.036989,-0.137647,0.118987,-0.130229,0.094491,-0.064699,0.009670,0.207967,0.069407,0.418919,-0.534951,0.812687,0.285976,-0.069293,-0.055120,0.005465,-0.352058,0.634645,0.970523,0.013264,0.041545,-0.065635
-0.926354,-0.220900,0.783801,-0.023854,-0.005235,-0.707258,0.706533,0.053010,0.199921,0.159538,0.165632,-0.152112,-0.190401,0.056274,-0.036930,-0.137627,0.118987,-0.130382,0.094364,-0.065658,0.009759,0.207630,0.069648,0.418883,-0.536242,0.813607,0.284977,-0.069520,-0.054589,0.006479,-0.351289,0.633100,0.971401,0.014230,0.041660,-0.065963
-0.926330,-0.221029,0.783785,-0.023756,-0.005156,-0.707270,0.706525,0.055521,0.199568,0.159949,0.160194,-0.150017,-0.191159,0.056175,-0.036927,-0.137642,0.118998,-0.130588,0.094271,-0.066670,0.009802,0.207425,0.069960,0.418898,-0.537413,0.814299,0.284154,-0.069591,-0.054149,0.007489,-0.350610,0.631826,0.972014,0.015181,0.041764,-0.066229
