-0.000332,0.022796,0.789873,-0.010603,-0.000788,-0.709541,0.704584,0.059393,0.141403,0.305506,0.120733,-0.151038,-0.126413,0.013088,-0.067656,-0.091229,0.145600,-0.130547,0.080978,-0.052294,0.009879,0.182131,-0.001962,0.369581,-0.590685,0.831350,0.386252,-0.053782,0.005576,-0.031796,-0.323347,0.577956,0.909048,-0.192208,0.094949,-0.049911
-0.000467,0.022974,0.789941,-0.010773,-0.000576,-0.709715,0.704406,0.059019,0.142373,0.305772,0.120738,-0.150315,-0.126557,0.012463,-0.066674,-0.091051,0.145616,-0.129705,0.080282,-0.051266,0.011203,0.183421,-0.001580,0.370036,-0.591019,0.826576,0.391312,-0.053991,0.006583,-0.032225,-0.323562,0.575908,0.905642,-0.202834,0.096761,-0.050055
-0.000600,0.023221,0.790012,-0.010962,-0.000349,-0.709881,0.704236,0.058663,0.143378,0.306022,0.120740,-0.149637,-0.126677,0.011895,-0.065658,-0.090905,0.145564,-0.128845,0.079589,-0.049994,0.012543,0.184698,-0.001408,0.370572,-0.591717,0.821873,0.396413,-0.054170,0.007596,-0.032346,-0.323821,0.573428,0.902171,-0.213653,0.098650,-0.050106
-0.000771,0.023542,0.790062,-0.011164,-0.000104,-0.710058,0.704055,0.058257,0.144458,0.306279,0.120759,-0.148868,-0.126850,0.011281,-0.064572,-0.090738,0.145499,-0.127945,0.078893,-0.048708,0.013988,0.186026,-0.001261,0.371015,-0.592363,0.817215,0.401260,-0.054363,0.008632,-0.032653,-0.324051,0.571087,0.898510,-0.224287,0.100367,-0.050227
-0.000953,0.023937,0.790097,-0.011364,0.000153,-0.710264,0.703843,0.057654,0.145639,0.306553,0.120993,-0.147963,-0.127151,0.010566,-0.063410,-0.090499,0.145360,-0.126920,0.078184,-0.046908,0.015546,0.187611,-0.001368,0.371572,-0.593356,0.812404,0.405316,-0.054577,0.009687,-0.032884,-0.324406,0.568351,0.893764,-0.234693,0.101640,-0.050459
-0.001141,0.024340,0.790113,-0.011590,0.000451,-0.710534,0.703567,0.053732,0.148073,0.306418,0.128362,-0.150548,-0.127644,0.009751,-0.062037,-0.090113,0.145058,-0.125712,0.077457,-0.044653,0.017382,0.189439,-0.001680,0.372246,-0.594724,0.807357,0.408586,-0.054752,0.010792,-0.033037,-0.324972,0.565250,0.887731,-0.245590,0.102408,-0.050915
-0.001382,0.024828,0.790131,-0.011825,0.000751,-0.710857,0.703237,0.049642,0.150621,0.306339,0.136025,-0.153087,-0.128247,0.008836,-0.060589,-0.089582,0.144751,-0.124433,0.076721,-0.042214,0.019367,0.191413,-0.002094,0.372852,-0.596160,0.802256,0.411358,-0.054911,0.011936,-0.033335,-0.325633,0.562135,0.880978,-0.256729,0.102826,-0.051562
-0.001585,0.025325,0.790152,-0.012069,0.001103,-0.711145,0.702941,0.045139,0.153326,0.306113,0.144203,-0.155695,-0.128944,0.007878,-0.059054,-0.089170,0.144278,-0.122992,0.075971,-0.039678,0.021493,0.193540,-0.002563,0.373381,-0.597478,0.797168,0.413482,-0.055190,0.013076,-0.033905,-0.326359,0.559217,0.873742,-0.266473,0.102940,-0.052243
-0.001849,0.025915,0.790163,-0.012267,0.001499,-0.711313,0.702767,0.039997,0.156151,0.305557,0.153033,-0.158405,-0.129702,0.006251,-0.057551,-0.089076,0.144932,-0.122076,0.075213,-0.036949,0.023725,0.195932,-0.003014,0.374033,-0.598639,0.791849,0.414731,-0.055718,0.014142,-0.034471,-0.327454,0.556477,0.865665,-0.273157,0.102790,-0.052724
-0.002140,0.026524,0.790162,-0.012421,0.001954,-0.711376,0.702699,0.034285,0.159048,0.304765,0.162384,-0.161226,-0.130520,0.003810,-0.056121,-0.089243,0.146973,-0.121801,0.074522,-0.034349,0.026009,0.198482,-0.003142,0.374647,-0.599105,0.786220,0.415366,-0.056504,0.015046,-0.035462,-0.328706,0.554543,0.857291,-0.275372,0.102312,-0.053152
-0.002468,0.027178,0.790146,-0.012548,0.002451,-0.711365,0.702707,0.028028,0.162108,0.303761,0.172361,-0.164178,-0.131407,0.001305,-0.054621,-0.089640,0.148859,-0.121366,0.073867,-0.031767,0.028418,0.201203,-0.003109,0.375231,-0.599142,0.780381,0.415366,-0.057486,0.015846,-0.036772,-0.330121,0.553127,0.848488,-0.274348,0.101506,-0.053566
-0.002814,0.027887,0.790130,-0.012678,0.003016,-0.711223,0.702846,0.021204,0.165331,0.302324,0.182869,-0.167154,-0.132344,-0.001301,-0.053046,-0.090437,0.150744,-0.120868,0.073103,-0.029340,0.030971,0.204150,-0.003046,0.375790,-0.598848,0.774640,0.414441,-0.058730,0.016690,-0.038557,-0.331630,0.552136,0.839316,-0.272119,0.100538,-0.053773
-0.003229,0.028674,0.790116,-0.012832,0.003657,-0.710895,0.703171,0.013806,0.168707,0.300235,0.193772,-0.170022,-0.133315,-0.003975,-0.051377,-0.091815,0.152618,-0.120310,0.072084,-0.027230,0.033651,0.207326,-0.003099,0.376287,-0.598311,0.769416,0.412316,-0.060305,0.017733,-0.041141,-0.332990,0.551524,0.830120,-0.270756,0.099571,-0.053611
-0.003688,0.029557,0.790078,-0.013046,0.004377,-0.710345,0.703720,0.005744,0.172344,0.297405,0.205319,-0.172892,-0.134273,-0.006657,-0.049544,-0.093869,0.154517,-0.119717,0.070695,-0.025557,0.036566,0.210958,-0.003063,0.376964,-0.597416,0.764184,0.408511,-0.062355,0.018950,-0.044147,-0.334709,0.551200,0.820140,-0.270189,0.098614,-0.052709
-0.004151,0.030504,0.790047,-0.013306,0.005177,-0.709607,0.704453,-0.002919,0.176186,0.293959,0.217405,-0.175742,-0.135236,-0.009319,-0.047569,-0.096490,0.156302,-0.119011,0.069036,-0.024214,0.039640,0.214903,-0.002988,0.377713,-0.596188,0.759071,0.403310,-0.064803,0.020283,-0.047736,-0.336456,0.551248,0.809818,-0.269571,0.097583,-0.051294
-0.004678,0.031515,0.790005,-0.013518,0.006033,-0.708739,0.705315,-0.012034,0.179988,0.289989,0.229496,-0.178320,-0.136292,-0.012395,-0.045640,-0.099529,0.158547,-0.118456,0.067296,-0.022981,0.042773,0.219039,-0.002974,0.378545,-0.594798,0.754316,0.397477,-0.067395,0.021735,-0.051943,-0.338248,0.551694,0.799225,-0.269526,0.096547,-0.049896
-0.005274,0.032567,0.789971,-0.013590,0.006928,-0.707793,0.706255,-0.021323,0.183469,0.285619,0.240820,-0.180241,-0.137539,-0.015816,-0.043880,-0.102863,0.160795,-0.117861,0.065659,-0.021626,0.045878,0.223240,-0.003165,0.379463,-0.593464,0.750198,0.391747,-0.069875,0.023321,-0.056802,-0.340127,0.552545,0.788440,-0.270693,0.095563,-0.049038
-0.005881,0.033683,0.789929,-0.013538,0.007869,-0.706794,0.707246,-0.030771,0.186646,0.280821,0.251399,-0.181515,-0.139094,-0.019692,-0.042281,-0.106469,0.163266,-0.117265,0.064227,-0.020047,0.049005,0.227509,-0.003606,0.380460,-0.592392,0.746798,0.385696,-0.072343,0.025213,-0.062341,-0.342133,0.554040,0.777502,-0.273334,0.094655,-0.048858
-0.006512,0.034874,0.789889,-0.013390,0.008855,-0.705709,0.708320,-0.040513,0.189611,0.275554,0.261598,-0.182312,-0.140891,-0.023954,-0.040792,-0.110412,0.165976,-0.116699,0.062882,-0.018376,0.052181,0.231902,-0.004225,0.381527,-0.591428,0.743974,0.379142,-0.074884,0.027346,-0.068491,-0.344270,0.556088,0.766311,-0.277088,0.093789,-0.049069
-0.007213,0.036138,0.789858,-0.013103,0.009875,-0.704507,0.709508,-0.050470,0.192224,0.269932,0.271093,-0.182514,-0.142771,-0.028706,-0.039529,-0.114677,0.169063,-0.116316,0.061485,-0.016708,0.055306,0.236384,-0.005011,0.382667,-0.590267,0.741662,0.373164,-0.077223,0.029384,-0.075134,-0.346512,0.558238,0.754693,-0.281590,0.092944,-0.049561
-0.007939,0.037513,0.789818,-0.012643,0.010931,-0.703155,0.710840,-0.060680,0.194374,0.264052,0.279812,-0.182064,-0.144566,-0.034066,-0.038615,-0.119247,0.172689,-0.116276,0.059899,-0.015132,0.058261,0.240912,-0.005938,0.383886,-0.588592,0.739782,0.368865,-0.079076,0.031002,-0.082155,-0.348815,0.560014,0.742496,-0.286507,0.092095,-0.050230
-0.008757,0.038892,0.789771,-0.012009,0.012003,-0.701673,0.712297,-0.071009,0.196095,0.258075,0.287633,-0.180940,-0.146282,-0.040007,-0.038026,-0.124076,0.176870,-0.116612,0.058034,-0.013634,0.061009,0.245485,-0.007018,0.385212,-0.586541,0.738452,0.366636,-0.080374,0.032236,-0.089610,-0.351143,0.561540,0.729749,-0.292239,0.091232,-0.051180
-0.009639,0.040316,0.789722,-0.011216,0.013094,-0.700066,0.713870,-0.081498,0.197425,0.251908,0.294678,-0.179189,-0.148000,-0.046477,-0.037726,-0.129186,0.181525,-0.117245,0.055981,-0.012180,0.063600,0.250115,-0.008237,0.386654,-0.584199,0.737650,0.365862,-0.081260,0.033226,-0.097562,-0.353489,0.562999,0.716562,-0.298817,0.090371,-0.052430
-0.010527,0.041880,0.789694,-0.010234,0.014229,-0.698285,0.715606,-0.092380,0.198256,0.245272,0.301082,-0.176813,-0.149680,-0.053598,-0.037817,-0.134652,0.186745,-0.118181,0.053883,-0.010820,0.066053,0.254787,-0.009562,0.388191,-0.581207,0.737120,0.366085,-0.081756,0.033797,-0.105901,-0.355856,0.563988,0.702880,-0.305313,0.089530,-0.053733
-0.011527,0.043515,0.789616,-0.009036,0.015430,-0.696274,0.717553,-0.103915,0.198478,0.237884,0.307058,-0.173846,-0.151275,-0.061509,-0.038408,-0.140551,0.192670,-0.119465,0.051876,-0.009597,0.068402,0.259494,-0.010977,0.389784,-0.577224,0.736622,0.366856,-0.081883,0.033779,-0.114505,-0.358254,0.564106,0.688620,-0.310788,0.088724,-0.054845
-0.012564,0.045198,0.789573,-0.007574,0.016671,-0.694035,0.719708,-0.116066,0.198014,0.229664,0.312442,-0.170158,-0.152576,-0.070170,-0.039519,-0.146843,0.199142,-0.121000,0.050048,-0.008467,0.070601,0.264221,-0.012486,0.391394,-0.572283,0.736283,0.368569,-0.081603,0.033084,-0.123363,-0.360683,0.563253,0.673683,-0.315011,0.088004,-0.055527
-0.013637,0.046977,0.789504,-0.005892,0.017962,-0.691587,0.722046,-0.128750,0.196934,0.220771,0.317273,-0.165794,-0.153682,-0.079521,-0.041105,-0.153502,0.206158,-0.122809,0.048307,-0.007417,0.072654,0.268964,-0.014122,0.393008,-0.566540,0.736228,0.371302,-0.080921,0.031824,-0.132569,-0.363165,0.561656,0.658186,-0.318467,0.087346,-0.055964
-0.014794,0.048858,0.789398,-0.004029,0.019315,-0.688906,0.724582,-0.141951,0.195302,0.211322,0.321636,-0.160942,-0.155019,-0.089664,-0.043180,-0.160606,0.214075,-0.125090,0.046515,-0.006544,0.074686,0.273751,-0.015908,0.394640,-0.559812,0.736177,0.374119,-0.079934,0.030108,-0.142014,-0.365730,0.559344,0.642224,-0.321332,0.086642,-0.056541
-0.015953,0.050839,0.789284,-0.002030,0.020745,-0.685971,0.727330,-0.155850,0.193210,0.201397,0.326033,-0.155881,-0.157000,-0.100685,-0.045765,-0.168245,0.223225,-0.128031,0.044531,-0.005958,0.076792,0.278606,-0.017833,0.396330,-0.551899,0.735829,0.376089,-0.078732,0.028051,-0.151692,-0.368456,0.556391,0.625989,-0.323759,0.085790,-0.057641
-0.017193,0.052875,0.789120,0.000138,0.022310,-0.682738,0.730323,-0.170725,0.190716,0.190977,0.330666,-0.150574,-0.159251,-0.112585,-0.048810,-0.176524,0.233359,-0.131527,0.042340,-0.005698,0.079004,0.283440,-0.019847,0.398087,-0.542635,0.735326,0.377162,-0.077160,0.025318,-0.161611,-0.371392,0.552983,0.609370,-0.325589,0.084777,-0.059670
-0.018441,0.054970,0.788919,0.002481,0.023981,-0.679224,0.733535,-0.186426,0.187736,0.180043,0.335333,-0.144939,-0.161708,-0.125337,-0.052357,-0.185349,0.244485,-0.135562,0.039990,-0.005719,0.081267,0.288292,-0.021937,0.399917,-0.532135,0.734709,0.377775,-0.075231,0.021963,-0.171778,-0.374547,0.549067,0.592284,-0.326777,0.083657,-0.062316
-0.019764,0.057122,0.788662,0.004923,0.025637,-0.675508,0.736890,-0.202315,0.184162,0.168696,0.339601,-0.139133,-0.165352,-0.138918,-0.056550,-0.194488,0.257167,-0.140443,0.037429,-0.005965,0.083537,0.293386,-0.024128,0.401865,-0.520639,0.733475,0.377711,-0.073278,0.018687,-0.182055,-0.377938,0.544287,0.574815,-0.327689,0.082431,-0.064882
-0.021106,0.059400,0.788313,0.007391,0.027151,-0.671668,0.740317,-0.217791,0.179897,0.157028,0.343128,-0.133375,-0.171152,-0.153414,-0.061565,-0.203691,0.272198,-0.146508,0.034616,-0.006352,0.085771,0.298959,-0.026438,0.404004,-0.508389,0.731071,0.376758,-0.071628,0.016188,-0.192270,-0.381575,0.538258,0.556999,-0.328675,0.081096,-0.066670
-0.022454,0.061713,0.787905,0.009917,0.028550,-0.667667,0.743846,-0.232981,0.174955,0.145348,0.345821,-0.127489,-0.179313,-0.168974,-0.067466,-0.213041,0.289777,-0.153970,0.031380,-0.006851,0.087931,0.305010,-0.028855,0.406327,-0.495090,0.727681,0.373500,-0.070141,0.014131,-0.202436,-0.385459,0.530920,0.538690,-0.329767,0.079541,-0.067543
-0.023904,0.064108,0.787391,0.012532,0.029865,-0.663482,0.747491,-0.248135,0.169366,0.133525,0.347986,-0.121549,-0.189342,-0.185497,-0.074221,-0.222559,0.309521,-0.162625,0.027786,-0.007480,0.090019,0.311442,-0.031371,0.408832,-0.480741,0.723464,0.368493,-0.068707,0.012314,-0.212603,-0.389588,0.522446,0.519888,-0.330792,0.077801,-0.067856
-0.025306,0.066628,0.786757,0.015156,0.030987,-0.659215,0.751163,-0.262809,0.163072,0.121003,0.349807,-0.116150,-0.201186,-0.202662,-0.081855,-0.231907,0.331260,-0.172158,0.024174,-0.008211,0.092016,0.318332,-0.034011,0.411668,-0.466080,0.717831,0.364441,-0.067717,0.011640,-0.222771,-0.394001,0.512832,0.500962,-0.331794,0.076100,-0.067638
-0.026684,0.069256,0.785969,0.017711,0.031807,-0.654973,0.754775,-0.276551,0.156013,0.107233,0.351448,-0.111898,-0.214802,-0.220160,-0.090378,-0.240759,0.354842,-0.182246,0.020907,-0.008976,0.093906,0.325787,-0.036765,0.415076,-0.451879,0.710056,0.364019,-0.067567,0.012982,-0.232838,-0.398753,0.501985,0.482142,-0.332818,0.074649,-0.066915
-0.028161,0.071932,0.784964,0.020148,0.032240,-0.650741,0.758348,-0.288822,0.147679,0.091144,0.351283,-0.108491,-0.231034,-0.238056,-0.099911,-0.249092,0.380888,-0.193049,0.018046,-0.009732,0.095670,0.334094,-0.039405,0.419211,-0.438122,0.699785,0.368690,-0.068582,0.017087,-0.242615,-0.403898,0.489544,0.462952,-0.334240,0.073447,-0.064941
-0.029615,0.074604,0.783799,0.022519,0.032354,-0.646477,0.761914,-0.299972,0.138305,0.073388,0.349847,-0.105998,-0.249627,-0.256393,-0.110397,-0.257022,0.409168,-0.204590,0.015462,-0.010462,0.097271,0.343159,-0.041904,0.424115,-0.424486,0.687200,0.376727,-0.070436,0.023286,-0.252193,-0.409458,0.475613,0.443344,-0.335889,0.072376,-0.061946
-0.031007,0.077322,0.782474,0.025333,0.031996,-0.642136,0.765504,-0.310408,0.127016,0.056824,0.349024,-0.104669,-0.261800,-0.275689,-0.123103,-0.264117,0.439821,-0.217084,0.013591,-0.011486,0.097764,0.352381,-0.044522,0.429865,-0.411275,0.672378,0.385999,-0.072556,0.030337,-0.261844,-0.415423,0.460829,0.424112,-0.337047,0.071547,-0.059399
-0.032205,0.080075,0.781055,0.028935,0.031103,-0.637727,0.769090,-0.320792,0.113638,0.044092,0.351447,-0.105026,-0.261800,-0.295971,-0.138648,-0.269933,0.471993,-0.230279,0.012731,-0.012974,0.096514,0.361241,-0.047480,0.436557,-0.398792,0.655377,0.394379,-0.074415,0.036979,-0.271820,-0.421748,0.445813,0.406092,-0.337003,0.071053,-0.058781
-0.033462,0.082844,0.779542,0.032751,0.029952,-0.633328,0.772610,-0.331932,0.100004,0.033225,0.359163,-0.108079,-0.261800,-0.315823,-0.155149,-0.275017,0.503445,-0.243116,0.012635,-0.014750,0.094702,0.370094,-0.050753,0.444351,-0.387435,0.636020,0.402022,-0.076119,0.043528,-0.282051,-0.428363,0.430394,0.389259,-0.336289,0.071203,-0.060613
-0.034771,0.085647,0.777894,0.036772,0.028516,-0.628922,0.776075,-0.343589,0.085821,0.023749,0.370982,-0.113630,-0.261800,-0.335458,-0.172638,-0.279336,0.534719,-0.255770,0.013260,-0.016755,0.092259,0.379073,-0.054106,0.453296,-0.376930,0.614170,0.409781,-0.077857,0.050412,-0.292489,-0.435244,0.414361,0.373311,-0.335069,0.071843,-0.064077
-0.036197,0.088428,0.776141,0.040879,0.027253,-0.624730,0.779294,-0.357260,0.073750,0.017740,0.390272,-0.123014,-0.261800,-0.355131,-0.189665,-0.282851,0.564756,-0.267631,0.014023,-0.018470,0.089660,0.387544,-0.057448,0.463276,-0.366528,0.589993,0.416595,-0.079297,0.056528,-0.303387,-0.442409,0.398322,0.358687,-0.332092,0.072372,-0.068658
-0.037698,0.091177,0.774304,0.044890,0.026670,-0.620973,0.782091,-0.374274,0.066666,0.017044,0.419895,-0.137102,-0.261800,-0.375163,-0.204673,-0.285666,0.592618,-0.278174,0.014274,-0.019443,0.087578,0.394866,-0.060679,0.474069,-0.355403,0.563731,0.421432,-0.080134,0.060779,-0.314977,-0.449880,0.382948,0.345830,-0.326096,0.072177,-0.073848
-0.039313,0.093886,0.772390,0.048627,0.027138,-0.617768,0.784386,-0.395595,0.066259,0.021921,0.461697,-0.156988,-0.261800,-0.395747,-0.216663,-0.288112,0.617768,-0.287168,0.013732,-0.019447,0.086791,0.400616,-0.063713,0.485543,-0.343353,0.535552,0.423234,-0.080414,0.062582,-0.327472,-0.457763,0.368513,0.335157,-0.315719,0.070846,-0.080133
-0.040976,0.096503,0.770393,0.052000,0.028427,-0.615025,0.786277,-0.419608,0.071530,0.030715,0.512557,-0.181165,-0.261800,-0.416582,-0.226100,-0.290378,0.640855,-0.295012,0.012664,-0.018759,0.087321,0.405298,-0.066502,0.497666,-0.330697,0.505332,0.422857,-0.080287,0.062624,-0.340626,-0.466116,0.354734,0.326318,-0.301973,0.068720,-0.087556
-0.042721,0.099121,0.768299,0.054967,0.030125,-0.612672,0.787848,-0.443656,0.081384,0.042282,0.567827,-0.206577,-0.261800,-0.437213,-0.233642,-0.292371,0.662695,-0.302100,0.011201,-0.017642,0.088699,0.409643,-0.069080,0.510329,-0.317420,0.472975,0.422156,-0.079588,0.061733,-0.354033,-0.474862,0.341423,0.318724,-0.287211,0.066353,-0.094950
-0.044465,0.101665,0.766138,0.057599,0.031773,-0.610609,0.789196,-0.465384,0.094359,0.055819,0.623328,-0.230377,-0.261800,-0.457277,-0.240200,-0.293865,0.684109,-0.308814,0.009513,-0.016446,0.090205,0.414294,-0.071534,0.523385,-0.303497,0.438460,0.423014,-0.078159,0.060747,-0.367470,-0.483813,0.328450,0.311989,-0.273773,0.064365,-0.101198
-0.046263,0.104185,0.763938,0.059919,0.033320,-0.609030,0.790178,-0.484534,0.111357,0.072465,0.679939,-0.252347,-0.261800,-0.476943,-0.245569,-0.294466,0.705184,-0.315006,0.007482,-0.014863,0.091669,0.419312,-0.073662,0.536721,-0.288663,0.401510,0.426652,-0.075650,0.059699,-0.381510,-0.492833,0.315973,0.306903,-0.261370,0.063038,-0.105915
-0.048074,0.106651,0.761630,0.061817,0.034960,-0.607986,0.790765,-0.501590,0.133137,0.091665,0.738856,-0.273842,-0.261800,-0.496197,-0.249240,-0.294449,0.725576,-0.320624,0.005007,-0.012743,0.093536,0.424452,-0.075477,0.550310,-0.272960,0.362368,0.431868,-0.072255,0.058223,-0.396224,-0.501903,0.304089,0.303641,-0.249107,0.062031,-0.109756
-0.049906,0.109086,0.759242,0.063455,0.036503,-0.607038,0.791294,-0.515983,0.156899,0.111063,0.796964,-0.294483,-0.259589,-0.514835,-0.252493,-0.294263,0.745801,-0.326242,0.002433,-0.010894,0.095463,0.429700,-0.077539,0.564163,-0.256936,0.321838,0.436866,-0.068612,0.056566,-0.410598,-0.510971,0.292496,0.300860,-0.238419,0.061077,-0.113184
-0.051529,0.111550,0.756799,0.065989,0.037313,-0.605328,0.792358,-0.527411,0.176393,0.131150,0.849778,-0.312927,-0.241231,-0.534222,-0.259735,-0.293166,0.768040,-0.333035,0.000793,-0.011057,0.095156,0.434508,-0.080524,0.578315,-0.241265,0.280762,0.439853,-0.065336,0.055004,-0.423540,-0.519984,0.280792,0.297164,-0.230760,0.059905,-0.116645
-0.053141,0.113965,0.754279,0.068081,0.038063,-0.603278,0.793708,-0.536532,0.196339,0.148625,0.900544,-0.330961,-0.224656,-0.552232,-0.266759,-0.292877,0.789832,-0.340121,-0.000869,-0.012163,0.095319,0.439421,-0.084507,0.592858,-0.226124,0.239021,0.440731,-0.062627,0.053598,-0.434931,-0.528897,0.268730,0.292558,-0.227591,0.058548,-0.119983
-0.054711,0.116351,0.751704,0.069829,0.038760,-0.601054,0.795208,-0.543454,0.217396,0.164896,0.950255,-0.348649,-0.208721,-0.569229,-0.273511,-0.292997,0.811234,-0.347337,-0.002612,-0.013883,0.095730,0.444352,-0.089306,0.607817,-0.211333,0.196336,0.440290,-0.060123,0.052250,-0.445213,-0.537720,0.256437,0.287637,-0.227803,0.057142,-0.123044
-0.056325,0.118671,0.749095,0.071400,0.039498,-0.598545,0.796922,-0.548795,0.238410,0.179359,0.997694,-0.365646,-0.193819,-0.585495,-0.280386,-0.293700,0.832179,-0.354618,-0.004352,-0.016276,0.096247,0.448978,-0.095267,0.623079,-0.197078,0.153339,0.438085,-0.057605,0.051008,-0.454091,-0.546450,0.244045,0.281833,-0.228968,0.055557,-0.126271
-0.057850,0.120932,0.746434,0.072959,0.040372,-0.595640,0.798912,-0.553266,0.258159,0.191457,1.041667,-0.381602,-0.180404,-0.601320,-0.287784,-0.295162,0.852596,-0.361915,-0.006036,-0.019372,0.096764,0.452946,-0.102977,0.638448,-0.183694,0.110887,0.433694,-0.054849,0.049946,-0.461292,-0.555101,0.231684,0.274647,-0.228648,0.053646,-0.130095
-0.059346,0.123120,0.743764,0.074558,0.041408,-0.592223,0.801248,-0.557271,0.275928,0.200482,1.082199,-0.396446,-0.168915,-0.616709,-0.295965,-0.297581,0.872492,-0.369284,-0.007675,-0.023328,0.097343,0.455996,-0.112845,0.653893,-0.171578,0.069188,0.426254,-0.051661,0.049294,-0.466595,-0.563742,0.219294,0.265899,-0.227046,0.051312,-0.134800
-0.060815,0.125238,0.741117,0.076121,0.042550,-0.588371,0.803874,-0.560635,0.292310,0.207078,1.120023,-0.410352,-0.159102,-0.631567,-0.304752,-0.300784,0.891963,-0.376765,-0.009306,-0.028016,0.098030,0.458313,-0.124790,0.669413,-0.160745,0.027967,0.416297,-0.048201,0.049004,-0.470096,-0.572403,0.206739,0.255839,-0.225158,0.048649,-0.140087
-0.062278,0.127390,0.738463,0.077631,0.043767,-0.584256,0.806661,-0.563181,0.308039,0.212716,1.154951,-0.423284,-0.150400,-0.645959,-0.313874,-0.304394,0.910960,-0.384210,-0.010886,-0.033078,0.098717,0.460202,-0.138652,0.684786,-0.150921,-0.012592,0.405544,-0.044781,0.048744,-0.471977,-0.580991,0.194066,0.244616,-0.221777,0.045781,-0.145512
-0.063674,0.129485,0.735795,0.079064,0.045029,-0.580054,0.809481,-0.564670,0.323900,0.218852,1.186781,-0.435244,-0.142218,-0.660009,-0.323063,-0.308025,0.929537,-0.391499,-0.012369,-0.038224,0.099330,0.461941,-0.154384,0.699672,-0.141818,-0.052125,0.395753,-0.041719,0.048158,-0.472672,-0.589338,0.181474,0.232656,-0.215677,0.042816,-0.150648
-0.065048,0.131538,0.733128,0.080432,0.046350,-0.575700,0.812374,-0.565235,0.339393,0.224954,1.215315,-0.446144,-0.135205,-0.673661,-0.332400,-0.311721,0.947603,-0.398692,-0.013649,-0.043645,0.099867,0.463396,-0.172198,0.713899,-0.133409,-0.090571,0.388264,-0.039090,0.047163,-0.472300,-0.597340,0.169085,0.220077,-0.205421,0.039699,-0.155470
-0.066392,0.133597,0.730468,0.081747,0.047735,-0.571135,0.815379,-0.565020,0.354303,0.230662,1.240821,-0.456019,-0.129440,-0.686899,-0.342012,-0.315642,0.965222,-0.405826,-0.014785,-0.049502,0.100371,0.464427,-0.192181,0.727465,-0.125911,-0.127962,0.381999,-0.036750,0.045925,-0.470837,-0.604980,0.156931,0.206852,-0.192083,0.036395,-0.160178
-0.067644,0.135595,0.727803,0.082970,0.049148,-0.566537,0.818374,-0.563685,0.369859,0.237616,1.263706,-0.465021,-0.123460,-0.699798,-0.351614,-0.319599,0.982431,-0.412779,-0.015982,-0.055468,0.100847,0.465309,-0.214032,0.740269,-0.119343,-0.164086,0.375129,-0.034685,0.044478,-0.468670,-0.612199,0.145135,0.193423,-0.178204,0.032976,-0.164700
-0.068850,0.137637,0.725141,0.084063,0.050554,-0.562089,0.821239,-0.560787,0.387326,0.247476,1.284352,-0.473351,-0.115773,-0.712443,-0.360923,-0.323417,0.999298,-0.419447,-0.017443,-0.061269,0.101301,0.466300,-0.237420,0.752158,-0.113644,-0.198683,0.365851,-0.032880,0.042849,-0.466262,-0.618922,0.133916,0.180238,-0.166355,0.029583,-0.168985
-0.070132,0.139587,0.722536,0.084992,0.051949,-0.557758,0.824005,-0.556042,0.407132,0.260780,1.302678,-0.481356,-0.106131,-0.724693,-0.369988,-0.327278,1.015769,-0.425829,-0.019201,-0.066999,0.101788,0.467428,-0.262622,0.763013,-0.108591,-0.231582,0.353043,-0.031444,0.040704,-0.463650,-0.625102,0.123332,0.167219,-0.156812,0.026284,-0.173036
-0.071277,0.141639,0.719929,0.085783,0.053351,-0.553477,0.826715,-0.549564,0.428538,0.276752,1.318596,-0.488914,-0.095293,-0.736548,-0.378915,-0.331216,1.031824,-0.431968,-0.021156,-0.072821,0.102278,0.468572,-0.289675,0.772826,-0.104229,-0.262950,0.337969,-0.030360,0.038121,-0.460804,-0.630735,0.113397,0.154315,-0.148368,0.023018,-0.176897
-0.072357,0.143675,0.717290,0.086489,0.054748,-0.549379,0.829280,-0.541418,0.451078,0.295143,1.332506,-0.495610,-0.083243,-0.748309,-0.387510,-0.334827,1.047612,-0.437852,-0.023314,-0.078548,0.102662,0.469761,-0.317812,0.781627,-0.100835,-0.293141,0.322386,-0.029386,0.035739,-0.457997,-0.635798,0.104227,0.141951,-0.141372,0.019734,-0.180585
-0.073440,0.145725,0.714669,0.087164,0.056129,-0.545599,0.831609,-0.531718,0.474247,0.315650,1.344796,-0.500958,-0.069968,-0.760295,-0.395559,-0.337693,1.063247,-0.443439,-0.025686,-0.084000,0.102827,0.471035,-0.346415,0.789468,-0.098715,-0.322356,0.307977,-0.028309,0.034194,-0.455563,-0.640242,0.095958,0.130602,-0.136171,0.016382,-0.184125
-0.074436,0.147747,0.712019,0.087828,0.057550,-0.542218,0.833651,-0.520030,0.498562,0.339230,1.355354,-0.505803,-0.055499,-0.772701,-0.402834,-0.339665,1.078648,-0.448649,-0.028499,-0.089029,0.102731,0.472315,-0.375389,0.796344,-0.097717,-0.350756,0.294379,-0.027006,0.033886,-0.453648,-0.644036,0.088758,0.120278,-0.133485,0.012980,-0.187574
-0.075440,0.149755,0.709345,0.088452,0.058996,-0.539152,0.835471,-0.506142,0.523908,0.365995,1.364108,-0.510167,-0.039863,-0.785330,-0.409489,-0.340978,1.093782,-0.453525,-0.031685,-0.093802,0.102397,0.473633,-0.404938,0.802241,-0.097601,-0.378278,0.280939,-0.025643,0.034384,-0.452159,-0.647169,0.082570,0.110792,-0.132938,0.009563,-0.190919
-0.076393,0.151733,0.706648,0.089010,0.060348,-0.536295,0.837152,-0.490550,0.549072,0.394495,1.371577,-0.512494,-0.022897,-0.797908,-0.415906,-0.341820,1.108896,-0.458275,-0.034812,-0.098569,0.101815,0.475198,-0.434960,0.807197,-0.098601,-0.404779,0.268902,-0.024423,0.035081,-0.450983,-0.649617,0.077120,0.102254,-0.133229,0.006099,-0.194071
-0.077276,0.153740,0.703906,0.089470,0.061489,-0.533547,0.838774,-0.473899,0.572954,0.423182,1.378271,-0.511198,-0.004352,-0.810156,-0.422460,-0.342372,1.124242,-0.463100,-0.037442,-0.103484,0.100980,0.477193,-0.464883,0.811252,-0.100847,-0.430563,0.259573,-0.023508,0.035400,-0.449926,-0.651355,0.072028,0.094777,-0.133059,0.002541,-0.196912
-0.078142,0.155702,0.701063,0.089921,0.062376,-0.530967,0.840296,-0.456892,0.596447,0.452253,1.386149,-0.504339,0.026306,-0.822188,-0.429170,-0.342396,1.139819,-0.468044,-0.039418,-0.108466,0.099607,0.479581,-0.495321,0.814399,-0.104375,-0.455422,0.253737,-0.022744,0.035018,-0.448877,-0.652310,0.067209,0.088278,-0.132302,-0.001165,-0.199221
-0.078905,0.157646,0.698183,0.090336,0.063067,-0.528594,0.841695,-0.438737,0.620077,0.482903,1.394463,-0.493714,0.065802,-0.834054,-0.435816,-0.341902,1.155481,-0.472990,-0.040979,-0.113374,0.097777,0.482299,-0.525790,0.816603,-0.108891,-0.479786,0.250590,-0.022078,0.034309,-0.447950,-0.652478,0.062776,0.082759,-0.131596,-0.004989,-0.201099
-0.079598,0.159616,0.695226,0.090518,0.063615,-0.526284,0.843081,-0.418383,0.641783,0.514279,1.399536,-0.482517,0.093324,-0.845447,-0.442461,-0.341422,1.171356,-0.477917,-0.042270,-0.118537,0.095994,0.485604,-0.556554,0.817905,-0.114815,-0.502662,0.248708,-0.021887,0.033642,-0.447186,-0.651943,0.058792,0.078113,-0.130784,-0.008830,-0.202947
-0.080203,0.161622,0.692128,0.090286,0.064074,-0.523875,0.844570,-0.395395,0.658787,0.544570,1.397462,-0.472858,0.087577,-0.856106,-0.449230,-0.341481,1.187603,-0.482801,-0.043427,-0.124172,0.094738,0.489678,-0.587187,0.818343,-0.122448,-0.523675,0.246732,-0.022513,0.033451,-0.446589,-0.650883,0.055209,0.074308,-0.129685,-0.012598,-0.205133
-0.080711,0.163717,0.688923,0.089529,0.064412,-0.521364,0.846177,-0.367476,0.669763,0.575290,1.384225,-0.460159,0.028238,-0.865788,-0.456096,-0.342197,1.204278,-0.487664,-0.044453,-0.130326,0.094143,0.494713,-0.618084,0.817772,-0.131623,-0.542871,0.244044,-0.024349,0.033036,-0.445895,-0.649342,0.051830,0.071089,-0.128024,-0.016266,-0.207607
-0.081186,0.165933,0.685633,0.088394,0.064604,-0.518824,0.847841,-0.337281,0.675283,0.605720,1.363104,-0.443457,-0.068557,-0.874649,-0.463032,-0.343284,1.221189,-0.492462,-0.045251,-0.136855,0.093899,0.500564,-0.649310,0.816088,-0.142224,-0.560333,0.241443,-0.027103,0.032436,-0.445142,-0.647344,0.048701,0.068505,-0.125940,-0.019882,-0.210204
-0.081646,0.168133,0.682279,0.087087,0.064737,-0.516186,0.849575,-0.311426,0.676512,0.630863,1.340999,-0.431043,-0.169297,-0.883091,-0.470206,-0.344688,1.238208,-0.497122,-0.045911,-0.143743,0.093919,0.506923,-0.679849,0.813434,-0.154550,-0.576021,0.239629,-0.030097,0.033226,-0.444554,-0.644977,0.046003,0.066769,-0.123806,-0.023466,-0.213161
-0.082012,0.170312,0.678779,0.085773,0.064924,-0.513373,0.851396,-0.294397,0.676199,0.647181,1.324024,-0.432125,-0.241081,-0.891638,-0.477806,-0.346347,1.255415,-0.501637,-0.046520,-0.151030,0.094160,0.513536,-0.709128,0.810077,-0.169080,-0.589497,0.239191,-0.032637,0.037031,-0.444403,-0.642337,0.043951,0.066071,-0.121958,-0.027041,-0.216718
-0.082333,0.172728,0.675291,0.087021,0.065152,-0.508783,0.854004,-0.289718,0.668066,0.655913,1.309495,-0.454131,-0.261800,-0.905913,-0.492456,-0.344484,1.274856,-0.505928,-0.045955,-0.162206,0.091009,0.516993,-0.737104,0.806080,-0.185704,-0.601875,0.240532,-0.033803,0.043893,-0.444325,-0.639391,0.042370,0.066107,-0.121063,-0.030716,-0.221065
-0.082664,0.175100,0.671653,0.086608,0.065639,-0.505167,0.856152,-0.289627,0.661934,0.656049,1.297645,-0.492236,-0.261800,-0.917507,-0.503136,-0.344928,1.293630,-0.510013,-0.046028,-0.171491,0.090402,0.520000,-0.763827,0.800837,-0.205760,-0.610985,0.243072,-0.034237,0.053372,-0.445222,-0.635727,0.043193,0.069792,-0.120606,-0.034551,-0.226133
-0.083185,0.177436,0.667921,0.085371,0.066669,-0.502004,0.858055,-0.294683,0.658629,0.648943,1.290544,-0.533568,-0.261800,-0.927950,-0.511367,-0.347249,1.311454,-0.513796,-0.046781,-0.179554,0.091533,0.520000,-0.787409,0.794212,-0.229585,-0.615122,0.246073,-0.035593,0.066020,-0.447253,-0.631220,0.046979,0.078300,-0.119339,-0.038416,-0.231574
-0.083784,0.179824,0.664271,0.084391,0.067972,-0.498337,0.860185,-0.304833,0.657262,0.639655,1.289495,-0.565176,-0.261800,-0.938623,-0.520413,-0.350077,1.328347,-0.517105,-0.047821,-0.188130,0.092907,0.520000,-0.808699,0.786895,-0.255634,-0.614074,0.249077,-0.039256,0.082034,-0.450529,-0.626230,0.051733,0.088531,-0.116287,-0.041956,-0.237178
-0.084566,0.182353,0.660756,0.083823,0.069668,-0.494018,0.862593,-0.321483,0.658103,0.628178,1.295965,-0.583811,-0.261800,-0.950101,-0.530574,-0.353328,1.344292,-0.519769,-0.049259,-0.197513,0.094453,0.520000,-0.827341,0.779659,-0.284610,-0.609958,0.253249,-0.046605,0.104389,-0.454916,-0.620922,0.057241,0.100551,-0.110306,-0.045066,-0.242889
-0.085459,0.184825,0.657401,0.083085,0.071727,-0.489505,0.865065,-0.343846,0.661297,0.612538,1.308821,-0.596308,-0.261800,-0.961266,-0.540419,-0.357679,1.359352,-0.522074,-0.051242,-0.207119,0.096655,0.520000,-0.844239,0.772585,-0.316572,-0.601968,0.258114,-0.056395,0.132151,-0.460378,-0.615156,0.063977,0.114668,-0.102129,-0.047933,-0.248808
-0.086454,0.187252,0.654194,0.082376,0.073908,-0.484697,0.867652,-0.369621,0.665125,0.594364,1.325153,-0.604659,-0.261800,-0.971898,-0.550672,-0.362610,1.373618,-0.524146,-0.053432,-0.216920,0.099099,0.520000,-0.855658,0.765197,-0.348469,-0.589740,0.261941,-0.066227,0.159759,-0.466870,-0.608902,0.071779,0.130049,-0.093465,-0.050726,-0.254908
-0.087480,0.189507,0.651182,0.081897,0.075983,-0.479496,0.870404,-0.396491,0.667971,0.575280,1.342137,-0.610816,-0.261800,-0.981835,-0.562014,-0.367609,1.387156,-0.526145,-0.055476,-0.227135,0.101476,0.520000,-0.861671,0.756840,-0.378042,-0.569265,0.261700,-0.074033,0.181327,-0.474750,-0.602282,0.080921,0.146100,-0.085934,-0.053582,-0.261240
-0.088663,0.191689,0.648326,0.081588,0.077920,-0.473672,0.873445,-0.425412,0.669868,0.554010,1.360581,-0.614165,-0.261800,-0.990685,-0.574818,-0.373155,1.400038,-0.528243,-0.057301,-0.237786,0.104289,0.520000,-0.857615,0.747439,-0.405707,-0.544076,0.256159,-0.080176,0.196385,-0.483660,-0.595520,0.091489,0.164119,-0.079588,-0.056411,-0.268332
-0.089732,0.193808,0.645703,0.081381,0.079829,-0.467341,0.876697,-0.457134,0.671301,0.530208,1.381457,-0.613978,-0.261800,-0.998652,-0.588662,-0.379333,1.412194,-0.530329,-0.059043,-0.248763,0.107656,0.520000,-0.848850,0.737242,-0.433322,-0.511351,0.245774,-0.085771,0.207349,-0.493567,-0.588707,0.103381,0.183964,-0.073545,-0.059166,-0.276056
-0.090834,0.195838,0.643350,0.081408,0.081626,-0.460926,0.879919,-0.488653,0.671581,0.506970,1.402058,-0.612188,-0.261800,-1.006276,-0.602933,-0.385160,1.423474,-0.532074,-0.060727,-0.258976,0.111157,0.520000,-0.834227,0.725885,-0.457600,-0.472172,0.236078,-0.089429,0.212852,-0.504080,-0.581859,0.115171,0.202454,-0.068289,-0.062025,-0.283379
-0.091754,0.197794,0.641218,0.081808,0.083242,-0.454852,0.882886,-0.516964,0.670283,0.487475,1.419790,-0.610705,-0.261800,-1.014149,-0.617019,-0.389629,1.433673,-0.533161,-0.062356,-0.267617,0.114428,0.520000,-0.815620,0.712766,-0.475504,-0.424779,0.231258,-0.089804,0.211407,-0.515191,-0.575080,0.125865,0.216595,-0.064280,-0.065140,-0.289325
-0.092594,0.199652,0.639360,0.082495,0.084824,-0.449088,0.885618,-0.541878,0.668293,0.472666,1.434489,-0.610031,-0.261800,-1.022053,-0.630754,-0.393165,1.442614,-0.533634,-0.063918,-0.274584,0.117888,0.520000,-0.792446,0.697101,-0.485458,-0.367751,0.234568,-0.084333,0.196508,-0.526555,-0.568525,0.135232,0.225972,-0.062402,-0.068691,-0.293091
-0.093377,0.201421,0.637756,0.083421,0.086342,-0.443454,0.888220,-0.564784,0.665736,0.460775,1.447399,-0.609113,-0.261800,-1.029777,-0.644440,-0.396102,1.450434,-0.533609,-0.065369,-0.279989,0.121805,0.520000,-0.765017,0.678655,-0.489948,-0.301802,0.243269,-0.074678,0.170779,-0.537950,-0.562361,0.143502,0.231857,-0.062127,-0.072511,-0.295425
-0.094053,0.203330,0.636398,0.085020,0.087467,-0.437966,0.890678,-0.585361,0.660337,0.452369,1.457850,-0.607556,-0.253902,-1.038596,-0.658830,-0.396735,1.457407,-0.532668,-0.066550,-0.283738,0.125276,0.520000,-0.736711,0.657822,-0.491804,-0.228203,0.252243,-0.065588,0.146627,-0.549967,-0.556747,0.150375,0.233897,-0.061734,-0.076239,-0.297621
-0.094652,0.205358,0.635296,0.087480,0.087891,-0.432816,0.892912,-0.602676,0.651031,0.445281,1.465354,-0.604969,-0.248930,-1.049189,-0.673962,-0.393851,1.463872,-0.530738,-0.067436,-0.285662,0.127556,0.520000,-0.710972,0.635511,-0.493596,-0.147726,0.255547,-0.061353,0.136696,-0.563215,-0.551781,0.155735,0.231823,-0.059509,-0.079540,-0.300935
-0.095154,0.207445,0.634441,0.090254,0.087565,-0.428594,0.894703,-0.615406,0.639368,0.439677,1.469768,-0.602002,-0.247941,-1.060398,-0.688053,-0.388288,1.469416,-0.527750,-0.068338,-0.284513,0.129123,0.520000,-0.687799,0.611927,-0.496128,-0.055712,0.249272,-0.063381,0.147255,-0.577246,-0.547165,0.159908,0.224543,-0.052987,-0.082641,-0.306291
-0.095667,0.209583,0.633742,0.093341,0.086657,-0.425083,0.896149,-0.624365,0.625793,0.435796,1.471440,-0.598709,-0.249722,-1.072176,-0.701374,-0.380429,1.473999,-0.523819,-0.069187,-0.280682,0.130149,0.520000,-0.664931,0.587063,-0.497880,0.046108,0.237421,-0.069337,0.170781,-0.591910,-0.542816,0.162801,0.212532,-0.043816,-0.085682,-0.312749
-0.095967,0.211825,0.633172,0.096618,0.085283,-0.422194,0.897298,-0.631007,0.610666,0.431800,1.471462,-0.594409,-0.255253,-1.084386,-0.713803,-0.370663,1.477719,-0.519123,-0.069957,-0.274434,0.131122,0.520000,-0.642201,0.561821,-0.498276,0.148403,0.224817,-0.077747,0.199510,-0.607765,-0.539070,0.164318,0.198700,-0.036231,-0.088188,-0.318800
-0.096181,0.214185,0.632764,0.100821,0.083504,-0.419158,0.898426,-0.637307,0.591759,0.427267,1.470205,-0.588057,-0.261800,-1.099080,-0.727513,-0.357374,1.481036,-0.513610,-0.070228,-0.267863,0.131321,0.520000,-0.619755,0.537887,-0.496033,0.241304,0.215787,-0.086764,0.225958,-0.626045,-0.536565,0.164509,0.185422,-0.034364,-0.089560,-0.322941
-0.096238,0.216665,0.632525,0.105940,0.081297,-0.416192,0.899417,-0.642361,0.569731,0.425168,1.467363,-0.579854,-0.261800,-1.116513,-0.741934,-0.340208,1.483716,-0.507048,-0.070166,-0.260859,0.130495,0.520000,-0.596459,0.516274,-0.490143,0.325057,0.208296,-0.096936,0.251032,-0.647327,-0.535167,0.163903,0.172446,-0.039022,-0.089877,-0.324937
-0.096166,0.219250,0.632446,0.111801,0.078631,-0.413482,0.900195,-0.645630,0.545057,0.424509,1.462734,-0.570488,-0.261800,-1.136298,-0.756396,-0.319379,1.485646,-0.499482,-0.069839,-0.253349,0.128540,0.520000,-0.571083,0.497324,-0.480758,0.402527,0.200693,-0.108923,0.277875,-0.671598,-0.534565,0.163095,0.159024,-0.047888,-0.089342,-0.325573
-0.096044,0.221961,0.632451,0.117933,0.075669,-0.411027,0.900790,-0.648815,0.517927,0.421598,1.457625,-0.560160,-0.261800,-1.157284,-0.770309,-0.296324,1.486674,-0.491158,-0.069208,-0.245500,0.126446,0.520000,-0.543356,0.481718,-0.468921,0.468336,0.196852,-0.120646,0.302484,-0.698608,-0.535207,0.162778,0.147354,-0.060088,-0.087579,-0.324832
-0.095768,0.224787,0.632529,0.123937,0.072591,-0.408818,0.901243,-0.653462,0.488310,0.412991,1.453428,-0.549121,-0.261800,-1.178615,-0.783145,-0.272200,1.486777,-0.482225,-0.068150,-0.237493,0.125243,0.520000,-0.512708,0.470188,-0.455390,0.516444,0.200503,-0.129795,0.320876,-0.728110,-0.537934,0.163723,0.139463,-0.074456,-0.084211,-0.322668
-0.095316,0.227795,0.632663,0.130020,0.069536,-0.406994,0.901452,-0.661303,0.452851,0.395415,1.449616,-0.537554,-0.261800,-1.201017,-0.794584,-0.246631,1.485784,-0.472608,-0.066688,-0.229317,0.124864,0.520000,-0.477429,0.463139,-0.438607,0.543261,0.216743,-0.135240,0.331091,-0.760954,-0.543100,0.166466,0.134873,-0.092733,-0.078774,-0.318920
-0.094622,0.230872,0.632852,0.136378,0.066374,-0.405557,0.901398,-0.670259,0.412289,0.372370,1.445766,-0.525770,-0.261800,-1.224936,-0.804801,-0.218884,1.483767,-0.462207,-0.064847,-0.221175,0.124639,0.520000,-0.436781,0.460421,-0.418022,0.551182,0.241739,-0.138155,0.335220,-0.797197,-0.550381,0.171224,0.132691,-0.114454,-0.071676,-0.313608
-0.093872,0.234125,0.633043,0.142607,0.062894,-0.404251,0.901270,-0.676516,0.372782,0.350312,1.443326,-0.513678,-0.261800,-1.248949,-0.814251,-0.189833,1.481080,-0.451225,-0.062536,-0.213471,0.124775,0.520000,-0.392551,0.461737,-0.396063,0.543910,0.265690,-0.139836,0.335372,-0.835677,-0.559646,0.178139,0.134525,-0.135055,-0.063821,-0.306975
-0.092945,0.237704,0.633236,0.148283,0.058918,-0.402769,0.901287,-0.677130,0.340771,0.335033,1.443738,-0.500698,-0.261800,-1.271444,-0.823620,-0.160647,1.478016,-0.439926,-0.059722,-0.206366,0.125672,0.520000,-0.347407,0.466718,-0.375479,0.525872,0.278882,-0.141589,0.333798,-0.874274,-0.570957,0.186662,0.141091,-0.150091,-0.056013,-0.299334
-0.091863,0.241586,0.633430,0.153928,0.054315,-0.400602,0.901595,-0.672691,0.315085,0.328426,1.446390,-0.485099,-0.261800,-1.294192,-0.834219,-0.129247,1.474575,-0.427967,-0.055944,-0.200712,0.126776,0.520000,-0.301300,0.475382,-0.357246,0.496147,0.277281,-0.144400,0.330984,-0.915055,-0.584718,0.196620,0.152701,-0.158641,-0.047187,-0.289024
-0.090639,0.245675,0.633677,0.159563,0.049232,-0.398021,0.902051,-0.664846,0.293891,0.327160,1.451052,-0.467163,-0.261800,-1.317378,-0.845265,-0.095757,1.470497,-0.415272,-0.051355,-0.195871,0.128101,0.520000,-0.253033,0.487515,-0.339553,0.453375,0.266599,-0.147422,0.325606,-0.956508,-0.600911,0.207693,0.166914,-0.163119,-0.037253,-0.276502
-0.089343,0.249828,0.633886,0.164057,0.043966,-0.395784,0.902501,-0.653008,0.282154,0.328239,1.459700,-0.448805,-0.261800,-1.337014,-0.854870,-0.064931,1.465907,-0.402620,-0.046853,-0.189510,0.131198,0.520000,-0.204905,0.502352,-0.321461,0.402178,0.251875,-0.149044,0.317493,-0.997225,-0.619118,0.220439,0.186227,-0.163281,-0.028477,-0.265335
-0.088047,0.253906,0.634004,0.166276,0.038788,-0.394671,0.902819,-0.636342,0.284140,0.328143,1.473822,-0.432041,-0.261800,-1.348842,-0.861406,-0.041773,1.461152,-0.390869,-0.043296,-0.179473,0.137666,0.520000,-0.159815,0.518883,-0.302077,0.347862,0.238343,-0.147680,0.306702,-1.034646,-0.638833,0.235067,0.212113,-0.159166,-0.023105,-0.259066
-0.086870,0.257799,0.634024,0.165322,0.033764,-0.395220,0.902956,-0.613374,0.305447,0.326274,1.495450,-0.417992,-0.261800,-1.349618,-0.863980,-0.029780,1.456942,-0.380779,-0.041199,-0.164575,0.149229,0.520000,-0.117951,0.536509,-0.281186,0.291735,0.230139,-0.142156,0.292952,-1.069211,-0.660238,0.252614,0.246986,-0.148800,-0.022968,-0.260433
-0.085789,0.261591,0.633936,0.161657,0.028741,-0.397147,0.902948,-0.584699,0.342472,0.322717,1.522987,-0.406538,-0.261800,-1.340881,-0.863395,-0.026915,1.453210,-0.371993,-0.040041,-0.145712,0.165593,0.520000,-0.078785,0.555141,-0.259358,0.232205,0.223964,-0.133541,0.276519,-1.102450,-0.683472,0.273204,0.289727,-0.132992,-0.026508,-0.266956
-0.084604,0.265446,0.633841,0.156217,0.023660,-0.399940,0.902820,-0.552778,0.385352,0.315131,1.552368,-0.397451,-0.261800,-1.325611,-0.860871,-0.029859,1.449153,-0.363752,-0.039176,-0.124251,0.185107,0.520000,-0.044041,0.574745,-0.236699,0.170125,0.213980,-0.123527,0.258427,-1.133283,-0.707990,0.295412,0.336453,-0.115838,-0.030864,-0.274267
-0.083264,0.269435,0.633828,0.150267,0.018488,-0.402803,0.902678,-0.520463,0.423855,0.302090,1.579162,-0.388686,-0.261800,-1.307976,-0.858069,-0.034189,1.443860,-0.354977,-0.037762,-0.102372,0.205333,0.520000,-0.014847,0.595461,-0.212686,0.105778,0.194323,-0.113592,0.239777,-1.160999,-0.732932,0.317721,0.383533,-0.101542,-0.032984,-0.278060
-0.081723,0.273624,0.633989,0.143837,0.013261,-0.405684,0.902527,-0.488249,0.457111,0.282508,1.603547,-0.379958,-0.261800,-1.288216,-0.855092,-0.039835,1.437378,-0.345716,-0.035839,-0.080519,0.225986,0.520000,0.011528,0.617415,-0.185099,0.036174,0.161188,-0.102880,0.220065,-1.186241,-0.757809,0.340303,0.432371,-0.091846,-0.030735,-0.277252
-0.080008,0.277938,0.634252,0.136268,0.008062,-0.408865,0.902328,-0.455100,0.490207,0.257222,1.627078,-0.371844,-0.261800,-1.264365,-0.851085,-0.048973,1.430073,-0.336374,-0.033750,-0.058303,0.248164,0.520000,0.036457,0.640708,-0.153519,-0.038966,0.118464,-0.090439,0.199339,-1.209792,-0.782496,0.363949,0.484483,-0.084581,-0.026107,-0.274122
-0.078202,0.282478,0.634665,0.128137,0.002936,-0.411815,0.902209,-0.422055,0.521459,0.228559,1.647853,-0.362336,-0.261800,-1.238004,-0.847074,-0.060130,1.421399,-0.326549,-0.031333,-0.037067,0.270772,0.520000,0.056857,0.665623,-0.120037,-0.115393,0.071794,-0.077715,0.179366,-1.231053,-0.806679,0.387738,0.536518,-0.078207,-0.022126,-0.269441
-0.076210,0.287367,0.635453,0.121740,-0.002509,-0.413053,0.902530,-0.389860,0.550100,0.208235,1.663772,-0.349060,-0.238537,-1.215799,-0.846976,-0.065950,1.410286,-0.314677,-0.027607,-0.020060,0.289459,0.520000,0.069886,0.692777,-0.086168,-0.189420,0.026769,-0.066530,0.161565,-1.249789,-0.830065,0.410548,0.584823,-0.071229,-0.021804,-0.263921
-0.074126,0.292673,0.636633,0.118458,-0.008673,-0.412074,0.903376,-0.359281,0.571798,0.195545,1.674707,-0.329389,-0.198209,-1.201889,-0.852589,-0.061435,1.396831,-0.300340,-0.021982,-0.008645,0.301350,0.520000,0.076566,0.722949,-0.050842,-0.262099,-0.019712,-0.057627,0.145504,-1.266420,-0.852669,0.432120,0.629336,-0.064530,-0.026143,-0.255543
-0.071912,0.298092,0.638074,0.115137,-0.014869,-0.410823,0.904293,-0.329314,0.590519,0.180482,1.682550,-0.305810,-0.160492,-1.186520,-0.858455,-0.057475,1.381727,-0.285406,-0.015872,0.001550,0.312516,0.520000,0.077877,0.756436,-0.014601,-0.333705,-0.069555,-0.049917,0.130518,-1.279902,-0.874632,0.452738,0.672400,-0.058634,-0.033527,-0.244680
-0.069658,0.303678,0.639802,0.111574,-0.020993,-0.409078,0.905409,-0.300053,0.608856,0.165088,1.686973,-0.282925,-0.125331,-1.168657,-0.865079,-0.055564,1.364841,-0.269832,-0.009374,0.010333,0.322923,0.520000,0.072398,0.793145,0.021031,-0.401562,-0.115077,-0.043069,0.117320,-1.289285,-0.895931,0.472170,0.713133,-0.051243,-0.042961,-0.235591
-0.067352,0.309452,0.641730,0.107580,-0.026960,-0.406590,0.906854,-0.271614,0.628993,0.151286,1.687648,-0.265553,-0.092977,-1.147294,-0.873009,-0.057138,1.346061,-0.253470,-0.002564,0.017418,0.332637,0.520000,0.057836,0.832862,0.053863,-0.462706,-0.148328,-0.037034,0.106510,-1.293838,-0.916480,0.490391,0.750826,-0.040276,-0.053469,-0.232531
-0.065049,0.315398,0.643881,0.103164,-0.032884,-0.403302,0.908638,-0.243487,0.649863,0.138954,1.684437,-0.254277,-0.065818,-1.122407,-0.882310,-0.062000,1.325629,-0.236470,0.004737,0.022807,0.342224,0.520000,0.030293,0.875920,0.082558,-0.515925,-0.164524,-0.031896,0.097207,-1.293458,-0.936543,0.509089,0.786085,-0.024567,-0.066541,-0.239692
-0.062729,0.321483,0.646260,0.098441,-0.038824,-0.399297,0.910694,-0.215656,0.670000,0.127173,1.677514,-0.246493,-0.043545,-1.094346,-0.892729,-0.069576,1.303552,-0.218790,0.012548,0.026513,0.351794,0.520000,-0.009638,0.922665,0.106490,-0.562491,-0.168604,-0.028121,0.089152,-1.288911,-0.956446,0.528206,0.819639,-0.005636,-0.082403,-0.253727
-0.060417,0.327781,0.648815,0.093797,-0.043598,-0.394427,0.913087,-0.192048,0.690841,0.116240,1.667624,-0.242456,-0.022491,-1.064915,-0.904059,-0.081089,1.279143,-0.199733,0.020247,0.031949,0.361875,0.510263,-0.067237,0.973170,0.112240,-0.594884,-0.167201,-0.026257,0.083009,-1.274651,-0.975755,0.545196,0.852652,0.014299,-0.098120,-0.268076
-0.058085,0.334305,0.651605,0.089092,-0.047369,-0.388728,0.915811,-0.172522,0.713574,0.107126,1.654811,-0.242778,0.000823,-1.032918,-0.916099,-0.097338,1.252091,-0.179057,0.027656,0.038442,0.371256,0.493550,-0.145112,1.026771,0.094669,-0.612170,-0.167268,-0.026796,0.081046,-1.252267,-0.994262,0.556527,0.884194,0.033647,-0.110344,-0.275800
-0.055704,0.341021,0.654621,0.083938,-0.050731,-0.382027,0.918932,-0.155691,0.738937,0.099942,1.639266,-0.250181,0.028358,-0.996261,-0.929210,-0.119010,1.223016,-0.157471,0.035142,0.043576,0.379024,0.475794,-0.244761,1.082492,0.055231,-0.618791,-0.171201,-0.029779,0.086439,-1.223219,-1.011904,0.560202,0.912723,0.054887,-0.118322,-0.274651
-0.053307,0.347974,0.657902,0.078466,-0.053758,-0.374382,0.922383,-0.140940,0.765107,0.094405,1.620784,-0.263696,0.057182,-0.955278,-0.943135,-0.145570,1.192117,-0.134972,0.042819,0.047086,0.384400,0.457724,-0.368631,1.138703,-0.007258,-0.617697,-0.175713,-0.035120,0.098066,-1.186203,-1.028549,0.555661,0.937397,0.078146,-0.123519,-0.268373
-0.050833,0.355101,0.661429,0.073068,-0.056404,-0.366248,0.925928,-0.127358,0.789669,0.091417,1.598602,-0.278326,0.083644,-0.911119,-0.956791,-0.175888,1.158526,-0.110518,0.050223,0.048461,0.385903,0.440814,-0.512009,1.192532,-0.090725,-0.612322,-0.179111,-0.042916,0.111819,-1.142360,-1.043818,0.541501,0.956392,0.098535,-0.125615,-0.258789
-0.048273,0.362478,0.665247,0.068095,-0.058606,-0.358101,0.929351,-0.113840,0.810791,0.092125,1.572012,-0.288862,0.104549,-0.865059,-0.969125,-0.208720,1.121306,-0.083060,0.056899,0.046766,0.383109,0.426687,-0.665875,1.240914,-0.188531,-0.606632,-0.178919,-0.053138,0.122938,-1.094521,-1.057148,0.518160,0.968456,0.111008,-0.124413,-0.247733
-0.045719,0.370087,0.669362,0.063415,-0.060395,-0.349721,0.932752,-0.100399,0.829640,0.097058,1.541097,-0.295484,0.121039,-0.815688,-0.980121,-0.245621,1.079900,-0.053438,0.062915,0.040226,0.377619,0.416421,-0.824854,1.282239,-0.293909,-0.603799,-0.174211,-0.066243,0.129429,-1.046320,-1.067839,0.488294,0.974568,0.113955,-0.118304,-0.233392
-0.043082,0.377916,0.673779,0.058891,-0.061760,-0.340981,0.936189,-0.087017,0.846775,0.105862,1.506307,-0.300282,0.134275,-0.763093,-0.989779,-0.286570,1.035243,-0.022026,0.068475,0.028392,0.371002,0.409637,-0.985390,1.315561,-0.401746,-0.604737,-0.165189,-0.082001,0.133282,-0.999756,-1.075200,0.455229,0.976515,0.109913,-0.108032,-0.215586
-0.040274,0.385962,0.678445,0.054823,-0.062565,-0.332520,0.939420,-0.072510,0.860003,0.118381,1.467515,-0.300730,0.141568,-0.711210,-0.997390,-0.327507,0.988484,0.012948,0.073405,0.013038,0.363644,0.404645,-1.140413,1.340064,-0.506748,-0.607532,-0.151249,-0.099193,0.135012,-0.956415,-1.078927,0.422286,0.975796,0.100130,-0.097120,-0.198676
-0.037493,0.394151,0.683289,0.051505,-0.062677,-0.324978,0.942236,-0.055893,0.867275,0.134184,1.424518,-0.294263,0.140411,-0.664390,-1.002436,-0.363992,0.940712,0.053374,0.077575,-0.003799,0.355660,0.399611,-1.283183,1.355489,-0.604537,-0.609316,-0.131751,-0.116568,0.134986,-0.917206,-1.079154,0.392163,0.973699,0.086096,-0.088955,-0.187072
-0.034637,0.402503,0.688271,0.049119,-0.062148,-0.318263,0.944687,-0.037478,0.867454,0.152297,1.376439,-0.279561,0.129631,-0.621065,-1.006621,-0.399456,0.890180,0.102768,0.081473,-0.022076,0.346781,0.393957,-1.411634,1.362303,-0.693655,-0.606671,-0.102907,-0.137252,0.132298,-0.882162,-1.075986,0.365141,0.970544,0.065459,-0.084510,-0.183199
-0.031682,0.410916,0.693230,0.047487,-0.061026,-0.312131,0.946887,-0.018070,0.861979,0.172226,1.323617,-0.258396,0.111120,-0.581351,-1.009338,-0.433411,0.837704,0.158867,0.085192,-0.041800,0.337251,0.387348,-1.527993,1.361339,-0.775007,-0.598696,-0.066342,-0.160809,0.127333,-0.851317,-1.069628,0.340887,0.966728,0.038519,-0.081937,-0.184414
-0.028594,0.419393,0.698024,0.046369,-0.059172,-0.307026,0.948728,0.002324,0.852704,0.194020,1.267627,-0.232935,0.087009,-0.551753,-1.007690,-0.455644,0.787498,0.214989,0.087852,-0.061046,0.327531,0.378742,-1.632720,1.353403,-0.849098,-0.586473,-0.029554,-0.180562,0.121823,-0.824522,-1.060745,0.319979,0.962929,0.010926,-0.080247,-0.187564
-0.025513,0.427986,0.702468,0.045494,-0.056433,-0.303400,0.950102,0.023722,0.841613,0.217964,1.210026,-0.205316,0.059387,-0.537459,-0.999689,-0.457048,0.742940,0.264691,0.088331,-0.078039,0.318215,0.367482,-1.725808,1.339366,-0.915915,-0.571566,-0.000038,-0.189709,0.116532,-0.801661,-1.050248,0.302941,0.959705,-0.011599,-0.078589,-0.189417
-0.022318,0.436558,0.706420,0.045024,-0.052720,-0.301606,0.950909,0.047018,0.828382,0.245063,1.149658,-0.175428,0.028169,-0.539265,-0.986373,-0.436350,0.702132,0.311438,0.082122,-0.091947,0.308895,0.353303,-1.806203,1.320185,-0.975970,-0.553908,0.015592,-0.183624,0.110043,-0.781494,-1.038602,0.288583,0.956130,-0.027311,-0.077075,-0.189286
-0.019120,0.445040,0.709628,0.045046,-0.048106,-0.301368,0.951228,0.070921,0.812468,0.273519,1.086067,-0.143144,-0.007297,-0.553029,-0.969032,-0.399886,0.664335,0.356752,0.070702,-0.103631,0.299118,0.336861,-1.874738,1.296679,-1.029770,-0.532568,0.022681,-0.166831,0.101865,-0.763140,-1.025966,0.275552,0.951261,-0.039221,-0.076004,-0.188705
-0.015982,0.453906,0.712362,0.045083,-0.042685,-0.302194,0.951223,0.092778,0.795689,0.300157,1.021746,-0.110189,-0.045968,-0.573722,-0.946077,-0.351803,0.632535,0.392479,0.062054,-0.114071,0.289597,0.319180,-1.933715,1.269456,-1.076798,-0.508407,0.031690,-0.146244,0.093682,-0.747123,-1.012938,0.264459,0.945639,-0.048547,-0.074936,-0.187725
-0.013032,0.462975,0.714389,0.044595,-0.036611,-0.303529,0.951074,0.110490,0.779863,0.322275,0.959294,-0.077836,-0.087053,-0.595175,-0.916101,-0.296236,0.608341,0.411195,0.064590,-0.124335,0.281356,0.301432,-1.984665,1.238971,-1.115552,-0.482434,0.052935,-0.128906,0.086877,-0.734320,-1.000316,0.256359,0.940049,-0.056366,-0.073429,-0.186321
-0.010144,0.471962,0.715659,0.043391,-0.029440,-0.305543,0.950733,0.124715,0.765498,0.341735,0.897383,-0.045074,-0.132678,-0.616302,-0.873577,-0.226125,0.589351,0.407469,0.084172,-0.133913,0.275313,0.282913,-2.028034,1.205731,-1.146065,-0.454402,0.091180,-0.114238,0.081332,-0.724972,-0.988741,0.251692,0.934096,-0.062320,-0.071253,-0.183609
-0.007377,0.481069,0.716164,0.041770,-0.021525,-0.308167,0.950171,0.136509,0.751653,0.358482,0.834933,-0.012041,-0.182485,-0.636194,-0.822222,-0.145580,0.575873,0.384354,0.113832,-0.143023,0.270657,0.264098,-2.063426,1.170264,-1.169257,-0.424317,0.140215,-0.099479,0.075861,-0.718233,-0.978394,0.249540,0.927264,-0.065785,-0.068661,-0.179694
-0.004713,0.490409,0.716110,0.039948,-0.014091,-0.310586,0.949601,0.145118,0.737721,0.368300,0.774887,0.018987,-0.232196,-0.653035,-0.773648,-0.071971,0.572936,0.348704,0.143821,-0.153371,0.265995,0.247598,-2.090885,1.132949,-1.184444,-0.393643,0.193838,-0.088451,0.070455,-0.713714,-0.969304,0.249032,0.920468,-0.067628,-0.065917,-0.176037
-0.002304,0.500480,0.715817,0.041036,-0.008346,-0.311230,0.949412,0.147339,0.717603,0.372623,0.720155,0.046311,-0.261800,-0.672055,-0.743397,-0.013756,0.582347,0.312356,0.168476,-0.167263,0.254860,0.233069,-2.110315,1.094148,-1.190884,-0.364131,0.246071,-0.084836,0.065614,-0.710548,-0.961462,0.249194,0.914332,-0.068607,-0.063284,-0.174279
-0.000228,0.511138,0.715317,0.043231,-0.004070,-0.311097,0.949386,0.143695,0.694485,0.371453,0.670937,0.074935,-0.261800,-0.693816,-0.729049,0.022945,0.607050,0.275975,0.186493,-0.183522,0.240868,0.222148,-2.122595,1.054121,-1.188382,-0.334674,0.301455,-0.092715,0.062409,-0.709765,-0.955100,0.250957,0.908422,-0.069475,-0.060257,-0.174816
0.001592,0.522087,0.714467,0.044801,-0.000533,-0.311110,0.949317,0.136824,0.670796,0.360868,0.625856,0.104888,-0.261800,-0.718780,-0.721321,0.045712,0.647591,0.233915,0.201216,-0.200490,0.227461,0.214696,-2.128939,1.013060,-1.178322,-0.304959,0.361374,-0.109036,0.061319,-0.711626,-0.950407,0.254732,0.902730,-0.069532,-0.056889,-0.176714
0.003141,0.533433,0.713330,0.046378,0.002262,-0.310610,0.949403,0.129980,0.646712,0.348130,0.585265,0.128245,-0.261800,-0.746390,-0.719113,0.062198,0.698671,0.190409,0.214224,-0.218199,0.213583,0.209426,-2.129896,0.971095,-1.162496,-0.277850,0.414903,-0.126608,0.061648,-0.714297,-0.947273,0.258648,0.898534,-0.067612,-0.054285,-0.179485
0.004487,0.544548,0.712567,0.048538,0.004320,-0.308906,0.949843,0.126198,0.622069,0.339772,0.548722,0.137493,-0.261800,-0.775307,-0.720630,0.079223,0.754391,0.149800,0.227196,-0.236839,0.198192,0.205150,-2.125846,0.928254,-1.142881,-0.256253,0.450867,-0.138281,0.061630,-0.715304,-0.945492,0.260274,0.896557,-0.062632,-0.053547,-0.182645
0.005622,0.555706,0.711825,0.051982,0.005481,-0.305464,0.950768,0.127014,0.594104,0.337283,0.514821,0.129784,-0.261800,-0.806605,-0.728485,0.096989,0.814784,0.113833,0.240884,-0.257582,0.179823,0.201494,-2.116770,0.884364,-1.119595,-0.241221,0.463777,-0.141375,0.060594,-0.714465,-0.945187,0.258922,0.896531,-0.053691,-0.055792,-0.186466
0.006299,0.567892,0.709787,0.056097,0.005866,-0.300748,0.952034,0.129400,0.563525,0.335825,0.485112,0.109817,-0.261800,-0.840682,-0.742178,0.112888,0.881663,0.080478,0.254304,-0.279974,0.159482,0.199102,-2.103458,0.839209,-1.092791,-0.230997,0.460422,-0.139867,0.059144,-0.712391,-0.946532,0.255309,0.897639,-0.041673,-0.060191,-0.190969
0.006636,0.580281,0.706917,0.059524,0.005895,-0.295569,0.953447,0.129541,0.535483,0.332683,0.463497,0.080654,-0.261800,-0.874446,-0.755430,0.126704,0.951716,0.048336,0.261800,-0.301908,0.139572,0.198412,-2.087192,0.792715,-1.064577,-0.224315,0.447932,-0.136675,0.057023,-0.707670,-0.949236,0.249093,0.899694,-0.028141,-0.064903,-0.195364
0.006672,0.592022,0.703833,0.060666,0.006409,-0.291153,0.954730,0.124484,0.516087,0.327575,0.452734,0.044734,-0.261800,-0.904185,-0.760950,0.137436,1.021329,0.016166,0.261800,-0.320299,0.123255,0.199703,-2.069186,0.744911,-1.037108,-0.220025,0.433396,-0.134691,0.053998,-0.698810,-0.952685,0.239753,0.902519,-0.014803,-0.068053,-0.199001
0.006330,0.603167,0.700513,0.059227,0.006930,-0.287161,0.956024,0.113618,0.506421,0.320190,0.454796,-0.001252,-0.261800,-0.927184,-0.757547,0.147582,1.091367,-0.017024,0.261800,-0.335978,0.110128,0.204166,-2.049314,0.695627,-1.010303,-0.218448,0.413780,-0.134581,0.050370,-0.686584,-0.956532,0.227690,0.907245,-0.001371,-0.069409,-0.202006
0.005473,0.613730,0.697099,0.056117,0.007128,-0.283079,0.957427,0.098251,0.503298,0.311446,0.468365,-0.058138,-0.261800,-0.944671,-0.749370,0.156370,1.162659,-0.050231,0.261800,-0.350240,0.098223,0.211448,-2.027185,0.644704,-0.983894,-0.219817,0.386962,-0.134733,0.046247,-0.671704,-0.960639,0.213175,0.913901,0.012722,-0.069889,-0.204764
0.004240,0.623750,0.693735,0.052306,0.007207,-0.279054,0.958823,0.079891,0.503625,0.302366,0.488572,-0.118674,-0.261800,-0.957601,-0.737682,0.163634,1.231905,-0.082069,0.261800,-0.362459,0.086369,0.220080,-2.003537,0.592373,-0.959559,-0.223044,0.361362,-0.134663,0.041017,-0.652688,-0.964504,0.195455,0.920791,0.026096,-0.069290,-0.207048
0.002906,0.633295,0.690412,0.048810,0.007380,-0.275226,0.960111,0.060219,0.504276,0.293837,0.510183,-0.175338,-0.261800,-0.967331,-0.723651,0.169536,1.295814,-0.111113,0.261800,-0.372095,0.073445,0.228546,-1.979035,0.539171,-0.938775,-0.227354,0.345382,-0.133915,0.034077,-0.628019,-0.967300,0.173659,0.926182,0.037230,-0.067388,-0.208653
0.001252,0.642345,0.687110,0.045907,0.007411,-0.271838,0.961219,0.041255,0.504826,0.288200,0.530902,-0.228239,-0.261800,-0.973982,-0.705657,0.175741,1.354047,-0.136614,0.261800,-0.378869,0.058635,0.236827,-1.953258,0.485479,-0.921537,-0.233910,0.342250,-0.132334,0.025121,-0.598535,-0.968039,0.147875,0.931439,0.044325,-0.062965,-0.209622
-0.000576,0.650980,0.683972,0.043051,0.007270,-0.268735,0.962224,0.021528,0.507382,0.284956,0.553651,-0.279733,-0.261800,-0.976893,-0.683623,0.181253,1.408129,-0.159401,0.261800,-0.383334,0.042652,0.245583,-1.925506,0.431514,-0.907370,-0.243155,0.347164,-0.130260,0.014536,-0.565823,-0.966251,0.119402,0.937580,0.048380,-0.056538,-0.210196
-0.002350,0.659257,0.681112,0.040134,0.007449,-0.265430,0.963266,-0.001361,0.511085,0.279301,0.579473,-0.326928,-0.261800,-0.976726,-0.661262,0.183153,1.457472,-0.180290,0.261800,-0.386388,0.026745,0.254299,-1.895940,0.377761,-0.896546,-0.253359,0.356386,-0.128028,0.002715,-0.529555,-0.962027,0.089311,0.942315,0.052136,-0.050466,-0.210424
-0.003823,0.667268,0.678577,0.037098,0.008466,-0.261404,0.964479,-0.030071,0.514878,0.266651,0.609835,-0.366994,-0.261800,-0.974491,-0.642386,0.179181,1.501551,-0.200006,0.261800,-0.389017,0.012184,0.262496,-1.864593,0.324908,-0.889040,-0.263079,0.366151,-0.125892,-0.009915,-0.488478,-0.955855,0.058119,0.942639,0.058531,-0.047071,-0.210289
-0.005057,0.674901,0.676654,0.033856,0.010639,-0.256309,0.965943,-0.066695,0.517929,0.243452,0.646224,-0.398258,-0.261800,-0.969766,-0.627866,0.168209,1.539631,-0.218377,0.261800,-0.391862,-0.000034,0.270020,-1.829773,0.273495,-0.884416,-0.274348,0.377957,-0.123651,-0.024141,-0.441478,-0.948030,0.025659,0.937677,0.069463,-0.047597,-0.209884
-0.006377,0.682233,0.675046,0.030502,0.013627,-0.250457,0.967551,-0.109046,0.519973,0.212947,0.687019,-0.422527,-0.261800,-0.962561,-0.615753,0.152422,1.572245,-0.235018,0.261800,-0.394523,-0.010444,0.277203,-1.791115,0.223848,-0.882535,-0.288187,0.392874,-0.121345,-0.039862,-0.389387,-0.938443,-0.007633,0.928536,0.083335,-0.050544,-0.208999
-0.007888,0.689249,0.673712,0.027276,0.016977,-0.244312,0.969164,-0.153362,0.520671,0.180667,0.728939,-0.442261,-0.261800,-0.954481,-0.605810,0.134675,1.600684,-0.250356,0.261800,-0.396208,-0.019968,0.284432,-1.750505,0.176492,-0.883311,-0.301951,0.406513,-0.119396,-0.055273,-0.334734,-0.926830,-0.040600,0.916118,0.097311,-0.054094,-0.207170
-0.009455,0.696090,0.672273,0.024447,0.020244,-0.238338,0.970664,-0.195940,0.520127,0.152051,0.768806,-0.459953,-0.261800,-0.947091,-0.597903,0.117742,1.626158,-0.264814,0.261800,-0.396416,-0.029814,0.291924,-1.709753,0.132136,-0.886410,-0.312634,0.414420,-0.118048,-0.068539,-0.279352,-0.912994,-0.071995,0.900609,0.108901,-0.056458,-0.204121
-0.010812,0.702744,0.670706,0.022094,0.023667,-0.232331,0.972098,-0.237951,0.518768,0.127565,0.807365,-0.475421,-0.261800,-0.940915,-0.591699,0.102425,1.648969,-0.278469,0.261800,-0.395065,-0.039169,0.299467,-1.667078,0.091244,-0.891744,-0.321729,0.413597,-0.117053,-0.079451,-0.229902,-0.896553,-0.099643,0.887506,0.115579,-0.056619,-0.199226
-0.011919,0.709088,0.669286,0.020106,0.027359,-0.226145,0.973502,-0.280539,0.516335,0.104798,0.845767,-0.487603,-0.261800,-0.935015,-0.587413,0.087335,1.668563,-0.291182,0.261800,-0.393618,-0.048499,0.306365,-1.620996,0.054297,-0.899496,-0.329698,0.406918,-0.116166,-0.088878,-0.178840,-0.877797,-0.124272,0.870629,0.121361,-0.055790,-0.193260
-0.013001,0.715098,0.668247,0.018471,0.030678,-0.220320,0.974770,-0.320067,0.512497,0.084714,0.881551,-0.497748,-0.261800,-0.928740,-0.585717,0.071799,1.684829,-0.303066,0.261800,-0.390811,-0.058430,0.314124,-1.575347,0.021843,-0.907995,-0.335125,0.398543,-0.115479,-0.096283,-0.129542,-0.856906,-0.146147,0.852116,0.125021,-0.055359,-0.187318
-0.014138,0.720852,0.667532,0.017156,0.032985,-0.215396,0.975819,-0.352933,0.507229,0.068207,0.912279,-0.507144,-0.261800,-0.921396,-0.587320,0.055060,1.697648,-0.314199,0.261800,-0.385835,-0.069827,0.323980,-1.533764,-0.005513,-0.915726,-0.336565,0.392655,-0.115161,-0.101184,-0.083035,-0.834190,-0.165478,0.832107,0.126425,-0.056762,-0.182586
-0.015365,0.726513,0.666910,0.016086,0.033994,-0.211612,0.976630,-0.377437,0.500931,0.055797,0.936512,-0.515792,-0.261800,-0.912203,-0.593490,0.035443,1.706678,-0.324379,0.261800,-0.377901,-0.082734,0.336627,-1.496258,-0.027126,-0.923106,-0.334692,0.390150,-0.115454,-0.102910,-0.038952,-0.809778,-0.181794,0.810480,0.124106,-0.060931,-0.179364
-0.016672,0.731963,0.666282,0.014494,0.034824,-0.209402,0.977102,-0.397072,0.496921,0.046784,0.956105,-0.523016,-0.261800,-0.902194,-0.603718,0.008558,1.711747,-0.333129,0.252559,-0.366179,-0.094416,0.350851,-1.460180,-0.042644,-0.930747,-0.331312,0.388778,-0.116186,-0.101747,0.002983,-0.783884,-0.194820,0.787348,0.118597,-0.066939,-0.177114
-0.018044,0.737299,0.665611,0.013203,0.035131,-0.207742,0.977463,-0.413309,0.492604,0.040087,0.973229,-0.529312,-0.261800,-0.891392,-0.616406,-0.019781,1.714024,-0.341573,0.238382,-0.353344,-0.106397,0.365944,-1.425449,-0.052097,-0.937373,-0.326560,0.388023,-0.116955,-0.098696,0.041949,-0.757122,-0.205498,0.763074,0.112832,-0.073377,-0.175571
-0.019370,0.742534,0.664919,0.012209,0.035373,-0.206417,0.977748,-0.428733,0.488279,0.034819,0.990311,-0.535187,-0.261800,-0.881074,-0.627557,-0.045244,1.713994,-0.349925,0.225415,-0.340183,-0.117883,0.380905,-1.392482,-0.055816,-0.941390,-0.320348,0.387473,-0.117375,-0.094798,0.077337,-0.730304,-0.215233,0.737981,0.109847,-0.078811,-0.174276
-0.020766,0.747607,0.664145,0.011601,0.035404,-0.205291,0.977992,-0.443394,0.483624,0.030911,1.007778,-0.540579,-0.261800,-0.871547,-0.637402,-0.066960,1.711588,-0.359020,0.213086,-0.326542,-0.128942,0.395965,-1.362461,-0.053756,-0.941444,-0.311914,0.387430,-0.117770,-0.090884,0.109354,-0.703714,-0.225094,0.711747,0.110759,-0.082617,-0.172330
-0.022137,0.752515,0.663424,0.011361,0.035066,-0.204499,0.978172,-0.456134,0.478650,0.028772,1.024422,-0.545320,-0.261800,-0.862371,-0.646962,-0.086280,1.706547,-0.368340,0.201580,-0.311907,-0.139515,0.411407,-1.334424,-0.045851,-0.938660,-0.301948,0.388072,-0.118213,-0.086200,0.138629,-0.677425,-0.234656,0.684465,0.114004,-0.085597,-0.170014
-0.023390,0.757255,0.662778,0.011302,0.034821,-0.204263,0.978231,-0.467778,0.474213,0.028188,1.040210,-0.549708,-0.261800,-0.854124,-0.655059,-0.103850,1.699136,-0.375965,0.192041,-0.296564,-0.148765,0.426359,-1.306395,-0.032687,-0.934698,-0.291826,0.388848,-0.117975,-0.079480,0.165347,-0.652025,-0.243357,0.656889,0.118661,-0.088461,-0.168549
-0.024562,0.761858,0.662226,0.011230,0.035132,-0.204796,0.978109,-0.479168,0.471165,0.028926,1.055111,-0.554049,-0.261800,-0.847382,-0.660518,-0.120324,1.689616,-0.379965,0.185539,-0.280878,-0.155859,0.440016,-1.277175,-0.015345,-0.930709,-0.282309,0.389215,-0.116371,-0.069533,0.189625,-0.628309,-0.250686,0.629888,0.123946,-0.091947,-0.169067
-0.025652,0.766210,0.661682,0.011215,0.035997,-0.206309,0.977760,-0.489942,0.469712,0.031512,1.068996,-0.558416,-0.261800,-0.843060,-0.662275,-0.134257,1.677702,-0.379796,0.183257,-0.264398,-0.160841,0.452410,-1.248000,0.005420,-0.926317,-0.270665,0.388886,-0.114143,-0.053620,0.211728,-0.606697,-0.256705,0.603691,0.130604,-0.096370,-0.172033
-0.026694,0.770499,0.661083,0.011317,0.037214,-0.208629,0.977221,-0.499879,0.469452,0.035826,1.081926,-0.562659,-0.261800,-0.840802,-0.661324,-0.145718,1.663335,-0.376394,0.184232,-0.247177,-0.164023,0.463858,-1.219976,0.029278,-0.920395,-0.256242,0.388303,-0.111437,-0.033266,0.231590,-0.587152,-0.261976,0.578126,0.138982,-0.101345,-0.176635
-0.027633,0.774648,0.660499,0.011337,0.038956,-0.211414,0.976554,-0.510017,0.470247,0.040614,1.094178,-0.566787,-0.261800,-0.839172,-0.659568,-0.157682,1.647088,-0.370068,0.186341,-0.230390,-0.165124,0.474076,-1.192088,0.055628,-0.912824,-0.242671,0.387963,-0.106656,-0.013747,0.248903,-0.569739,-0.266852,0.553265,0.147697,-0.106560,-0.182088
-0.028472,0.778643,0.659968,0.011072,0.041398,-0.214314,0.975824,-0.521479,0.472148,0.044800,1.106132,-0.570724,-0.261800,-0.836636,-0.658912,-0.173249,1.629544,-0.361157,0.187460,-0.215211,-0.163947,0.482805,-1.163334,0.083647,-0.903631,-0.233408,0.388350,-0.098148,-0.000385,0.263311,-0.554590,-0.271684,0.529173,0.155390,-0.111678,-0.187599
-0.029207,0.782522,0.659524,0.010376,0.044827,-0.217452,0.974986,-0.534734,0.475469,0.048039,1.117677,-0.574596,-0.261800,-0.833192,-0.659499,-0.193791,1.610486,-0.345491,0.187872,-0.201484,-0.160078,0.489733,-1.134304,0.112600,-0.892758,-0.227540,0.388686,-0.082868,0.005350,0.274697,-0.541816,-0.276945,0.506061,0.161313,-0.116624,-0.192819
-0.029712,0.786310,0.659159,0.009380,0.049072,-0.220935,0.974008,-0.549157,0.480163,0.050948,1.128718,-0.578358,-0.261800,-0.829409,-0.660387,-0.217577,1.589756,-0.324321,0.188410,-0.188680,-0.153959,0.495129,-1.105879,0.142043,-0.880119,-0.222714,0.389130,-0.062554,0.006236,0.283365,-0.531333,-0.282626,0.483795,0.166422,-0.121577,-0.198168
-0.030141,0.789929,0.658845,0.008304,0.053611,-0.224410,0.972984,-0.563987,0.485294,0.053487,1.139419,-0.581996,-0.261800,-0.824536,-0.661618,-0.243094,1.567991,-0.306201,0.187903,-0.177422,-0.146733,0.499639,-1.077344,0.171599,-0.865794,-0.220136,0.391643,-0.042716,0.003257,0.289527,-0.522914,-0.288257,0.461890,0.171892,-0.126570,-0.204048
-0.030544,0.793406,0.658568,0.007366,0.057930,-0.227530,0.972019,-0.578434,0.489938,0.055667,1.149872,-0.585421,-0.261800,-0.817869,-0.663233,-0.268794,1.545777,-0.299625,0.185243,-0.168277,-0.139540,0.503957,-1.047901,0.200979,-0.849868,-0.221185,0.398113,-0.028893,-0.002676,0.293423,-0.516260,-0.293351,0.439856,0.178861,-0.131658,-0.210858
-0.030871,0.796630,0.658266,0.006480,0.061989,-0.230126,0.971163,-0.592745,0.494113,0.057075,1.160321,-0.588565,-0.261800,-0.807617,-0.665866,-0.296623,1.522354,-0.309844,0.178907,-0.161445,-0.132455,0.508431,-1.017645,0.229871,-0.831853,-0.225756,0.412126,-0.023099,-0.013492,0.295193,-0.511227,-0.297881,0.417555,0.188500,-0.137255,-0.218972
-0.031129,0.799732,0.657902,0.005570,0.066040,-0.232419,0.970355,-0.607208,0.498243,0.057847,1.170639,-0.591475,-0.261800,-0.794704,-0.668889,-0.326519,1.497669,-0.331341,0.170183,-0.156416,-0.125149,0.512758,-0.987179,0.258014,-0.811971,-0.232690,0.431638,-0.022440,-0.028979,0.294817,-0.507761,-0.302181,0.395112,0.199871,-0.143254,-0.228066
-0.031338,0.802612,0.657513,0.004876,0.070004,-0.234644,0.969545,-0.621098,0.501973,0.058834,1.180427,-0.594339,-0.261800,-0.782688,-0.670798,-0.353790,1.473387,-0.356413,0.161971,-0.152738,-0.118150,0.516692,-0.956363,0.285263,-0.791359,-0.242079,0.450030,-0.024936,-0.044960,0.292215,-0.505651,-0.306247,0.372588,0.210927,-0.148987,-0.237520
-0.031509,0.805298,0.657021,0.004658,0.073787,-0.237022,0.968687,-0.633685,0.504945,0.060920,1.189339,-0.597324,-0.261800,-0.775175,-0.670690,-0.373821,1.451202,-0.377333,0.156816,-0.149947,-0.112019,0.520000,-0.925062,0.311561,-0.771228,-0.254077,0.460762,-0.028259,-0.057319,0.287433,-0.504621,-0.310143,0.349868,0.219576,-0.153708,-0.246785
-0.031631,0.807888,0.656514,0.005221,0.077697,-0.239441,0.967783,-0.645662,0.506527,0.064302,1.197126,-0.600324,-0.261800,-0.774274,-0.668816,-0.384516,1.431445,-0.393120,0.155578,-0.148475,-0.107529,0.520000,-0.891773,0.336719,-0.751934,-0.268551,0.462299,-0.032742,-0.065111,0.280452,-0.504592,-0.313094,0.327921,0.224591,-0.156959,-0.256319
-0.031703,0.810425,0.655977,0.006258,0.081385,-0.241817,0.966882,-0.656440,0.507125,0.068505,1.204048,-0.603406,-0.261800,-0.776953,-0.665945,-0.388704,1.413270,-0.407603,0.156593,-0.148082,-0.104056,0.520000,-0.858752,0.360580,-0.732836,-0.285368,0.458292,-0.039000,-0.070524,0.271155,-0.505518,-0.316083,0.305429,0.227720,-0.159271,-0.266380
-0.031747,0.812849,0.655492,0.007499,0.084811,-0.244436,0.965920,-0.665796,0.507742,0.073678,1.210412,-0.606493,-0.261800,-0.782004,-0.662321,-0.388874,1.396679,-0.419989,0.158254,-0.148055,-0.101150,0.520000,-0.826330,0.383072,-0.714502,-0.303285,0.449194,-0.045417,-0.073983,0.259885,-0.507181,-0.318694,0.283040,0.229720,-0.161064,-0.275778
-0.031767,0.815263,0.655051,0.008661,0.087916,-0.247586,0.964830,-0.673442,0.509388,0.079946,1.216504,-0.609547,-0.261800,-0.788177,-0.658057,-0.387488,1.381698,-0.429440,0.159055,-0.147594,-0.098402,0.520000,-0.795273,0.404261,-0.697579,-0.320830,0.435171,-0.050391,-0.075920,0.246792,-0.509376,-0.320334,0.261662,0.231397,-0.162811,-0.283441
-0.031766,0.817525,0.654655,0.009797,0.090639,-0.251422,0.963574,-0.679050,0.512247,0.087723,1.222298,-0.612486,-0.261800,-0.795903,-0.652884,-0.383871,1.368452,-0.435464,0.158915,-0.146377,-0.096013,0.520000,-0.765863,0.424191,-0.682848,-0.337806,0.412314,-0.053302,-0.075434,0.231765,-0.512008,-0.321122,0.241233,0.233600,-0.164593,-0.288728
-0.031717,0.819730,0.654301,0.011009,0.093024,-0.255766,0.962190,-0.682833,0.515809,0.096812,1.227684,-0.615381,-0.261800,-0.805500,-0.646812,-0.377221,1.356919,-0.438605,0.158538,-0.144605,-0.093989,0.520000,-0.738416,0.442958,-0.670073,-0.354598,0.381502,-0.055172,-0.072668,0.215120,-0.514985,-0.321574,0.221168,0.235661,-0.166161,-0.292332
-0.031556,0.821782,0.654000,0.012110,0.095182,-0.260405,0.960720,-0.685419,0.520080,0.106434,1.232829,-0.618240,-0.261800,-0.815713,-0.640327,-0.369744,1.346854,-0.439588,0.157654,-0.142881,-0.091924,0.520000,-0.711909,0.460479,-0.658263,-0.371340,0.351793,-0.056770,-0.069467,0.196995,-0.518187,-0.320987,0.201748,0.235991,-0.167495,-0.295223
-0.031316,0.823700,0.653808,0.012902,0.097211,-0.265133,0.959212,-0.687391,0.525081,0.115819,1.237897,-0.621075,-0.261800,-0.825313,-0.633958,-0.363606,1.338030,-0.439059,0.156010,-0.141463,-0.089232,0.520000,-0.686487,0.476806,-0.646391,-0.387639,0.331068,-0.058739,-0.067787,0.177809,-0.521479,-0.319018,0.183256,0.233077,-0.168572,-0.298353
-0.030990,0.825560,0.653676,0.013223,0.099114,-0.270104,0.957625,-0.688692,0.531328,0.124929,1.243119,-0.623969,-0.261800,-0.834241,-0.627600,-0.359462,1.330742,-0.436554,0.153190,-0.140244,-0.085766,0.520000,-0.661798,0.491948,-0.634466,-0.403609,0.322313,-0.061278,-0.067720,0.157269,-0.524910,-0.315163,0.165763,0.226285,-0.169491,-0.302031
-0.030641,0.827405,0.653597,0.013214,0.100844,-0.275361,0.955946,-0.689041,0.538575,0.134092,1.248352,-0.626938,-0.261800,-0.843107,-0.621052,-0.356130,1.324991,-0.431896,0.149506,-0.139233,-0.081849,0.520000,-0.637577,0.505871,-0.622994,-0.419644,0.321354,-0.063993,-0.068332,0.135097,-0.528511,-0.309606,0.149233,0.216519,-0.170204,-0.305742
-0.030202,0.829191,0.653566,0.013126,0.102429,-0.280527,0.954275,-0.688765,0.545975,0.143273,1.253178,-0.629644,-0.261800,-0.851676,-0.614713,-0.353047,1.320076,-0.426245,0.145757,-0.138609,-0.077506,0.520000,-0.615241,0.518775,-0.611718,-0.435009,0.324278,-0.066565,-0.070113,0.112196,-0.532033,-0.303421,0.133485,0.204545,-0.170461,-0.309192
-0.029708,0.830841,0.653592,0.013223,0.103915,-0.285229,0.952718,-0.688201,0.552292,0.152127,1.257181,-0.632121,-0.261800,-0.859793,-0.608948,-0.349551,1.315299,-0.420769,0.142745,-0.138783,-0.072988,0.520000,-0.594961,0.530794,-0.600436,-0.449728,0.328220,-0.068662,-0.073468,0.089386,-0.535082,-0.297478,0.118175,0.191000,-0.170018,-0.312075
-0.029218,0.832301,0.653678,0.013623,0.105383,-0.289346,0.951308,-0.687627,0.557171,0.160646,1.260208,-0.634400,-0.261800,-0.867894,-0.604046,-0.345354,1.310946,-0.415245,0.140566,-0.140179,-0.068484,0.520000,-0.575782,0.541834,-0.589083,-0.464608,0.335276,-0.070203,-0.078976,0.066598,-0.537332,-0.291995,0.102810,0.174695,-0.168672,-0.314308
-0.028720,0.833676,0.653818,0.014170,0.106801,-0.293089,0.949996,-0.686826,0.561337,0.169044,1.262459,-0.636345,-0.261800,-0.875939,-0.599735,-0.340844,1.307223,-0.409227,0.138835,-0.142243,-0.063830,0.520000,-0.558518,0.551946,-0.578074,-0.479081,0.345751,-0.071423,-0.086268,0.044033,-0.538712,-0.286903,0.087231,0.155604,-0.166592,-0.315995
-0.028229,0.834951,0.654033,0.014749,0.108046,-0.296572,0.948764,-0.685532,0.564997,0.177171,1.264178,-0.638081,-0.261800,-0.883124,-0.595565,-0.336295,1.303381,-0.403585,0.137618,-0.144516,-0.059091,0.520000,-0.543074,0.561148,-0.567860,-0.492744,0.356446,-0.072373,-0.094168,0.022250,-0.539246,-0.281920,0.071861,0.136049,-0.164112,-0.317160
-0.027698,0.836026,0.654326,0.015235,0.108992,-0.299908,0.947599,-0.683449,0.568542,0.185034,1.265556,-0.639501,-0.261800,-0.888622,-0.591093,-0.332023,1.298651,-0.399178,0.136945,-0.146499,-0.054278,0.520000,-0.529677,0.569510,-0.558871,-0.505129,0.363921,-0.073040,-0.101527,0.001825,-0.539037,-0.276811,0.057142,0.118371,-0.161582,-0.317844
-0.027228,0.836973,0.654665,0.015584,0.109590,-0.303105,0.946506,-0.680466,0.572064,0.192606,1.266598,-0.640553,-0.261800,-0.891995,-0.586066,-0.328096,1.292580,-0.396417,0.136965,-0.148192,-0.049359,0.520000,-0.518289,0.577060,-0.551217,-0.516178,0.367613,-0.073137,-0.108749,-0.017382,-0.538118,-0.271385,0.043289,0.103340,-0.159065,-0.317883
-0.026772,0.837792,0.655013,0.015861,0.109909,-0.306110,0.945497,-0.676760,0.575368,0.199905,1.267214,-0.641275,-0.261800,-0.893743,-0.580765,-0.324358,1.285649,-0.394787,0.137591,-0.149827,-0.044297,0.520000,-0.508968,0.583845,-0.544730,-0.526119,0.369201,-0.072733,-0.116233,-0.035584,-0.536492,-0.265842,0.030067,0.089671,-0.156410,-0.317322
-0.026364,0.838458,0.655400,0.016123,0.110007,-0.308945,0.944559,-0.672471,0.578351,0.206964,1.267464,-0.641742,-0.261800,-0.894488,-0.575554,-0.320761,1.278548,-0.393793,0.138491,-0.151344,-0.039173,0.520000,-0.501542,0.589939,-0.539402,-0.535084,0.368986,-0.072272,-0.122789,-0.052482,-0.534275,-0.260381,0.017321,0.076604,-0.153635,-0.316512
-0.025911,0.838986,0.655853,0.016423,0.109939,-0.311634,0.943678,-0.667712,0.580956,0.213861,1.267363,-0.641929,-0.261800,-0.894823,-0.570796,-0.317274,1.271921,-0.392916,0.139348,-0.152643,-0.034019,0.520000,-0.496251,0.595497,-0.535170,-0.542924,0.366891,-0.072210,-0.127247,-0.067754,-0.531664,-0.255251,0.004920,0.063414,-0.150748,-0.315797
-0.025461,0.839371,0.656341,0.016695,0.109670,-0.314160,0.942867,-0.662480,0.583171,0.220367,1.267016,-0.641950,-0.261800,-0.894444,-0.566474,-0.314126,1.265694,-0.392293,0.140196,-0.153888,-0.028791,0.520000,-0.492579,0.600578,-0.532070,-0.549854,0.362708,-0.072836,-0.128941,-0.081652,-0.528766,-0.250128,-0.006687,0.049831,-0.147519,-0.315293
-0.024980,0.839701,0.656856,0.016939,0.109185,-0.316522,0.942128,-0.656729,0.585043,0.226539,1.266353,-0.641725,-0.261800,-0.893198,-0.562426,-0.311257,1.259594,-0.392102,0.141168,-0.155136,-0.023468,0.520000,-0.490551,0.605238,-0.530035,-0.555934,0.356453,-0.073849,-0.128619,-0.094404,-0.525621,-0.244904,-0.017442,0.036313,-0.144017,-0.314809
-0.024493,0.839939,0.657339,0.017296,0.108580,-0.318751,0.941440,-0.650589,0.586441,0.232693,1.265287,-0.641285,-0.261800,-0.891914,-0.558796,-0.308190,1.254025,-0.391911,0.142110,-0.156246,-0.018188,0.520000,-0.490386,0.609591,-0.528782,-0.561506,0.348898,-0.074816,-0.127174,-0.105808,-0.522301,-0.239941,-0.028020,0.023247,-0.140699,-0.314246
-0.024069,0.840058,0.657822,0.017913,0.107951,-0.320882,0.940776,-0.644193,0.587240,0.239148,1.263726,-0.640651,-0.261800,-0.891446,-0.555727,-0.304442,1.249419,-0.391286,0.142868,-0.157079,-0.013109,0.520000,-0.492226,0.613776,-0.528032,-0.566921,0.340865,-0.075289,-0.125478,-0.115675,-0.518901,-0.235603,-0.039094,0.011021,-0.138022,-0.313507
-0.023627,0.840060,0.658349,0.018911,0.107319,-0.322921,0.940131,-0.637533,0.587207,0.246075,1.261611,-0.639821,-0.261800,-0.892301,-0.553386,-0.299598,1.246117,-0.389958,0.143410,-0.157579,-0.008321,0.520000,-0.496166,0.617924,-0.527868,-0.572562,0.331908,-0.075005,-0.123401,-0.123845,-0.515467,-0.231948,-0.050864,-0.000372,-0.136145,-0.312702
-0.023252,0.839996,0.658881,0.020185,0.106637,-0.324853,0.939517,-0.630558,0.586536,0.253330,1.258965,-0.638684,-0.261800,-0.893945,-0.551638,-0.294016,1.243813,-0.388203,0.143818,-0.157859,-0.003741,0.520000,-0.502053,0.622107,-0.528303,-0.578241,0.321695,-0.074267,-0.120566,-0.130536,-0.512010,-0.228723,-0.062919,-0.011087,-0.134812,-0.311857
-0.022819,0.839827,0.659482,0.021563,0.105950,-0.326678,0.938931,-0.623511,0.585503,0.260538,1.255936,-0.637406,-0.261800,-0.895762,-0.550181,-0.288366,1.241943,-0.386390,0.144112,-0.158157,0.000626,0.519439,-0.509189,0.626263,-0.529077,-0.583451,0.311383,-0.073456,-0.117434,-0.136452,-0.508571,-0.225347,-0.074371,-0.020982,-0.133873,-0.310797
-0.022457,0.839524,0.660079,0.022937,0.105441,-0.328397,0.938356,-0.616937,0.584460,0.267469,1.252618,-0.635911,-0.261800,-0.897529,-0.548728,-0.283274,1.239929,-0.384827,0.144276,-0.158858,0.004601,0.516372,-0.516139,0.630061,-0.530266,-0.587181,0.302309,-0.072983,-0.114422,-0.142668,-0.505202,-0.220505,-0.083056,-0.029948,-0.133225,-0.309317
-0.022097,0.839188,0.660697,0.024149,0.104884,-0.329988,0.937829,-0.610352,0.583512,0.273936,1.249039,-0.634271,-0.261800,-0.898471,-0.547238,-0.279010,1.237725,-0.383606,0.144319,-0.159799,0.008722,0.513391,-0.524054,0.633604,-0.531123,-0.590470,0.294841,-0.073017,-0.111794,-0.148516,-0.501980,-0.215508,-0.091258,-0.036950,-0.133036,-0.307164
-0.021780,0.838782,0.661329,0.025305,0.104286,-0.331458,0.937347,-0.603720,0.582483,0.280115,1.245150,-0.632452,-0.261800,-0.898993,-0.545851,-0.275202,1.235604,-0.382556,0.144241,-0.160920,0.012885,0.510377,-0.532820,0.636935,-0.531882,-0.593599,0.288487,-0.073316,-0.109269,-0.153852,-0.498914,-0.210394,-0.099014,-0.042347,-0.133302,-0.304519
-0.021497,0.838292,0.661994,0.026412,0.103601,-0.332846,0.936901,-0.596818,0.581395,0.286136,1.240943,-0.630554,-0.261800,-0.899019,-0.544537,-0.271697,1.233542,-0.381840,0.144134,-0.162127,0.016988,0.507324,-0.542298,0.640088,-0.532531,-0.596311,0.282827,-0.073576,-0.106926,-0.158672,-0.496005,-0.205446,-0.106428,-0.047862,-0.133481,-0.301871
-0.021209,0.837648,0.662647,0.027478,0.102778,-0.334190,0.936482,-0.589448,0.580265,0.292115,1.236437,-0.628718,-0.261800,-0.898467,-0.543253,-0.268339,1.231515,-0.381630,0.144089,-0.163402,0.020901,0.504274,-0.551814,0.643026,-0.533060,-0.598701,0.277878,-0.073487,-0.104815,-0.163042,-0.493229,-0.200891,-0.113611,-0.055217,-0.133032,-0.299709
-0.020852,0.836898,0.663330,0.028469,0.101772,-0.335501,0.936094,-0.581473,0.579121,0.298022,1.231649,-0.626995,-0.261800,-0.897140,-0.541973,-0.265169,1.229468,-0.382073,0.144139,-0.164679,0.024664,0.501279,-0.561596,0.645749,-0.533503,-0.600645,0.273624,-0.072914,-0.102912,-0.166789,-0.490584,-0.196848,-0.120625,-0.065583,-0.131611,-0.298095
-0.020656,0.836085,0.663962,0.029394,0.100619,-0.336756,0.935739,-0.573039,0.577935,0.303812,1.226567,-0.625340,-0.261800,-0.895149,-0.540730,-0.262238,1.227433,-0.383047,0.144232,-0.165989,0.028312,0.498321,-0.571746,0.648249,-0.533890,-0.602263,0.270187,-0.072029,-0.101189,-0.169928,-0.488070,-0.193182,-0.127436,-0.077808,-0.129574,-0.296766
-0.020372,0.835194,0.664610,0.030321,0.099393,-0.337952,0.935409,-0.564330,0.576653,0.309576,1.221157,-0.623608,-0.261800,-0.892869,-0.539566,-0.259408,1.225512,-0.384309,0.144338,-0.167388,0.031740,0.495282,-0.581937,0.650491,-0.534185,-0.603519,0.267395,-0.070994,-0.099733,-0.172719,-0.485657,-0.189803,-0.134017,-0.090141,-0.127427,-0.295728
-0.020157,0.834287,0.665254,0.031318,0.098170,-0.339084,0.935096,-0.555551,0.575209,0.315393,1.215376,-0.621703,-0.261800,-0.890657,-0.538529,-0.256560,1.223780,-0.385606,0.144421,-0.168877,0.034863,0.492003,-0.592219,0.652473,-0.534372,-0.604150,0.264792,-0.069979,-0.098657,-0.175356,-0.483322,-0.186664,-0.140356,-0.100841,-0.125673,-0.294997
-0.019966,0.833238,0.665927,0.032415,0.096941,-0.340186,0.934786,-0.546572,0.573621,0.321479,1.209142,-0.619677,-0.261800,-0.888660,-0.537579,-0.253538,1.222308,-0.386895,0.144511,-0.170418,0.037582,0.488468,-0.602497,0.654179,-0.534419,-0.604316,0.262447,-0.068946,-0.098156,-0.177885,-0.481041,-0.183740,-0.146434,-0.109958,-0.124362,-0.294755
-0.019830,0.832085,0.666622,0.033571,0.095676,-0.341250,0.934488,-0.537364,0.571914,0.327716,1.202517,-0.617552,-0.261800,-0.886669,-0.536714,-0.250449,1.221040,-0.388303,0.144615,-0.172011,0.039974,0.484741,-0.612872,0.655608,-0.534350,-0.603968,0.260490,-0.067832,-0.098130,-0.180185,-0.478808,-0.181064,-0.152269,-0.118256,-0.123246,-0.294942
-0.019749,0.830908,0.667329,0.034751,0.094414,-0.342203,0.934225,-0.528216,0.570009,0.333714,1.195608,-0.615208,-0.261800,-0.884534,-0.536021,-0.247551,1.219869,-0.389834,0.144664,-0.173856,0.042142,0.480876,-0.622746,0.656699,-0.534229,-0.603331,0.259308,-0.066746,-0.098177,-0.182328,-0.476630,-0.178589,-0.157921,-0.125074,-0.122371,-0.295229
-0.019580,0.829668,0.668068,0.035917,0.093195,-0.342969,0.934022,-0.519437,0.567857,0.339079,1.188553,-0.612472,-0.261800,-0.882102,-0.535585,-0.245105,1.218683,-0.391489,0.144592,-0.175953,0.044297,0.476812,-0.632749,0.657507,-0.534120,-0.601727,0.258273,-0.065828,-0.097982,-0.184199,-0.474543,-0.176430,-0.163434,-0.129741,-0.121798,-0.295289
-0.019454,0.828302,0.668829,0.037077,0.092055,-0.343514,0.933889,-0.511209,0.565390,0.343607,1.181394,-0.609340,-0.261800,-0.879443,-0.535492,-0.243175,1.217550,-0.393259,0.144339,-0.178499,0.046456,0.472546,-0.642063,0.657955,-0.533918,-0.599763,0.258183,-0.065107,-0.097402,-0.185845,-0.472539,-0.174490,-0.168927,-0.131115,-0.121803,-0.295068
-0.019355,0.826902,0.669602,0.038245,0.090967,-0.343879,0.933814,-0.503346,0.562685,0.347545,1.174078,-0.605861,-0.261800,-0.876611,-0.535675,-0.241621,1.216499,-0.395152,0.143955,-0.181420,0.048543,0.468099,-0.650735,0.657997,-0.533637,-0.597442,0.259051,-0.064514,-0.096640,-0.187317,-0.470628,-0.172748,-0.174293,-0.129879,-0.122283,-0.294741
-0.019271,0.825444,0.670420,0.039395,0.089865,-0.344121,0.933784,-0.495562,0.559834,0.351143,1.166522,-0.602069,-0.261800,-0.873417,-0.535997,-0.240398,1.215375,-0.397186,0.143543,-0.184580,0.050502,0.463619,-0.658910,0.657625,-0.533451,-0.594541,0.260434,-0.063993,-0.095766,-0.188704,-0.468823,-0.171214,-0.179378,-0.128063,-0.122673,-0.294310
-0.019178,0.823894,0.671278,0.040499,0.088685,-0.344294,0.933786,-0.487582,0.556874,0.354601,1.158653,-0.598104,-0.261800,-0.869690,-0.536324,-0.239456,1.214036,-0.399396,0.143205,-0.187754,0.052289,0.459211,-0.667234,0.656922,-0.533552,-0.590506,0.261470,-0.063502,-0.094876,-0.190024,-0.467169,-0.169986,-0.184021,-0.127711,-0.122417,-0.293775
-0.019139,0.822284,0.672174,0.041564,0.087402,-0.344335,0.933845,-0.479451,0.553935,0.358040,1.150536,-0.593584,-0.261800,-0.865321,-0.536771,-0.238849,1.212492,-0.401863,0.143031,-0.191120,0.053863,0.454946,-0.675341,0.655890,-0.534000,-0.585511,0.262423,-0.063131,-0.093687,-0.191318,-0.465652,-0.169086,-0.188310,-0.129389,-0.121197,-0.293085
-0.019164,0.820588,0.673119,0.042600,0.086054,-0.344246,0.933956,-0.471266,0.550813,0.361201,1.142150,-0.588777,-0.261800,-0.860433,-0.537358,-0.238572,1.210809,-0.404555,0.142951,-0.194727,0.055242,0.450763,-0.682992,0.654493,-0.534695,-0.579798,0.263654,-0.062863,-0.092243,-0.192573,-0.464266,-0.168460,-0.192281,-0.132005,-0.119368,-0.292243
-0.019168,0.818852,0.674087,0.043588,0.084668,-0.344159,0.934070,-0.462840,0.547731,0.364354,1.133390,-0.583798,-0.261800,-0.855172,-0.537811,-0.238514,1.208909,-0.407293,0.142818,-0.198300,0.056484,0.446649,-0.690259,0.652732,-0.535472,-0.573426,0.264960,-0.062486,-0.091075,-0.193846,-0.463017,-0.167979,-0.195723,-0.135069,-0.117381,-0.291380
-0.019185,0.817086,0.675091,0.044510,0.083274,-0.344209,0.934133,-0.453953,0.544887,0.367765,1.124104,-0.578798,-0.261800,-0.849703,-0.537857,-0.238553,1.206726,-0.409908,0.142482,-0.201543,0.057618,0.442573,-0.697307,0.650657,-0.536173,-0.566404,0.266048,-0.061788,-0.090722,-0.195194,-0.461951,-0.167513,-0.198421,-0.138102,-0.115682,-0.290612
-0.019212,0.815283,0.676161,0.045334,0.081874,-0.344439,0.934132,-0.444570,0.542398,0.371432,1.114346,-0.573803,-0.261800,-0.844004,-0.537359,-0.238702,1.204250,-0.412363,0.141855,-0.204622,0.058579,0.438676,-0.703009,0.648149,-0.536577,-0.559555,0.267776,-0.060371,-0.091553,-0.196974,-0.461079,-0.166839,-0.200170,-0.141408,-0.114328,-0.289992
-0.019272,0.813467,0.677278,0.046078,0.080453,-0.344773,0.934096,-0.434796,0.540142,0.375246,1.104156,-0.568755,-0.261800,-0.838015,-0.536484,-0.239005,1.201513,-0.414751,0.141035,-0.207461,0.059455,0.434820,-0.708582,0.645312,-0.536817,-0.551993,0.269202,-0.058496,-0.093292,-0.198906,-0.460432,-0.166202,-0.201104,-0.145090,-0.113098,-0.289463
-0.019366,0.811593,0.678389,0.046804,0.079020,-0.345177,0.934033,-0.424619,0.537901,0.379305,1.093399,-0.563630,-0.261800,-0.831838,-0.535394,-0.239376,1.198524,-0.417086,0.140162,-0.210214,0.060193,0.431010,-0.713283,0.642128,-0.537118,-0.544066,0.270983,-0.056813,-0.095156,-0.200952,-0.459997,-0.165475,-0.201398,-0.148341,-0.112023,-0.288997
-0.019469,0.809690,0.679555,0.047568,0.077583,-0.345613,0.933954,-0.414029,0.535466,0.383713,1.081907,-0.558407,-0.261800,-0.825577,-0.534267,-0.239752,1.195286,-0.419388,0.139330,-0.212706,0.060876,0.427078,-0.718107,0.638760,-0.537758,-0.534957,0.272306,-0.056026,-0.096504,-0.202735,-0.459765,-0.164816,-0.201310,-0.150363,-0.111130,-0.288575
-0.019550,0.807702,0.680786,0.048403,0.076154,-0.346096,0.933850,-0.402982,0.532737,0.388563,1.069556,-0.553179,-0.261800,-0.819334,-0.533098,-0.240057,1.191800,-0.421659,0.138594,-0.215315,0.061322,0.423188,-0.721001,0.635003,-0.538670,-0.526085,0.275035,-0.056324,-0.097223,-0.204647,-0.459684,-0.163881,-0.200743,-0.150674,-0.110613,-0.288211
-0.019668,0.805701,0.682017,0.049267,0.074727,-0.346634,0.933720,-0.391508,0.529848,0.393777,1.056459,-0.547936,-0.261800,-0.813021,-0.531810,-0.240357,1.188061,-0.423884,0.137884,-0.217598,0.061710,0.419146,-0.724159,0.631047,-0.539835,-0.516055,0.277282,-0.057389,-0.097787,-0.206311,-0.459772,-0.163074,-0.199711,-0.149796,-0.110394,-0.287921
-0.019767,0.803671,0.683286,0.050133,0.073273,-0.347194,0.933581,-0.379695,0.526828,0.399151,1.042808,-0.542497,-0.261800,-0.806502,-0.530466,-0.240735,1.184095,-0.426086,0.137158,-0.219800,0.061960,0.415151,-0.726702,0.626889,-0.541274,-0.505305,0.279458,-0.058905,-0.097753,-0.207877,-0.460023,-0.162194,-0.198306,-0.148447,-0.110100,-0.287621
-0.019853,0.801611,0.684598,0.050970,0.071768,-0.347739,0.933450,-0.367635,0.523736,0.404495,1.028806,-0.536711,-0.261800,-0.799613,-0.529122,-0.241292,1.179913,-0.428275,0.136373,-0.222025,0.062077,0.411283,-0.728542,0.622540,-0.543043,-0.493724,0.281343,-0.060583,-0.096759,-0.209368,-0.460447,-0.161149,-0.196632,-0.147348,-0.109356,-0.287250
-0.019991,0.799515,0.685946,0.051774,0.070155,-0.348286,0.933324,-0.355120,0.520569,0.409928,1.014376,-0.530665,-0.261800,-0.792264,-0.527795,-0.241987,1.175548,-0.430520,0.135521,-0.224267,0.061969,0.407646,-0.729640,0.618008,-0.545254,-0.481157,0.282744,-0.062672,-0.094284,-0.210839,-0.461049,-0.159871,-0.194571,-0.146250,-0.108045,-0.286902
-0.020112,0.797351,0.687325,0.052561,0.068464,-0.348847,0.933197,-0.342175,0.517291,0.415497,0.999446,-0.524394,-0.261800,-0.784546,-0.526449,-0.242795,1.170969,-0.432783,0.134624,-0.226496,0.061660,0.404164,-0.730022,0.613300,-0.547841,-0.467722,0.283831,-0.065218,-0.090660,-0.212275,-0.461828,-0.158406,-0.192114,-0.144919,-0.106375,-0.286579
-0.020243,0.795148,0.688791,0.053326,0.066797,-0.349370,0.933078,-0.329269,0.513925,0.420891,0.984245,-0.517688,-0.261800,-0.776625,-0.525072,-0.243805,1.166154,-0.434955,0.133685,-0.228765,0.061347,0.400668,-0.729702,0.608417,-0.550581,-0.453729,0.284924,-0.067617,-0.086805,-0.213592,-0.462766,-0.156855,-0.189491,-0.144075,-0.104448,-0.286081
-0.020367,0.792981,0.690278,0.054072,0.065255,-0.349804,0.932982,-0.316883,0.510514,0.425797,0.969038,-0.510346,-0.261800,-0.768660,-0.523656,-0.245111,1.161077,-0.436922,0.132712,-0.231129,0.061210,0.396991,-0.728699,0.603362,-0.553246,-0.439468,0.286335,-0.069265,-0.083641,-0.214687,-0.463842,-0.155317,-0.186950,-0.144456,-0.102369,-0.285202
-0.020477,0.790757,0.691773,0.054793,0.063872,-0.350095,0.932926,-0.305139,0.507011,0.430050,0.953732,-0.502313,-0.261800,-0.760649,-0.522240,-0.246803,1.155747,-0.438666,0.131721,-0.233695,0.061289,0.393074,-0.726936,0.598122,-0.555829,-0.424987,0.287847,-0.069756,-0.081336,-0.215541,-0.465057,-0.153901,-0.184524,-0.146592,-0.100008,-0.283699
-0.020566,0.788499,0.693325,0.055489,0.062590,-0.350282,0.932902,-0.293788,0.503425,0.433838,0.938248,-0.493697,-0.261800,-0.752521,-0.520808,-0.248811,1.150172,-0.440239,0.130706,-0.236399,0.061497,0.389014,-0.724440,0.592697,-0.558447,-0.410142,0.289394,-0.069494,-0.079426,-0.216190,-0.466403,-0.152536,-0.182109,-0.149981,-0.097368,-0.281736
-0.020722,0.786254,0.694895,0.056172,0.061380,-0.350463,0.932874,-0.282707,0.499874,0.437403,0.922837,-0.484556,-0.261800,-0.744344,-0.519267,-0.250978,1.144335,-0.441654,0.129635,-0.239026,0.061799,0.384874,-0.721383,0.587121,-0.561075,-0.394929,0.291491,-0.069093,-0.077880,-0.216651,-0.467877,-0.151043,-0.179684,-0.153835,-0.094762,-0.279713
-0.020867,0.783956,0.696475,0.056851,0.060208,-0.350729,0.932809,-0.271780,0.496498,0.441015,0.907746,-0.474879,-0.261800,-0.736184,-0.517514,-0.253153,1.138207,-0.442912,0.128469,-0.241390,0.062164,0.380727,-0.717872,0.581464,-0.563642,-0.379462,0.294662,-0.069166,-0.076664,-0.216941,-0.469464,-0.149221,-0.177282,-0.157351,-0.092466,-0.278036
-0.021010,0.781688,0.698097,0.057543,0.059095,-0.351091,0.932701,-0.261056,0.493260,0.444672,0.893012,-0.464697,-0.261800,-0.728105,-0.515554,-0.255326,1.131768,-0.444011,0.127198,-0.244231,0.062351,0.376898,-0.710623,0.575195,-0.565742,-0.365665,0.302128,-0.069964,-0.075438,-0.217824,-0.471099,-0.146333,-0.174813,-0.160888,-0.090688,-0.277028
-0.021167,0.779364,0.699746,0.058212,0.058058,-0.351498,0.932571,-0.250612,0.490188,0.448226,0.878563,-0.454011,-0.261800,-0.720025,-0.513387,-0.257624,1.125014,-0.444940,0.125842,-0.245391,0.063165,0.372252,-0.709622,0.569740,-0.568619,-0.347167,0.305098,-0.071435,-0.074977,-0.217053,-0.473025,-0.144512,-0.172509,-0.164692,-0.089227,-0.276435
-0.021290,0.777049,0.701428,0.058879,0.057029,-0.351976,0.932413,-0.240232,0.487220,0.451818,0.864324,-0.442843,-0.261800,-0.711910,-0.511051,-0.259891,1.118033,-0.445733,0.124414,-0.247132,0.063697,0.368082,-0.704487,0.564248,-0.570905,-0.331221,0.311132,-0.072701,-0.074656,-0.216889,-0.474971,-0.141754,-0.170156,-0.167736,-0.087785,-0.275690
-0.021423,0.774695,0.703144,0.059526,0.055952,-0.352540,0.932224,-0.229798,0.484427,0.455513,0.850388,-0.431216,-0.261800,-0.703677,-0.508525,-0.262053,1.110873,-0.446397,0.122925,-0.248978,0.064034,0.364124,-0.697423,0.558615,-0.572869,-0.316383,0.318019,-0.073348,-0.074921,-0.216991,-0.476904,-0.138326,-0.167538,-0.169134,-0.086056,-0.274345
-0.021613,0.772339,0.704870,0.060141,0.054811,-0.353174,0.932012,-0.219246,0.481828,0.459327,0.836663,-0.419088,-0.261800,-0.695233,-0.505811,-0.264152,1.103513,-0.446942,0.121367,-0.250292,0.064352,0.360125,-0.691289,0.553211,-0.574995,-0.300844,0.323875,-0.073265,-0.076009,-0.216649,-0.478845,-0.134856,-0.164856,-0.168096,-0.083892,-0.272206
-0.021788,0.770000,0.706631,0.060735,0.053636,-0.353875,0.931776,-0.208682,0.479398,0.463213,0.823200,-0.406483,-0.261800,-0.686655,-0.502915,-0.266199,1.095950,-0.447369,0.119740,-0.251351,0.064581,0.356208,-0.684847,0.548069,-0.577092,-0.285395,0.329732,-0.072701,-0.077701,-0.216083,-0.480761,-0.131160,-0.162171,-0.165308,-0.081471,-0.269542
-0.021984,0.767596,0.708374,0.061317,0.052446,-0.354682,0.931499,-0.198145,0.477115,0.467189,0.810113,-0.393508,-0.261800,-0.678075,-0.499814,-0.268108,1.088217,-0.447649,0.118058,-0.252330,0.064675,0.352407,-0.677120,0.543074,-0.578941,-0.270762,0.335326,-0.071873,-0.079901,-0.215578,-0.482619,-0.127004,-0.159284,-0.162066,-0.078995,-0.266566
-0.022163,0.765184,0.710120,0.061890,0.051263,-0.355633,0.931164,-0.187744,0.474981,0.471226,0.797626,-0.380338,-0.261800,-0.669638,-0.496482,-0.269790,1.080379,-0.447775,0.116335,-0.252893,0.064793,0.348505,-0.669492,0.538414,-0.580723,-0.256123,0.338494,-0.071069,-0.082657,-0.214870,-0.484427,-0.122636,-0.156072,-0.159654,-0.076668,-0.263504
-0.022319,0.762754,0.711866,0.062476,0.050086,-0.356757,0.930759,-0.177341,0.472897,0.475453,0.785521,-0.366955,-0.261800,-0.661423,-0.492909,-0.271169,1.072450,-0.447715,0.114562,-0.253189,0.064810,0.344558,-0.660982,0.534058,-0.582197,-0.242270,0.338881,-0.069959,-0.086494,-0.214181,-0.486149,-0.117934,-0.152473,-0.158093,-0.074346,-0.260014
-0.022502,0.760361,0.713585,0.063064,0.048906,-0.358027,0.930294,-0.166960,0.470903,0.479823,0.773824,-0.353324,-0.261800,-0.653353,-0.489113,-0.272299,1.064414,-0.447493,0.112734,-0.253244,0.064722,0.340594,-0.651751,0.530025,-0.583411,-0.229024,0.337176,-0.068522,-0.091243,-0.213480,-0.487780,-0.112887,-0.148549,-0.156814,-0.071986,-0.256116
-0.022702,0.757963,0.715326,0.063623,0.047727,-0.359400,0.929788,-0.156824,0.469180,0.484135,0.762905,-0.339428,-0.261800,-0.645293,-0.485116,-0.273305,1.056243,-0.447159,0.110876,-0.253100,0.064621,0.336694,-0.642060,0.526352,-0.584531,-0.216043,0.334973,-0.067417,-0.095704,-0.212648,-0.489340,-0.107447,-0.144426,-0.156209,-0.069964,-0.252518
-0.022838,0.755583,0.717037,0.064118,0.046550,-0.360832,0.929259,-0.147177,0.467915,0.488178,0.753175,-0.325284,-0.261800,-0.637116,-0.480936,-0.274310,1.047913,-0.446774,0.109013,-0.252808,0.064598,0.332944,-0.632076,0.523076,-0.585705,-0.203129,0.333908,-0.067293,-0.098693,-0.211597,-0.490860,-0.101551,-0.140215,-0.156657,-0.068657,-0.249922
-0.023053,0.753168,0.718746,0.064559,0.045371,-0.362321,0.928707,-0.137972,0.467109,0.492000,0.744589,-0.310776,-0.261800,-0.628822,-0.476618,-0.275312,1.039456,-0.446388,0.107161,-0.252397,0.064616,0.329376,-0.621682,0.520205,-0.586915,-0.190208,0.334561,-0.068826,-0.099736,-0.210321,-0.492366,-0.095079,-0.135850,-0.158870,-0.068453,-0.248903
-0.023224,0.750803,0.720477,0.064954,0.044191,-0.363886,0.928124,-0.129123,0.466683,0.495665,0.737010,-0.295982,-0.261800,-0.620453,-0.472126,-0.276259,1.030850,-0.445949,0.105300,-0.251863,0.064640,0.325954,-0.610720,0.517733,-0.588063,-0.177501,0.336075,-0.071501,-0.099515,-0.208894,-0.493863,-0.088065,-0.131295,-0.162431,-0.069054,-0.248959
-0.023384,0.748404,0.722182,0.065277,0.043021,-0.365521,0.927514,-0.120802,0.466759,0.499049,0.730692,-0.281080,-0.261800,-0.612010,-0.467397,-0.277163,1.022083,-0.445401,0.103411,-0.251211,0.064786,0.322672,-0.599324,0.515660,-0.589175,-0.165143,0.337917,-0.074232,-0.098561,-0.207366,-0.495328,-0.080690,-0.126678,-0.166004,-0.069811,-0.249195
-0.023551,0.745972,0.723900,0.065503,0.041870,-0.367217,0.926881,-0.113168,0.467416,0.501971,0.725907,-0.266390,-0.261800,-0.603488,-0.462359,-0.278035,1.013123,-0.444681,0.101473,-0.250454,0.065131,0.319532,-0.587528,0.513964,-0.590292,-0.153332,0.339665,-0.075923,-0.097398,-0.205788,-0.496742,-0.073134,-0.122154,-0.168273,-0.070079,-0.248690
-0.023742,0.743560,0.725591,0.065635,0.040747,-0.368973,0.926224,-0.106259,0.468632,0.504384,0.722626,-0.251853,-0.261800,-0.594895,-0.456994,-0.278852,1.003927,-0.443737,0.099515,-0.249575,0.065723,0.316517,-0.575304,0.512617,-0.591508,-0.142186,0.341731,-0.076113,-0.095760,-0.204130,-0.498071,-0.065467,-0.117867,-0.168674,-0.069552,-0.247100
-0.023942,0.741157,0.727269,0.065683,0.039645,-0.370791,0.925542,-0.099996,0.470394,0.506357,0.720771,-0.237394,-0.261800,-0.586230,-0.451332,-0.279610,0.994515,-0.442618,0.097535,-0.248465,0.066465,0.313654,-0.562840,0.511685,-0.592915,-0.131494,0.344081,-0.075432,-0.093491,-0.202159,-0.499231,-0.057788,-0.113904,-0.168026,-0.068630,-0.244880
-0.024152,0.738771,0.728910,0.065617,0.038553,-0.372679,0.924834,-0.094336,0.472800,0.507923,0.720397,-0.223146,-0.261800,-0.577452,-0.445361,-0.280363,0.984944,-0.441382,0.095468,-0.247281,0.067364,0.310948,-0.550032,0.511028,-0.594193,-0.121066,0.345899,-0.074444,-0.091326,-0.200234,-0.500335,-0.049759,-0.109745,-0.166977,-0.067697,-0.242512
-0.024334,0.736371,0.730560,0.065412,0.037462,-0.374642,0.924100,-0.089265,0.475967,0.509106,0.721616,-0.209273,-0.261800,-0.568523,-0.439065,-0.281159,0.975270,-0.440100,0.093252,-0.245834,0.068339,0.308525,-0.537105,0.510657,-0.595399,-0.110755,0.346266,-0.073685,-0.089943,-0.197948,-0.501262,-0.041765,-0.105606,-0.166239,-0.067177,-0.240268
-0.024504,0.734022,0.732181,0.065053,0.036404,-0.376674,0.923341,-0.084875,0.479995,0.509796,0.724505,-0.195658,-0.261800,-0.559458,-0.432395,-0.282066,0.965459,-0.438762,0.090805,-0.244622,0.069547,0.306169,-0.523594,0.510477,-0.595898,-0.100542,0.344203,-0.073204,-0.089832,-0.196398,-0.502327,-0.032731,-0.100374,-0.165383,-0.067328,-0.238458
-0.024751,0.731628,0.733754,0.064555,0.035373,-0.378776,0.922556,-0.081164,0.484799,0.509960,0.728999,-0.182300,-0.261800,-0.550265,-0.425355,-0.283031,0.955481,-0.437338,0.088185,-0.242831,0.070883,0.304122,-0.510247,0.510520,-0.596655,-0.090458,0.340384,-0.072684,-0.090430,-0.193869,-0.503130,-0.024307,-0.095728,-0.164315,-0.067942,-0.236483
-0.024977,0.729265,0.735306,0.063913,0.034309,-0.380965,0.921740,-0.077864,0.490241,0.509787,0.734825,-0.169399,-0.261800,-0.540874,-0.417994,-0.283951,0.945391,-0.435848,0.085530,-0.241473,0.072370,0.302218,-0.496127,0.510824,-0.596686,-0.080518,0.336642,-0.072395,-0.091278,-0.192456,-0.504089,-0.014570,-0.089890,-0.163850,-0.068451,-0.234899
-0.025197,0.726947,0.736821,0.063137,0.033146,-0.383256,0.920885,-0.074730,0.496128,0.509439,0.741757,-0.157239,-0.261800,-0.531211,-0.410384,-0.284709,0.935233,-0.434342,0.082974,-0.239314,0.073832,0.300870,-0.482740,0.511192,-0.597469,-0.070198,0.334555,-0.072462,-0.091652,-0.189651,-0.504745,-0.005964,-0.085184,-0.164991,-0.068479,-0.233206
-0.025422,0.724608,0.738302,0.062239,0.031842,-0.385651,0.919992,-0.071705,0.502402,0.508857,0.749799,-0.145845,-0.261800,-0.521254,-0.402583,-0.285230,0.925080,-0.432816,0.080620,-0.237222,0.075241,0.299877,-0.469251,0.511693,-0.598147,-0.059477,0.334851,-0.073141,-0.091494,-0.187234,-0.505347,0.003230,-0.080018,-0.168689,-0.067742,-0.232024
-0.025623,0.722330,0.739794,0.061204,0.030443,-0.388144,0.919060,-0.068912,0.509149,0.507933,0.759019,-0.135088,-0.261800,-0.511030,-0.394530,-0.285580,0.914859,-0.431252,0.078370,-0.235377,0.076676,0.299185,-0.455245,0.512481,-0.598383,-0.048748,0.336573,-0.074283,-0.091135,-0.185543,-0.505973,0.013333,-0.074105,-0.174174,-0.066514,-0.231307
-0.025837,0.720043,0.741233,0.060002,0.029014,-0.390740,0.918085,-0.066350,0.516442,0.506785,0.769236,-0.124959,-0.261800,-0.500605,-0.386106,-0.285845,0.904517,-0.429584,0.076049,-0.233329,0.078255,0.298864,-0.441180,0.513537,-0.598577,-0.038114,0.338937,-0.075530,-0.090641,-0.183665,-0.506523,0.023431,-0.068236,-0.179799,-0.065108,-0.230445
-0.026067,0.717745,0.742609,0.058598,0.027622,-0.393440,0.917065,-0.064050,0.524356,0.505507,0.780332,-0.115487,-0.261800,-0.490042,-0.377191,-0.286100,0.894006,-0.427751,0.073485,-0.230338,0.080117,0.298896,-0.428026,0.514341,-0.599581,-0.027082,0.341306,-0.076514,-0.090034,-0.180377,-0.506841,0.032265,-0.063301,-0.183952,-0.063857,-0.228794
-0.026261,0.715496,0.743936,0.056999,0.026258,-0.396225,0.916006,-0.062143,0.532893,0.503961,0.792458,-0.106312,-0.261800,-0.479337,-0.367840,-0.286376,0.883357,-0.425738,0.070567,-0.227968,0.082190,0.299021,-0.413891,0.515497,-0.599696,-0.016567,0.343569,-0.077118,-0.089403,-0.178660,-0.507158,0.042655,-0.056849,-0.186195,-0.062641,-0.226859
-0.026450,0.713283,0.745224,0.055213,0.024899,-0.399101,0.914904,-0.060578,0.541993,0.502081,0.805586,-0.097548,-0.261800,-0.468468,-0.358067,-0.286609,0.872571,-0.423570,0.067404,-0.224437,0.084535,0.299575,-0.401001,0.516294,-0.600891,-0.005472,0.346008,-0.077490,-0.088600,-0.174987,-0.507332,0.051329,-0.051868,-0.187459,-0.061466,-0.224135
-0.026641,0.711083,0.746488,0.053195,0.023585,-0.402119,0.913736,-0.059059,0.551674,0.500093,0.819277,-0.089881,-0.261800,-0.457411,-0.347677,-0.286755,0.861486,-0.421211,0.064148,-0.221848,0.087170,0.300170,-0.386650,0.517592,-0.600708,0.005058,0.348815,-0.077957,-0.087893,-0.173700,-0.507494,0.062308,-0.044550,-0.187829,-0.060273,-0.221605
-0.026809,0.708914,0.747723,0.050909,0.022360,-0.405329,0.912478,-0.057299,0.561947,0.498261,0.833135,-0.084030,-0.261800,-0.446162,-0.336482,-0.286760,0.849945,-0.418622,0.060954,-0.218495,0.090323,0.301129,-0.372771,0.518848,-0.600789,0.015819,0.352008,-0.078730,-0.087340,-0.171533,-0.507584,0.072458,-0.037616,-0.187552,-0.059288,-0.218651
-0.026913,0.706853,0.748991,0.048622,0.021223,-0.408616,0.911163,-0.054959,0.573542,0.502295,0.847481,-0.080095,-0.241471,-0.435084,-0.325215,-0.286353,0.837846,-0.415568,0.058095,-0.214431,0.093832,0.302144,-0.359652,0.519775,-0.601372,0.027269,0.355336,-0.079874,-0.087068,-0.168555,-0.507650,0.081842,-0.030908,-0.186246,-0.058547,-0.215121
-0.026955,0.704956,0.750277,0.048493,0.020029,-0.410964,0.910141,-0.054284,0.580791,0.509480,0.860805,-0.077095,-0.213638,-0.427376,-0.319721,-0.284113,0.828110,-0.413210,0.056490,-0.212745,0.093854,0.300609,-0.345887,0.520889,-0.601245,0.038629,0.358947,-0.081330,-0.087060,-0.166637,-0.507636,0.092324,-0.022947,-0.183912,-0.057919,-0.211492
-0.026945,0.703127,0.751557,0.048292,0.018877,-0.413389,0.909077,-0.053331,0.587938,0.516957,0.873755,-0.076215,-0.185359,-0.419732,-0.314069,-0.281724,0.818331,-0.410776,0.054952,-0.210653,0.093998,0.299172,-0.332491,0.521860,-0.601253,0.050331,0.363341,-0.082980,-0.086968,-0.164213,-0.507531,0.102382,-0.014932,-0.181421,-0.057394,-0.207837
-0.026951,0.701317,0.752778,0.047968,0.017760,-0.415890,0.907975,-0.052076,0.594059,0.523337,0.885317,-0.077683,-0.159152,-0.412090,-0.308208,-0.279269,0.808580,-0.408306,0.053383,-0.208495,0.094250,0.297832,-0.319086,0.522682,-0.600945,0.062300,0.369179,-0.084791,-0.086549,-0.161967,-0.507322,0.112652,-0.006136,-0.179592,-0.056890,-0.204740
-0.026903,0.699529,0.753966,0.047465,0.016656,-0.418518,0.906815,-0.050013,0.600003,0.529877,0.895957,-0.081439,-0.133142,-0.404385,-0.301997,-0.276738,0.798898,-0.405843,0.051784,-0.205533,0.094735,0.296750,-0.306463,0.523126,-0.601069,0.075035,0.376549,-0.086867,-0.085862,-0.158657,-0.507101,0.122079,0.002521,-0.178645,-0.056661,-0.202370
-0.026787,0.697743,0.755111,0.046830,0.015576,-0.421251,0.905601,-0.047388,0.605759,0.536605,0.905974,-0.087373,-0.106961,-0.396659,-0.295528,-0.274091,0.789231,-0.403351,0.050204,-0.202953,0.095325,0.295651,-0.293314,0.523449,-0.600386,0.088051,0.385233,-0.089237,-0.085079,-0.156534,-0.506745,0.132747,0.012890,-0.178107,-0.056592,-0.200830
-0.026719,0.696076,0.756191,0.046174,0.014553,-0.423982,0.904376,-0.045441,0.609032,0.540183,0.914032,-0.095293,-0.085485,-0.389066,-0.289105,-0.271358,0.779597,-0.400780,0.048616,-0.201235,0.095844,0.294390,-0.279234,0.523736,-0.598431,0.100827,0.395242,-0.091640,-0.083944,-0.155992,-0.506079,0.144863,0.025055,-0.177898,-0.056236,-0.199528
-0.026584,0.694513,0.757270,0.045605,0.013626,-0.426604,0.903185,-0.045444,0.607564,0.537293,0.918794,-0.104822,-0.073566,-0.381776,-0.283022,-0.268574,0.770021,-0.398086,0.046994,-0.199072,0.096330,0.293096,-0.265834,0.523815,-0.596909,0.113464,0.406291,-0.093660,-0.081922,-0.154187,-0.505376,0.155584,0.036365,-0.177818,-0.055232,-0.197322
-0.026434,0.692940,0.758321,0.045134,0.012790,-0.429085,0.902045,-0.047745,0.599965,0.525952,0.919439,-0.117009,-0.074804,-0.374846,-0.277364,-0.265742,0.760614,-0.395262,0.045276,-0.197393,0.096710,0.291604,-0.252196,0.523663,-0.594810,0.125660,0.419652,-0.095150,-0.078973,-0.152789,-0.504504,0.166474,0.048230,-0.178040,-0.053185,-0.194282
-0.026220,0.691442,0.759350,0.044695,0.012030,-0.431490,0.900930,-0.051435,0.587847,0.508629,0.916957,-0.131683,-0.085661,-0.368162,-0.271924,-0.262861,0.751330,-0.392339,0.043488,-0.195442,0.097132,0.290117,-0.238982,0.523303,-0.592910,0.137693,0.434852,-0.096226,-0.075205,-0.150589,-0.503697,0.176492,0.059690,-0.178541,-0.050438,-0.190562
-0.025955,0.690022,0.760368,0.044269,0.011359,-0.433863,0.899819,-0.055926,0.573443,0.488643,0.912726,-0.146618,-0.100313,-0.361598,-0.266569,-0.259978,0.741923,-0.389302,0.041731,-0.194115,0.097562,0.288401,-0.225329,0.522617,-0.590159,0.149767,0.449809,-0.097267,-0.070966,-0.149439,-0.502586,0.187342,0.072419,-0.178983,-0.047480,-0.186770
-0.025630,0.688554,0.761429,0.043854,0.010795,-0.436239,0.898697,-0.060869,0.558780,0.468948,0.908008,-0.159362,-0.113156,-0.355085,-0.261200,-0.257121,0.732210,-0.386159,0.040108,-0.192480,0.098086,0.286563,-0.212184,0.521708,-0.587632,0.162218,0.462045,-0.098509,-0.066331,-0.147650,-0.501341,0.197456,0.084947,-0.178977,-0.044890,-0.182907
-0.025257,0.687083,0.762487,0.043478,0.010369,-0.438614,0.897563,-0.066532,0.543733,0.449339,0.902931,-0.169261,-0.123591,-0.348679,-0.255840,-0.254310,0.722137,-0.382888,0.038682,-0.190711,0.098693,0.284507,-0.199382,0.520572,-0.585207,0.174971,0.471619,-0.100056,-0.060946,-0.145490,-0.499929,0.207086,0.097447,-0.178416,-0.042787,-0.179009
-0.024930,0.685611,0.763543,0.043131,0.010062,-0.440972,0.896427,-0.072851,0.527423,0.428633,0.896881,-0.177682,-0.134298,-0.342406,-0.250517,-0.251525,0.711826,-0.379504,0.037382,-0.188751,0.099381,0.282321,-0.186906,0.519296,-0.582918,0.187822,0.479500,-0.101729,-0.054839,-0.142806,-0.498450,0.216104,0.109760,-0.177479,-0.040887,-0.174928
-0.024618,0.684206,0.764610,0.042767,0.009819,-0.443335,0.895281,-0.079222,0.510621,0.407958,0.889905,-0.184953,-0.144798,-0.336088,-0.245166,-0.248742,0.701236,-0.376000,0.036129,-0.186946,0.100106,0.279977,-0.174525,0.517654,-0.580263,0.201163,0.485024,-0.103551,-0.048890,-0.140483,-0.496642,0.225279,0.122868,-0.176303,-0.039095,-0.170925
-0.024194,0.682829,0.765679,0.042338,0.009590,-0.445718,0.894120,-0.085120,0.494098,0.388378,0.882029,-0.191341,-0.154625,-0.329573,-0.239722,-0.245933,0.690370,-0.372389,0.034835,-0.184929,0.100910,0.277664,-0.162538,0.515749,-0.577531,0.215098,0.487272,-0.105483,-0.043874,-0.137907,-0.494690,0.234062,0.136308,-0.174929,-0.037340,-0.167034
-0.023765,0.681399,0.766716,0.041825,0.009352,-0.448116,0.892947,-0.090640,0.477847,0.369676,0.873343,-0.196361,-0.163518,-0.322774,-0.234170,-0.243114,0.679186,-0.368694,0.033461,-0.182765,0.101807,0.275427,-0.150853,0.513532,-0.574584,0.229823,0.484663,-0.107904,-0.039983,-0.135148,-0.492603,0.242585,0.150276,-0.173142,-0.035867,-0.163392
-0.023276,0.680009,0.767758,0.041257,0.009139,-0.450520,0.891766,-0.095990,0.461518,0.351372,0.863744,-0.200005,-0.171805,-0.315782,-0.228542,-0.240291,0.667683,-0.364894,0.032058,-0.180495,0.102799,0.273189,-0.139463,0.510987,-0.571465,0.245209,0.478096,-0.110741,-0.036821,-0.132215,-0.490371,0.250856,0.164684,-0.170971,-0.034625,-0.159906
-0.022781,0.678655,0.768777,0.040659,0.008974,-0.452950,0.890563,-0.100940,0.445418,0.334066,0.853026,-0.203259,-0.179916,-0.308771,-0.222877,-0.237412,0.656014,-0.360983,0.030675,-0.178128,0.103881,0.270864,-0.128368,0.508133,-0.568200,0.260870,0.470536,-0.113305,-0.034337,-0.129229,-0.488000,0.258886,0.179413,-0.168842,-0.033086,-0.156404
-0.022255,0.677292,0.769778,0.040053,0.008885,-0.455426,0.889328,-0.105262,0.429866,0.318375,0.840936,-0.207099,-0.188255,-0.301880,-0.217202,-0.234431,0.644258,-0.356925,0.029356,-0.175682,0.105049,0.268378,-0.117555,0.505013,-0.564809,0.276394,0.464931,-0.114888,-0.032453,-0.126326,-0.485490,0.266696,0.194340,-0.167170,-0.030723,-0.152715
-0.021670,0.675935,0.770752,0.039459,0.008886,-0.457914,0.888076,-0.109004,0.414790,0.304360,0.827234,-0.211953,-0.197060,-0.295182,-0.211599,-0.231399,0.632497,-0.352736,0.028021,-0.173240,0.106303,0.265693,-0.106956,0.501637,-0.561214,0.291667,0.461741,-0.115123,-0.031257,-0.123464,-0.482798,0.274215,0.209348,-0.165872,-0.026963,-0.148574
-0.021000,0.674657,0.771693,0.038855,0.008961,-0.460415,0.886808,-0.112280,0.400126,0.291705,0.812045,-0.217227,-0.206043,-0.288578,-0.206032,-0.228338,0.620660,-0.348432,0.026680,-0.170779,0.107638,0.262861,-0.096584,0.498012,-0.557419,0.306885,0.459485,-0.114433,-0.030745,-0.120654,-0.479915,0.281478,0.224582,-0.164797,-0.022236,-0.144146
-0.020342,0.673319,0.772589,0.038216,0.009095,-0.463008,0.885483,-0.115060,0.386164,0.280343,0.795659,-0.222255,-0.214869,-0.282007,-0.200341,-0.225095,0.608640,-0.343958,0.025460,-0.168148,0.109071,0.259954,-0.086460,0.494183,-0.553526,0.321992,0.458228,-0.113279,-0.030684,-0.117915,-0.476882,0.288604,0.240113,-0.164285,-0.017515,-0.139905
-0.019656,0.671976,0.773505,0.037512,0.009269,-0.465773,0.884060,-0.117315,0.373199,0.270240,0.778431,-0.226438,-0.223205,-0.275414,-0.194397,-0.221537,0.596396,-0.339310,0.024506,-0.165208,0.110609,0.257051,-0.076611,0.490216,-0.549628,0.336968,0.458020,-0.112159,-0.030829,-0.115301,-0.473773,0.295721,0.256019,-0.164636,-0.013777,-0.136324
-0.018952,0.670681,0.774413,0.036730,0.009477,-0.468710,0.882537,-0.119024,0.361210,0.261416,0.760179,-0.229655,-0.231430,-0.268728,-0.188164,-0.217685,0.583826,-0.334436,0.023931,-0.161929,0.112292,0.254233,-0.066981,0.486152,-0.545631,0.351628,0.459456,-0.111076,-0.031267,-0.112745,-0.470629,0.302816,0.272181,-0.166061,-0.011303,-0.133558
-0.018206,0.669418,0.775273,0.035885,0.009733,-0.471780,0.880932,-0.120253,0.350054,0.253834,0.740766,-0.232184,-0.239607,-0.262006,-0.181729,-0.213582,0.571001,-0.329368,0.023624,-0.158398,0.114103,0.251454,-0.057522,0.482010,-0.541491,0.365962,0.462299,-0.109813,-0.032081,-0.110209,-0.467459,0.309834,0.288536,-0.168329,-0.009567,-0.131342
-0.017502,0.668108,0.776128,0.035014,0.010035,-0.475003,0.879230,-0.121090,0.339776,0.247373,0.720548,-0.233944,-0.246938,-0.255330,-0.175159,-0.209123,0.558026,-0.324159,0.023390,-0.154636,0.115973,0.248608,-0.048218,0.477823,-0.537377,0.380068,0.465373,-0.108481,-0.033047,-0.107739,-0.464263,0.316811,0.305194,-0.171055,-0.008334,-0.129513
-0.016705,0.666801,0.776960,0.034152,0.010384,-0.478396,0.877418,-0.121626,0.330403,0.241913,0.699897,-0.234863,-0.252647,-0.248790,-0.168512,-0.204205,0.545006,-0.318863,0.023042,-0.150651,0.117839,0.245601,-0.039063,0.473632,-0.533455,0.394054,0.467483,-0.107200,-0.033932,-0.105345,-0.461012,0.323769,0.322236,-0.173854,-0.007367,-0.127915
-0.015881,0.665540,0.777745,0.033297,0.010806,-0.481995,0.875474,-0.121815,0.322133,0.237906,0.678804,-0.234488,-0.256504,-0.242419,-0.161712,-0.198767,0.531909,-0.313476,0.022504,-0.146368,0.119707,0.242359,-0.029987,0.469461,-0.529752,0.407960,0.468327,-0.105966,-0.034539,-0.102949,-0.457697,0.330701,0.339649,-0.176923,-0.006872,-0.126590
-0.015011,0.664163,0.778501,0.032439,0.011292,-0.485777,0.873408,-0.121662,0.314794,0.235239,0.657075,-0.232952,-0.259002,-0.236138,-0.154775,-0.192868,0.518656,-0.307952,0.021878,-0.141804,0.121576,0.238948,-0.021003,0.465322,-0.526179,0.421704,0.468520,-0.104728,-0.035034,-0.100576,-0.454322,0.337594,0.357405,-0.180359,-0.006884,-0.125596
-0.014080,0.662853,0.779244,0.031601,0.011787,-0.489669,0.871256,-0.121354,0.307899,0.232961,0.634912,-0.231140,-0.260432,-0.229990,-0.147923,-0.186606,0.505537,-0.302416,0.021272,-0.137132,0.123361,0.235468,-0.012195,0.461244,-0.522729,0.435153,0.468275,-0.103500,-0.035742,-0.098317,-0.450867,0.344441,0.375505,-0.183698,-0.006912,-0.124785
-0.013135,0.661497,0.779942,0.030832,0.012227,-0.493593,0.869061,-0.121030,0.300902,0.230139,0.612415,-0.229870,-0.261061,-0.224011,-0.141441,-0.180069,0.492812,-0.296977,0.020806,-0.132538,0.124928,0.232010,-0.003646,0.457271,-0.519396,0.448172,0.467800,-0.102293,-0.036986,-0.096338,-0.447312,0.351250,0.394011,-0.186451,-0.006468,-0.124010
-0.012168,0.660251,0.780590,0.030046,0.012641,-0.497570,0.866811,-0.120732,0.294109,0.226848,0.589721,-0.229654,-0.260633,-0.218077,-0.135083,-0.173299,0.480284,-0.291499,0.020455,-0.127976,0.126441,0.228649,0.004648,0.453440,-0.516124,0.460721,0.466899,-0.101097,-0.039008,-0.094731,-0.443639,0.358121,0.413048,-0.188223,-0.005310,-0.123281
-0.011114,0.659010,0.781236,0.029313,0.013029,-0.501605,0.864502,-0.120352,0.287425,0.223524,0.566577,-0.229865,-0.259108,-0.212335,-0.128995,-0.166220,0.468103,-0.286059,0.020213,-0.123440,0.127779,0.225294,0.012771,0.449764,-0.512902,0.472803,0.465543,-0.099905,-0.041587,-0.093417,-0.439821,0.365024,0.432583,-0.189357,-0.003758,-0.122665
-0.010116,0.657753,0.781821,0.028628,0.013370,-0.505696,0.862133,-0.119848,0.280563,0.219650,0.543107,-0.229971,-0.257271,-0.206699,-0.123182,-0.158867,0.456211,-0.280738,0.020059,-0.118964,0.128906,0.221973,0.020740,0.446263,-0.509804,0.484418,0.464176,-0.098739,-0.044347,-0.092258,-0.435875,0.371777,0.452353,-0.190518,-0.002092,-0.122073
-0.009065,0.656522,0.782413,0.028009,0.013634,-0.509832,0.859710,-0.119173,0.273203,0.214708,0.519398,-0.229409,-0.255854,-0.201213,-0.117727,-0.151257,0.444791,-0.275658,0.019991,-0.114589,0.129765,0.218706,0.028561,0.442954,-0.506929,0.495547,0.463226,-0.097623,-0.046913,-0.091051,-0.431820,0.378157,0.472052,-0.192366,-0.000610,-0.121420
-0.008004,0.655276,0.782960,0.027496,0.013803,-0.514034,0.857218,-0.118260,0.265186,0.208475,0.495203,-0.228259,-0.254638,-0.195938,-0.112719,-0.143326,0.433925,-0.270862,0.020044,-0.110301,0.130274,0.215495,0.036253,0.439868,-0.504320,0.506121,0.462977,-0.096529,-0.049164,-0.089826,-0.427664,0.384117,0.491752,-0.195343,0.000645,-0.120482
-0.006931,0.654045,0.783480,0.027058,0.013901,-0.518298,0.854659,-0.117098,0.256728,0.201258,0.470521,-0.226721,-0.253377,-0.190852,-0.108065,-0.135099,0.423532,-0.266281,0.020209,-0.106075,0.130503,0.212347,0.043820,0.437020,-0.501922,0.516137,0.463140,-0.095458,-0.051308,-0.088597,-0.423409,0.389736,0.511482,-0.199010,0.001833,-0.119361
-0.005788,0.652808,0.783989,0.026610,0.013962,-0.522583,0.852058,-0.115702,0.248115,0.193323,0.445777,-0.224387,-0.252735,-0.185796,-0.103566,-0.126735,0.413422,-0.261831,0.020416,-0.101921,0.130630,0.209297,0.051200,0.434376,-0.499709,0.525726,0.463274,-0.094472,-0.053460,-0.087272,-0.419080,0.395024,0.531068,-0.202681,0.002885,-0.118476
-0.004622,0.651660,0.784429,0.026062,0.014023,-0.526848,0.849444,-0.114159,0.239673,0.184911,0.421516,-0.220895,-0.253353,-0.180628,-0.099036,-0.118381,0.403448,-0.257454,0.020594,-0.097839,0.130844,0.206371,0.058305,0.431876,-0.497660,0.535048,0.462955,-0.093637,-0.055739,-0.085691,-0.414722,0.399960,0.550267,-0.205690,0.003750,-0.118243
-0.003459,0.650468,0.784828,0.025383,0.014085,-0.531086,0.846821,-0.112556,0.231410,0.175512,0.397821,-0.215830,-0.255380,-0.175275,-0.094409,-0.110064,0.393535,-0.253135,0.020646,-0.093782,0.131231,0.203610,0.065069,0.429462,-0.495764,0.544110,0.462173,-0.093013,-0.058342,-0.083805,-0.410358,0.404500,0.569121,-0.208226,0.004269,-0.118994
-0.002262,0.649287,0.785197,0.024612,0.014138,-0.535319,0.844173,-0.110832,0.223267,0.165151,0.374464,-0.209497,-0.258447,-0.169816,-0.089770,-0.101713,0.383756,-0.248895,0.020633,-0.089761,0.131729,0.200986,0.071500,0.427121,-0.494046,0.552913,0.461132,-0.092552,-0.061147,-0.081649,-0.405988,0.408653,0.587678,-0.210525,0.004526,-0.120434
-0.001038,0.648150,0.785542,0.023774,0.014200,-0.539541,0.841504,-0.108789,0.215406,0.154890,0.351291,-0.202631,-0.261800,-0.164321,-0.085159,-0.093339,0.374124,-0.244696,0.020711,-0.085851,0.132310,0.198410,0.077632,0.424846,-0.492545,0.561590,0.459748,-0.092150,-0.063781,-0.079349,-0.401671,0.412531,0.605846,-0.211931,0.004825,-0.122037
0.000237,0.647020,0.785862,0.023137,0.014190,-0.543660,0.838867,-0.106024,0.206894,0.145771,0.327222,-0.195464,-0.261800,-0.159355,-0.081379,-0.084893,0.365489,-0.240927,0.021213,-0.082312,0.132484,0.195671,0.083505,0.422630,-0.491300,0.570245,0.457923,-0.091709,-0.065875,-0.076962,-0.397479,0.416223,0.623437,-0.211795,0.005463,-0.123273
0.001570,0.645886,0.786133,0.022596,0.014184,-0.547754,0.836214,-0.102411,0.198404,0.137991,0.302040,-0.188040,-0.261800,-0.154837,-0.078023,-0.076307,0.357561,-0.237387,0.022099,-0.078995,0.132521,0.192792,0.089117,0.420469,-0.490404,0.578874,0.455475,-0.091192,-0.067184,-0.074540,-0.393478,0.419727,0.640473,-0.209327,0.006570,-0.123952
0.002968,0.644776,0.786373,0.022033,0.014210,-0.551840,0.833538,-0.098160,0.190189,0.130919,0.276208,-0.180224,-0.261800,-0.150493,-0.074781,-0.067648,0.349964,-0.233919,0.023221,-0.075824,0.132654,0.189891,0.094449,0.418353,-0.489812,0.587405,0.452509,-0.090656,-0.067952,-0.071984,-0.389685,0.422985,0.656939,-0.205065,0.007967,-0.124368
0.004375,0.643724,0.786559,0.021307,0.014263,-0.555875,0.830870,-0.093557,0.182794,0.124432,0.250857,-0.172599,-0.261800,-0.145913,-0.071381,-0.059188,0.342333,-0.230461,0.024437,-0.072890,0.133036,0.187114,0.099497,0.416274,-0.489346,0.595900,0.449358,-0.090147,-0.068551,-0.069194,-0.386107,0.426024,0.672691,-0.200323,0.009492,-0.124719
0.005848,0.642597,0.786695,0.020320,0.014318,-0.559814,0.828245,-0.088961,0.176639,0.118475,0.227263,-0.165790,-0.261800,-0.140713,-0.067653,-0.051164,0.334306,-0.226970,0.025629,-0.070302,0.133735,0.184598,0.104283,0.414225,-0.488804,0.604384,0.446375,-0.089711,-0.069348,-0.066071,-0.382717,0.428885,0.687560,-0.196399,0.010987,-0.125203
0.007295,0.641483,0.786782,0.019077,0.014366,-0.563640,0.825675,-0.084582,0.171755,0.113033,0.205808,-0.160208,-0.261800,-0.134846,-0.063645,-0.043696,0.325859,-0.223487,0.026798,-0.068142,0.134705,0.182333,0.108818,0.412213,-0.488118,0.612924,0.443618,-0.089433,-0.070379,-0.062582,-0.379462,0.431515,0.701527,-0.193745,0.012482,-0.125872
0.008758,0.640340,0.786822,0.017669,0.014397,-0.567374,0.823145,-0.080260,0.167808,0.108211,0.185852,-0.155455,-0.261800,-0.128549,-0.059544,-0.036600,0.317217,-0.220045,0.028021,-0.066351,0.135824,0.180239,0.113106,0.410242,-0.487377,0.621483,0.440924,-0.089269,-0.071467,-0.058813,-0.376322,0.433931,0.714711,-0.191643,0.014036,-0.126627
0.010219,0.639225,0.786871,0.016143,0.014386,-0.571029,0.820645,-0.075794,0.164579,0.104181,0.167118,-0.150952,-0.261800,-0.121972,-0.055453,-0.029634,0.308603,-0.216650,0.029295,-0.064831,0.136980,0.178330,0.117104,0.408314,-0.486635,0.629984,0.438280,-0.089057,-0.072669,-0.054900,-0.373342,0.436296,0.727223,-0.189628,0.015530,-0.127447
0.011680,0.638146,0.786870,0.014540,0.014308,-0.574619,0.818167,-0.071023,0.161859,0.101095,0.149413,-0.146211,-0.261800,-0.115211,-0.051461,-0.022570,0.300133,-0.213257,0.030615,-0.063486,0.138094,0.176634,0.120784,0.406417,-0.485927,0.638332,0.435682,-0.088645,-0.074043,-0.050937,-0.370597,0.438768,0.739113,-0.187224,0.016848,-0.128306
0.013188,0.637048,0.786842,0.012804,0.014197,-0.578098,0.815743,-0.065406,0.159629,0.099363,0.131249,-0.140624,-0.261800,-0.108190,-0.047454,-0.015433,0.291726,-0.209799,0.031923,-0.062375,0.139338,0.175165,0.124076,0.404535,-0.485364,0.646599,0.433062,-0.088037,-0.075545,-0.046882,-0.368180,0.441371,0.750301,-0.184158,0.017910,-0.129253
0.014740,0.635996,0.786777,0.010965,0.014039,-0.581473,0.813370,-0.065433,0.158417,0.097822,0.126283,-0.141523,-0.261800,-0.100914,-0.043514,-0.008303,0.283378,-0.206332,0.033262,-0.061516,0.140667,0.173913,0.126992,0.402657,-0.484903,0.654804,0.430447,-0.087304,-0.077162,-0.042637,-0.366106,0.444008,0.760683,-0.180708,0.018792,-0.130274
0.016291,0.634995,0.786712,0.009191,0.013736,-0.584833,0.810985,-0.066451,0.157501,0.096712,0.125406,-0.143565,-0.261800,-0.093730,-0.040010,-0.001027,0.275589,-0.203113,0.034754,-0.060759,0.141623,0.172847,0.129640,0.400789,-0.484330,0.662800,0.427987,-0.086385,-0.078999,-0.038319,-0.364335,0.446686,0.770393,-0.177235,0.019619,-0.131257
0.017896,0.633921,0.786774,0.007650,0.013188,-0.588265,0.808524,-0.066341,0.156388,0.095857,0.124856,-0.144267,-0.261800,-0.086897,-0.037328,0.006538,0.268662,-0.200335,0.036530,-0.059975,0.141725,0.171939,0.132149,0.398954,-0.483414,0.670435,0.425829,-0.085224,-0.081164,-0.034098,-0.362786,0.449445,0.779631,-0.174095,0.020513,-0.132097
0.019416,0.632914,0.786858,0.006497,0.012213,-0.591823,0.805949,-0.064981,0.154710,0.095304,0.124692,-0.142838,-0.261800,-0.080482,-0.035940,0.014552,0.262928,-0.198159,0.038725,-0.059000,0.140434,0.171346,0.134551,0.397347,-0.482214,0.677569,0.423953,-0.083835,-0.083666,-0.029891,-0.361540,0.452258,0.788186,-0.171375,0.021521,-0.132757
0.020848,0.631919,0.786880,0.005607,0.010908,-0.595449,0.803300,-0.062523,0.152696,0.095244,0.124810,-0.139722,-0.261800,-0.074320,-0.035536,0.022884,0.258090,-0.196447,0.041240,-0.058160,0.138111,0.170914,0.136688,0.395544,-0.480631,0.684765,0.422445,-0.082243,-0.086411,-0.026153,-0.360245,0.455437,0.796741,-0.168936,0.022573,-0.133387
0.022341,0.630902,0.786898,0.004751,0.009578,-0.599069,0.800626,-0.059143,0.150906,0.095424,0.125251,-0.136313,-0.261800,-0.068612,-0.035330,0.031260,0.254118,-0.195116,0.043851,-0.057061,0.135546,0.170663,0.138879,0.394393,-0.479019,0.690823,0.420937,-0.080377,-0.089556,-0.021834,-0.359463,0.458063,0.804024,-0.166680,0.023609,-0.133785
0.023853,0.629929,0.786845,0.003685,0.008535,-0.602607,0.797984,-0.056678,0.150079,0.095358,0.129536,-0.135834,-0.261800,-0.063489,-0.034519,0.039398,0.250859,-0.194025,0.046334,-0.056696,0.133615,0.170124,0.141323,0.392861,-0.476414,0.696487,0.419877,-0.078214,-0.093083,-0.018312,-0.358442,0.461239,0.811856,-0.164468,0.024584,-0.134186
0.025420,0.629034,0.786733,0.002273,0.007930,-0.606027,0.795401,-0.059741,0.150918,0.093433,0.147947,-0.143975,-0.261800,-0.059004,-0.032652,0.047156,0.248245,-0.193072,0.048591,-0.056748,0.132702,0.169241,0.143861,0.391236,-0.473151,0.701541,0.419204,-0.075580,-0.097194,-0.015052,-0.357339,0.464469,0.819713,-0.162452,0.025497,-0.134498
0.027041,0.628206,0.786502,0.000675,0.007573,-0.609350,0.792865,-0.062962,0.152525,0.090755,0.169039,-0.153966,-0.261800,-0.055156,-0.030270,0.054645,0.246545,-0.192459,0.050782,-0.057020,0.132267,0.168213,0.146541,0.389856,-0.469459,0.705701,0.418772,-0.072542,-0.101832,-0.011724,-0.356385,0.467522,0.827085,-0.160647,0.026368,-0.134663
0.028749,0.627402,0.786196,-0.000791,0.007189,-0.612556,0.790394,-0.064860,0.153236,0.088892,0.188125,-0.163326,-0.255511,-0.052257,-0.028416,0.062018,0.246592,-0.192761,0.053195,-0.057516,0.131609,0.167138,0.149358,0.388786,-0.465529,0.708926,0.418332,-0.069393,-0.106625,-0.008301,-0.355663,0.470189,0.833892,-0.158866,0.027158,-0.134677
0.030442,0.626636,0.785823,-0.002177,0.006704,-0.615804,0.787868,-0.065035,0.154247,0.090193,0.203695,-0.171230,-0.249637,-0.049622,-0.026895,0.069570,0.247262,-0.193451,0.055718,-0.058143,0.130693,0.166200,0.152336,0.387731,-0.461224,0.711510,0.417818,-0.066443,-0.111176,-0.005194,-0.354983,0.472660,0.840597,-0.156915,0.027833,-0.134615
0.032174,0.625877,0.785440,-0.003490,0.006084,-0.619108,0.785275,-0.062932,0.155892,0.095972,0.214767,-0.177515,-0.245269,-0.047209,-0.025741,0.077316,0.248622,-0.194620,0.058445,-0.058695,0.129468,0.165493,0.155410,0.386731,-0.456575,0.713282,0.417399,-0.063527,-0.115704,-0.002228,-0.354444,0.474715,0.846984,-0.154887,0.028363,-0.134315
0.033981,0.625168,0.785109,-0.004787,0.005415,-0.622441,0.782634,-0.059322,0.158229,0.104929,0.223500,-0.183237,-0.242079,-0.045080,-0.024731,0.085167,0.250649,-0.196196,0.061303,-0.059186,0.128115,0.164939,0.158560,0.385840,-0.451618,0.714243,0.417068,-0.060569,-0.120304,0.000710,-0.354097,0.476364,0.852935,-0.152827,0.028775,-0.133801
0.035819,0.624422,0.784814,-0.005937,0.004667,-0.625791,0.779954,-0.055249,0.160433,0.115078,0.231394,-0.188523,-0.238093,-0.043332,-0.024107,0.093175,0.253290,-0.198090,0.064180,-0.059681,0.126470,0.164364,0.161600,0.385045,-0.446759,0.714912,0.416308,-0.057966,-0.124377,0.003606,-0.353855,0.477592,0.858595,-0.150568,0.029112,-0.133368
0.037665,0.623612,0.784532,-0.006821,0.003813,-0.629151,0.777244,-0.051742,0.161692,0.124430,0.239868,-0.193470,-0.231341,-0.042040,-0.024093,0.101393,0.256449,-0.200179,0.066954,-0.059807,0.124362,0.163575,0.164065,0.384589,-0.442964,0.715830,0.414387,-0.056077,-0.127287,0.006838,-0.353695,0.477873,0.863811,-0.147994,0.029402,-0.133264
0.039509,0.622835,0.784335,-0.007315,0.002789,-0.632575,0.774460,-0.049366,0.161626,0.132572,0.249914,-0.198045,-0.220017,-0.041434,-0.024964,0.110062,0.260437,-0.202660,0.069668,-0.060105,0.121494,0.162505,0.166390,0.384257,-0.439607,0.716916,0.411101,-0.055172,-0.128912,0.009697,-0.353479,0.478033,0.869187,-0.144762,0.029636,-0.133692
0.041383,0.622069,0.784182,-0.007517,0.001630,-0.636049,0.771610,-0.047485,0.160726,0.140553,0.260569,-0.202225,-0.205597,-0.041392,-0.026509,0.119085,0.265154,-0.205495,0.072361,-0.060079,0.118054,0.161147,0.168193,0.384157,-0.437200,0.718238,0.406575,-0.054946,-0.129486,0.012716,-0.353293,0.477518,0.874335,-0.141095,0.029798,-0.134465
0.043209,0.621267,0.784033,-0.007640,0.000454,-0.639459,0.768787,-0.045323,0.159478,0.148553,0.270295,-0.206095,-0.191026,-0.041443,-0.028262,0.127997,0.269888,-0.208217,0.074916,-0.060369,0.114501,0.159860,0.170037,0.384192,-0.434649,0.719393,0.401917,-0.055163,-0.129319,0.015456,-0.352964,0.476545,0.879471,-0.137475,0.029921,-0.135379
0.045130,0.620473,0.783892,-0.007887,-0.000620,-0.642698,0.766079,-0.042150,0.158356,0.156723,0.277639,-0.209800,-0.179247,-0.041197,-0.029772,0.136352,0.274050,-0.210430,0.077219,-0.060637,0.111396,0.158635,0.171352,0.384332,-0.432556,0.720931,0.397548,-0.055454,-0.128441,0.018539,-0.352573,0.474567,0.884203,-0.134243,0.030063,-0.136280
0.047056,0.619722,0.783801,-0.008307,-0.001569,-0.645747,0.763504,-0.037756,0.157406,0.165196,0.282274,-0.213562,-0.171041,-0.040602,-0.030964,0.144099,0.277628,-0.212096,0.079195,-0.060910,0.108842,0.157564,0.172132,0.384574,-0.430915,0.722844,0.393578,-0.055924,-0.126643,0.021988,-0.352036,0.471220,0.888525,-0.131731,0.030242,-0.137201
0.048926,0.618993,0.783753,-0.008762,-0.002475,-0.648664,0.761020,-0.032542,0.156332,0.173852,0.284945,-0.217234,-0.164841,-0.039863,-0.032116,0.151468,0.280882,-0.213392,0.080927,-0.060877,0.106481,0.156493,0.172177,0.385062,-0.430114,0.725216,0.389568,-0.056665,-0.123907,0.025813,-0.351140,0.466378,0.892601,-0.129798,0.030412,-0.138217
0.050837,0.618260,0.783732,-0.009229,-0.003325,-0.651451,0.758627,-0.026746,0.155109,0.182422,0.285943,-0.220463,-0.160090,-0.039049,-0.033272,0.158413,0.283828,-0.214349,0.082526,-0.061126,0.104340,0.155474,0.171963,0.385449,-0.429192,0.727806,0.385931,-0.057444,-0.120791,0.029671,-0.350394,0.461270,0.896343,-0.127819,0.030574,-0.139148
0.052720,0.617560,0.783721,-0.009670,-0.004124,-0.654108,0.756328,-0.020541,0.153684,0.190660,0.285411,-0.222815,-0.156221,-0.038213,-0.034494,0.164894,0.286454,-0.214983,0.084102,-0.061129,0.102118,0.154437,0.171141,0.386015,-0.428395,0.730714,0.382782,-0.057951,-0.117817,0.033626,-0.349348,0.455544,0.899949,-0.125890,0.030646,-0.139802
0.054576,0.616907,0.783763,-0.010084,-0.004889,-0.656587,0.754167,-0.013807,0.151970,0.198430,0.283015,-0.224052,-0.153436,-0.037262,-0.035775,0.171043,0.288661,-0.215227,0.085678,-0.061739,0.099953,0.153490,0.170221,0.386425,-0.426906,0.733773,0.380541,-0.058173,-0.115062,0.037419,-0.348488,0.449936,0.903329,-0.123715,0.030641,-0.140127
0.056391,0.616271,0.783836,-0.010483,-0.005617,-0.658904,0.752133,-0.006521,0.149992,0.205890,0.278789,-0.224416,-0.151920,-0.036213,-0.037101,0.176836,0.290500,-0.215106,0.087195,-0.062142,0.097723,0.152548,0.168588,0.387064,-0.425712,0.737264,0.378829,-0.058199,-0.112238,0.041358,-0.347154,0.443301,0.906630,-0.121819,0.030538,-0.140221
0.058178,0.615669,0.783944,-0.010849,-0.006274,-0.661164,0.750137,0.000970,0.147898,0.213229,0.273489,-0.224237,-0.151069,-0.035266,-0.038476,0.181985,0.292148,-0.214736,0.088648,-0.062625,0.095528,0.151573,0.166863,0.387698,-0.424120,0.740745,0.377399,-0.058081,-0.109464,0.045007,-0.345766,0.437016,0.909888,-0.119628,0.030417,-0.140182
0.059976,0.615066,0.784082,-0.011165,-0.006827,-0.663473,0.748085,0.008310,0.145844,0.220636,0.267908,-0.223870,-0.150277,-0.034600,-0.039915,0.186210,0.293742,-0.214219,0.090031,-0.062794,0.093389,0.150499,0.165046,0.388301,-0.422178,0.744086,0.375870,-0.057842,-0.106828,0.048347,-0.344358,0.431486,0.913028,-0.116946,0.030319,-0.140059
0.061672,0.614498,0.784244,-0.011409,-0.007275,-0.665872,0.745943,0.015507,0.143827,0.228201,0.262016,-0.223293,-0.149600,-0.034298,-0.041399,0.189730,0.295316,-0.213605,0.091321,-0.062552,0.091274,0.149258,0.163137,0.388844,-0.419831,0.747357,0.374180,-0.057432,-0.104420,0.051365,-0.342953,0.426732,0.916076,-0.113472,0.030268,-0.139865
0.063394,0.613965,0.784417,-0.011606,-0.007617,-0.668299,0.743763,0.022687,0.141790,0.235803,0.255500,-0.222370,-0.149276,-0.034242,-0.042916,0.192595,0.296777,-0.212817,0.092526,-0.062072,0.089231,0.147914,0.161063,0.389299,-0.417121,0.750643,0.372526,-0.056860,-0.102164,0.054165,-0.341591,0.422501,0.918950,-0.109400,0.030239,-0.139557
0.065091,0.613433,0.784578,-0.011781,-0.007868,-0.670709,0.741586,0.029729,0.139771,0.243336,0.248635,-0.221225,-0.148976,-0.034342,-0.044521,0.194271,0.298120,-0.211800,0.093693,-0.061451,0.087302,0.146568,0.158850,0.389703,-0.414132,0.753790,0.370915,-0.056226,-0.099907,0.056634,-0.340250,0.418947,0.921716,-0.105244,0.030206,-0.139145
0.066811,0.612949,0.784735,-0.011977,-0.008021,-0.673056,0.739451,0.036500,0.137818,0.250695,0.241739,-0.220010,-0.148380,-0.034502,-0.046262,0.194228,0.299339,-0.210487,0.094868,-0.060829,0.085707,0.145359,0.156487,0.389923,-0.410988,0.756658,0.369319,-0.055638,-0.097473,0.058946,-0.339411,0.416331,0.923957,-0.101318,0.030171,-0.138576
0.068523,0.612529,0.784911,-0.012185,-0.008073,-0.675344,0.737358,0.043082,0.135897,0.257938,0.234615,-0.218630,-0.147397,-0.034733,-0.048212,0.192176,0.300432,-0.208804,0.096156,-0.060202,0.084107,0.144283,0.154177,0.390271,-0.407283,0.759035,0.368216,-0.055081,-0.094929,0.060403,-0.338177,0.414664,0.926664,-0.097951,0.030101,-0.137946
0.070162,0.612154,0.785112,-0.012403,-0.008012,-0.677591,0.735290,0.049519,0.134004,0.265096,0.227166,-0.217076,-0.146207,-0.035078,-0.050315,0.188448,0.301410,-0.206808,0.097503,-0.059336,0.082847,0.143277,0.151547,0.390444,-0.403562,0.761274,0.367275,-0.054497,-0.092243,0.061915,-0.337507,0.413741,0.928736,-0.094588,0.030055,-0.137132
0.071803,0.611762,0.785328,-0.012638,-0.007874,-0.679783,0.733262,0.055634,0.132222,0.272030,0.219899,-0.215527,-0.144908,-0.035530,-0.052472,0.183452,0.302422,-0.204673,0.098710,-0.058690,0.081663,0.142403,0.149092,0.390651,-0.399415,0.763049,0.366025,-0.053984,-0.089484,0.062790,-0.336786,0.413763,0.930844,-0.091586,0.029952,-0.136261
0.073385,0.611434,0.785543,-0.012908,-0.007682,-0.681902,0.731289,0.061338,0.130623,0.278612,0.213113,-0.214134,-0.143600,-0.035955,-0.054583,0.177583,0.303337,-0.202517,0.099582,-0.058186,0.080579,0.141613,0.146598,0.390932,-0.395468,0.764563,0.363646,-0.053586,-0.086554,0.063333,-0.336109,0.414462,0.932689,-0.089091,0.029753,-0.135373
0.074951,0.611083,0.785771,-0.013247,-0.007386,-0.683932,0.729388,0.066486,0.129351,0.284719,0.207019,-0.213006,-0.142295,-0.036521,-0.056498,0.170809,0.304482,-0.200364,0.099834,-0.057600,0.079796,0.140895,0.143775,0.391237,-0.392014,0.765963,0.359602,-0.053358,-0.083436,0.063886,-0.335634,0.415583,0.933916,-0.087212,0.029421,-0.134436
0.076445,0.610814,0.785974,-0.013645,-0.006987,-0.685886,0.727548,0.071195,0.128326,0.290460,0.201365,-0.212028,-0.140948,-0.037190,-0.058321,0.162965,0.305736,-0.198136,0.099649,-0.057388,0.079087,0.140304,0.141333,0.391780,-0.388185,0.766685,0.354485,-0.053287,-0.080251,0.063778,-0.335101,0.417791,0.935120,-0.085775,0.028979,-0.133504
0.077926,0.610591,0.786158,-0.014021,-0.006604,-0.687796,0.725738,0.075670,0.127306,0.296035,0.195986,-0.211115,-0.139589,-0.037758,-0.060311,0.154246,0.306765,-0.195931,0.099529,-0.056849,0.078433,0.139811,0.138388,0.392322,-0.385130,0.767455,0.348843,-0.053248,-0.076830,0.063833,-0.334794,0.420052,0.935675,-0.084785,0.028500,-0.132436
0.079335,0.610387,0.786326,-0.014322,-0.006333,-0.689695,0.723931,0.080110,0.126029,0.301647,0.190711,-0.210189,-0.138200,-0.038031,-0.062722,0.144853,0.307256,-0.193867,0.099983,-0.056370,0.077465,0.139508,0.135570,0.393042,-0.382408,0.767799,0.343497,-0.053168,-0.073223,0.063565,-0.334539,0.422729,0.935975,-0.084022,0.028046,-0.131252
0.080672,0.610214,0.786468,-0.014544,-0.006195,-0.691581,0.722126,0.084561,0.124460,0.307314,0.185520,-0.209216,-0.136782,-0.037851,-0.065640,0.134536,0.307011,-0.191903,0.101239,-0.055795,0.076148,0.139414,0.132608,0.393912,-0.380313,0.767912,0.338490,-0.052958,-0.069167,0.063114,-0.334320,0.425677,0.935887,-0.083459,0.027646,-0.129895
0.081960,0.610039,0.786564,-0.014712,-0.006144,-0.693441,0.720337,0.088916,0.122726,0.312941,0.180493,-0.208241,-0.135333,-0.037343,-0.068912,0.123285,0.306238,-0.190000,0.102998,-0.055202,0.074581,0.139505,0.129630,0.394978,-0.378654,0.767663,0.333479,-0.052692,-0.064771,0.062388,-0.334106,0.429045,0.935490,-0.083158,0.027260,-0.128409
0.083241,0.609847,0.786641,-0.014812,-0.006164,-0.695286,0.718554,0.093150,0.120825,0.318531,0.175594,-0.207287,-0.133877,-0.036753,-0.072410,0.111657,0.305260,-0.188297,0.104977,-0.054822,0.072591,0.139798,0.127340,0.396739,-0.376953,0.766331,0.328460,-0.052514,-0.060617,0.061168,-0.333747,0.432987,0.934990,-0.083158,0.026833,-0.126883
0.084413,0.609712,0.786654,-0.014836,-0.006238,-0.697129,0.716765,0.097303,0.118737,0.324100,0.170672,-0.206326,-0.132437,-0.036288,-0.076018,0.100204,0.304323,-0.186890,0.106896,-0.054173,0.070408,0.140113,0.124967,0.398723,-0.375823,0.764763,0.323525,-0.052521,-0.057020,0.059907,-0.333328,0.436663,0.934308,-0.083784,0.026321,-0.125357
0.085574,0.609616,0.786627,-0.014778,-0.006381,-0.698959,0.714981,0.101371,0.116403,0.329639,0.165728,-0.205354,-0.130985,-0.035916,-0.079878,0.088593,0.303418,-0.185837,0.108789,-0.053411,0.068014,0.140463,0.122551,0.400884,-0.375224,0.762966,0.318545,-0.052771,-0.053971,0.058410,-0.332895,0.440374,0.933589,-0.085143,0.025695,-0.123799
0.086664,0.609513,0.786594,-0.014637,-0.006600,-0.700775,0.713201,0.105377,0.113840,0.335146,0.160739,-0.204340,-0.129517,-0.035525,-0.083994,0.076681,0.302404,-0.185069,0.110775,-0.052575,0.065400,0.140890,0.120153,0.403244,-0.375086,0.760851,0.313551,-0.053189,-0.051285,0.056679,-0.332441,0.444226,0.932745,-0.087095,0.024989,-0.122193
0.087715,0.609446,0.786538,-0.014445,-0.006840,-0.702597,0.711409,0.109255,0.111197,0.340625,0.155807,-0.203350,-0.128099,-0.035264,-0.088042,0.065306,0.301392,-0.184512,0.112697,-0.051619,0.062646,0.141336,0.117861,0.405782,-0.375183,0.758403,0.308892,-0.053701,-0.049140,0.054822,-0.331935,0.447927,0.931753,-0.089366,0.024240,-0.120657
0.088717,0.609402,0.786489,-0.014218,-0.007060,-0.704442,0.709584,0.113025,0.108584,0.346093,0.150843,-0.202349,-0.126792,-0.035285,-0.091718,0.055315,0.300492,-0.184106,0.114396,-0.050483,0.059842,0.141743,0.115766,0.408439,-0.375283,0.755613,0.304940,-0.054226,-0.047707,0.053005,-0.331295,0.451174,0.930539,-0.091683,0.023493,-0.119309
0.089647,0.609382,0.786397,-0.013930,-0.007238,-0.706307,0.707731,0.116612,0.105983,0.351484,0.145797,-0.201318,-0.125612,-0.035684,-0.095031,0.046680,0.299681,-0.183861,0.115787,-0.049181,0.056954,0.142045,0.113867,0.411204,-0.375297,0.752412,0.301878,-0.054750,-0.047186,0.051221,-0.330465,0.453767,0.929132,-0.094348,0.022720,-0.118136
0.090516,0.609354,0.786308,-0.013577,-0.007407,-0.708183,0.705859,0.120049,0.103342,0.356814,0.140689,-0.200263,-0.124525,-0.036386,-0.098136,0.039040,0.298956,-0.183824,0.116965,-0.047731,0.053945,0.142274,0.112126,0.414083,-0.375353,0.748853,0.299502,-0.055300,-0.047428,0.049368,-0.329437,0.455908,0.927620,-0.097391,0.021908,-0.117101
0.091351,0.609318,0.786204,-0.013230,-0.007578,-0.710087,0.703948,0.123506,0.100745,0.362223,0.135545,-0.199170,-0.123525,-0.037195,-0.100925,0.032719,0.298203,-0.183832,0.118030,-0.046099,0.050901,0.142519,0.110450,0.417056,-0.375595,0.745219,0.297550,-0.055868,-0.048067,0.047368,-0.328249,0.457922,0.926131,-0.100144,0.021123,-0.116298
0.092145,0.609295,0.786143,-0.012946,-0.007780,-0.712035,0.701981,0.127128,0.098265,0.367853,0.130449,-0.198061,-0.122602,-0.037937,-0.103292,0.028047,0.297353,-0.183743,0.119086,-0.044253,0.047917,0.142871,0.108742,0.420082,-0.376171,0.741816,0.295752,-0.056446,-0.048735,0.045133,-0.326968,0.460151,0.924796,-0.101913,0.020434,-0.115817
0.092876,0.609309,0.786058,-0.012718,-0.008032,-0.714053,0.699930,0.130442,0.096073,0.373800,0.126552,-0.197520,-0.121761,-0.038652,-0.105249,0.025166,0.296424,-0.183598,0.120124,-0.042125,0.044988,0.143343,0.106908,0.423162,-0.377250,0.738661,0.294133,-0.057060,-0.049413,0.042626,-0.325649,0.462683,0.923577,-0.102324,0.019936,-0.115760
0.093593,0.609323,0.785965,-0.012513,-0.008324,-0.716123,0.697812,0.132380,0.094548,0.379861,0.126083,-0.198742,-0.121012,-0.039408,-0.106845,0.023882,0.295422,-0.183438,0.121097,-0.039749,0.042092,0.143900,0.105019,0.426291,-0.378708,0.735609,0.292812,-0.057703,-0.050272,0.039940,-0.324302,0.465338,0.922371,-0.101795,0.019570,-0.116042
0.094226,0.609275,0.785871,-0.012380,-0.008612,-0.718199,0.695674,0.134374,0.093236,0.385932,0.125738,-0.200001,-0.120344,-0.040098,-0.108003,0.024024,0.294307,-0.183133,0.122053,-0.037262,0.039310,0.144550,0.103208,0.429384,-0.380242,0.732767,0.291675,-0.058331,-0.051214,0.037178,-0.322926,0.468033,0.921199,-0.100858,0.019179,-0.116477
0.094850,0.609261,0.785769,-0.012363,-0.008860,-0.720235,0.693563,0.136490,0.092204,0.391768,0.125334,-0.201228,-0.119760,-0.040549,-0.108645,0.025413,0.292915,-0.182493,0.123043,-0.034815,0.036722,0.145283,0.101654,0.432308,-0.381502,0.730228,0.290681,-0.058896,-0.052136,0.034438,-0.321526,0.470690,0.920116,-0.100063,0.018606,-0.116885
0.095431,0.609217,0.785704,-0.012527,-0.009055,-0.722263,0.691446,0.138818,0.091569,0.397389,0.124904,-0.202479,-0.119288,-0.040766,-0.108572,0.028523,0.291339,-0.181437,0.123951,-0.032358,0.034439,0.146161,0.100361,0.434970,-0.382433,0.728033,0.289894,-0.059417,-0.053071,0.031695,-0.320111,0.473273,0.919187,-0.099466,0.017700,-0.117296
0.095990,0.609183,0.785641,-0.012815,-0.009231,-0.724292,0.689312,0.141328,0.091241,0.402898,0.124461,-0.203736,-0.118918,-0.040838,-0.107886,0.033278,0.289650,-0.180090,0.124796,-0.029856,0.032417,0.147149,0.099192,0.437356,-0.383209,0.726230,0.289346,-0.059912,-0.054037,0.028916,-0.318688,0.475831,0.918385,-0.098819,0.016583,-0.117785
0.096498,0.609139,0.785586,-0.013142,-0.009380,-0.726246,0.687245,0.143820,0.091046,0.408182,0.124005,-0.204925,-0.118597,-0.040677,-0.106965,0.038676,0.287559,-0.178527,0.125828,-0.027474,0.030515,0.148089,0.098097,0.439453,-0.383817,0.724949,0.288931,-0.060327,-0.054905,0.026122,-0.317278,0.478476,0.917678,-0.098150,0.015506,-0.118240
0.096960,0.609079,0.785544,-0.013411,-0.009501,-0.728045,0.685332,0.146062,0.090817,0.413123,0.123592,-0.206000,-0.118268,-0.040176,-0.106200,0.043711,0.284745,-0.176850,0.127300,-0.025397,0.028593,0.148837,0.097001,0.441253,-0.384260,0.724332,0.288506,-0.060615,-0.055554,0.023349,-0.315897,0.481329,0.917004,-0.097487,0.014713,-0.118552
0.097414,0.609037,0.785499,-0.013575,-0.009603,-0.729690,0.683576,0.147988,0.090473,0.417754,0.123214,-0.206957,-0.117887,-0.039395,-0.105690,0.048424,0.281187,-0.175077,0.129482,-0.023651,0.026597,0.149324,0.095941,0.442738,-0.384478,0.724428,0.288077,-0.060763,-0.055920,0.020560,-0.314554,0.484502,0.916383,-0.096638,0.014334,-0.118685
0.097819,0.608964,0.785465,-0.013688,-0.009686,-0.731216,0.681940,0.149715,0.090093,0.422120,0.122890,-0.207799,-0.117488,-0.038330,-0.105264,0.053254,0.276966,-0.173151,0.132174,-0.022155,0.024592,0.149639,0.094928,0.443904,-0.384486,0.725176,0.287701,-0.060796,-0.056077,0.017742,-0.313258,0.487923,0.915837,-0.095650,0.014216,-0.118700
0.098128,0.608882,0.785445,-0.013814,-0.009738,-0.732605,0.680444,0.151304,0.089819,0.426107,0.122590,-0.208558,-0.117138,-0.036999,-0.104816,0.057803,0.272377,-0.171130,0.134901,-0.020907,0.022689,0.149869,0.093863,0.444732,-0.384398,0.726530,0.287359,-0.060729,-0.056108,0.015040,-0.312057,0.491390,0.915237,-0.094894,0.014193,-0.118620
0.098421,0.608799,0.785446,-0.014008,-0.009748,-0.733837,0.679111,0.152808,0.089783,0.429600,0.122337,-0.209279,-0.116905,-0.035427,-0.104250,0.061678,0.267718,-0.169068,0.137195,-0.019894,0.020986,0.150113,0.092696,0.445248,-0.384309,0.728366,0.287043,-0.060573,-0.056103,0.012609,-0.310966,0.494694,0.914422,-0.094742,0.014101,-0.118467
0.098693,0.608683,0.785426,-0.014284,-0.009712,-0.734907,0.677948,0.154239,0.090024,0.432552,0.122143,-0.209971,-0.116820,-0.033596,-0.103532,0.064800,0.263017,-0.166977,0.139050,-0.019229,0.019410,0.150351,0.091617,0.445537,-0.383992,0.730619,0.286789,-0.060289,-0.056152,0.010180,-0.309747,0.497941,0.913758,-0.095581,0.013891,-0.118268
0.098932,0.608580,0.785423,-0.014631,-0.009621,-0.735826,0.676944,0.155578,0.090467,0.435031,0.121997,-0.210626,-0.116840,-0.031492,-0.102711,0.067370,0.258113,-0.164814,0.140680,-0.018629,0.018061,0.150629,0.090331,0.445521,-0.383774,0.733414,0.286530,-0.059887,-0.056177,0.008298,-0.308883,0.500829,0.912523,-0.097138,0.013668,-0.117908
0.099081,0.608480,0.785426,-0.015014,-0.009500,-0.736602,0.676093,0.156797,0.091088,0.437100,0.121898,-0.211219,-0.116921,-0.029181,-0.101814,0.069412,0.253080,-0.162573,0.141947,-0.018291,0.016804,0.150895,0.089020,0.445319,-0.383601,0.736553,0.286224,-0.059439,-0.056077,0.006569,-0.308078,0.503715,0.911156,-0.098721,0.013436,-0.117515
0.099212,0.608389,0.785432,-0.015418,-0.009358,-0.737241,0.675389,0.157913,0.091842,0.438813,0.121810,-0.211731,-0.117018,-0.026715,-0.100857,0.070945,0.247975,-0.160242,0.142710,-0.018435,0.015543,0.150985,0.087700,0.444789,-0.383462,0.740187,0.285929,-0.059013,-0.055692,0.004352,-0.306831,0.507032,0.910549,-0.099668,0.013187,-0.117274
0.099275,0.608312,0.785457,-0.015845,-0.009183,-0.737732,0.674846,0.158888,0.092789,0.440145,0.121744,-0.212155,-0.117128,-0.024098,-0.099782,0.071871,0.242808,-0.157772,0.142855,-0.018575,0.014373,0.151075,0.086018,0.444191,-0.383984,0.744247,0.285300,-0.058607,-0.054880,0.002599,-0.305806,0.510094,0.909429,-0.099646,0.012932,-0.116967
0.099322,0.608233,0.785507,-0.016295,-0.008980,-0.738075,0.674462,0.159726,0.093928,0.441077,0.121738,-0.212522,-0.117269,-0.021289,-0.098587,0.072209,0.237536,-0.155190,0.142489,-0.018856,0.013288,0.151187,0.084218,0.443539,-0.384841,0.748571,0.284440,-0.058193,-0.053773,0.001184,-0.304973,0.513064,0.907888,-0.099019,0.012671,-0.116599
0.099311,0.608155,0.785579,-0.016775,-0.008763,-0.738298,0.674209,0.160495,0.095149,0.441690,0.121745,-0.212823,-0.117434,-0.018325,-0.097367,0.072149,0.232205,-0.152597,0.141813,-0.019364,0.012253,0.151237,0.082281,0.442621,-0.385868,0.753220,0.283671,-0.057790,-0.052632,-0.000259,-0.304025,0.516041,0.906552,-0.098390,0.012416,-0.116330
0.099253,0.608094,0.785654,-0.017249,-0.008589,-0.738429,0.674056,0.161234,0.096353,0.442064,0.121766,-0.213063,-0.117609,-0.015236,-0.096221,0.071885,0.226858,-0.150106,0.141025,-0.019884,0.011202,0.151422,0.080375,0.441790,-0.387054,0.757494,0.283100,-0.057422,-0.051838,-0.001359,-0.303280,0.518674,0.904843,-0.098312,0.012198,-0.116147
0.099146,0.608038,0.785732,-0.017743,-0.008441,-0.738450,0.674022,0.161936,0.097560,0.442159,0.121820,-0.213240,-0.117774,-0.012015,-0.095130,0.071372,0.221541,-0.147745,0.139975,-0.020608,0.010158,0.151602,0.078308,0.440692,-0.388302,0.761906,0.282893,-0.057106,-0.051420,-0.002537,-0.302377,0.521171,0.903442,-0.099154,0.012022,-0.116244
0.099023,0.607980,0.785801,-0.018250,-0.008316,-0.738355,0.674114,0.162589,0.098810,0.441952,0.121910,-0.213362,-0.117938,-0.008654,-0.094041,0.070534,0.216244,-0.145478,0.138632,-0.021431,0.009094,0.151920,0.076292,0.439715,-0.389668,0.766020,0.282812,-0.056828,-0.051289,-0.003416,-0.301613,0.523399,0.901682,-0.100513,0.011884,-0.116465
0.098844,0.607932,0.785863,-0.018740,-0.008225,-0.738187,0.674286,0.163214,0.100035,0.441547,0.121984,-0.213416,-0.118146,-0.005159,-0.093018,0.069515,0.210845,-0.143261,0.137374,-0.022305,0.008023,0.152215,0.074235,0.438616,-0.391249,0.770077,0.282902,-0.056546,-0.051278,-0.004243,-0.300811,0.525484,0.900064,-0.101937,0.011745,-0.116705
0.098632,0.607897,0.785897,-0.019192,-0.008168,-0.737991,0.674488,0.163790,0.101165,0.441045,0.122115,-0.213469,-0.118437,-0.001556,-0.092140,0.068470,0.205248,-0.141050,0.136566,-0.023088,0.006924,0.152494,0.072260,0.437501,-0.393117,0.773799,0.283103,-0.056223,-0.051301,-0.004888,-0.300066,0.527392,0.898432,-0.102920,0.011580,-0.116772
0.098394,0.607848,0.785931,-0.019595,-0.008150,-0.737771,0.674718,0.164333,0.102152,0.440462,0.122243,-0.213464,-0.118871,0.002198,-0.091470,0.067448,0.199332,-0.138819,0.136381,-0.023767,0.005770,0.152739,0.070370,0.436350,-0.395319,0.777183,0.283446,-0.055822,-0.051302,-0.005352,-0.299399,0.529052,0.896779,-0.103267,0.011361,-0.116583
0.098158,0.607807,0.785938,-0.019958,-0.008176,-0.737506,0.674996,0.164844,0.103038,0.439743,0.122373,-0.213407,-0.119408,0.006092,-0.090961,0.066370,0.193175,-0.136579,0.136592,-0.024393,0.004588,0.152975,0.068504,0.435156,-0.397830,0.780314,0.283917,-0.055372,-0.051347,-0.005615,-0.298807,0.530477,0.895051,-0.103253,0.011115,-0.116236
0.097957,0.607772,0.785943,-0.020296,-0.008227,-0.737202,0.675318,0.165320,0.103883,0.438911,0.122514,-0.213336,-0.119947,0.010034,-0.090532,0.065197,0.186978,-0.134363,0.136961,-0.024997,0.003349,0.153304,0.066955,0.434207,-0.400417,0.782762,0.284428,-0.054938,-0.051571,-0.005669,-0.298405,0.531872,0.893133,-0.103065,0.010878,-0.115816
0.097722,0.607767,0.785961,-0.020635,-0.008281,-0.736863,0.675676,0.165786,0.104752,0.437986,0.122602,-0.213235,-0.120385,0.014025,-0.090101,0.063884,0.180750,-0.132133,0.137251,-0.025414,0.002246,0.153474,0.064976,0.432823,-0.403474,0.785649,0.285018,-0.054566,-0.051854,-0.005723,-0.297898,0.533305,0.891754,-0.103012,0.010681,-0.115528
0.097392,0.607704,0.785989,-0.020974,-0.008345,-0.736475,0.676089,0.166231,0.105644,0.436921,0.122641,-0.213121,-0.120631,0.018000,-0.089686,0.062379,0.174682,-0.129951,0.137430,-0.025833,0.001148,0.153685,0.063181,0.431505,-0.406570,0.788105,0.285632,-0.054301,-0.052352,-0.005694,-0.297476,0.534911,0.890494,-0.103042,0.010543,-0.115359
0.097032,0.607658,0.786034,-0.021295,-0.008435,-0.736038,0.676552,0.166642,0.106539,0.435722,0.122679,-0.213006,-0.120761,0.021995,-0.089322,0.060721,0.168667,-0.127810,0.137603,-0.026315,-0.000059,0.154063,0.061944,0.430664,-0.409545,0.789544,0.286215,-0.054108,-0.053127,-0.005489,-0.297229,0.536636,0.889009,-0.103031,0.010445,-0.115203
0.096672,0.607641,0.786062,-0.021615,-0.008521,-0.735588,0.677031,0.167042,0.107457,0.434486,0.122702,-0.212867,-0.120923,0.026086,-0.088945,0.058998,0.162447,-0.125532,0.137739,-0.026528,-0.001101,0.154257,0.060215,0.429372,-0.413109,0.791498,0.286858,-0.053926,-0.053925,-0.005282,-0.296898,0.538386,0.888061,-0.103047,0.010362,-0.115108
0.096320,0.607631,0.786060,-0.021872,-0.008636,-0.735166,0.677479,0.167399,0.108228,0.433345,0.122719,-0.212692,-0.121242,0.028765,-0.088593,0.057495,0.159019,-0.124654,0.137834,-0.026639,-0.002223,0.154454,0.058792,0.428142,-0.416602,0.792954,0.287657,-0.053733,-0.054932,-0.005169,-0.296658,0.540404,0.887323,-0.103068,0.010280,-0.114947
0.095919,0.607595,0.786051,-0.022069,-0.008771,-0.734775,0.677896,0.167730,0.108871,0.432308,0.122712,-0.212471,-0.121812,0.029969,-0.088233,0.056204,0.158495,-0.125224,0.137888,-0.026566,-0.003312,0.154565,0.057382,0.426728,-0.420232,0.794259,0.288583,-0.053497,-0.056091,-0.005128,-0.296478,0.542658,0.886896,-0.103099,0.010198,-0.114723
0.095530,0.607578,0.786038,-0.022265,-0.008891,-0.734389,0.678305,0.168024,0.109560,0.431297,0.122731,-0.212218,-0.122556,0.031102,-0.087812,0.054927,0.158044,-0.125772,0.137874,-0.026509,-0.004457,0.154881,0.056757,0.425907,-0.423544,0.794263,0.289557,-0.053250,-0.057586,-0.005120,-0.296433,0.545164,0.886375,-0.103131,0.010119,-0.114397
0.095118,0.607588,0.786027,-0.022462,-0.008994,-0.734019,0.678698,0.168318,0.110268,0.430331,0.122709,-0.211932,-0.123335,0.032199,-0.087350,0.053686,0.157575,-0.126255,0.137817,-0.026122,-0.005306,0.154895,0.055338,0.424281,-0.427613,0.795365,0.290647,-0.053020,-0.059005,-0.005110,-0.296414,0.547833,0.886483,-0.103108,0.010055,-0.114142
0.094670,0.607612,0.786020,-0.022635,-0.009101,-0.733674,0.679064,0.168588,0.110975,0.429420,0.122687,-0.211652,-0.124012,0.033201,-0.086871,0.052537,0.157181,-0.126718,0.137718,-0.025643,-0.006128,0.154971,0.054121,0.422720,-0.431686,0.796219,0.291933,-0.052866,-0.060588,-0.005194,-0.296498,0.550697,0.886820,-0.103101,0.010005,-0.113868
0.094197,0.607584,0.785991,-0.022769,-0.009239,-0.733367,0.679389,0.168864,0.111632,0.428611,0.122650,-0.211394,-0.124545,0.034095,-0.086421,0.051532,0.156907,-0.127166,0.137559,-0.024940,-0.006998,0.155051,0.052957,0.421205,-0.435974,0.797033,0.293416,-0.052829,-0.062340,-0.005331,-0.296678,0.553799,0.887457,-0.103024,0.009961,-0.113656
0.093755,0.607573,0.785968,-0.022893,-0.009373,-0.733087,0.679685,0.169142,0.112312,0.427875,0.122584,-0.211127,-0.125006,0.034919,-0.085918,0.050614,0.156681,-0.127563,0.137342,-0.024085,-0.007901,0.155197,0.052091,0.419988,-0.440337,0.797392,0.295026,-0.052872,-0.064312,-0.005558,-0.296899,0.557153,0.888337,-0.102888,0.009915,-0.113468
0.093265,0.607592,0.785960,-0.022994,-0.009503,-0.732816,0.679972,0.169389,0.112985,0.427145,0.122475,-0.210818,-0.125442,0.035696,-0.085403,0.049733,0.156435,-0.127930,0.137113,-0.023063,-0.008626,0.155232,0.050938,0.418417,-0.445092,0.798141,0.296671,-0.052915,-0.066263,-0.005741,-0.297238,0.560577,0.889477,-0.102805,0.009902,-0.113224
0.092785,0.607628,0.785953,-0.023061,-0.009627,-0.732536,0.680270,0.169552,0.113605,0.426349,0.122354,-0.210455,-0.125893,0.036418,-0.084928,0.048842,0.156166,-0.128325,0.136911,-0.022061,-0.009309,0.155234,0.049924,0.416884,-0.449954,0.798690,0.298185,-0.052880,-0.068186,-0.005965,-0.297639,0.564042,0.890775,-0.102875,0.009930,-0.112804
0.092294,0.607635,0.785964,-0.023086,-0.009736,-0.732247,0.680578,0.169626,0.114143,0.425482,0.122172,-0.209996,-0.126352,0.037078,-0.084509,0.047944,0.155830,-0.128738,0.136752,-0.021093,-0.009968,0.155178,0.049099,0.415488,-0.455012,0.798896,0.299372,-0.052661,-0.070154,-0.006239,-0.298050,0.567544,0.892251,-0.103172,0.010028,-0.112114
0.091795,0.607634,0.785962,-0.023075,-0.009838,-0.731959,0.680887,0.169628,0.114626,0.424581,0.121946,-0.209465,-0.126801,0.037676,-0.084118,0.047059,0.155458,-0.129161,0.136613,-0.020045,-0.010533,0.155029,0.048196,0.413968,-0.460388,0.799158,0.300394,-0.052326,-0.072137,-0.006511,-0.298529,0.571075,0.893949,-0.103627,0.010181,-0.111234
0.091288,0.607672,0.785973,-0.023045,-0.009941,-0.731661,0.681207,0.169599,0.115086,0.423630,0.121688,-0.208900,-0.127275,0.038242,-0.083741,0.046170,0.155089,-0.129590,0.136476,-0.018984,-0.011078,0.154893,0.047432,0.412523,-0.465798,0.799259,0.301471,-0.052056,-0.074025,-0.006804,-0.299024,0.574656,0.895779,-0.104135,0.010329,-0.110326
0.090769,0.607736,0.785975,-0.023026,-0.010050,-0.731345,0.681545,0.169581,0.115546,0.422624,0.121401,-0.208325,-0.127805,0.038843,-0.083372,0.045254,0.154706,-0.130008,0.136324,-0.017887,-0.011596,0.154817,0.046738,0.411065,-0.471138,0.799387,0.302857,-0.052026,-0.075646,-0.007057,-0.299562,0.578239,0.897644,-0.104584,0.010420,-0.109553
0.090184,0.607809,0.785968,-0.023008,-0.010174,-0.731016,0.681896,0.169587,0.116007,0.421564,0.121066,-0.207752,-0.128406,0.039459,-0.083007,0.044341,0.154330,-0.130432,0.136173,-0.016730,-0.012093,0.154817,0.046121,0.409586,-0.476349,0.799548,0.304678,-0.052331,-0.076959,-0.007239,-0.300137,0.581792,0.899519,-0.104986,0.010436,-0.108949
0.089630,0.607867,0.785979,-0.022988,-0.010301,-0.730678,0.682257,0.169576,0.116463,0.420454,0.120707,-0.207162,-0.129060,0.040066,-0.082659,0.043432,0.153964,-0.130868,0.136026,-0.015515,-0.012538,0.154850,0.045544,0.408030,-0.481527,0.799763,0.306800,-0.052860,-0.078034,-0.007373,-0.300774,0.585336,0.901464,-0.105388,0.010411,-0.108431
0.089127,0.607928,0.785986,-0.022969,-0.010438,-0.730314,0.682645,0.169595,0.116912,0.419288,0.120261,-0.206513,-0.129748,0.040699,-0.082308,0.042463,0.153595,-0.131286,0.135834,-0.014328,-0.012941,0.154918,0.045038,0.406480,-0.486686,0.799995,0.309051,-0.053490,-0.078919,-0.007514,-0.301461,0.588961,0.903462,-0.105710,0.010355,-0.107982
0.088583,0.607941,0.785985,-0.022974,-0.010577,-0.729909,0.683076,0.169512,0.117427,0.418048,0.120070,-0.205961,-0.130451,0.041377,-0.081949,0.041376,0.153281,-0.131714,0.135558,-0.013226,-0.013294,0.155014,0.044590,0.404943,-0.491852,0.800278,0.311291,-0.054103,-0.079646,-0.007696,-0.302218,0.592741,0.905483,-0.105860,0.010283,-0.107583
0.088024,0.607985,0.785983,-0.022991,-0.010745,-0.729461,0.683552,0.169373,0.117994,0.416758,0.120087,-0.205475,-0.131208,0.042072,-0.081582,0.040169,0.153139,-0.132192,0.135171,-0.012220,-0.013611,0.155160,0.044232,0.403489,-0.497138,0.800520,0.313456,-0.054699,-0.080201,-0.007955,-0.303040,0.596803,0.907566,-0.105620,0.010157,-0.107271
0.087462,0.608037,0.785989,-0.023034,-0.010915,-0.728975,0.684066,0.169261,0.118589,0.415418,0.120101,-0.204967,-0.132017,0.042820,-0.081185,0.038860,0.153028,-0.132658,0.134697,-0.011287,-0.013890,0.155357,0.044010,0.402159,-0.502475,0.800657,0.315624,-0.055332,-0.080586,-0.008277,-0.303903,0.601069,0.909713,-0.105106,0.009981,-0.107038
0.086874,0.608104,0.785994,-0.023078,-0.011082,-0.728454,0.684616,0.169106,0.119196,0.413993,0.120109,-0.204418,-0.132787,0.043581,-0.080793,0.037450,0.152938,-0.133136,0.134175,-0.010386,-0.014058,0.155546,0.043708,0.400624,-0.507722,0.801081,0.317897,-0.055950,-0.080806,-0.008483,-0.304974,0.605288,0.911702,-0.104706,0.009849,-0.106802
0.086338,0.608170,0.786010,-0.023103,-0.011234,-0.727901,0.685200,0.168874,0.119785,0.412450,0.120110,-0.203849,-0.133425,0.044324,-0.080423,0.035933,0.152826,-0.133629,0.133643,-0.009591,-0.014257,0.155743,0.043659,0.399134,-0.512436,0.801458,0.320362,-0.056500,-0.080980,-0.008666,-0.306052,0.609285,0.913570,-0.104861,0.009826,-0.106496
0.085786,0.608224,0.786027,-0.023098,-0.011383,-0.727310,0.685826,0.168550,0.120373,0.410755,0.120145,-0.203284,-0.133830,0.045047,-0.080077,0.034289,0.152723,-0.134165,0.133127,-0.008886,-0.014455,0.155935,0.043764,0.397525,-0.516574,0.801979,0.323352,-0.056970,-0.080990,-0.008787,-0.307196,0.613087,0.915283,-0.105681,0.009954,-0.106123
0.085190,0.608300,0.786047,-0.023082,-0.011527,-0.726681,0.686490,0.168167,0.120952,0.408933,0.120178,-0.202697,-0.134074,0.045784,-0.079747,0.032524,0.152604,-0.134718,0.132602,-0.008281,-0.014657,0.156128,0.044042,0.395866,-0.520257,0.802574,0.326726,-0.057386,-0.080846,-0.008905,-0.308351,0.616788,0.916940,-0.106958,0.010179,-0.105720
0.084590,0.608384,0.786065,-0.023045,-0.011656,-0.726028,0.687180,0.167698,0.121525,0.407040,0.120230,-0.202106,-0.134337,0.046473,-0.079431,0.030684,0.152478,-0.135265,0.132028,-0.007774,-0.014825,0.156283,0.044434,0.394167,-0.523635,0.803263,0.329863,-0.057752,-0.080742,-0.009046,-0.309520,0.620282,0.918579,-0.108552,0.010462,-0.105261
0.083982,0.608456,0.786060,-0.022994,-0.011748,-0.725363,0.687882,0.167115,0.122096,0.405126,0.120260,-0.201476,-0.134802,0.047052,-0.079116,0.028811,0.152378,-0.135810,0.131366,-0.007358,-0.014919,0.156366,0.044896,0.392449,-0.526847,0.804050,0.332149,-0.058076,-0.080877,-0.009191,-0.310709,0.623422,0.920196,-0.110361,0.010761,-0.104712
0.083434,0.608575,0.786062,-0.022902,-0.011803,-0.724699,0.688584,0.166383,0.122662,0.403232,0.120268,-0.200808,-0.135593,0.047459,-0.078799,0.026940,0.152286,-0.136332,0.130571,-0.007007,-0.014917,0.156345,0.045416,0.390726,-0.529953,0.804932,0.333262,-0.058359,-0.081373,-0.009385,-0.311936,0.626278,0.921823,-0.112489,0.011078,-0.104030
0.082829,0.608678,0.786069,-0.022792,-0.011812,-0.724025,0.689296,0.165530,0.123220,0.401323,0.120245,-0.200100,-0.136590,0.047732,-0.078489,0.025042,0.152225,-0.136861,0.129674,-0.006722,-0.014845,0.156250,0.046021,0.388998,-0.532877,0.805895,0.333577,-0.058600,-0.082106,-0.009599,-0.313209,0.628874,0.923420,-0.114955,0.011428,-0.103240
0.082251,0.608762,0.786090,-0.022681,-0.011811,-0.723322,0.690038,0.164607,0.123785,0.399325,0.120252,-0.199386,-0.137596,0.048000,-0.078186,0.023059,0.152144,-0.137361,0.128753,-0.006536,-0.014735,0.156142,0.046708,0.387269,-0.535580,0.806918,0.333516,-0.058789,-0.082892,-0.009751,-0.314511,0.631035,0.924915,-0.117471,0.011795,-0.102417
0.081676,0.608851,0.786125,-0.022580,-0.011834,-0.722568,0.690829,0.163698,0.124365,0.397174,0.120267,-0.198658,-0.138416,0.048349,-0.077885,0.020936,0.152093,-0.137851,0.127884,-0.006474,-0.014595,0.156089,0.047436,0.385549,-0.538059,0.808011,0.333463,-0.058926,-0.083551,-0.009713,-0.315792,0.632577,0.926195,-0.119752,0.012163,-0.101634
0.081076,0.608944,0.786151,-0.022515,-0.011882,-0.721755,0.691680,0.162830,0.124987,0.394833,0.120293,-0.197908,-0.138971,0.048859,-0.077575,0.018644,0.152000,-0.138275,0.127078,-0.006540,-0.014444,0.156098,0.048257,0.383830,-0.540235,0.809166,0.333550,-0.058990,-0.084015,-0.009480,-0.317024,0.633376,0.927307,-0.121948,0.012548,-0.100848
0.080489,0.609052,0.786174,-0.022474,-0.011936,-0.720894,0.692578,0.161975,0.125629,0.392349,0.120314,-0.197136,-0.139372,0.049439,-0.077261,0.016219,0.151921,-0.138671,0.126300,-0.006719,-0.014269,0.156135,0.049147,0.382116,-0.542162,0.810405,0.333539,-0.058991,-0.084387,-0.009110,-0.318193,0.633568,0.928308,-0.124118,0.012948,-0.100042
0.079888,0.609159,0.786190,-0.022431,-0.011989,-0.719997,0.693511,0.161056,0.126270,0.389756,0.120371,-0.196354,-0.139722,0.050052,-0.076966,0.013694,0.151805,-0.139047,0.125550,-0.007032,-0.014122,0.156185,0.050152,0.380548,-0.543901,0.811576,0.333346,-0.058953,-0.084755,-0.008733,-0.319221,0.633324,0.929284,-0.125946,0.013318,-0.099352
0.079316,0.609281,0.786214,-0.022362,-0.012034,-0.719080,0.694463,0.160068,0.126858,0.387105,0.120402,-0.195544,-0.140115,0.050642,-0.076700,0.011104,0.151644,-0.139432,0.124827,-0.007421,-0.013908,0.156214,0.050957,0.378895,-0.545710,0.812996,0.332882,-0.058909,-0.085150,-0.008256,-0.320305,0.632711,0.930098,-0.127116,0.013627,-0.098890
0.078714,0.609428,0.786242,-0.022256,-0.012062,-0.718138,0.695440,0.158949,0.127389,0.384376,0.120423,-0.194687,-0.140573,0.051212,-0.076484,0.008429,0.151376,-0.139801,0.124176,-0.007962,-0.013696,0.156234,0.051740,0.377349,-0.547481,0.814404,0.331872,-0.058844,-0.085647,-0.007779,-0.321349,0.631785,0.930809,-0.127382,0.013868,-0.098732
0.078092,0.609529,0.786262,-0.022120,-0.012085,-0.717165,0.696448,0.157743,0.127878,0.381556,0.120453,-0.193818,-0.141045,0.051776,-0.076297,0.005658,0.151043,-0.140159,0.123581,-0.008642,-0.013483,0.156261,0.052542,0.375915,-0.549171,0.815784,0.330441,-0.058750,-0.086202,-0.007255,-0.322353,0.630467,0.931394,-0.126975,0.014058,-0.098796
0.077521,0.609643,0.786299,-0.021989,-0.012099,-0.716175,0.697469,0.156508,0.128339,0.378696,0.120476,-0.192932,-0.141526,0.052340,-0.076132,0.002847,0.150706,-0.140537,0.122959,-0.009418,-0.013306,0.156313,0.053425,0.374688,-0.550784,0.817066,0.329090,-0.058658,-0.086764,-0.006752,-0.323244,0.628882,0.931943,-0.126218,0.014187,-0.098997
0.076947,0.609800,0.786328,-0.021864,-0.012129,-0.715182,0.698491,0.155307,0.128801,0.375842,0.120486,-0.192040,-0.142012,0.052879,-0.075964,0.000046,0.150471,-0.140990,0.122229,-0.010127,-0.013078,0.156381,0.054159,0.373443,-0.552496,0.818544,0.328356,-0.058603,-0.087229,-0.006123,-0.324187,0.626990,0.932343,-0.125461,0.014259,-0.099225
0.076311,0.609897,0.786343,-0.021763,-0.012171,-0.714186,0.699511,0.154146,0.129262,0.373003,0.120507,-0.191154,-0.142504,0.053395,-0.075804,-0.002736,0.150356,-0.141530,0.121346,-0.010905,-0.012887,0.156490,0.054988,0.372434,-0.554124,0.819957,0.328482,-0.058602,-0.087607,-0.005560,-0.324987,0.624904,0.932768,-0.124677,0.014238,-0.099510
0.075733,0.610025,0.786360,-0.021662,-0.012229,-0.713181,0.700538,0.153005,0.129705,0.370155,0.120525,-0.190268,-0.143003,0.053890,-0.075653,-0.005526,0.150335,-0.142150,0.120361,-0.011596,-0.012627,0.156622,0.055589,0.371383,-0.555905,0.821642,0.329158,-0.058635,-0.087888,-0.004795,-0.325866,0.622365,0.932947,-0.123752,0.014149,-0.099861
0.075189,0.610176,0.786365,-0.021568,-0.012288,-0.712172,0.701566,0.151864,0.130150,0.367300,0.120544,-0.189377,-0.143508,0.054389,-0.075507,-0.008322,0.150317,-0.142782,0.119338,-0.012514,-0.012484,0.156773,0.056568,0.370678,-0.557378,0.822940,0.330063,-0.058682,-0.088198,-0.004330,-0.326482,0.619989,0.933403,-0.122722,0.014016,-0.100285
