-0.008329,0.028375,0.780075,-0.010253,-0.114748,-0.667819,0.735354,-0.656578,0.209032,0.105811,1.483752,-0.019856,-0.261800,0.125445,-0.085289,-0.211469,0.352569,-0.339967,-0.072631,-0.035753,-0.039762,0.292482,0.010092,0.324670,-0.574198,1.045014,0.404855,0.018061,0.136576,-0.056546,-0.325049,0.620816,1.038471,-0.448942,0.027718,-0.095985
-0.008337,0.028371,0.780074,-0.010205,-0.114776,-0.667841,0.735330,-0.656534,0.208928,0.105959,1.483449,-0.019817,-0.261800,0.125147,-0.085336,-0.211537,0.352787,-0.340039,-0.072666,-0.034976,-0.040087,0.292814,0.009874,0.324807,-0.574177,1.044773,0.405010,0.018201,0.136048,-0.056677,-0.325185,0.621103,1.038391,-0.448215,0.027339,-0.096463
-0.008454,0.028484,0.780079,-0.010141,-0.114815,-0.667860,0.735308,-0.656518,0.208782,0.106115,1.483180,-0.019780,-0.261800,0.124830,-0.085425,-0.211618,0.353033,-0.340138,-0.072685,-0.034641,-0.040495,0.293181,0.010158,0.325179,-0.573733,1.043943,0.405197,0.018392,0.135444,-0.056971,-0.325593,0.622225,1.038095,-0.446965,0.027008,-0.096913
-0.008580,0.028617,0.780077,-0.010088,-0.114848,-0.667886,0.735279,-0.656443,0.208705,0.106294,1.482841,-0.019737,-0.261800,0.124507,-0.085483,-0.211653,0.353291,-0.340218,-0.072727,-0.034118,-0.040867,0.293539,0.010175,0.325401,-0.573429,1.043490,0.405234,0.018487,0.134900,-0.057229,-0.325860,0.622930,1.037945,-0.445983,0.026651,-0.097493
-0.008657,0.028750,0.780039,-0.010046,-0.114880,-0.667933,0.735233,-0.656242,0.208788,0.106554,1.482357,-0.019697,-0.261800,0.124115,-0.085493,-0.211557,0.353680,-0.340303,-0.072825,-0.033607,-0.041227,0.293961,0.010254,0.325614,-0.573066,1.043036,0.404732,0.018397,0.134421,-0.057498,-0.326134,0.623549,1.037728,-0.444985,0.026307,-0.098443
-0.008790,0.028885,0.780037,-0.010012,-0.114906,-0.667990,0.735178,-0.655957,0.208990,0.106884,1.481729,-0.019665,-0.261800,0.123621,-0.085469,-0.211302,0.354249,-0.340380,-0.073029,-0.032968,-0.041598,0.294471,0.010207,0.325731,-0.572811,1.042794,0.403417,0.018048,0.134033,-0.057757,-0.326293,0.623835,1.037518,-0.443966,0.025925,-0.100015
-0.008890,0.029024,0.780035,-0.009983,-0.114930,-0.668058,0.735113,-0.655600,0.209286,0.107270,1.480987,-0.019634,-0.261800,0.123068,-0.085411,-0.210929,0.354913,-0.340437,-0.073307,-0.032253,-0.041973,0.295018,0.010060,0.325800,-0.572607,1.042752,0.401519,0.017478,0.133695,-0.057997,-0.326391,0.623930,1.037318,-0.442923,0.025490,-0.102026
-0.008992,0.029160,0.780014,-0.009985,-0.114943,-0.668147,0.735029,-0.655081,0.209787,0.107706,1.480113,-0.019598,-0.261800,0.122548,-0.085263,-0.210505,0.355536,-0.340459,-0.073571,-0.031531,-0.042297,0.295533,0.010005,0.325865,-0.572410,1.042687,0.399458,0.016883,0.133427,-0.058208,-0.326490,0.623936,1.037081,-0.442027,0.025164,-0.104018
-0.009104,0.029308,0.779990,-0.009993,-0.114976,-0.668293,0.734892,-0.654249,0.210572,0.108352,1.479031,-0.019541,-0.261800,0.122018,-0.085115,-0.209999,0.356225,-0.340565,-0.073710,-0.030771,-0.042609,0.296150,0.009986,0.325952,-0.572127,1.042452,0.397619,0.016355,0.133198,-0.058463,-0.326618,0.623922,1.036759,-0.441395,0.025021,-0.105720
-0.009194,0.029435,0.779968,-0.010070,-0.115002,-0.668482,0.734714,-0.653076,0.211672,0.109113,1.477750,-0.019514,-0.261800,0.121676,-0.084838,-0.209503,0.356674,-0.340623,-0.073670,-0.029993,-0.042797,0.296624,0.010198,0.325982,-0.571924,1.042078,0.395769,0.015945,0.133122,-0.058623,-0.326669,0.623801,1.036444,-0.441219,0.025288,-0.106936
-0.009311,0.029606,0.779933,-0.010173,-0.115043,-0.668716,0.734493,-0.651609,0.213034,0.110026,1.476283,-0.019508,-0.261800,0.121406,-0.084497,-0.208952,0.357070,-0.340693,-0.073510,-0.029208,-0.042917,0.297138,0.010582,0.326014,-0.571617,1.041486,0.393873,0.015557,0.133136,-0.058797,-0.326723,0.623507,1.036094,-0.441433,0.025805,-0.107898
-0.009412,0.029703,0.779878,-0.010299,-0.115059,-0.668982,0.734247,-0.649967,0.214668,0.111012,1.474664,-0.019417,-0.261800,0.121106,-0.084089,-0.208354,0.357476,-0.340778,-0.073340,-0.028364,-0.043000,0.297635,0.010983,0.326068,-0.571282,1.040863,0.392520,0.015303,0.133143,-0.058930,-0.326796,0.623179,1.035653,-0.441817,0.026322,-0.108612
-0.009537,0.029838,0.779836,-0.010408,-0.115047,-0.669277,0.733979,-0.648250,0.216585,0.112028,1.472924,-0.019144,-0.261800,0.120673,-0.083635,-0.207693,0.357981,-0.340861,-0.073269,-0.027422,-0.043092,0.297975,0.011273,0.326100,-0.571163,1.040432,0.392165,0.015362,0.133112,-0.059060,-0.326831,0.623205,1.035264,-0.442017,0.026637,-0.109172
-0.009664,0.029966,0.779788,-0.010495,-0.115001,-0.669609,0.733681,-0.646398,0.218929,0.113197,1.470977,-0.018513,-0.261800,0.120110,-0.083130,-0.206937,0.358515,-0.340931,-0.073344,-0.026414,-0.043208,0.298211,0.011570,0.326144,-0.571102,1.039978,0.393665,0.015949,0.132931,-0.059226,-0.326859,0.623689,1.034894,-0.441929,0.026625,-0.109586
-0.009808,0.030119,0.779743,-0.010578,-0.114924,-0.669978,0.733355,-0.644393,0.221640,0.114501,1.468852,-0.017638,-0.261800,0.119430,-0.082578,-0.206101,0.359128,-0.341013,-0.073499,-0.025716,-0.043371,0.298262,0.012269,0.326268,-0.570789,1.039261,0.396457,0.016934,0.132672,-0.059697,-0.326875,0.625166,1.034747,-0.441386,0.026463,-0.109881
-0.009916,0.030274,0.779694,-0.010665,-0.114818,-0.670360,0.733021,-0.642374,0.224453,0.115674,1.466697,-0.016803,-0.261800,0.118747,-0.081944,-0.205263,0.359642,-0.341054,-0.073681,-0.024762,-0.043487,0.298278,0.012619,0.326344,-0.570732,1.038920,0.399257,0.017885,0.132471,-0.059982,-0.326860,0.626294,1.034452,-0.441171,0.026228,-0.109913
-0.010076,0.030383,0.779626,-0.010761,-0.114678,-0.670727,0.732706,-0.640509,0.227094,0.116439,1.464693,-0.016314,-0.261800,0.118145,-0.081199,-0.204508,0.359914,-0.341023,-0.073837,-0.024082,-0.043583,0.298131,0.013052,0.326440,-0.570527,1.038806,0.400684,0.018406,0.132495,-0.060383,-0.326815,0.627665,1.034196,-0.441193,0.026105,-0.109680
-0.010192,0.030547,0.779567,-0.010883,-0.114473,-0.671089,0.732405,-0.638836,0.229562,0.116726,1.462829,-0.016259,-0.261800,0.117630,-0.080298,-0.203836,0.359879,-0.340900,-0.073965,-0.023763,-0.043616,0.297798,0.013732,0.326582,-0.569993,1.038805,0.400049,0.018279,0.132932,-0.061112,-0.326717,0.629371,1.034170,-0.441644,0.026137,-0.109039
-0.010330,0.030664,0.779506,-0.011022,-0.114223,-0.671461,0.732101,-0.637254,0.232000,0.116686,1.461030,-0.016478,-0.261800,0.117172,-0.079261,-0.203196,0.359608,-0.340698,-0.074092,-0.023180,-0.043559,0.297427,0.014001,0.326693,-0.569670,1.039312,0.398191,0.017731,0.133629,-0.061584,-0.326631,0.630572,1.033862,-0.442758,0.026214,-0.107995
-0.010475,0.030773,0.779435,-0.011170,-0.113952,-0.671799,0.731831,-0.635775,0.234272,0.116354,1.459358,-0.016878,-0.261800,0.116780,-0.078193,-0.202651,0.359195,-0.340456,-0.074198,-0.023600,-0.043679,0.296849,0.015170,0.327040,-0.568487,1.039313,0.396196,0.017110,0.134256,-0.062833,-0.326298,0.633054,1.034157,-0.443411,0.026337,-0.106955
-0.010609,0.030891,0.779370,-0.011313,-0.113707,-0.672067,0.731621,-0.634381,0.236277,0.115767,1.457879,-0.017371,-0.261800,0.116508,-0.077186,-0.202247,0.358683,-0.340191,-0.074266,-0.023628,-0.043753,0.296357,0.015668,0.327302,-0.568074,1.039833,0.394948,0.016743,0.134537,-0.063403,-0.326027,0.634371,1.033891,-0.444160,0.026337,-0.105985
-0.010735,0.031010,0.779331,-0.011461,-0.113476,-0.672250,0.731486,-0.633117,0.237894,0.114767,1.456627,-0.018049,-0.261800,0.116373,-0.076230,-0.202028,0.358039,-0.339911,-0.074273,-0.023906,-0.043844,0.295846,0.016171,0.327581,-0.567851,1.040384,0.394815,0.016774,0.134314,-0.063880,-0.325724,0.635529,1.033525,-0.444530,0.026205,-0.105182
-0.010840,0.031117,0.779266,-0.011608,-0.113254,-0.672373,0.731405,-0.631965,0.239225,0.113389,1.455550,-0.018915,-0.261800,0.116333,-0.075288,-0.201950,0.357298,-0.339637,-0.074236,-0.024217,-0.043901,0.295336,0.016387,0.327777,-0.567892,1.041275,0.395267,0.016989,0.133781,-0.064030,-0.325512,0.636279,1.032791,-0.444838,0.025998,-0.104390
-0.010963,0.031263,0.779231,-0.011741,-0.113054,-0.672444,0.731368,-0.630858,0.240423,0.111982,1.454611,-0.019760,-0.261800,0.116320,-0.074445,-0.201947,0.356577,-0.339358,-0.074188,-0.024656,-0.043926,0.294901,0.016494,0.327837,-0.567994,1.042237,0.396071,0.017265,0.133143,-0.064061,-0.325446,0.636567,1.031869,-0.445080,0.025714,-0.103619
-0.011092,0.031352,0.779191,-0.011886,-0.112866,-0.672472,0.731369,-0.629740,0.241715,0.110777,1.453799,-0.020385,-0.261800,0.116382,-0.073637,-0.201991,0.355805,-0.338983,-0.074185,-0.025425,-0.044178,0.294244,0.016873,0.328237,-0.568272,1.043106,0.396557,0.017464,0.132598,-0.064108,-0.324961,0.637174,1.031232,-0.444879,0.025524,-0.103094
-0.011220,0.031487,0.779182,-0.011989,-0.112739,-0.672443,0.731414,-0.628571,0.243115,0.109981,1.453062,-0.020693,-0.261800,0.116354,-0.073020,-0.202031,0.355320,-0.338636,-0.074230,-0.026256,-0.044438,0.293782,0.016951,0.328465,-0.568576,1.044146,0.397030,0.017495,0.132182,-0.063886,-0.324654,0.636867,1.030214,-0.444690,0.025282,-0.102591
-0.011323,0.031654,0.779161,-0.012072,-0.112647,-0.672355,0.731508,-0.627377,0.244529,0.109397,1.452413,-0.020801,-0.261800,0.116329,-0.072534,-0.202111,0.354936,-0.338269,-0.074304,-0.026785,-0.044921,0.293335,0.016782,0.329082,-0.569565,1.045224,0.397290,0.017480,0.131764,-0.063486,-0.323764,0.635505,1.029434,-0.444619,0.024985,-0.102239
-0.011462,0.031754,0.779165,-0.012159,-0.112568,-0.672248,0.731616,-0.626219,0.245919,0.108863,1.451934,-0.020827,-0.261800,0.116343,-0.072078,-0.202236,0.354530,-0.337881,-0.074386,-0.027564,-0.045341,0.292897,0.016609,0.329492,-0.570390,1.046373,0.397862,0.017475,0.131381,-0.062953,-0.323126,0.634202,1.028415,-0.444431,0.024715,-0.101930
-0.011579,0.031905,0.779146,-0.012256,-0.112491,-0.672160,0.731708,-0.625136,0.247228,0.108240,1.451687,-0.020885,-0.261800,0.116445,-0.071579,-0.202410,0.353958,-0.337464,-0.074458,-0.028147,-0.045712,0.292437,0.016390,0.329923,-0.571416,1.047444,0.398836,0.017596,0.130995,-0.062292,-0.322409,0.632752,1.027487,-0.444503,0.024474,-0.101674
-0.011684,0.032034,0.779124,-0.012385,-0.112411,-0.672102,0.731771,-0.624137,0.248450,0.107440,1.451746,-0.020971,-0.261800,0.116711,-0.070990,-0.202639,0.353087,-0.336986,-0.074489,-0.028742,-0.045978,0.291941,0.016293,0.330272,-0.572350,1.048368,0.400562,0.017896,0.130580,-0.061497,-0.321767,0.631342,1.026503,-0.444887,0.024283,-0.101538
-0.011788,0.032173,0.779116,-0.012532,-0.112336,-0.672057,0.731822,-0.623195,0.249610,0.106556,1.452050,-0.021033,-0.261800,0.117062,-0.070369,-0.202917,0.352102,-0.336506,-0.074499,-0.029194,-0.046211,0.291415,0.016157,0.330646,-0.573482,1.049249,0.402766,0.018320,0.130142,-0.060555,-0.320996,0.629625,1.025605,-0.445575,0.024109,-0.101527
-0.011897,0.032304,0.779103,-0.012674,-0.112266,-0.672007,0.731876,-0.622310,0.250706,0.105714,1.452484,-0.021119,-0.261800,0.117435,-0.069769,-0.203235,0.351052,-0.335988,-0.074539,-0.029617,-0.046451,0.290888,0.015985,0.331013,-0.574671,1.050078,0.405039,0.018766,0.129753,-0.059637,-0.320174,0.628090,1.024840,-0.446171,0.023966,-0.101470
-0.012032,0.032443,0.779130,-0.012796,-0.112186,-0.671941,0.731947,-0.621483,0.251748,0.105026,1.452922,-0.021274,-0.261800,0.117760,-0.069219,-0.203589,0.350013,-0.335445,-0.074666,-0.030478,-0.046624,0.290447,0.015938,0.331143,-0.575314,1.050773,0.407139,0.019105,0.129484,-0.058914,-0.319884,0.627626,1.023925,-0.446127,0.023880,-0.101141
-0.012119,0.032608,0.779111,-0.012861,-0.112117,-0.671856,0.732034,-0.620691,0.252752,0.104616,1.453320,-0.021524,-0.261800,0.117840,-0.068825,-0.203966,0.349341,-0.334974,-0.074938,-0.030535,-0.047015,0.289961,0.015310,0.331592,-0.577129,1.051663,0.408209,0.019373,0.129377,-0.058239,-0.318940,0.626955,1.023697,-0.445679,0.023808,-0.100564
-0.012257,0.032765,0.779138,-0.012902,-0.112047,-0.671762,0.732131,-0.619950,0.253722,0.104376,1.453759,-0.021849,-0.261800,0.117838,-0.068506,-0.204380,0.348748,-0.334488,-0.075312,-0.030995,-0.047428,0.289541,0.014895,0.331944,-0.578421,1.052302,0.409119,0.019555,0.129367,-0.057867,-0.318278,0.627309,1.023521,-0.444567,0.023800,-0.099737
-0.012367,0.032917,0.779179,-0.012938,-0.111977,-0.671652,0.732241,-0.619274,0.254583,0.104158,1.454252,-0.022186,-0.261800,0.117832,-0.068203,-0.204820,0.348152,-0.333991,-0.075680,-0.031564,-0.047750,0.289224,0.014428,0.332159,-0.579471,1.052893,0.410193,0.019704,0.129401,-0.057445,-0.317923,0.627938,1.023174,-0.443480,0.023792,-0.098811
-0.012458,0.033097,0.779191,-0.012997,-0.111901,-0.671525,0.732369,-0.618652,0.255246,0.103830,1.454775,-0.022463,-0.261800,0.117917,-0.067868,-0.205276,0.347412,-0.333453,-0.075937,-0.031974,-0.048160,0.288773,0.014035,0.332708,-0.580885,1.053360,0.411360,0.019929,0.129435,-0.057182,-0.317043,0.628639,1.023513,-0.442825,0.023775,-0.098163
-0.012552,0.033258,0.779203,-0.013083,-0.111822,-0.671372,0.732519,-0.618103,0.255695,0.103314,1.455371,-0.022706,-0.261800,0.118159,-0.067455,-0.205746,0.346427,-0.332845,-0.076028,-0.032511,-0.048412,0.288438,0.013624,0.333141,-0.581872,1.053750,0.413463,0.020214,0.129479,-0.056804,-0.316408,0.629266,1.023711,-0.443027,0.023686,-0.097674
-0.012653,0.033434,0.779209,-0.013182,-0.111743,-0.671199,0.732688,-0.617619,0.255971,0.102699,1.456021,-0.022933,-0.261800,0.118494,-0.067001,-0.206237,0.345287,-0.332189,-0.076019,-0.033048,-0.048568,0.288143,0.013140,0.333535,-0.582793,1.054111,0.416030,0.020543,0.129569,-0.056326,-0.315881,0.629925,1.023910,-0.443729,0.023563,-0.097282
-0.012730,0.033631,0.779212,-0.013273,-0.111681,-0.671017,0.732863,-0.617182,0.256097,0.102074,1.456693,-0.023096,-0.261800,0.118819,-0.066574,-0.206742,0.344190,-0.331550,-0.075979,-0.033533,-0.048787,0.287854,0.012742,0.334125,-0.583760,1.054336,0.418471,0.020845,0.129583,-0.055987,-0.315137,0.630716,1.024455,-0.444489,0.023450,-0.096962
-0.012823,0.033819,0.779225,-0.013376,-0.111617,-0.670843,0.733029,-0.616784,0.256117,0.101504,1.457366,-0.023144,-0.261800,0.119080,-0.066210,-0.207266,0.343239,-0.330948,-0.075979,-0.033992,-0.048916,0.287663,0.012183,0.334464,-0.584639,1.054860,0.420488,0.021003,0.129463,-0.055485,-0.314757,0.631612,1.024710,-0.444881,0.023399,-0.096520
-0.012896,0.034016,0.779232,-0.013457,-0.111583,-0.670674,0.733188,-0.616435,0.255956,0.100981,1.458050,-0.023008,-0.261800,0.119244,-0.065950,-0.207835,0.342513,-0.330407,-0.076045,-0.034391,-0.049032,0.287529,0.011574,0.334727,-0.585621,1.055567,0.421715,0.020991,0.129084,-0.055016,-0.314495,0.632701,1.025047,-0.444632,0.023405,-0.095960
-0.012958,0.034233,0.779238,-0.013532,-0.111563,-0.670504,0.733345,-0.616140,0.255620,0.100478,1.458743,-0.022731,-0.261800,0.119352,-0.065766,-0.208443,0.341922,-0.329901,-0.076138,-0.034765,-0.049237,0.287279,0.011090,0.335178,-0.586895,1.056302,0.422169,0.020889,0.128550,-0.054687,-0.314060,0.634286,1.025787,-0.443777,0.023491,-0.095443
-0.013011,0.034453,0.779264,-0.013602,-0.111555,-0.670343,0.733493,-0.615858,0.255258,0.100055,1.459420,-0.022436,-0.261800,0.119415,-0.065600,-0.209024,0.341425,-0.329427,-0.076225,-0.035061,-0.049388,0.287199,0.010506,0.335513,-0.587908,1.057072,0.422681,0.020717,0.127991,-0.054280,-0.313764,0.635652,1.026344,-0.443162,0.023582,-0.094871
-0.013133,0.034633,0.779261,-0.013672,-0.111543,-0.670198,0.733625,-0.615549,0.255003,0.099791,1.460017,-0.022244,-0.261800,0.119407,-0.065429,-0.209509,0.341030,-0.329009,-0.076271,-0.035298,-0.049572,0.287078,0.010139,0.335935,-0.588826,1.057563,0.423242,0.020604,0.127620,-0.053929,-0.313403,0.637080,1.027044,-0.442856,0.023694,-0.094433
-0.013207,0.034850,0.779263,-0.013745,-0.111539,-0.670079,0.733733,-0.615184,0.254915,0.099710,1.460556,-0.022230,-0.261800,0.119370,-0.065213,-0.209852,0.340693,-0.328631,-0.076240,-0.035412,-0.049732,0.287082,0.009920,0.336416,-0.589394,1.057720,0.424214,0.020543,0.127527,-0.053549,-0.312993,0.638213,1.027693,-0.443326,0.023845,-0.094084
-0.013261,0.035107,0.779276,-0.013832,-0.111531,-0.669981,0.733822,-0.614793,0.254914,0.099771,1.461064,-0.022324,-0.261800,0.119281,-0.064980,-0.210098,0.340468,-0.328313,-0.076161,-0.035332,-0.049778,0.287221,0.009531,0.336675,-0.589774,1.057967,0.425447,0.020480,0.127627,-0.052975,-0.312786,0.638969,1.028088,-0.444352,0.024021,-0.093737
-0.013350,0.035317,0.779245,-0.013896,-0.111526,-0.669887,0.733908,-0.614427,0.254928,0.099938,1.461474,-0.022391,-0.261800,0.119122,-0.064774,-0.210321,0.340293,-0.328005,-0.076094,-0.035268,-0.049901,0.287272,0.009344,0.337060,-0.590142,1.058004,0.426477,0.020439,0.127726,-0.052507,-0.312490,0.639945,1.028668,-0.445318,0.024165,-0.093502
-0.013467,0.035545,0.779228,-0.013930,-0.111504,-0.669781,0.734007,-0.614133,0.254896,0.100166,1.461754,-0.022315,-0.261800,0.118892,-0.064621,-0.210597,0.340093,-0.327660,-0.076100,-0.035244,-0.050066,0.287285,0.009172,0.337451,-0.590469,1.058003,0.427292,0.020395,0.127625,-0.052096,-0.312203,0.640959,1.029271,-0.446082,0.024148,-0.093291
-0.013551,0.035805,0.779234,-0.013890,-0.111473,-0.669661,0.734122,-0.613943,0.254794,0.100515,1.461858,-0.022001,-0.261800,0.118499,-0.064585,-0.210940,0.339946,-0.327305,-0.076213,-0.035185,-0.050310,0.287194,0.008808,0.337774,-0.590827,1.058194,0.427845,0.020320,0.127137,-0.051639,-0.311993,0.641971,1.029819,-0.446649,0.023862,-0.093127
-0.013659,0.036053,0.779244,-0.013794,-0.111436,-0.669531,0.734248,-0.613832,0.254644,0.100993,1.461816,-0.021529,-0.261800,0.117964,-0.064647,-0.211316,0.339874,-0.326959,-0.076391,-0.035311,-0.050698,0.286924,0.008820,0.338320,-0.591099,1.058002,0.428033,0.020277,0.126399,-0.051462,-0.311668,0.643466,1.030722,-0.446859,0.023408,-0.093104
-0.013762,0.036290,0.779246,-0.013712,-0.111388,-0.669399,0.734377,-0.613743,0.254496,0.101455,1.461696,-0.021053,-0.261800,0.117480,-0.064667,-0.211711,0.339685,-0.326547,-0.076596,-0.035425,-0.051094,0.286738,0.008838,0.338899,-0.591320,1.057765,0.428128,0.020215,0.125740,-0.051284,-0.311346,0.644853,1.031515,-0.447005,0.022964,-0.093051
-0.013868,0.036546,0.779289,-0.013689,-0.111342,-0.669269,0.734503,-0.613634,0.254391,0.101772,1.461554,-0.020715,-0.261800,0.117147,-0.064544,-0.212106,0.339369,-0.326086,-0.076782,-0.035502,-0.051388,0.286696,0.008838,0.339382,-0.591659,1.057601,0.428122,0.020153,0.125529,-0.051086,-0.311089,0.646096,1.032154,-0.446963,0.022740,-0.092914
-0.013987,0.036778,0.779292,-0.013774,-0.111281,-0.669149,0.734620,-0.613485,0.254368,0.101873,1.461428,-0.020561,-0.261800,0.117097,-0.064185,-0.212488,0.338731,-0.325476,-0.076953,-0.035590,-0.051583,0.286840,0.008933,0.339878,-0.592157,1.057412,0.427847,0.020083,0.126044,-0.050976,-0.310822,0.647390,1.032717,-0.446451,0.022859,-0.092666
-0.014105,0.037053,0.779311,-0.013924,-0.111208,-0.669032,0.734735,-0.613328,0.254399,0.101838,1.461284,-0.020510,-0.261800,0.117230,-0.063663,-0.212868,0.337869,-0.324762,-0.077128,-0.035635,-0.051683,0.287118,0.008968,0.340273,-0.592791,1.057358,0.427375,0.019995,0.127047,-0.050847,-0.310600,0.648611,1.033138,-0.445632,0.023191,-0.092335
-0.014216,0.037317,0.779309,-0.014082,-0.111146,-0.668908,0.734854,-0.613168,0.254404,0.101770,1.461056,-0.020524,-0.261800,0.117392,-0.063126,-0.213276,0.336989,-0.324040,-0.077287,-0.035701,-0.051750,0.287432,0.009025,0.340583,-0.593423,1.057302,0.426933,0.019930,0.128084,-0.050742,-0.310418,0.649679,1.033519,-0.444901,0.023556,-0.091995
-0.014318,0.037601,0.779326,-0.014196,-0.111105,-0.668767,0.734986,-0.613014,0.254314,0.101768,1.460700,-0.020567,-0.261800,0.117451,-0.062705,-0.213738,0.336265,-0.323397,-0.077414,-0.035833,-0.051919,0.287681,0.009140,0.340938,-0.593938,1.057183,0.426724,0.019879,0.128684,-0.050620,-0.310186,0.650528,1.033872,-0.444677,0.023805,-0.091732
-0.014427,0.037883,0.779309,-0.014284,-0.111070,-0.668600,0.735141,-0.612843,0.254090,0.101866,1.460166,-0.020689,-0.261800,0.117359,-0.062458,-0.214289,0.335822,-0.322899,-0.077503,-0.036037,-0.052146,0.287909,0.009230,0.341188,-0.594272,1.057052,0.427117,0.019909,0.128647,-0.050432,-0.310010,0.650928,1.034118,-0.445345,0.023875,-0.091547
-0.014538,0.038177,0.779318,-0.014347,-0.111057,-0.668415,0.735310,-0.612656,0.253784,0.102004,1.459499,-0.020891,-0.261800,0.117192,-0.062296,-0.214909,0.335533,-0.322480,-0.077569,-0.036326,-0.052388,0.288126,0.009320,0.341342,-0.594496,1.056937,0.427877,0.019992,0.128256,-0.050220,-0.309893,0.651072,1.034280,-0.446551,0.023860,-0.091408
-0.014664,0.038478,0.779313,-0.014392,-0.111043,-0.668230,0.735480,-0.612503,0.253428,0.102170,1.458756,-0.021056,-0.261800,0.116939,-0.062194,-0.215516,0.335343,-0.322115,-0.077599,-0.036622,-0.052647,0.288327,0.009387,0.341408,-0.594609,1.056859,0.428503,0.020013,0.127767,-0.050026,-0.309839,0.651085,1.034382,-0.447772,0.023786,-0.091270
-0.014768,0.038770,0.779345,-0.014416,-0.111020,-0.668051,0.735646,-0.612459,0.253060,0.102297,1.458022,-0.021074,-0.261800,0.116689,-0.062076,-0.216079,0.335021,-0.321693,-0.077592,-0.036840,-0.052901,0.288465,0.009443,0.341478,-0.594671,1.056795,0.428520,0.019896,0.127406,-0.049789,-0.309776,0.650992,1.034421,-0.448635,0.023683,-0.091084
-0.014883,0.039091,0.779331,-0.014413,-0.110991,-0.667879,0.735806,-0.612537,0.252643,0.102405,1.457265,-0.020856,-0.261800,0.116408,-0.061970,-0.216571,0.334591,-0.321235,-0.077503,-0.036930,-0.053200,0.288564,0.009474,0.341613,-0.594612,1.056711,0.427597,0.019509,0.127248,-0.049571,-0.309643,0.650684,1.034455,-0.448951,0.023487,-0.090787
-0.014996,0.039414,0.779350,-0.014406,-0.110950,-0.667699,0.735976,-0.612709,0.252183,0.102448,1.456471,-0.020485,-0.261800,0.116175,-0.061830,-0.217061,0.333973,-0.320696,-0.077358,-0.036852,-0.053547,0.288778,0.009435,0.341882,-0.594352,1.056490,0.426175,0.018896,0.127074,-0.049336,-0.309366,0.649706,1.034420,-0.449422,0.023150,-0.090340
-0.015088,0.039741,0.779345,-0.014373,-0.110906,-0.667547,0.736121,-0.612926,0.251747,0.102540,1.455685,-0.020088,-0.261800,0.115819,-0.061738,-0.217467,0.333497,-0.320224,-0.077222,-0.036702,-0.053906,0.288963,0.009453,0.342152,-0.594076,1.056208,0.424662,0.018315,0.126936,-0.049224,-0.309075,0.648804,1.034484,-0.449618,0.022840,-0.089972
-0.015197,0.040054,0.779350,-0.014334,-0.110842,-0.667440,0.736228,-0.613165,0.251429,0.102669,1.454960,-0.019796,-0.261800,0.115351,-0.061631,-0.217791,0.333147,-0.319794,-0.077175,-0.036598,-0.054186,0.289033,0.009503,0.342267,-0.593909,1.056116,0.423495,0.017942,0.126854,-0.049127,-0.308937,0.648419,1.034465,-0.449415,0.022725,-0.089804
-0.015286,0.040400,0.779366,-0.014280,-0.110763,-0.667391,0.736286,-0.613431,0.251262,0.102855,1.454325,-0.019657,-0.261800,0.114679,-0.061527,-0.218017,0.333098,-0.319482,-0.077327,-0.036363,-0.054429,0.289162,0.009570,0.342343,-0.593857,1.056030,0.422949,0.017850,0.126767,-0.049084,-0.308837,0.648145,1.034391,-0.449121,0.022823,-0.089877
-0.015365,0.040684,0.779347,-0.014206,-0.110666,-0.667389,0.736304,-0.613745,0.251196,0.103089,1.453745,-0.019593,-0.261800,0.113856,-0.061429,-0.218153,0.333220,-0.319231,-0.077607,-0.035965,-0.054663,0.289297,0.009613,0.342417,-0.593946,1.055976,0.422672,0.017931,0.126694,-0.049046,-0.308728,0.647869,1.034273,-0.448695,0.023067,-0.090118
-0.015480,0.041005,0.779373,-0.014138,-0.110567,-0.667409,0.736302,-0.614043,0.251194,0.103330,1.453181,-0.019561,-0.261800,0.113029,-0.061312,-0.218231,0.333349,-0.318987,-0.077822,-0.035527,-0.054834,0.289404,0.009678,0.342451,-0.594024,1.055932,0.422654,0.018083,0.126614,-0.049038,-0.308668,0.647761,1.034142,-0.448129,0.023342,-0.090413
-0.015577,0.041306,0.779381,-0.014076,-0.110478,-0.667437,0.736291,-0.614291,0.251219,0.103594,1.452585,-0.019515,-0.261800,0.112292,-0.061197,-0.218240,0.333337,-0.318688,-0.077772,-0.034916,-0.054981,0.289477,0.009684,0.342510,-0.594088,1.055835,0.422908,0.018222,0.126464,-0.049094,-0.308549,0.647600,1.034144,-0.447653,0.023520,-0.090649
-0.015676,0.041620,0.779419,-0.014049,-0.110420,-0.667461,0.736279,-0.614443,0.251278,0.103820,1.451951,-0.019441,-0.261800,0.111756,-0.061028,-0.218200,0.333104,-0.318256,-0.077490,-0.034266,-0.055045,0.289603,0.009716,0.342550,-0.593881,1.055592,0.423893,0.018364,0.126175,-0.049254,-0.308436,0.647494,1.034269,-0.447261,0.023505,-0.090895
-0.015759,0.041958,0.779407,-0.014057,-0.110364,-0.667488,0.736262,-0.614535,0.251383,0.104021,1.451296,-0.019366,-0.261800,0.111324,-0.060816,-0.218109,0.332770,-0.317760,-0.077054,-0.033659,-0.055060,0.289782,0.009831,0.342569,-0.593347,1.055209,0.425527,0.018534,0.125793,-0.049564,-0.308338,0.647542,1.034466,-0.446873,0.023400,-0.091171
-0.015846,0.042307,0.779416,-0.014044,-0.110310,-0.667543,0.736221,-0.614607,0.251518,0.104289,1.450634,-0.019299,-0.261800,0.110927,-0.060632,-0.217940,0.332294,-0.317261,-0.076336,-0.033061,-0.055040,0.289881,0.010036,0.342566,-0.592622,1.054737,0.427021,0.018647,0.125403,-0.050009,-0.308266,0.647753,1.034754,-0.446512,0.023297,-0.091270
-0.015929,0.042625,0.779415,-0.013976,-0.110265,-0.667624,0.736155,-0.614657,0.251623,0.104705,1.449969,-0.019254,-0.261800,0.110498,-0.060589,-0.217706,0.331759,-0.316904,-0.075197,-0.032187,-0.055007,0.289757,0.010078,0.342560,-0.592440,1.054456,0.427296,0.018628,0.125172,-0.050207,-0.308261,0.647807,1.034895,-0.446299,0.023311,-0.091010
-0.015975,0.042960,0.779404,-0.013840,-0.110162,-0.667784,0.736028,-0.614809,0.251846,0.105264,1.449315,-0.019256,-0.261800,0.109970,-0.060559,-0.217301,0.330936,-0.316548,-0.073672,-0.031910,-0.054922,0.289525,0.010850,0.342460,-0.590838,1.053510,0.426794,0.018353,0.124914,-0.051380,-0.308263,0.648693,1.035562,-0.446011,0.023423,-0.090048
-0.016004,0.043243,0.779412,-0.013664,-0.110067,-0.667966,0.735881,-0.614939,0.252046,0.105924,1.448652,-0.019287,-0.261800,0.109433,-0.060631,-0.216838,0.330047,-0.316313,-0.071788,-0.031138,-0.054813,0.289081,0.011293,0.342379,-0.590075,1.052848,0.424918,0.017924,0.124829,-0.052175,-0.308310,0.649211,1.036011,-0.445876,0.023651,-0.088683
-0.015996,0.043591,0.779405,-0.013434,-0.109974,-0.668183,0.735702,-0.615050,0.252254,0.106744,1.447989,-0.019306,-0.261800,0.108880,-0.060812,-0.216286,0.329036,-0.316131,-0.069503,-0.030187,-0.054654,0.288492,0.011685,0.342289,-0.589463,1.052202,0.422880,0.017523,0.124739,-0.052923,-0.308388,0.649629,1.036527,-0.445893,0.023873,-0.087244
-0.015979,0.043895,0.779429,-0.013151,-0.109883,-0.668436,0.735490,-0.615103,0.252457,0.107775,1.447329,-0.019271,-0.261800,0.108326,-0.061139,-0.215652,0.327917,-0.315991,-0.066761,-0.029704,-0.054394,0.287774,0.012451,0.342033,-0.588182,1.051369,0.421831,0.017315,0.124566,-0.053955,-0.308641,0.650619,1.037262,-0.445913,0.024005,-0.086077
-0.015928,0.044193,0.779453,-0.012803,-0.109791,-0.668717,0.735255,-0.615153,0.252628,0.109025,1.446695,-0.019186,-0.261800,0.107615,-0.061657,-0.214910,0.326972,-0.315974,-0.063644,-0.028880,-0.054054,0.286927,0.012922,0.341766,-0.587495,1.050725,0.421622,0.017432,0.124424,-0.054752,-0.308929,0.651189,1.038100,-0.446319,0.023937,-0.085234
-0.015837,0.044464,0.779477,-0.012383,-0.109709,-0.669023,0.734996,-0.615203,0.252783,0.110455,1.446077,-0.019065,-0.261800,0.106821,-0.062315,-0.214079,0.326047,-0.316036,-0.060149,-0.028024,-0.053636,0.285955,0.013338,0.341414,-0.586905,1.050165,0.421971,0.017729,0.124321,-0.055482,-0.309326,0.651714,1.038963,-0.446957,0.023771,-0.084519
-0.015758,0.044715,0.779524,-0.011928,-0.109630,-0.669378,0.734692,-0.615128,0.252953,0.112096,1.445427,-0.018886,-0.261800,0.106160,-0.063099,-0.213198,0.324787,-0.316131,-0.056097,-0.026978,-0.053070,0.284822,0.013753,0.340971,-0.586328,1.049586,0.422618,0.018111,0.124018,-0.056108,-0.309832,0.652122,1.039895,-0.447597,0.023610,-0.083999
-0.015614,0.044945,0.779574,-0.011436,-0.109586,-0.669794,0.734327,-0.614819,0.253166,0.113950,1.444704,-0.018628,-0.261800,0.105967,-0.063954,-0.212333,0.322595,-0.316077,-0.051314,-0.025832,-0.052278,0.283494,0.014367,0.340343,-0.585351,1.048876,0.423463,0.018451,0.123292,-0.056637,-0.310542,0.652556,1.040837,-0.447976,0.023612,-0.083711
-0.015472,0.045183,0.779636,-0.010900,-0.109582,-0.670284,0.733889,-0.614229,0.253438,0.116123,1.443886,-0.018272,-0.261800,0.106312,-0.064942,-0.211568,0.319322,-0.315943,-0.045621,-0.024601,-0.051313,0.281932,0.015338,0.339604,-0.583857,1.047802,0.424380,0.018658,0.121772,-0.057127,-0.311361,0.652997,1.041892,-0.448008,0.023849,-0.083780
-0.015300,0.045381,0.779687,-0.010306,-0.109616,-0.670834,0.733389,-0.613424,0.253748,0.118577,1.443000,-0.017833,-0.261800,0.107053,-0.066060,-0.210857,0.315228,-0.315768,-0.039162,-0.023420,-0.050082,0.280164,0.016481,0.338472,-0.581843,1.046674,0.425581,0.018801,0.119713,-0.057495,-0.312594,0.653605,1.042811,-0.447733,0.024249,-0.084109
-0.015075,0.045539,0.779789,-0.009696,-0.109664,-0.671433,0.732842,-0.612443,0.254056,0.121130,1.442041,-0.017328,-0.261800,0.108083,-0.067222,-0.210045,0.310560,-0.315437,-0.032238,-0.022051,-0.048739,0.278239,0.017774,0.337404,-0.579705,1.045447,0.427071,0.019044,0.117716,-0.057914,-0.313738,0.654222,1.043986,-0.447373,0.024675,-0.084547
-0.014798,0.045692,0.779851,-0.009106,-0.109710,-0.672063,0.732265,-0.611341,0.254331,0.123596,1.441025,-0.016772,-0.261800,0.109294,-0.068327,-0.208975,0.305583,-0.314855,-0.025151,-0.020362,-0.047370,0.276213,0.019197,0.336724,-0.577704,1.044116,0.428916,0.019548,0.116390,-0.058496,-0.314443,0.654819,1.045639,-0.447076,0.024997,-0.084926
-0.014504,0.045820,0.779986,-0.008562,-0.109727,-0.672733,0.731654,-0.610135,0.254626,0.125916,1.439970,-0.016150,-0.261800,0.110693,-0.069272,-0.207506,0.300254,-0.313906,-0.017834,-0.019200,-0.045480,0.274114,0.020664,0.335215,-0.574728,1.043433,0.432051,0.020391,0.116162,-0.059171,-0.315984,0.656522,1.046942,-0.446343,0.025287,-0.085076
-0.014192,0.045935,0.780127,-0.008032,-0.109740,-0.673446,0.731002,-0.608785,0.254923,0.128213,1.438854,-0.015448,-0.261800,0.112321,-0.070161,-0.205747,0.294491,-0.312698,-0.010179,-0.017657,-0.043350,0.271882,0.021985,0.333654,-0.571966,1.043027,0.435743,0.021528,0.116579,-0.059737,-0.317527,0.658145,1.048376,-0.445556,0.025538,-0.085200
-0.013876,0.046036,0.780269,-0.007487,-0.109779,-0.674185,0.730320,-0.607304,0.255143,0.130490,1.437676,-0.014741,-0.261800,0.114187,-0.071106,-0.203930,0.288325,-0.311361,-0.002426,-0.016074,-0.041095,0.269540,0.023299,0.331927,-0.568983,1.042802,0.439468,0.022693,0.117258,-0.060261,-0.319221,0.659918,1.049730,-0.444752,0.025712,-0.085220
-0.013540,0.046036,0.780505,-0.006898,-0.109879,-0.674930,0.729623,-0.605698,0.255201,0.132752,1.436428,-0.014093,-0.261800,0.116274,-0.072226,-0.202293,0.281851,-0.310044,0.005181,-0.014435,-0.038913,0.267115,0.024686,0.330235,-0.565814,1.042512,0.442506,0.023647,0.117794,-0.060735,-0.320933,0.661626,1.050967,-0.444125,0.025743,-0.085091
-0.013134,0.046028,0.780713,-0.006252,-0.110044,-0.675691,0.728898,-0.603907,0.255036,0.135014,1.435055,-0.013546,-0.261800,0.118708,-0.073546,-0.200917,0.274805,-0.308717,0.012685,-0.012752,-0.036793,0.264578,0.026102,0.328498,-0.562444,1.042258,0.444576,0.024366,0.118207,-0.061068,-0.322814,0.663360,1.051917,-0.443653,0.025521,-0.084668
-0.012736,0.046061,0.780889,-0.005576,-0.110247,-0.676476,0.728145,-0.601943,0.254703,0.137270,1.433570,-0.013055,-0.261800,0.121444,-0.075008,-0.199660,0.267244,-0.307313,0.020170,-0.010974,-0.034688,0.261946,0.027604,0.326812,-0.558915,1.041939,0.446054,0.024968,0.118644,-0.061302,-0.324788,0.665100,1.052687,-0.443309,0.025107,-0.084027
-0.012369,0.046025,0.781080,-0.004863,-0.110513,-0.677253,0.727387,-0.599936,0.254288,0.139499,1.432093,-0.012563,-0.261800,0.124226,-0.076609,-0.198446,0.259724,-0.305930,0.027494,-0.009233,-0.032628,0.259299,0.029246,0.325176,-0.555081,1.041448,0.447340,0.025402,0.118970,-0.061509,-0.326834,0.666818,1.053269,-0.443057,0.024715,-0.083396
-0.012002,0.046022,0.781258,-0.004163,-0.110811,-0.677995,0.726654,-0.598010,0.253885,0.141669,1.430743,-0.012016,-0.261800,0.126876,-0.078313,-0.197190,0.252643,-0.304580,0.034502,-0.007652,-0.030635,0.256714,0.031098,0.323584,-0.550782,1.040661,0.448865,0.025617,0.119049,-0.061748,-0.328914,0.668445,1.053675,-0.442913,0.024560,-0.083004
-0.011619,0.046009,0.781462,-0.003434,-0.111154,-0.678704,0.725943,-0.596196,0.253440,0.143817,1.429475,-0.011307,-0.261800,0.129254,-0.080192,-0.195843,0.246185,-0.303314,0.041235,-0.006226,-0.028758,0.254115,0.033249,0.322009,-0.545760,1.039541,0.450969,0.025573,0.118855,-0.062029,-0.331004,0.670047,1.053883,-0.443008,0.024776,-0.082943
-0.011229,0.045973,0.781683,-0.002676,-0.111545,-0.679391,0.725244,-0.594434,0.252936,0.145933,1.428263,-0.010504,-0.261800,0.131521,-0.082214,-0.194465,0.240042,-0.302071,0.047748,-0.004922,-0.026961,0.251493,0.035652,0.320442,-0.540145,1.038154,0.453363,0.025305,0.118459,-0.062359,-0.333085,0.671676,1.053937,-0.443265,0.025224,-0.083081
-0.010833,0.045938,0.781903,-0.001963,-0.111972,-0.680042,0.724569,-0.592693,0.252513,0.147945,1.427210,-0.009780,-0.261800,0.133784,-0.084253,-0.193103,0.234205,-0.300854,0.053917,-0.003808,-0.025164,0.249005,0.038135,0.318930,-0.534412,1.036594,0.455495,0.024876,0.117873,-0.062767,-0.335144,0.673142,1.053976,-0.443497,0.025707,-0.083332
-0.010455,0.045911,0.782093,-0.001368,-0.112426,-0.680646,0.723934,-0.590962,0.252317,0.149768,1.426450,-0.009325,-0.261800,0.136173,-0.086161,-0.191817,0.228612,-0.299637,0.059613,-0.002929,-0.023270,0.246825,0.040526,0.317547,-0.529070,1.034905,0.456793,0.024353,0.117099,-0.063257,-0.337154,0.674248,1.054077,-0.443492,0.026030,-0.083604
-0.010061,0.045896,0.782280,-0.000928,-0.112930,-0.681200,0.723334,-0.589120,0.252409,0.151379,1.425983,-0.009229,-0.261800,0.138852,-0.087880,-0.190580,0.223119,-0.298360,0.064876,-0.002250,-0.021235,0.245037,0.042869,0.316389,-0.524252,1.032988,0.457137,0.023755,0.115946,-0.063888,-0.339043,0.674998,1.054406,-0.443163,0.026080,-0.083901
-0.009675,0.045877,0.782455,-0.000610,-0.113467,-0.681714,0.722766,-0.587224,0.252705,0.152816,1.425765,-0.009387,-0.261800,0.141671,-0.089495,-0.189372,0.217874,-0.297090,0.069753,-0.001803,-0.019087,0.243560,0.045247,0.315376,-0.519630,1.030820,0.456837,0.023045,0.114473,-0.064591,-0.340970,0.675510,1.054736,-0.442612,0.025988,-0.084248
-0.009276,0.045881,0.782637,-0.000344,-0.114016,-0.682180,0.722240,-0.585488,0.253142,0.154097,1.425822,-0.009666,-0.261800,0.144375,-0.091057,-0.188262,0.213096,-0.295903,0.074119,-0.001538,-0.016965,0.242276,0.047573,0.314577,-0.515269,1.028476,0.455876,0.022215,0.113035,-0.065290,-0.342814,0.675547,1.054981,-0.442014,0.025892,-0.084631
-0.008894,0.045854,0.782808,-0.000081,-0.114534,-0.682595,0.721766,-0.584120,0.253652,0.155239,1.426195,-0.009952,-0.261800,0.146809,-0.092610,-0.187325,0.208794,-0.294766,0.077851,-0.001464,-0.015000,0.241065,0.049770,0.314028,-0.511154,1.026057,0.454261,0.021254,0.111990,-0.065915,-0.344464,0.674901,1.055031,-0.441560,0.025940,-0.085040
-0.008535,0.045881,0.782957,0.000213,-0.115028,-0.682951,0.721351,-0.583210,0.254253,0.156270,1.426935,-0.010227,-0.261800,0.148864,-0.094181,-0.186609,0.205100,-0.293710,0.080836,-0.001573,-0.013259,0.239858,0.051856,0.313767,-0.507224,1.023512,0.451419,0.020082,0.111427,-0.066557,-0.345666,0.673412,1.055105,-0.441299,0.026186,-0.085516
-0.008178,0.045875,0.783077,0.000491,-0.115501,-0.683255,0.720986,-0.582633,0.254976,0.157165,1.428011,-0.010549,-0.261800,0.150593,-0.095740,-0.186061,0.202069,-0.292790,0.083170,-0.002038,-0.011578,0.238816,0.053968,0.313702,-0.503238,1.020679,0.447635,0.018710,0.111134,-0.067119,-0.346952,0.671389,1.054783,-0.441041,0.026551,-0.085989
-0.007830,0.045842,0.783255,0.000737,-0.115964,-0.683513,0.720667,-0.582296,0.255765,0.157860,1.429335,-0.010911,-0.261800,0.152188,-0.097234,-0.185609,0.199405,-0.291909,0.085037,-0.002574,-0.010030,0.237789,0.055792,0.313809,-0.499866,1.018143,0.443849,0.017346,0.111123,-0.067781,-0.347730,0.668892,1.054774,-0.440891,0.026975,-0.086546
-0.007556,0.045801,0.783357,0.000932,-0.116427,-0.683733,0.720384,-0.582113,0.256569,0.158284,1.430826,-0.011305,-0.261800,0.153737,-0.098625,-0.185176,0.197033,-0.291096,0.086623,-0.003306,-0.008548,0.236926,0.057405,0.314062,-0.496990,1.015882,0.441314,0.016129,0.111303,-0.068465,-0.348410,0.666261,1.054682,-0.440823,0.027391,-0.087093
-0.007253,0.045789,0.783484,0.001068,-0.116887,-0.683914,0.720137,-0.582129,0.257352,0.158309,1.432531,-0.011725,-0.261800,0.155221,-0.099872,-0.184722,0.194984,-0.290305,0.087771,-0.004133,-0.007134,0.236403,0.058889,0.314700,-0.494772,1.013650,0.440688,0.015120,0.111705,-0.068816,-0.349382,0.663196,1.053800,-0.440936,0.027808,-0.087606
-0.006987,0.045752,0.783596,0.001150,-0.117334,-0.684052,0.719933,-0.582366,0.258148,0.158004,1.434462,-0.012172,-0.261800,0.156594,-0.101003,-0.184297,0.193320,-0.289561,0.088451,-0.005142,-0.005776,0.235888,0.059981,0.315292,-0.493273,1.012089,0.441158,0.014261,0.112468,-0.069327,-0.349945,0.659939,1.053244,-0.441139,0.028270,-0.088224
-0.006769,0.045759,0.783722,0.001199,-0.117786,-0.684155,0.719762,-0.582703,0.259013,0.157604,1.436499,-0.012656,-0.261800,0.157920,-0.102091,-0.183946,0.191917,-0.288935,0.089044,-0.006032,-0.004514,0.235597,0.060883,0.316360,-0.492402,1.010357,0.441745,0.013437,0.113261,-0.069499,-0.350621,0.656188,1.052223,-0.441390,0.028694,-0.088722
-0.006527,0.045748,0.783814,0.001233,-0.118255,-0.684225,0.719618,-0.583014,0.260008,0.157337,1.438517,-0.013178,-0.261800,0.159302,-0.103196,-0.183718,0.190576,-0.288455,0.089928,-0.007087,-0.003278,0.235265,0.061523,0.317427,-0.491775,1.008840,0.441545,0.012571,0.113998,-0.069833,-0.351059,0.652744,1.051625,-0.441373,0.029058,-0.089082
-0.006300,0.045731,0.783878,0.001242,-0.118738,-0.684247,0.719518,-0.583325,0.261133,0.157184,1.440530,-0.013749,-0.261800,0.160787,-0.104314,-0.183670,0.189244,-0.288140,0.091207,-0.008139,-0.002150,0.235051,0.061970,0.318917,-0.491655,1.007091,0.439706,0.011580,0.114722,-0.070068,-0.351439,0.649249,1.051011,-0.440922,0.029335,-0.089356
-0.006086,0.045722,0.783940,0.001225,-0.119234,-0.684225,0.719457,-0.583685,0.262365,0.157047,1.442602,-0.014366,-0.261800,0.162370,-0.105406,-0.183765,0.187905,-0.287905,0.092676,-0.009337,-0.001108,0.234915,0.062227,0.320641,-0.491937,1.005345,0.436978,0.010526,0.115508,-0.070377,-0.351670,0.645838,1.050554,-0.440126,0.029561,-0.089580
-0.005869,0.045699,0.783989,0.001187,-0.119732,-0.684192,0.719406,-0.584000,0.263714,0.157056,1.444617,-0.014999,-0.261800,0.163844,-0.106540,-0.183903,0.186925,-0.287910,0.094259,-0.010549,-0.000105,0.234770,0.062309,0.322489,-0.492404,1.003678,0.434578,0.009538,0.116054,-0.070694,-0.351767,0.642548,1.050299,-0.439472,0.029731,-0.089523
-0.005647,0.045673,0.784028,0.001164,-0.120260,-0.684179,0.719330,-0.584170,0.265189,0.157327,1.446467,-0.015617,-0.261800,0.165263,-0.107729,-0.184009,0.186124,-0.288021,0.095876,-0.011780,0.001008,0.234460,0.062108,0.323980,-0.492687,1.002523,0.433848,0.008746,0.116119,-0.071045,-0.351761,0.639610,1.050412,-0.439396,0.029864,-0.088958
-0.005439,0.045644,0.784050,0.001152,-0.120794,-0.684191,0.719229,-0.584217,0.266863,0.157990,1.448182,-0.016243,-0.261800,0.166350,-0.109062,-0.184070,0.186048,-0.288556,0.097556,-0.012865,0.002137,0.234051,0.061711,0.325493,-0.493019,1.001556,0.435329,0.008181,0.115304,-0.071235,-0.351697,0.636641,1.050635,-0.440448,0.029993,-0.087722
-0.005195,0.045575,0.784102,0.001151,-0.121350,-0.684208,0.719119,-0.584169,0.268707,0.158943,1.449786,-0.016878,-0.261800,0.167363,-0.110457,-0.184146,0.186205,-0.289258,0.099321,-0.013745,0.003166,0.233666,0.061302,0.327469,-0.493558,1.000324,0.438170,0.007771,0.113788,-0.071206,-0.351559,0.633495,1.050799,-0.442296,0.030089,-0.085954
-0.004966,0.045518,0.784083,0.001128,-0.121916,-0.684242,0.718991,-0.583970,0.270575,0.159989,1.451225,-0.017481,-0.261800,0.168358,-0.111865,-0.184186,0.186526,-0.290041,0.101093,-0.014568,0.004213,0.233249,0.060875,0.329517,-0.493922,0.999036,0.441558,0.007487,0.112200,-0.071115,-0.351376,0.630737,1.051077,-0.444028,0.030058,-0.083874
-0.004712,0.045433,0.784111,0.001059,-0.122488,-0.684296,0.718842,-0.583559,0.272327,0.160924,1.452408,-0.017992,-0.261800,0.169451,-0.113216,-0.184142,0.186844,-0.290780,0.102795,-0.015269,0.005414,0.232748,0.060235,0.331238,-0.493961,0.998054,0.444643,0.007315,0.111183,-0.070991,-0.351241,0.628680,1.051581,-0.444769,0.029801,-0.081693
-0.004447,0.045347,0.784125,0.000939,-0.123077,-0.684390,0.718653,-0.582864,0.273967,0.161712,1.453297,-0.018438,-0.261800,0.170727,-0.114462,-0.183963,0.186980,-0.291326,0.104435,-0.015774,0.006844,0.232169,0.059257,0.332571,-0.493869,0.997484,0.447360,0.007309,0.110890,-0.070793,-0.351199,0.627289,1.052310,-0.443962,0.029147,-0.079153
-0.004192,0.045241,0.784157,0.000768,-0.123664,-0.684513,0.718434,-0.581929,0.275553,0.162466,1.453923,-0.018828,-0.261800,0.172076,-0.115664,-0.183683,0.187137,-0.291828,0.106047,-0.015974,0.008262,0.231683,0.058403,0.334359,-0.493739,0.996402,0.449970,0.007450,0.110860,-0.070311,-0.351250,0.626175,1.052833,-0.442231,0.028181,-0.076211
-0.003910,0.045147,0.784163,0.000577,-0.124269,-0.684633,0.718216,-0.580884,0.277023,0.163176,1.454386,-0.019110,-0.261800,0.173591,-0.116835,-0.183417,0.187134,-0.292262,0.107580,-0.016083,0.009702,0.231172,0.057595,0.336143,-0.493132,0.995213,0.452392,0.007643,0.111085,-0.069694,-0.351427,0.625658,1.053300,-0.440348,0.027242,-0.073458
-0.003634,0.045002,0.784187,0.000392,-0.124897,-0.684713,0.718032,-0.579857,0.278314,0.163832,1.454784,-0.019238,-0.261800,0.175338,-0.117998,-0.183277,0.186826,-0.292610,0.108984,-0.016114,0.011169,0.230540,0.056672,0.337586,-0.491816,0.994273,0.454485,0.007798,0.111539,-0.068944,-0.351699,0.625763,1.053776,-0.439189,0.026653,-0.071481
-0.003361,0.044826,0.784253,0.000182,-0.125533,-0.684771,0.717865,-0.578811,0.279480,0.164468,1.455114,-0.019128,-0.261800,0.177320,-0.119117,-0.183218,0.186228,-0.292831,0.110091,-0.015915,0.012674,0.229816,0.055586,0.338712,-0.489726,0.993597,0.456278,0.007924,0.112295,-0.067995,-0.352042,0.626542,1.054178,-0.439060,0.026558,-0.070510
-0.003092,0.044629,0.784248,-0.000039,-0.126195,-0.684815,0.717707,-0.577701,0.280532,0.165077,1.455328,-0.018826,-0.261800,0.179507,-0.120194,-0.183204,0.185404,-0.292946,0.110979,-0.015613,0.014178,0.229081,0.054605,0.339804,-0.486853,0.992773,0.457826,0.008049,0.113302,-0.066894,-0.352524,0.628047,1.054429,-0.439455,0.026763,-0.070197
-0.002806,0.044438,0.784314,-0.000248,-0.126873,-0.684803,0.717599,-0.576640,0.281338,0.165590,1.455470,-0.018490,-0.261800,0.181913,-0.121322,-0.183365,0.184258,-0.293020,0.111974,-0.015224,0.015651,0.228190,0.053486,0.340692,-0.483660,0.992162,0.458927,0.008144,0.114437,-0.065624,-0.353032,0.629841,1.054761,-0.440132,0.027063,-0.070295
-0.002547,0.044225,0.784330,-0.000397,-0.127581,-0.684687,0.717584,-0.575735,0.281771,0.165948,1.455565,-0.018265,-0.261800,0.184535,-0.122602,-0.183826,0.182762,-0.293168,0.113400,-0.015615,0.016870,0.227365,0.053506,0.342103,-0.479289,0.990225,0.459554,0.008104,0.115309,-0.064403,-0.353960,0.632415,1.054696,-0.440569,0.027270,-0.070462
-0.002288,0.043971,0.784366,-0.000441,-0.128332,-0.684430,0.717695,-0.575017,0.281626,0.166124,1.455529,-0.018204,-0.261800,0.187440,-0.124143,-0.184714,0.180744,-0.293443,0.115544,-0.015952,0.017885,0.226183,0.053324,0.343346,-0.475052,0.988592,0.459115,0.008006,0.116178,-0.062893,-0.354876,0.634898,1.054840,-0.441020,0.027265,-0.070792
-0.002030,0.043683,0.784378,-0.000428,-0.129102,-0.684068,0.717902,-0.574441,0.281027,0.166151,1.455395,-0.018237,-0.261800,0.190603,-0.125864,-0.185937,0.178281,-0.293780,0.118167,-0.016204,0.018784,0.224646,0.052821,0.344226,-0.470808,0.987502,0.457877,0.007875,0.117153,-0.061253,-0.355608,0.637461,1.055422,-0.441645,0.027178,-0.071431
-0.001785,0.043411,0.784425,-0.000409,-0.129895,-0.683658,0.718150,-0.573945,0.280340,0.166083,1.455295,-0.018283,-0.261800,0.193904,-0.127583,-0.187278,0.175666,-0.294077,0.120811,-0.016893,0.019629,0.223194,0.052857,0.345267,-0.465809,0.985806,0.456610,0.007628,0.117936,-0.059680,-0.356527,0.640399,1.055862,-0.442218,0.027146,-0.072193
-0.001539,0.043146,0.784446,-0.000480,-0.130673,-0.683263,0.718384,-0.573488,0.279921,0.165960,1.455388,-0.018278,-0.261800,0.197208,-0.129119,-0.188518,0.173230,-0.294249,0.123014,-0.017389,0.020646,0.221907,0.052646,0.346271,-0.461004,0.984212,0.455801,0.007284,0.118498,-0.057907,-0.357432,0.642632,1.056202,-0.442975,0.027277,-0.072993
-0.001269,0.042848,0.784486,-0.000651,-0.131443,-0.682882,0.718606,-0.573033,0.279845,0.165840,1.455682,-0.018175,-0.261800,0.200566,-0.130464,-0.189641,0.170919,-0.294244,0.124811,-0.017827,0.021844,0.220831,0.052268,0.347296,-0.456283,0.982654,0.455593,0.006762,0.118734,-0.056013,-0.358363,0.644295,1.056418,-0.444193,0.027723,-0.073876
-0.001034,0.042610,0.784521,-0.000871,-0.132224,-0.682486,0.718838,-0.572606,0.279929,0.165687,1.456095,-0.018016,-0.261800,0.204029,-0.131700,-0.190747,0.168599,-0.294115,0.126396,-0.018082,0.023177,0.219784,0.051512,0.348155,-0.451806,0.981467,0.455631,0.006117,0.118793,-0.053968,-0.359141,0.645397,1.056765,-0.445827,0.028379,-0.074908
-0.000831,0.042373,0.784563,-0.001157,-0.132988,-0.682100,0.719064,-0.572264,0.280146,0.165390,1.456668,-0.017878,-0.261800,0.207511,-0.132771,-0.191806,0.166331,-0.293851,0.127547,-0.018414,0.024576,0.218961,0.051008,0.349173,-0.447013,0.979782,0.455971,0.005450,0.118674,-0.051836,-0.360054,0.646203,1.056877,-0.447075,0.028991,-0.075893
-0.000601,0.042112,0.784628,-0.001503,-0.133728,-0.681746,0.719261,-0.572073,0.280470,0.164831,1.457450,-0.017837,-0.261800,0.210768,-0.133646,-0.192765,0.164514,-0.293658,0.128044,-0.018182,0.026148,0.218143,0.049883,0.349869,-0.442806,0.978568,0.456430,0.004967,0.118673,-0.049500,-0.360666,0.646055,1.057301,-0.447416,0.029298,-0.076774
-0.000389,0.041895,0.784683,-0.001958,-0.134427,-0.681434,0.719425,-0.572001,0.280988,0.163974,1.458441,-0.017865,-0.261800,0.213827,-0.134252,-0.193624,0.163170,-0.293407,0.127599,-0.018172,0.027778,0.217846,0.049632,0.351111,-0.437735,0.975828,0.457425,0.004622,0.118392,-0.046970,-0.361755,0.645595,1.056885,-0.446041,0.029085,-0.077245
-0.000208,0.041675,0.784728,-0.002501,-0.135103,-0.681149,0.719567,-0.572032,0.281684,0.162872,1.459626,-0.017940,-0.261800,0.216806,-0.134610,-0.194410,0.162079,-0.293053,0.126405,-0.017650,0.029592,0.217661,0.048950,0.352264,-0.433143,0.973215,0.458644,0.004429,0.118062,-0.044059,-0.362769,0.644133,1.056395,-0.443660,0.028535,-0.077535
-0.000018,0.041485,0.784826,-0.003061,-0.135756,-0.680883,0.719694,-0.572235,0.282373,0.161576,1.460995,-0.018138,-0.261800,0.219601,-0.134881,-0.195103,0.161287,-0.292784,0.124957,-0.016974,0.031437,0.217621,0.048280,0.353462,-0.428569,0.970348,0.459837,0.004266,0.117811,-0.041016,-0.363818,0.642222,1.055782,-0.441108,0.027987,-0.077861
0.000154,0.041268,0.784838,-0.003567,-0.136382,-0.680627,0.719815,-0.572673,0.282862,0.160147,1.462511,-0.018530,-0.261800,0.222184,-0.135209,-0.195691,0.160666,-0.292677,0.123754,-0.016225,0.033183,0.217617,0.047634,0.354643,-0.424017,0.967371,0.460668,0.004050,0.117852,-0.038091,-0.364831,0.640229,1.055336,-0.439228,0.027776,-0.078491
0.000321,0.041058,0.784856,-0.003999,-0.136983,-0.680391,0.719922,-0.573378,0.283107,0.158514,1.464207,-0.019255,-0.261800,0.224572,-0.135581,-0.196115,0.160112,-0.292726,0.122870,-0.015356,0.034837,0.217625,0.046924,0.355705,-0.419411,0.964384,0.461123,0.003835,0.118323,-0.035299,-0.365699,0.638034,1.055128,-0.438356,0.028102,-0.079664
0.000511,0.040875,0.784869,-0.004396,-0.137557,-0.680177,0.720012,-0.574308,0.283204,0.156678,1.466079,-0.020232,-0.261800,0.226788,-0.135939,-0.196397,0.159661,-0.292863,0.122063,-0.014343,0.036465,0.217629,0.046109,0.356611,-0.414839,0.961442,0.461357,0.003657,0.119123,-0.032594,-0.366392,0.635586,1.055190,-0.437976,0.028757,-0.081215
0.000649,0.040700,0.784882,-0.004758,-0.138114,-0.679962,0.720106,-0.575435,0.283180,0.154797,1.468083,-0.021217,-0.261800,0.228701,-0.136382,-0.196640,0.159665,-0.293235,0.121342,-0.013553,0.037876,0.218024,0.046159,0.358242,-0.409799,0.957133,0.461342,0.003298,0.119801,-0.029816,-0.367596,0.633255,1.054536,-0.437708,0.029430,-0.082615
0.000788,0.040553,0.784858,-0.005081,-0.138670,-0.679726,0.720220,-0.576714,0.283067,0.153031,1.470156,-0.021959,-0.261800,0.230219,-0.136988,-0.196939,0.160392,-0.293944,0.120712,-0.012790,0.039169,0.218343,0.046249,0.359935,-0.405260,0.952898,0.460867,0.002722,0.120445,-0.027259,-0.368807,0.631284,1.054318,-0.437236,0.029868,-0.083655
0.000979,0.040371,0.784857,-0.005365,-0.139217,-0.679461,0.720363,-0.578234,0.282854,0.151371,1.472385,-0.022351,-0.261800,0.231329,-0.137809,-0.197346,0.161868,-0.295046,0.120357,-0.012081,0.040443,0.218390,0.045991,0.361159,-0.401368,0.949381,0.459920,0.001892,0.121161,-0.025270,-0.369639,0.629844,1.055323,-0.436390,0.029921,-0.084297
0.001120,0.040214,0.784840,-0.005598,-0.139764,-0.679177,0.720522,-0.579985,0.282532,0.149755,1.474773,-0.022542,-0.261800,0.232069,-0.138792,-0.197799,0.163986,-0.296488,0.120210,-0.011714,0.041453,0.218721,0.046720,0.363120,-0.397159,0.944502,0.458551,0.000774,0.121658,-0.023424,-0.370924,0.628965,1.055973,-0.435213,0.029739,-0.084543
0.001254,0.040077,0.784812,-0.005811,-0.140296,-0.678888,0.720690,-0.581776,0.282116,0.148255,1.477115,-0.022657,-0.261800,0.232441,-0.139869,-0.198228,0.166743,-0.298150,0.119912,-0.011341,0.042363,0.219020,0.047346,0.365060,-0.393325,0.939916,0.456961,-0.000458,0.122184,-0.021753,-0.372138,0.628199,1.056942,-0.434254,0.029560,-0.084624
0.001422,0.039932,0.784805,-0.005996,-0.140834,-0.678600,0.720855,-0.583421,0.281621,0.146948,1.479223,-0.022825,-0.261800,0.232435,-0.140986,-0.198558,0.170170,-0.299936,0.119106,-0.010973,0.043214,0.219260,0.047595,0.366723,-0.389818,0.936193,0.455488,-0.001699,0.122795,-0.020359,-0.373108,0.627461,1.058351,-0.433893,0.029610,-0.084683
0.001540,0.039783,0.784793,-0.006138,-0.141386,-0.678309,0.721020,-0.584878,0.281001,0.145970,1.481016,-0.023063,-0.261800,0.231923,-0.142269,-0.198765,0.174516,-0.301946,0.117798,-0.010705,0.043830,0.219583,0.047781,0.368463,-0.386373,0.932853,0.453849,-0.003069,0.123454,-0.019239,-0.374050,0.627011,1.059899,-0.434313,0.030002,-0.084651
0.001669,0.039683,0.784792,-0.006230,-0.141949,-0.678013,0.721186,-0.586234,0.280253,0.145268,1.482593,-0.023304,-0.261800,0.230850,-0.143740,-0.198868,0.179890,-0.304278,0.116147,-0.010564,0.044166,0.220044,0.048214,0.370541,-0.382925,0.929372,0.451965,-0.004597,0.124068,-0.018285,-0.375081,0.626836,1.061367,-0.435274,0.030596,-0.084455
0.001795,0.039559,0.784808,-0.006334,-0.142482,-0.677730,0.721346,-0.587532,0.279480,0.144591,1.484067,-0.023564,-0.261800,0.229638,-0.145101,-0.198907,0.185431,-0.306542,0.114021,-0.010436,0.044493,0.220499,0.048541,0.372560,-0.379811,0.926312,0.450465,-0.006036,0.124628,-0.017443,-0.375977,0.626472,1.063001,-0.436425,0.031223,-0.084223
0.001899,0.039426,0.784817,-0.006511,-0.142937,-0.677477,0.721492,-0.588814,0.278776,0.143713,1.485550,-0.023867,-0.261800,0.228439,-0.146119,-0.198880,0.190834,-0.308561,0.111285,-0.010336,0.044951,0.220949,0.048910,0.374558,-0.377055,0.923524,0.449943,-0.007181,0.124993,-0.016592,-0.376759,0.625556,1.064650,-0.437383,0.031710,-0.084034
0.001974,0.039279,0.784793,-0.006803,-0.143300,-0.677272,0.721610,-0.590067,0.278154,0.142457,1.487068,-0.024273,-0.261800,0.227482,-0.146658,-0.198815,0.195690,-0.310153,0.107897,-0.010220,0.045641,0.221412,0.049337,0.376566,-0.374836,0.921002,0.450947,-0.007977,0.125157,-0.015645,-0.377428,0.624021,1.066275,-0.438069,0.031949,-0.083836
0.002052,0.039120,0.784775,-0.007170,-0.143592,-0.677100,0.721710,-0.591270,0.277566,0.140991,1.488555,-0.024749,-0.261800,0.226583,-0.146877,-0.198699,0.200346,-0.311487,0.103930,-0.010095,0.046446,0.221885,0.049775,0.378601,-0.373078,0.918770,0.453018,-0.008540,0.125176,-0.014672,-0.378003,0.622019,1.067946,-0.438717,0.032051,-0.083611
0.002095,0.038993,0.784753,-0.007550,-0.143826,-0.676937,0.721812,-0.592478,0.277013,0.139580,1.490006,-0.025187,-0.261800,0.225345,-0.146978,-0.198479,0.205515,-0.312897,0.099411,-0.010014,0.047257,0.222351,0.050196,0.380587,-0.371481,0.916805,0.455261,-0.008896,0.125029,-0.013726,-0.378470,0.619561,1.069551,-0.439278,0.032174,-0.083470
0.002109,0.038855,0.784753,-0.007864,-0.144033,-0.676758,0.721936,-0.593710,0.276503,0.138499,1.491370,-0.025459,-0.261800,0.223380,-0.147168,-0.198093,0.211877,-0.314701,0.094363,-0.010112,0.048066,0.222683,0.050395,0.382073,-0.369742,0.915476,0.456890,-0.009048,0.124783,-0.012952,-0.378756,0.616696,1.071245,-0.439792,0.032493,-0.083564
0.002147,0.038724,0.784727,-0.008120,-0.144185,-0.676574,0.722075,-0.595007,0.276118,0.137823,1.492650,-0.025467,-0.261800,0.220414,-0.147427,-0.197404,0.219904,-0.316985,0.088287,-0.010163,0.048534,0.223278,0.051176,0.384350,-0.367638,0.913135,0.457400,-0.008970,0.123888,-0.011869,-0.379119,0.612799,1.071955,-0.440484,0.033153,-0.083896
0.002186,0.038601,0.784685,-0.008335,-0.144289,-0.676392,0.722223,-0.596338,0.275825,0.137427,1.493860,-0.025300,-0.261800,0.216685,-0.147705,-0.196468,0.229174,-0.319639,0.081316,-0.010353,0.048943,0.223855,0.052030,0.386520,-0.365347,0.910914,0.457468,-0.008633,0.122660,-0.010862,-0.379356,0.608376,1.072522,-0.441199,0.034058,-0.084465
0.002190,0.038472,0.784590,-0.008465,-0.144400,-0.676186,0.722392,-0.597645,0.275422,0.137296,1.494986,-0.025109,-0.261800,0.212660,-0.148173,-0.195530,0.238880,-0.322601,0.074428,-0.010632,0.049152,0.224364,0.052853,0.388619,-0.363142,0.909058,0.457185,-0.008248,0.121544,-0.009883,-0.379507,0.603688,1.072954,-0.441651,0.034861,-0.085047
0.002206,0.038325,0.784511,-0.008496,-0.144549,-0.675930,0.722601,-0.598876,0.274721,0.137385,1.496035,-0.025059,-0.261800,0.208773,-0.148970,-0.194847,0.248291,-0.325798,0.068621,-0.011006,0.049058,0.224750,0.053572,0.390656,-0.361257,0.907802,0.456655,-0.008027,0.120990,-0.008888,-0.379623,0.599062,1.073246,-0.441527,0.035216,-0.085415
0.002215,0.038156,0.784365,-0.008406,-0.144740,-0.675604,0.722868,-0.600066,0.273614,0.137648,1.496995,-0.025240,-0.261800,0.205086,-0.150110,-0.194496,0.257259,-0.329208,0.064209,-0.011575,0.048639,0.224950,0.054137,0.392581,-0.359778,0.907314,0.455668,-0.008044,0.121310,-0.007879,-0.379731,0.594594,1.073370,-0.440325,0.034800,-0.085597
0.002267,0.038009,0.784192,-0.008218,-0.144956,-0.675223,0.723184,-0.601233,0.272237,0.138087,1.497883,-0.025555,-0.261800,0.201408,-0.151486,-0.194348,0.266135,-0.332829,0.060652,-0.012413,0.048061,0.224961,0.054512,0.394142,-0.358515,0.907666,0.454332,-0.008168,0.122257,-0.006951,-0.379828,0.590204,1.073478,-0.438368,0.033888,-0.085704
0.002300,0.037824,0.784033,-0.007984,-0.145197,-0.674816,0.723518,-0.602278,0.270757,0.138738,1.498704,-0.025869,-0.261800,0.197818,-0.153052,-0.194338,0.274898,-0.336576,0.057683,-0.013060,0.047211,0.225078,0.054914,0.396062,-0.357574,0.908037,0.452879,-0.008356,0.123222,-0.005750,-0.379991,0.585472,1.073050,-0.436529,0.032975,-0.085529
0.002303,0.037645,0.783834,-0.007738,-0.145486,-0.674408,0.723843,-0.603113,0.269349,0.139631,1.499493,-0.026054,-0.261800,0.194364,-0.154747,-0.194406,0.283562,-0.340389,0.055039,-0.013625,0.046309,0.225301,0.055268,0.397860,-0.356639,0.908693,0.451940,-0.008515,0.123859,-0.004621,-0.380174,0.580860,1.072553,-0.435477,0.032623,-0.084981
0.002324,0.037410,0.783639,-0.007498,-0.145799,-0.673983,0.724178,-0.603787,0.267952,0.140724,1.500264,-0.026054,-0.261800,0.191164,-0.156573,-0.194673,0.291929,-0.344230,0.052929,-0.014099,0.045382,0.225668,0.055457,0.399511,-0.355810,0.909728,0.451634,-0.008683,0.124131,-0.003522,-0.380380,0.576114,1.071897,-0.435611,0.033291,-0.084168
0.002294,0.037205,0.783438,-0.007222,-0.146159,-0.673531,0.724528,-0.604327,0.266518,0.141997,1.501014,-0.025955,-0.261800,0.188168,-0.158510,-0.195146,0.300025,-0.348109,0.051418,-0.014926,0.044546,0.225924,0.055393,0.400404,-0.354861,0.911779,0.451887,-0.008860,0.124397,-0.002970,-0.380508,0.571950,1.071771,-0.436227,0.034614,-0.083188
0.002302,0.037010,0.783224,-0.006952,-0.146547,-0.673104,0.724849,-0.604596,0.265223,0.143556,1.501685,-0.025805,-0.261800,0.185172,-0.160519,-0.195566,0.308279,-0.352074,0.050026,-0.014861,0.043468,0.226513,0.055209,0.401975,-0.354482,0.913424,0.452208,-0.008974,0.124254,-0.001482,-0.380844,0.566734,1.070521,-0.437587,0.035776,-0.081587
0.002298,0.036774,0.782985,-0.006697,-0.146972,-0.672746,0.725098,-0.604478,0.264259,0.145474,1.502248,-0.025667,-0.261800,0.181997,-0.162542,-0.195676,0.317026,-0.356117,0.048266,-0.014986,0.042415,0.226952,0.055271,0.402969,-0.353541,0.915490,0.452907,-0.008893,0.123911,-0.000469,-0.381121,0.562765,1.069961,-0.438642,0.036103,-0.079279
0.002285,0.036551,0.782739,-0.006446,-0.147437,-0.672486,0.725247,-0.603925,0.263702,0.147899,1.502697,-0.025560,-0.261800,0.178423,-0.164646,-0.195335,0.326667,-0.360353,0.045999,-0.014759,0.041268,0.227348,0.055428,0.403742,-0.352355,0.917799,0.454182,-0.008531,0.123142,0.000640,-0.381422,0.559177,1.069544,-0.439849,0.035112,-0.075702
0.002247,0.036256,0.782476,-0.006183,-0.147950,-0.672290,0.725326,-0.602994,0.263441,0.150755,1.503036,-0.025443,-0.261800,0.174584,-0.166835,-0.194697,0.336952,-0.364738,0.043494,-0.014284,0.040025,0.227723,0.055654,0.404314,-0.350995,0.920378,0.455956,-0.007969,0.122023,0.001751,-0.381747,0.555977,1.069263,-0.441235,0.033286,-0.071149
0.002210,0.035981,0.782232,-0.005955,-0.148491,-0.672128,0.725369,-0.601755,0.263372,0.153775,1.503288,-0.025306,-0.261800,0.170967,-0.168940,-0.193963,0.346965,-0.368975,0.040855,-0.013572,0.038763,0.228263,0.055989,0.404909,-0.349561,0.922786,0.457576,-0.007374,0.120755,0.003096,-0.382238,0.553005,1.068687,-0.442541,0.031265,-0.066485
0.002149,0.035686,0.781924,-0.005782,-0.149056,-0.671961,0.725408,-0.600243,0.263381,0.156732,1.503438,-0.025126,-0.261800,0.167871,-0.170862,-0.193292,0.356192,-0.372891,0.038184,-0.012980,0.037566,0.228802,0.056416,0.405295,-0.348097,0.925222,0.458385,-0.006855,0.119707,0.004192,-0.382681,0.551063,1.068460,-0.443102,0.029753,-0.062725
0.002051,0.035371,0.781670,-0.005650,-0.149687,-0.671807,0.725422,-0.598303,0.263449,0.159753,1.503390,-0.024871,-0.261800,0.165432,-0.172657,-0.192655,0.364397,-0.376392,0.035581,-0.012318,0.036354,0.229381,0.056778,0.405511,-0.346662,0.927810,0.458054,-0.006451,0.118929,0.005070,-0.383022,0.550091,1.068623,-0.442504,0.028883,-0.059964
0.001944,0.035002,0.781387,-0.005555,-0.150372,-0.671673,0.725405,-0.595971,0.263626,0.162906,1.503189,-0.024566,-0.261800,0.163420,-0.174382,-0.191977,0.372010,-0.379640,0.032964,-0.011801,0.035085,0.230397,0.057861,0.405844,-0.344438,0.929425,0.457250,-0.006109,0.118094,0.006025,-0.383738,0.549823,1.068189,-0.441270,0.028336,-0.057612
0.001892,0.034645,0.781135,-0.005513,-0.151037,-0.671525,0.725405,-0.593568,0.263914,0.165869,1.502998,-0.024250,-0.261800,0.161756,-0.175886,-0.191396,0.379085,-0.382647,0.030153,-0.011341,0.033928,0.231283,0.058932,0.406063,-0.342492,0.931174,0.455991,-0.005810,0.117379,0.006842,-0.384420,0.550287,1.068104,-0.439979,0.028003,-0.055934
0.001810,0.034232,0.780859,-0.005550,-0.151605,-0.671322,0.725473,-0.591421,0.264322,0.168312,1.503005,-0.023969,-0.261800,0.160349,-0.177033,-0.191053,0.385730,-0.385451,0.026967,-0.011168,0.033030,0.232080,0.060235,0.406244,-0.340754,0.932633,0.454790,-0.005558,0.116722,0.007635,-0.385190,0.551138,1.068086,-0.439629,0.027804,-0.055011
0.001715,0.033763,0.780615,-0.005678,-0.152072,-0.671059,0.725619,-0.589566,0.264820,0.170156,1.503235,-0.023662,-0.261800,0.159136,-0.177823,-0.190965,0.392132,-0.388111,0.023171,-0.011076,0.032410,0.232725,0.061497,0.406387,-0.339624,0.934012,0.453371,-0.005386,0.116088,0.008396,-0.385910,0.552322,1.068367,-0.440825,0.027761,-0.055226
0.001627,0.033301,0.780382,-0.005880,-0.152474,-0.670753,0.725815,-0.587842,0.265417,0.171576,1.503588,-0.023321,-0.261800,0.158163,-0.178334,-0.191051,0.398218,-0.390615,0.018908,-0.011083,0.031986,0.233304,0.062857,0.406522,-0.338838,0.935196,0.451652,-0.005287,0.115480,0.009138,-0.386631,0.553958,1.068806,-0.442989,0.027907,-0.056388
0.001480,0.032804,0.780154,-0.006142,-0.152797,-0.670407,0.726065,-0.586287,0.266179,0.172630,1.504091,-0.023104,-0.261800,0.157542,-0.178533,-0.191328,0.403612,-0.392857,0.014596,-0.011164,0.031725,0.233749,0.064226,0.406630,-0.338381,0.936360,0.450177,-0.005157,0.115043,0.009910,-0.387258,0.555618,1.069396,-0.445328,0.028158,-0.057857
0.001347,0.032268,0.779939,-0.006448,-0.153027,-0.670019,0.726372,-0.584926,0.267173,0.173380,1.504742,-0.023153,-0.261800,0.157353,-0.178381,-0.191789,0.407998,-0.394738,0.010642,-0.011405,0.031618,0.234028,0.065689,0.406704,-0.338067,0.937494,0.449521,-0.004908,0.114897,0.010796,-0.387822,0.557013,1.069948,-0.446977,0.028430,-0.058961
0.001165,0.031688,0.779746,-0.006852,-0.153136,-0.669585,0.726745,-0.583788,0.268550,0.173708,1.505651,-0.023575,-0.261800,0.157782,-0.177683,-0.192426,0.411067,-0.396147,0.007033,-0.011772,0.031779,0.234109,0.067120,0.406744,-0.338089,0.938703,0.450206,-0.004403,0.115307,0.011806,-0.388319,0.558167,1.070560,-0.447729,0.028663,-0.059432
0.001015,0.031111,0.779565,-0.007350,-0.153135,-0.669107,0.727181,-0.582840,0.270227,0.173623,1.506756,-0.024255,-0.261800,0.158701,-0.176528,-0.193245,0.413145,-0.397195,0.003591,-0.012179,0.032138,0.234084,0.068562,0.406757,-0.338408,0.939826,0.451907,-0.003697,0.116134,0.012891,-0.388560,0.558983,1.071291,-0.448185,0.028964,-0.059672
0.000862,0.030532,0.779414,-0.007820,-0.153082,-0.668591,0.727661,-0.582075,0.271946,0.173362,1.507908,-0.025067,-0.261800,0.159839,-0.175278,-0.194264,0.414567,-0.398063,0.000483,-0.012901,0.032565,0.233800,0.070291,0.406729,-0.338787,0.940916,0.453442,-0.003070,0.116912,0.014130,-0.389059,0.560004,1.071789,-0.447974,0.029342,-0.059968
0.000676,0.029956,0.779258,-0.008163,-0.153021,-0.668041,0.728175,-0.581444,0.273424,0.173173,1.508901,-0.025848,-0.261800,0.160929,-0.174309,-0.195515,0.415692,-0.398935,-0.002126,-0.013611,0.032774,0.233527,0.071997,0.406619,-0.338882,0.942072,0.454223,-0.002800,0.117114,0.015448,-0.389394,0.560023,1.072125,-0.447932,0.029794,-0.060650
0.000500,0.029381,0.779128,-0.008338,-0.152947,-0.667429,0.728750,-0.581033,0.274565,0.173026,1.509732,-0.026626,-0.261800,0.161955,-0.173686,-0.197153,0.416451,-0.399836,-0.004153,-0.014409,0.032757,0.233170,0.073692,0.406305,-0.338664,0.943436,0.453760,-0.003076,0.116476,0.017169,-0.389745,0.558976,1.071862,-0.448023,0.030420,-0.061782
0.000320,0.028780,0.779024,-0.008413,-0.152834,-0.666762,0.729383,-0.580827,0.275513,0.172827,1.510482,-0.027462,-0.261800,0.163018,-0.173236,-0.199110,0.416750,-0.400690,-0.005695,-0.015345,0.032573,0.232669,0.075471,0.405891,-0.338251,0.944908,0.452557,-0.003716,0.115293,0.018932,-0.389898,0.557220,1.071583,-0.448090,0.031145,-0.063243
0.000124,0.028188,0.778946,-0.008425,-0.152712,-0.666102,0.730011,-0.580666,0.276403,0.172692,1.511135,-0.028263,-0.261800,0.164103,-0.172876,-0.201106,0.416750,-0.401455,-0.006864,-0.016155,0.032358,0.232141,0.077068,0.405287,-0.337885,0.946579,0.451255,-0.004380,0.114070,0.020786,-0.389928,0.554833,1.071225,-0.448078,0.031922,-0.064953
-0.000048,0.027602,0.778878,-0.008420,-0.152598,-0.665516,0.730569,-0.580399,0.277361,0.172739,1.511683,-0.028944,-0.261800,0.165153,-0.172553,-0.202852,0.416684,-0.402135,-0.007774,-0.016704,0.032220,0.231644,0.078443,0.404501,-0.337757,0.948357,0.450385,-0.004721,0.113295,0.022606,-0.389848,0.552101,1.070963,-0.447872,0.032678,-0.066857
-0.000211,0.027033,0.778792,-0.008426,-0.152493,-0.665012,0.731049,-0.579982,0.278464,0.172978,1.512158,-0.029479,-0.261800,0.166251,-0.172212,-0.204305,0.416478,-0.402674,-0.008373,-0.016867,0.032263,0.231165,0.079298,0.403364,-0.338135,0.950587,0.450057,-0.004579,0.113255,0.024492,-0.389645,0.548846,1.070797,-0.447430,0.033454,-0.069067
-0.000344,0.026481,0.778764,-0.008409,-0.152396,-0.664559,0.731482,-0.579499,0.279630,0.173355,1.512560,-0.029920,-0.261800,0.167369,-0.171903,-0.205602,0.416099,-0.403116,-0.008631,-0.016784,0.032464,0.230602,0.079681,0.401753,-0.338905,0.953374,0.449992,-0.004131,0.113702,0.026390,-0.389290,0.545085,1.070829,-0.446800,0.034275,-0.071597
-0.000483,0.025902,0.778718,-0.008343,-0.152290,-0.664161,0.731866,-0.578977,0.280744,0.173883,1.512805,-0.030275,-0.261800,0.168375,-0.171691,-0.206753,0.415668,-0.403504,-0.008684,-0.016714,0.032542,0.230142,0.080453,0.400322,-0.339372,0.955575,0.450156,-0.003641,0.114107,0.028105,-0.388909,0.541364,1.070803,-0.445907,0.035033,-0.074166
-0.000641,0.025390,0.778717,-0.008190,-0.152177,-0.663824,0.732197,-0.578451,0.281696,0.174572,1.512811,-0.030550,-0.261800,0.169116,-0.171644,-0.207764,0.415349,-0.403914,-0.008671,-0.016599,0.032432,0.229806,0.081628,0.399190,-0.339472,0.957021,0.450481,-0.003315,0.114132,0.029583,-0.388567,0.537846,1.070702,-0.444810,0.035627,-0.076541
-0.000784,0.024889,0.778697,-0.007942,-0.152058,-0.663553,0.732470,-0.577904,0.282500,0.175450,1.512529,-0.030766,-0.261800,0.169577,-0.171758,-0.208659,0.415146,-0.404339,-0.008634,-0.015938,0.032463,0.229359,0.081981,0.397388,-0.339902,0.959180,0.451401,-0.003125,0.113905,0.031007,-0.388057,0.533772,1.070988,-0.443960,0.036010,-0.078886
-0.000904,0.024413,0.778695,-0.007612,-0.151936,-0.663342,0.732690,-0.577337,0.283192,0.176508,1.512019,-0.030916,-0.261800,0.169805,-0.172017,-0.209425,0.415039,-0.404775,-0.008497,-0.015393,0.032278,0.229086,0.083091,0.395995,-0.339695,0.960250,0.452685,-0.003064,0.113278,0.032190,-0.387655,0.530015,1.071072,-0.442841,0.036232,-0.081173
-0.001013,0.023952,0.778704,-0.007212,-0.151807,-0.663188,0.732860,-0.576770,0.283730,0.177675,1.511345,-0.030956,-0.261800,0.169823,-0.172417,-0.210018,0.414981,-0.405215,-0.008228,-0.014601,0.032125,0.228801,0.083843,0.394344,-0.339662,0.961514,0.453880,-0.003024,0.112691,0.033229,-0.387201,0.526116,1.071291,-0.441577,0.036394,-0.083214
-0.001136,0.023525,0.778730,-0.006733,-0.151687,-0.663086,0.732982,-0.576254,0.284063,0.178882,1.510614,-0.030867,-0.261800,0.169613,-0.172970,-0.210391,0.415015,-0.405690,-0.007791,-0.013776,0.031944,0.228529,0.084474,0.392605,-0.339694,0.962743,0.454447,-0.002979,0.112309,0.033980,-0.386758,0.522484,1.071592,-0.439887,0.036591,-0.084740
-0.001235,0.023127,0.778776,-0.006134,-0.151590,-0.663031,0.733058,-0.575780,0.284082,0.180179,1.509750,-0.030600,-0.261800,0.169117,-0.173761,-0.210503,0.415179,-0.406242,-0.007147,-0.013068,0.031457,0.228379,0.085671,0.391405,-0.339379,0.963009,0.453905,-0.002950,0.112101,0.034536,-0.386437,0.519182,1.071543,-0.437238,0.036869,-0.085558
-0.001341,0.022718,0.778811,-0.005443,-0.151493,-0.663028,0.733085,-0.575331,0.283851,0.181573,1.508736,-0.030185,-0.261800,0.168362,-0.174745,-0.210392,0.415442,-0.406842,-0.006326,-0.011979,0.031080,0.228104,0.086015,0.389602,-0.339524,0.964057,0.452797,-0.002865,0.112264,0.034968,-0.385990,0.515523,1.071774,-0.434164,0.037191,-0.085931
-0.001416,0.022351,0.778859,-0.004722,-0.151389,-0.663082,0.733063,-0.574923,0.283552,0.182963,1.507728,-0.029693,-0.261800,0.167462,-0.175793,-0.210112,0.415740,-0.407427,-0.005392,-0.011167,0.030482,0.228088,0.087220,0.388528,-0.339264,0.963861,0.451461,-0.002890,0.112161,0.035025,-0.385728,0.512724,1.071744,-0.431030,0.037438,-0.085926
-0.001470,0.022006,0.778910,-0.004036,-0.151276,-0.663192,0.732991,-0.574564,0.283385,0.184216,1.506868,-0.029195,-0.261800,0.166552,-0.176727,-0.209723,0.415964,-0.407911,-0.004416,-0.010046,0.030346,0.228101,0.087371,0.386639,-0.339762,0.964787,0.450796,-0.002940,0.112008,0.034761,-0.385387,0.510109,1.072259,-0.429154,0.037543,-0.085856
-0.001515,0.021674,0.778951,-0.003407,-0.151141,-0.663360,0.732870,-0.574308,0.283255,0.185219,1.506228,-0.028657,-0.261800,0.165587,-0.177568,-0.209225,0.416237,-0.408338,-0.003399,-0.009261,0.030125,0.228531,0.088434,0.385538,-0.340034,0.964406,0.450584,-0.003237,0.111152,0.033973,-0.385259,0.508698,1.072678,-0.428472,0.037382,-0.085511
-0.001557,0.021380,0.778997,-0.002800,-0.150990,-0.663585,0.732700,-0.574126,0.283115,0.186052,1.505709,-0.028055,-0.261800,0.164558,-0.178360,-0.208597,0.416498,-0.408697,-0.002312,-0.008378,0.030244,0.229036,0.088898,0.383852,-0.340763,0.964639,0.450800,-0.003622,0.110151,0.032814,-0.385200,0.507710,1.073491,-0.428814,0.037059,-0.084932
-0.001594,0.021112,0.779075,-0.002200,-0.150830,-0.663865,0.732481,-0.573926,0.283192,0.186951,1.505240,-0.027483,-0.261800,0.163505,-0.179079,-0.207845,0.416645,-0.408968,-0.001166,-0.007565,0.030440,0.229710,0.089500,0.382355,-0.341485,0.964543,0.451285,-0.003999,0.109075,0.031344,-0.385294,0.507457,1.074223,-0.429369,0.036712,-0.084282
-0.001610,0.020889,0.779144,-0.001621,-0.150632,-0.664203,0.732217,-0.573601,0.283716,0.188150,1.504743,-0.027029,-0.261800,0.162491,-0.179704,-0.206983,0.416530,-0.409098,0.000029,-0.006701,0.030711,0.230469,0.090057,0.381042,-0.342219,0.964329,0.452040,-0.004210,0.108225,0.029657,-0.385529,0.507838,1.074783,-0.429538,0.036492,-0.083783
-0.001593,0.020668,0.779225,-0.001056,-0.150401,-0.664623,0.731885,-0.573107,0.284855,0.189775,1.504220,-0.026701,-0.261800,0.161573,-0.180190,-0.205979,0.415990,-0.409037,0.001374,-0.005662,0.031104,0.231291,0.090492,0.379927,-0.343055,0.964020,0.453356,-0.004146,0.107657,0.027747,-0.385894,0.509088,1.075170,-0.428882,0.036473,-0.083571
-0.001592,0.020449,0.779299,-0.000524,-0.150126,-0.665116,0.731493,-0.572494,0.286456,0.191675,1.503700,-0.026456,-0.261800,0.160705,-0.180545,-0.204839,0.415128,-0.408815,0.002839,-0.004652,0.031847,0.232129,0.090564,0.378384,-0.343940,0.964118,0.455299,-0.003889,0.107362,0.025555,-0.386643,0.511311,1.075482,-0.427750,0.036579,-0.083491
-0.001560,0.020253,0.779398,0.000012,-0.149843,-0.665632,0.731082,-0.571836,0.288251,0.193691,1.503153,-0.026300,-0.261800,0.159808,-0.180866,-0.203631,0.414213,-0.408522,0.004214,-0.003614,0.032511,0.233130,0.090739,0.377288,-0.344885,0.963853,0.457004,-0.003628,0.107131,0.023199,-0.387352,0.513675,1.075634,-0.426948,0.036691,-0.083379
-0.001528,0.020064,0.779519,0.000550,-0.149559,-0.666124,0.730692,-0.571197,0.289994,0.195653,1.502549,-0.026232,-0.261800,0.158805,-0.181216,-0.202423,0.413482,-0.408237,0.005288,-0.002755,0.033043,0.234309,0.091016,0.376497,-0.345777,0.963353,0.457884,-0.003491,0.106984,0.020631,-0.387948,0.515648,1.075756,-0.427219,0.036723,-0.083078
-0.001498,0.019885,0.779604,0.001107,-0.149298,-0.666589,0.730321,-0.570522,0.291742,0.197642,1.501850,-0.026288,-0.261800,0.157682,-0.181592,-0.201199,0.412989,-0.407993,0.005998,-0.002482,0.033742,0.235522,0.091146,0.375189,-0.346370,0.963434,0.457535,-0.003554,0.107289,0.017734,-0.388927,0.517758,1.075893,-0.428833,0.036799,-0.082759
-0.001469,0.019724,0.779743,0.001648,-0.149022,-0.667055,0.729950,-0.569784,0.293577,0.199720,1.501083,-0.026454,-0.261800,0.156476,-0.181977,-0.199926,0.412621,-0.407746,0.006459,-0.002279,0.034454,0.236922,0.091159,0.373903,-0.346958,0.963556,0.456371,-0.003694,0.107868,0.014678,-0.389955,0.519515,1.075938,-0.431677,0.036895,-0.082448
-0.001455,0.019574,0.779872,0.002204,-0.148743,-0.667497,0.729601,-0.569162,0.295333,0.201622,1.500307,-0.026666,-0.261800,0.155199,-0.182326,-0.198690,0.412293,-0.407420,0.006726,-0.002222,0.035169,0.238362,0.091021,0.372749,-0.347721,0.963720,0.455134,-0.003877,0.108345,0.011500,-0.390980,0.521256,1.075899,-0.434518,0.036812,-0.081690
-0.001433,0.019456,0.780026,0.002743,-0.148408,-0.667899,0.729300,-0.568822,0.296831,0.203095,1.499568,-0.026859,-0.261800,0.153822,-0.182612,-0.197565,0.412020,-0.406990,0.006854,-0.002241,0.035740,0.239761,0.090790,0.372103,-0.348865,0.963674,0.454562,-0.004055,0.108284,0.008166,-0.391709,0.523022,1.075936,-0.436338,0.036336,-0.080062
-0.001411,0.019323,0.780175,0.003269,-0.148014,-0.668266,0.729042,-0.568845,0.298091,0.204031,1.498923,-0.027021,-0.261800,0.152358,-0.182751,-0.196561,0.411686,-0.406332,0.006809,-0.002530,0.036442,0.241001,0.090259,0.371449,-0.350444,0.963891,0.454927,-0.004278,0.107582,0.004750,-0.392710,0.525403,1.075815,-0.436147,0.035201,-0.076865
-0.001366,0.019220,0.780280,0.003790,-0.147576,-0.668607,0.728815,-0.569122,0.299179,0.204587,1.498316,-0.027185,-0.261800,0.150788,-0.182794,-0.195638,0.411389,-0.405532,0.006578,-0.002936,0.037122,0.242224,0.089578,0.371050,-0.352332,0.964069,0.455828,-0.004557,0.106405,0.001204,-0.393690,0.527921,1.075627,-0.434904,0.033576,-0.072534
-0.001365,0.019145,0.780415,0.004303,-0.147112,-0.668897,0.728640,-0.569578,0.300030,0.204857,1.497685,-0.027348,-0.261800,0.149170,-0.182808,-0.194829,0.411118,-0.404699,0.006244,-0.003550,0.037802,0.243465,0.088748,0.370838,-0.354400,0.964170,0.457046,-0.004759,0.105068,-0.002342,-0.394674,0.530350,1.075243,-0.433549,0.031993,-0.068194
-0.001341,0.019095,0.780539,0.004815,-0.146644,-0.669118,0.728528,-0.570142,0.300586,0.204927,1.496963,-0.027521,-0.261800,0.147555,-0.182835,-0.194165,0.410875,-0.403942,0.005883,-0.004406,0.038645,0.244836,0.087722,0.370697,-0.356610,0.964083,0.458316,-0.004759,0.103881,-0.005370,-0.396216,0.532334,1.073929,-0.432951,0.030964,-0.064880
-0.001342,0.019049,0.780630,0.005322,-0.146169,-0.669245,0.728504,-0.570830,0.300781,0.204774,1.496128,-0.027731,-0.261800,0.145945,-0.182918,-0.193690,0.410694,-0.403325,0.005475,-0.005501,0.039334,0.246245,0.086447,0.370816,-0.358925,0.963944,0.459881,-0.004400,0.102752,-0.008582,-0.397188,0.533683,1.072827,-0.433940,0.030699,-0.063005
-0.001294,0.019035,0.780741,0.005832,-0.145687,-0.669295,0.728550,-0.571673,0.300668,0.204359,1.495218,-0.027969,-0.261800,0.144327,-0.182981,-0.193380,0.410517,-0.402757,0.004988,-0.006811,0.040002,0.247674,0.084940,0.371147,-0.361505,0.963749,0.461678,-0.003787,0.101582,-0.011704,-0.398095,0.534652,1.071486,-0.435724,0.030903,-0.061918
-0.001254,0.019019,0.780844,0.006337,-0.145201,-0.669306,0.728633,-0.572576,0.300317,0.203806,1.494218,-0.028157,-0.261800,0.142672,-0.183094,-0.193143,0.410436,-0.402231,0.004503,-0.008180,0.040644,0.249167,0.083243,0.371675,-0.364154,0.963442,0.463458,-0.003173,0.100634,-0.014751,-0.398929,0.535259,1.070042,-0.437666,0.031303,-0.061547
-0.001211,0.019042,0.780960,0.006845,-0.144726,-0.669317,0.728713,-0.573455,0.299803,0.203229,1.493130,-0.028217,-0.261800,0.140962,-0.183246,-0.192895,0.410462,-0.401697,0.004093,-0.009405,0.041262,0.250776,0.081408,0.372471,-0.366779,0.962895,0.464886,-0.002805,0.100161,-0.017583,-0.399825,0.535444,1.068433,-0.439127,0.031631,-0.061799
-0.001158,0.019049,0.781063,0.007383,-0.144274,-0.669326,0.728789,-0.574318,0.299040,0.202626,1.491905,-0.028080,-0.261800,0.139126,-0.183526,-0.192588,0.410707,-0.401164,0.003782,-0.010647,0.041832,0.252452,0.079422,0.373315,-0.369147,0.962297,0.465914,-0.002818,0.100403,-0.020561,-0.400551,0.535500,1.067118,-0.440046,0.031894,-0.063010
-0.001124,0.019075,0.781173,0.007931,-0.143826,-0.669320,0.728877,-0.575200,0.298025,0.201941,1.490561,-0.027798,-0.261800,0.137196,-0.183885,-0.192279,0.411111,-0.400642,0.003528,-0.012067,0.042389,0.254137,0.077213,0.374042,-0.371253,0.961848,0.466798,-0.003051,0.101209,-0.023850,-0.401044,0.535517,1.066263,-0.440729,0.032219,-0.065139
-0.001085,0.019151,0.781263,0.008456,-0.143387,-0.669304,0.728972,-0.576046,0.296943,0.201234,1.489181,-0.027495,-0.261800,0.135306,-0.184192,-0.192029,0.411497,-0.400120,0.003312,-0.013273,0.042963,0.255919,0.074849,0.375110,-0.373545,0.961131,0.467518,-0.003301,0.102199,-0.026731,-0.401633,0.534967,1.065036,-0.441047,0.032511,-0.067517
-0.001038,0.019227,0.781390,0.008904,-0.142942,-0.669286,0.729071,-0.576797,0.295978,0.200557,1.487856,-0.027292,-0.261800,0.133629,-0.184385,-0.191895,0.411652,-0.399578,0.003125,-0.014662,0.043631,0.257789,0.072510,0.376081,-0.375356,0.960288,0.468713,-0.003364,0.103123,-0.029730,-0.402076,0.534234,1.063951,-0.440930,0.032714,-0.069615
-0.000974,0.019326,0.781437,0.009255,-0.142498,-0.669268,0.729170,-0.577435,0.295167,0.199890,1.486601,-0.027225,-0.261800,0.132219,-0.184376,-0.191926,0.411508,-0.399020,0.002973,-0.015532,0.044264,0.260039,0.070389,0.378121,-0.377442,0.958292,0.470114,-0.003161,0.103737,-0.031716,-0.402846,0.532226,1.061570,-0.440201,0.032765,-0.071226
-0.000905,0.019440,0.781502,0.009531,-0.142055,-0.669247,0.729272,-0.577988,0.294424,0.199210,1.485376,-0.027229,-0.261800,0.131012,-0.184220,-0.192084,0.411127,-0.398426,0.002860,-0.016796,0.045023,0.262348,0.068315,0.379873,-0.378864,0.956318,0.472122,-0.002779,0.104446,-0.034098,-0.403379,0.530261,1.059620,-0.438893,0.032764,-0.072813
-0.000865,0.019524,0.781557,0.009780,-0.141611,-0.669217,0.729383,-0.578477,0.293717,0.198590,1.484156,-0.027264,-0.261800,0.129874,-0.184016,-0.192294,0.410693,-0.397835,0.002762,-0.018152,0.045843,0.264613,0.066092,0.381464,-0.380023,0.954454,0.474161,-0.002377,0.105177,-0.036580,-0.403761,0.528249,1.057976,-0.437438,0.032689,-0.074269
-0.000824,0.019635,0.781628,0.010040,-0.141161,-0.669171,0.729509,-0.578919,0.293006,0.198108,1.482927,-0.027292,-0.261800,0.128655,-0.183822,-0.192486,0.410401,-0.397298,0.002651,-0.019296,0.046492,0.266903,0.063984,0.383574,-0.381134,0.952025,0.475579,-0.002151,0.105706,-0.038727,-0.404156,0.525990,1.056121,-0.436312,0.032500,-0.075438
-0.000782,0.019762,0.781673,0.010319,-0.140693,-0.669113,0.729648,-0.579299,0.292307,0.197796,1.481645,-0.027331,-0.261800,0.127358,-0.183645,-0.192624,0.410200,-0.396765,0.002560,-0.020512,0.047040,0.269098,0.062007,0.385814,-0.381840,0.949301,0.476384,-0.002130,0.106053,-0.040873,-0.404430,0.523809,1.054467,-0.435552,0.032124,-0.076207
-0.000751,0.019899,0.781693,0.010597,-0.140215,-0.669045,0.729799,-0.579619,0.291645,0.197602,1.480345,-0.027401,-0.261800,0.126058,-0.183427,-0.192756,0.409996,-0.396221,0.002489,-0.021970,0.047730,0.271065,0.059697,0.387406,-0.382139,0.947174,0.477032,-0.002191,0.106448,-0.043345,-0.404542,0.521916,1.053521,-0.434898,0.031628,-0.076732
-0.000732,0.020002,0.781712,0.010876,-0.139751,-0.668956,0.729965,-0.579898,0.290951,0.197494,1.479065,-0.027428,-0.261800,0.124711,-0.183251,-0.192922,0.409952,-0.395764,0.002370,-0.023156,0.048152,0.273185,0.057667,0.389869,-0.382469,0.944148,0.477221,-0.002372,0.106646,-0.045414,-0.404605,0.519693,1.052198,-0.434465,0.031131,-0.077172
-0.000704,0.020129,0.781721,0.011135,-0.139300,-0.668841,0.730153,-0.580150,0.290187,0.197425,1.477848,-0.027343,-0.261800,0.123302,-0.183097,-0.193176,0.410139,-0.395451,0.002128,-0.024464,0.048504,0.275291,0.055572,0.392308,-0.382666,0.941182,0.477395,-0.002623,0.106925,-0.047711,-0.404570,0.518019,1.051280,-0.434036,0.030853,-0.077889
-0.000661,0.020255,0.781712,0.011381,-0.138873,-0.668704,0.730356,-0.580362,0.289413,0.197465,1.476696,-0.027104,-0.261800,0.121794,-0.183020,-0.193521,0.410641,-0.395353,0.001763,-0.025793,0.048829,0.277394,0.053245,0.394621,-0.382763,0.938395,0.477692,-0.002984,0.107208,-0.050142,-0.404469,0.516786,1.050719,-0.433623,0.030885,-0.079026
-0.000624,0.020411,0.781700,0.011620,-0.138465,-0.668546,0.730575,-0.580536,0.288623,0.197610,1.475601,-0.026761,-0.261800,0.120207,-0.182989,-0.193936,0.411390,-0.395419,0.001307,-0.027082,0.049012,0.279554,0.050974,0.397228,-0.382723,0.935294,0.477898,-0.003466,0.107400,-0.052593,-0.404293,0.515801,1.050308,-0.433261,0.031103,-0.080389
-0.000618,0.020564,0.781670,0.011844,-0.138070,-0.668355,0.730820,-0.580699,0.287697,0.197702,1.474549,-0.026365,-0.261800,0.118627,-0.182966,-0.194422,0.412234,-0.395512,0.000744,-0.028466,0.049159,0.281668,0.048597,0.399804,-0.382719,0.932317,0.477875,-0.003953,0.107796,-0.055084,-0.404056,0.515109,1.050121,-0.433058,0.031395,-0.081779
-0.000592,0.020697,0.781657,0.012056,-0.137688,-0.668122,0.731102,-0.580885,0.286500,0.197583,1.473544,-0.025973,-0.261800,0.117124,-0.182923,-0.194979,0.413055,-0.395518,0.000062,-0.029980,0.049195,0.283723,0.046286,0.402558,-0.382918,0.929323,0.477369,-0.004346,0.108584,-0.057561,-0.403742,0.514642,1.050083,-0.433140,0.031634,-0.082985
-0.000527,0.020848,0.781635,0.012273,-0.137323,-0.667843,0.731422,-0.581099,0.284957,0.197285,1.472572,-0.025542,-0.261800,0.115744,-0.182957,-0.195583,0.413737,-0.395418,-0.000506,-0.031672,0.049154,0.285650,0.043863,0.405284,-0.383478,0.926586,0.475996,-0.004577,0.110096,-0.060107,-0.403386,0.514575,1.050315,-0.433613,0.031795,-0.083963
-0.000504,0.020978,0.781603,0.012496,-0.136979,-0.667523,0.731775,-0.581316,0.283146,0.196875,1.471631,-0.025058,-0.261800,0.114412,-0.183018,-0.196250,0.414412,-0.395293,-0.001035,-0.033471,0.048971,0.287520,0.041484,0.408208,-0.384254,0.923795,0.473944,-0.004723,0.112089,-0.062682,-0.402958,0.514823,1.050736,-0.434399,0.031937,-0.084815
-0.000496,0.021105,0.781588,0.012668,-0.136633,-0.667164,0.732163,-0.581555,0.281192,0.196220,1.470767,-0.024639,-0.261800,0.113143,-0.182981,-0.197010,0.415151,-0.395078,-0.001989,-0.035353,0.048794,0.289358,0.039066,0.411169,-0.385098,0.921103,0.472001,-0.004869,0.114091,-0.065152,-0.402457,0.515111,1.051222,-0.435287,0.032086,-0.085569
-0.000504,0.021251,0.781575,0.012729,-0.136255,-0.666766,0.732595,-0.581804,0.279216,0.195205,1.470002,-0.024395,-0.261800,0.111931,-0.182691,-0.197906,0.416059,-0.394725,-0.003835,-0.037264,0.048736,0.291212,0.036613,0.414125,-0.385860,0.918529,0.470926,-0.005093,0.115610,-0.067333,-0.401855,0.515101,1.051588,-0.436099,0.032266,-0.086249
-0.000487,0.021368,0.781564,0.012608,-0.135831,-0.666345,0.733059,-0.581993,0.277317,0.193702,1.469364,-0.024433,-0.261800,0.110852,-0.181996,-0.198953,0.417148,-0.394152,-0.006944,-0.039198,0.048908,0.293145,0.034125,0.417048,-0.386488,0.916101,0.471141,-0.005470,0.116470,-0.069254,-0.401150,0.514759,1.051921,-0.436781,0.032491,-0.086907
-0.000466,0.021530,0.781530,0.012357,-0.135379,-0.665893,0.733558,-0.582142,0.275409,0.191808,1.468829,-0.024665,-0.261800,0.109882,-0.181017,-0.200134,0.418371,-0.393413,-0.010987,-0.041173,0.049237,0.295113,0.031575,0.419934,-0.387076,0.913833,0.472172,-0.005936,0.116955,-0.070975,-0.400337,0.514245,1.052263,-0.437429,0.032748,-0.087516
-0.000511,0.021649,0.781513,0.012095,-0.134916,-0.665383,0.734110,-0.582411,0.273333,0.189734,1.468376,-0.024932,-0.261800,0.108867,-0.180001,-0.201437,0.419748,-0.392692,-0.015381,-0.043188,0.049520,0.296972,0.028919,0.422793,-0.387696,0.911765,0.473448,-0.006361,0.117271,-0.072437,-0.399429,0.513499,1.052512,-0.438132,0.033013,-0.087994
-0.000532,0.021716,0.781453,0.011940,-0.134460,-0.664788,0.734735,-0.582960,0.270922,0.187695,1.467962,-0.025053,-0.261800,0.107622,-0.179205,-0.202836,0.421356,-0.392200,-0.019547,-0.045220,0.049563,0.298593,0.026087,0.425645,-0.388453,0.909929,0.474380,-0.006619,0.117623,-0.073585,-0.398433,0.512503,1.052533,-0.438897,0.033267,-0.088254
-0.000557,0.021837,0.781434,0.011935,-0.134012,-0.664110,0.735429,-0.583821,0.268173,0.185791,1.467569,-0.024986,-0.261800,0.106060,-0.178655,-0.204267,0.423226,-0.391926,-0.023613,-0.047251,0.049299,0.299903,0.023044,0.428512,-0.389440,0.908390,0.474898,-0.006553,0.118044,-0.074385,-0.397359,0.511176,1.052271,-0.439924,0.033546,-0.088145
-0.000611,0.021943,0.781369,0.012012,-0.133558,-0.663361,0.736186,-0.584902,0.265159,0.183900,1.467211,-0.024820,-0.261800,0.104315,-0.178223,-0.205767,0.425274,-0.391782,-0.027803,-0.049278,0.048837,0.300995,0.019826,0.431394,-0.390600,0.907096,0.475279,-0.006272,0.118429,-0.074860,-0.396205,0.509555,1.051775,-0.441109,0.033846,-0.087750
-0.000660,0.022030,0.781235,0.012131,-0.133118,-0.662524,0.737017,-0.586198,0.261828,0.181889,1.466947,-0.024600,-0.261800,0.102478,-0.177944,-0.207443,0.427555,-0.391950,-0.031688,-0.051331,0.048234,0.301953,0.016506,0.434272,-0.391774,0.905903,0.475466,-0.006049,0.118770,-0.075025,-0.394988,0.507738,1.051099,-0.442150,0.034080,-0.087346
-0.000706,0.022137,0.781131,0.012269,-0.132717,-0.661582,0.737933,-0.587683,0.258126,0.179624,1.466808,-0.024359,-0.261800,0.100755,-0.177840,-0.209421,0.429872,-0.392445,-0.034829,-0.053448,0.047559,0.302872,0.013148,0.437113,-0.392791,0.904685,0.475404,-0.006159,0.119069,-0.074905,-0.393725,0.505853,1.050280,-0.442709,0.034161,-0.087208
-0.000770,0.022260,0.780934,0.012425,-0.132341,-0.660506,0.738961,-0.589508,0.253859,0.176910,1.466897,-0.024097,-0.261800,0.099086,-0.177974,-0.211758,0.432335,-0.393403,-0.036993,-0.055707,0.046814,0.303708,0.009789,0.439897,-0.393561,0.903392,0.475061,-0.006795,0.119249,-0.074434,-0.392416,0.503728,1.049270,-0.442736,0.034030,-0.087473
-0.000844,0.022403,0.780744,0.012617,-0.131989,-0.659313,0.740086,-0.591635,0.249110,0.173869,1.467164,-0.023797,-0.261800,0.097443,-0.178314,-0.214381,0.434904,-0.394729,-0.038456,-0.058072,0.045978,0.304433,0.006361,0.442626,-0.394193,0.902131,0.474476,-0.007771,0.119341,-0.073678,-0.391077,0.501431,1.048110,-0.442327,0.033744,-0.087973
-0.000881,0.022506,0.780534,0.012799,-0.131662,-0.658050,0.741263,-0.593751,0.244259,0.170851,1.467438,-0.023478,-0.261800,0.095859,-0.178777,-0.217184,0.437614,-0.396236,-0.039534,-0.060430,0.045090,0.305156,0.002870,0.445285,-0.394755,0.900931,0.473732,-0.008790,0.119493,-0.072677,-0.389719,0.499253,1.046820,-0.441605,0.033399,-0.088521
-0.000944,0.022593,0.780324,0.012935,-0.131371,-0.656767,0.742449,-0.595541,0.239680,0.168202,1.467549,-0.023169,-0.261800,0.094427,-0.179262,-0.220072,0.440366,-0.397730,-0.040544,-0.062683,0.044172,0.305976,-0.000692,0.447855,-0.395307,0.899855,0.472915,-0.009551,0.119857,-0.071533,-0.388377,0.497522,1.045512,-0.440683,0.033090,-0.088934
-0.001002,0.022733,0.780093,0.013050,-0.131131,-0.655433,0.743668,-0.597021,0.235312,0.165983,1.467458,-0.022844,-0.261800,0.093027,-0.179900,-0.223099,0.443412,-0.399299,-0.041449,-0.064879,0.043161,0.306898,-0.004407,0.450325,-0.395890,0.898950,0.471871,-0.009971,0.120597,-0.070201,-0.387072,0.496253,1.044062,-0.439312,0.032831,-0.089152
-0.001107,0.022783,0.779876,0.013163,-0.130942,-0.654032,0.744931,-0.598323,0.231011,0.164020,1.467247,-0.022501,-0.261800,0.091662,-0.180688,-0.226290,0.446702,-0.400990,-0.042113,-0.067051,0.042078,0.307877,-0.008247,0.452687,-0.396455,0.898182,0.470625,-0.010212,0.121591,-0.068629,-0.385804,0.495284,1.042445,-0.437537,0.032576,-0.089272
-0.001253,0.022883,0.779677,0.013186,-0.130758,-0.652652,0.746173,-0.599344,0.227045,0.162284,1.466966,-0.022199,-0.261800,0.090591,-0.181317,-0.229513,0.449705,-0.402556,-0.042700,-0.069078,0.041079,0.308940,-0.012054,0.454922,-0.396936,0.897488,0.469519,-0.010342,0.122570,-0.066981,-0.384583,0.494790,1.040936,-0.435793,0.032326,-0.089349
-0.001356,0.022970,0.779439,0.013053,-0.130556,-0.651372,0.747328,-0.599975,0.223682,0.160749,1.466646,-0.021993,-0.261800,0.090090,-0.181483,-0.232635,0.451875,-0.403746,-0.043375,-0.070875,0.040409,0.310096,-0.015797,0.456794,-0.397278,0.897018,0.468938,-0.010427,0.123303,-0.065348,-0.383541,0.494927,1.039742,-0.434547,0.032091,-0.089430
-0.001483,0.023006,0.779270,0.012719,-0.130349,-0.650214,0.748378,-0.600150,0.221040,0.159338,1.466344,-0.021932,-0.261800,0.090344,-0.181021,-0.235636,0.453002,-0.404459,-0.044201,-0.072343,0.040024,0.311465,-0.019258,0.458635,-0.397387,0.896452,0.469292,-0.010413,0.123545,-0.063805,-0.382491,0.495756,1.038996,-0.433873,0.031817,-0.089545
-0.001617,0.023066,0.779093,0.012205,-0.130121,-0.649137,0.749360,-0.599956,0.218970,0.158075,1.466034,-0.021977,-0.261800,0.091195,-0.180096,-0.238591,0.453336,-0.404800,-0.045080,-0.073549,0.040157,0.312954,-0.023029,0.459722,-0.397448,0.896518,0.470445,-0.010275,0.123605,-0.062037,-0.381877,0.497092,1.038310,-0.433532,0.031526,-0.089612
-0.001749,0.023108,0.778950,0.011644,-0.129902,-0.648123,0.750285,-0.599465,0.217304,0.157135,1.465606,-0.022050,-0.261800,0.092294,-0.178991,-0.241468,0.453264,-0.404980,-0.045932,-0.074683,0.040042,0.314478,-0.026046,0.461379,-0.397223,0.895900,0.471220,-0.010179,0.123535,-0.060647,-0.380873,0.499165,1.038214,-0.433524,0.031302,-0.089733
-0.001914,0.023120,0.778800,0.011136,-0.129688,-0.647157,0.751162,-0.598761,0.215902,0.156668,1.464938,-0.022073,-0.261800,0.093331,-0.177937,-0.244251,0.453081,-0.405160,-0.046682,-0.075764,0.039821,0.315838,-0.028790,0.462941,-0.396938,0.895234,0.470975,-0.010256,0.123721,-0.059416,-0.379825,0.501657,1.038463,-0.433955,0.031242,-0.089849
-0.002110,0.023146,0.778685,0.010671,-0.129468,-0.646243,0.751994,-0.597801,0.214748,0.156670,1.463980,-0.022091,-0.261800,0.094375,-0.176885,-0.246972,0.452613,-0.405283,-0.047282,-0.076712,0.039626,0.316973,-0.031529,0.464197,-0.396793,0.894853,0.468936,-0.010607,0.124438,-0.058239,-0.378893,0.504610,1.039035,-0.434971,0.031430,-0.089931
-0.002310,0.023180,0.778556,0.010201,-0.129239,-0.645387,0.752774,-0.596568,0.213920,0.157065,1.462800,-0.022125,-0.261800,0.095547,-0.175733,-0.249625,0.451766,-0.405288,-0.047782,-0.077431,0.039568,0.317992,-0.034322,0.465109,-0.396783,0.894741,0.465766,-0.011136,0.125484,-0.056937,-0.378147,0.507867,1.039736,-0.436565,0.031796,-0.089960
-0.002503,0.023216,0.778413,0.009788,-0.129033,-0.644576,0.753510,-0.595178,0.213386,0.157916,1.461484,-0.022065,-0.261800,0.096598,-0.174667,-0.252154,0.451000,-0.405333,-0.048247,-0.078234,0.039259,0.318862,-0.036613,0.466131,-0.396567,0.894374,0.462588,-0.011678,0.126435,-0.056028,-0.377206,0.511739,1.040964,-0.438223,0.032209,-0.090049
-0.002705,0.023229,0.778275,0.009465,-0.128846,-0.643797,0.754211,-0.593764,0.213134,0.159261,1.460147,-0.021813,-0.261800,0.097273,-0.173848,-0.254495,0.450783,-0.405575,-0.048747,-0.078782,0.038883,0.319663,-0.039076,0.466864,-0.396608,0.894168,0.460707,-0.012047,0.127002,-0.054827,-0.376491,0.515218,1.041875,-0.439826,0.032502,-0.090109
-0.002935,0.023244,0.778153,0.009277,-0.128706,-0.643047,0.754877,-0.592263,0.213231,0.161381,1.458700,-0.021237,-0.261800,0.097432,-0.173430,-0.256621,0.451371,-0.406122,-0.049319,-0.079815,0.037698,0.320227,-0.040284,0.468260,-0.395960,0.893048,0.460601,-0.012163,0.126823,-0.054753,-0.374955,0.519966,1.044005,-0.440908,0.032697,-0.090392
-0.003186,0.023263,0.778012,0.009203,-0.128613,-0.642331,0.755503,-0.590655,0.213668,0.164150,1.457158,-0.020440,-0.261800,0.097205,-0.173284,-0.258564,0.452535,-0.406897,-0.049922,-0.080514,0.036318,0.320706,-0.041594,0.469564,-0.395581,0.891994,0.461628,-0.012126,0.126243,-0.054533,-0.373442,0.524531,1.046114,-0.442072,0.032807,-0.090672
-0.003441,0.023256,0.777893,0.009167,-0.128511,-0.641654,0.756096,-0.589059,0.214267,0.167074,1.455648,-0.019615,-0.261800,0.096823,-0.173205,-0.260367,0.453830,-0.407703,-0.050503,-0.081209,0.034805,0.321076,-0.042620,0.470889,-0.395203,0.890775,0.462875,-0.012053,0.125565,-0.054398,-0.371802,0.528927,1.048323,-0.443213,0.032874,-0.090993
-0.003702,0.023299,0.777760,0.009118,-0.128373,-0.641016,0.756661,-0.587625,0.214866,0.169644,1.454356,-0.018968,-0.261800,0.096473,-0.172995,-0.262068,0.454901,-0.408389,-0.051011,-0.081861,0.033452,0.321387,-0.043558,0.472044,-0.395000,0.889546,0.463464,-0.012060,0.125143,-0.054012,-0.370265,0.532529,1.050160,-0.444380,0.032912,-0.091303
-0.003959,0.023329,0.777626,0.009050,-0.128191,-0.640425,0.757192,-0.586352,0.215497,0.171829,1.453327,-0.018535,-0.261800,0.096166,-0.172608,-0.263633,0.455726,-0.408951,-0.051399,-0.082477,0.032352,0.321618,-0.044434,0.472949,-0.394986,0.888307,0.463041,-0.012147,0.125061,-0.053238,-0.368971,0.535174,1.051520,-0.445657,0.032907,-0.091622
-0.004238,0.023348,0.777505,0.009005,-0.128001,-0.639877,0.757689,-0.585177,0.216221,0.173870,1.452467,-0.018211,-0.261800,0.095817,-0.172155,-0.265056,0.456474,-0.409460,-0.051706,-0.083166,0.031193,0.321729,-0.044883,0.473929,-0.394915,0.886770,0.462105,-0.012262,0.125100,-0.052572,-0.367444,0.537407,1.053014,-0.446965,0.032865,-0.092024
-0.004478,0.023344,0.777410,0.008958,-0.127782,-0.639358,0.758164,-0.584125,0.216911,0.175672,1.451719,-0.017993,-0.261800,0.095434,-0.171667,-0.266412,0.457133,-0.409908,-0.052006,-0.083927,0.029806,0.321770,-0.044889,0.475202,-0.394793,0.884951,0.461018,-0.012446,0.125191,-0.052303,-0.365342,0.539325,1.054880,-0.448243,0.032814,-0.092486
-0.004734,0.023382,0.777316,0.008922,-0.127548,-0.638853,0.758629,-0.583234,0.217464,0.177129,1.451019,-0.017882,-0.261800,0.095024,-0.171155,-0.267781,0.457685,-0.410276,-0.052380,-0.084627,0.028464,0.321866,-0.044989,0.476373,-0.394924,0.883344,0.460202,-0.012734,0.125360,-0.051934,-0.363380,0.540737,1.056251,-0.449312,0.032777,-0.092806
-0.004993,0.023439,0.777240,0.008863,-0.127271,-0.638352,0.759098,-0.582535,0.217834,0.178141,1.450369,-0.017923,-0.261800,0.094664,-0.170575,-0.269243,0.457993,-0.410509,-0.052871,-0.085315,0.027309,0.322091,-0.045251,0.477252,-0.395259,0.882003,0.459818,-0.013232,0.125654,-0.051238,-0.361923,0.541506,1.056688,-0.450130,0.032750,-0.092824
-0.005193,0.023500,0.777146,0.008803,-0.126972,-0.637863,0.759560,-0.581986,0.218073,0.178802,1.449783,-0.018093,-0.261800,0.094321,-0.169951,-0.270735,0.458125,-0.410639,-0.053429,-0.086016,0.025914,0.322309,-0.045213,0.478481,-0.395690,0.880476,0.459505,-0.013879,0.125995,-0.050909,-0.359914,0.541844,1.057339,-0.450852,0.032724,-0.092783
-0.005434,0.023591,0.777071,0.008762,-0.126657,-0.637406,0.759996,-0.581576,0.218259,0.179244,1.449276,-0.018316,-0.261800,0.093876,-0.169341,-0.272131,0.458269,-0.410732,-0.053990,-0.086681,0.024541,0.322546,-0.045129,0.479639,-0.396269,0.879051,0.459315,-0.014504,0.126371,-0.050530,-0.358046,0.541896,1.057598,-0.451344,0.032719,-0.092747
-0.005658,0.023698,0.776985,0.008768,-0.126341,-0.636998,0.760391,-0.581286,0.218458,0.179605,1.448871,-0.018517,-0.261800,0.093257,-0.168794,-0.273315,0.458515,-0.410801,-0.054493,-0.087254,0.023200,0.322755,-0.045035,0.480662,-0.397028,0.877829,0.459218,-0.014925,0.126723,-0.050096,-0.356371,0.541919,1.057526,-0.451526,0.032756,-0.092887
-0.005893,0.023802,0.776950,0.008851,-0.126021,-0.636624,0.760757,-0.581189,0.218617,0.179870,1.448587,-0.018674,-0.261800,0.092367,-0.168370,-0.274274,0.458992,-0.410896,-0.054935,-0.087808,0.021947,0.322912,-0.044980,0.481423,-0.398003,0.876865,0.459236,-0.015050,0.127088,-0.049465,-0.355091,0.541911,1.056870,-0.451281,0.032892,-0.093294
-0.006114,0.023901,0.776897,0.008981,-0.125686,-0.636280,0.761098,-0.581271,0.218726,0.179988,1.448408,-0.018830,-0.261800,0.091285,-0.168024,-0.275064,0.459591,-0.410980,-0.055343,-0.088318,0.020697,0.323025,-0.044907,0.482080,-0.399195,0.876067,0.459348,-0.014987,0.127470,-0.048779,-0.353938,0.541768,1.055849,-0.450688,0.033102,-0.093891
-0.006326,0.024012,0.776877,0.009116,-0.125351,-0.636007,0.761379,-0.581361,0.218914,0.180028,1.448288,-0.018994,-0.261800,0.090143,-0.167668,-0.275672,0.460158,-0.410994,-0.055701,-0.088709,0.019490,0.323166,-0.044800,0.482623,-0.400459,0.875467,0.459576,-0.014865,0.127810,-0.048130,-0.352920,0.541588,1.054643,-0.449946,0.033277,-0.094492
-0.006505,0.024152,0.776833,0.009220,-0.125030,-0.635844,0.761568,-0.581286,0.219306,0.180064,1.448169,-0.019170,-0.261800,0.089054,-0.167229,-0.276079,0.460583,-0.410897,-0.055991,-0.088847,0.018343,0.323390,-0.044695,0.483098,-0.401747,0.875127,0.459886,-0.014816,0.128042,-0.047665,-0.351910,0.541472,1.053534,-0.449206,0.033311,-0.094928
-0.006685,0.024320,0.776804,0.009271,-0.124719,-0.635805,0.761651,-0.581034,0.219901,0.180044,1.448094,-0.019376,-0.261800,0.088019,-0.166697,-0.276272,0.460879,-0.410685,-0.056210,-0.088674,0.017142,0.323660,-0.044601,0.483602,-0.403123,0.875124,0.460373,-0.014875,0.128121,-0.047561,-0.350574,0.541344,1.052878,-0.448520,0.033134,-0.095189
-0.006863,0.024501,0.776787,0.009297,-0.124416,-0.635868,0.761647,-0.580683,0.220647,0.179948,1.448058,-0.019597,-0.261800,0.087007,-0.166095,-0.276269,0.461046,-0.410349,-0.056365,-0.088452,0.016087,0.324062,-0.044378,0.483853,-0.404290,0.875307,0.461155,-0.014990,0.128094,-0.047500,-0.349602,0.541348,1.051919,-0.447668,0.032824,-0.095264
-0.006990,0.024687,0.776778,0.009296,-0.124107,-0.636018,0.761572,-0.580219,0.221597,0.179903,1.448016,-0.019825,-0.261800,0.086015,-0.165422,-0.276082,0.461094,-0.409930,-0.056459,-0.088183,0.015225,0.324626,-0.043947,0.483908,-0.405181,0.875474,0.461983,-0.015118,0.128014,-0.047409,-0.349092,0.541532,1.050530,-0.446825,0.032485,-0.095203
-0.007128,0.024888,0.776795,0.009294,-0.123804,-0.636243,0.761433,-0.579621,0.222795,0.180064,1.447912,-0.020045,-0.261800,0.085071,-0.164695,-0.275720,0.460968,-0.409428,-0.056492,-0.087619,0.014419,0.325042,-0.043745,0.483841,-0.406359,0.876182,0.462360,-0.015187,0.128018,-0.047679,-0.348351,0.541967,1.049763,-0.446188,0.032201,-0.095245
-0.007233,0.025089,0.776797,0.009260,-0.123483,-0.636541,0.761237,-0.578893,0.224296,0.180432,1.447746,-0.020247,-0.261800,0.084217,-0.163874,-0.275203,0.460593,-0.408816,-0.056507,-0.087031,0.013821,0.325764,-0.043123,0.483747,-0.406968,0.876462,0.462375,-0.015287,0.128099,-0.047922,-0.348118,0.542573,1.048397,-0.445947,0.032024,-0.095246
-0.007336,0.025310,0.776848,0.009206,-0.123161,-0.636917,0.760975,-0.578021,0.226046,0.180961,1.447522,-0.020435,-0.261800,0.083420,-0.162998,-0.274513,0.460046,-0.408117,-0.056488,-0.086200,0.013302,0.326689,-0.042430,0.483671,-0.407356,0.876702,0.462159,-0.015426,0.128182,-0.048207,-0.348036,0.543093,1.046814,-0.446105,0.031875,-0.095225
-0.007396,0.025521,0.776867,0.009136,-0.122822,-0.637376,0.760647,-0.577041,0.227995,0.181628,1.447261,-0.020629,-0.261800,0.082639,-0.162049,-0.273642,0.459340,-0.407328,-0.056357,-0.085623,0.012896,0.326903,-0.041746,0.483037,-0.408269,0.878048,0.461485,-0.015342,0.128444,-0.049317,-0.347629,0.545333,1.046642,-0.445453,0.031836,-0.095381
-0.007424,0.025757,0.776914,0.009066,-0.122480,-0.637907,0.760257,-0.575926,0.230036,0.182459,1.446946,-0.020842,-0.261800,0.081812,-0.161112,-0.272577,0.458631,-0.406515,-0.056023,-0.084938,0.012644,0.327318,-0.040981,0.482076,-0.408610,0.879352,0.461669,-0.015146,0.128222,-0.050676,-0.347299,0.547272,1.046615,-0.445103,0.031663,-0.095310
-0.007453,0.025978,0.776944,0.008996,-0.122137,-0.638529,0.759791,-0.574680,0.232205,0.183422,1.446609,-0.021107,-0.261800,0.080946,-0.160123,-0.271287,0.457878,-0.405645,-0.055482,-0.083996,0.012547,0.327804,-0.040023,0.481107,-0.408860,0.880465,0.462494,-0.014717,0.127300,-0.052051,-0.347192,0.549179,1.046542,-0.444623,0.031322,-0.094911
-0.007434,0.026223,0.777008,0.008901,-0.121771,-0.639239,0.759254,-0.573310,0.234531,0.184519,1.446266,-0.021420,-0.261800,0.080035,-0.159089,-0.269781,0.457105,-0.404738,-0.054773,-0.082988,0.012629,0.328263,-0.038945,0.479894,-0.408945,0.881723,0.463742,-0.014123,0.125926,-0.053641,-0.347252,0.551391,1.046668,-0.443998,0.030881,-0.094305
-0.007400,0.026502,0.777051,0.008832,-0.121422,-0.640003,0.758667,-0.571805,0.236924,0.185812,1.445803,-0.021687,-0.261800,0.079127,-0.158095,-0.268137,0.456227,-0.403792,-0.053883,-0.081907,0.012790,0.328702,-0.037760,0.478527,-0.408948,0.882999,0.465118,-0.013454,0.124545,-0.055357,-0.347488,0.553738,1.046872,-0.443377,0.030432,-0.093662
-0.007334,0.026757,0.777146,0.008794,-0.121081,-0.640791,0.758056,-0.570175,0.239300,0.187349,1.445152,-0.021829,-0.261800,0.078211,-0.157227,-0.266416,0.455280,-0.402867,-0.052797,-0.081046,0.013196,0.328945,-0.036819,0.476232,-0.408809,0.885014,0.466561,-0.012796,0.123752,-0.057280,-0.348107,0.556467,1.047312,-0.442758,0.030101,-0.093183
-0.007227,0.027037,0.777200,0.008816,-0.120778,-0.641608,0.757413,-0.568367,0.241739,0.189324,1.444260,-0.021775,-0.261800,0.077295,-0.156543,-0.264619,0.454228,-0.401974,-0.051428,-0.079949,0.013551,0.329196,-0.035902,0.473983,-0.408864,0.886908,0.467729,-0.012113,0.123587,-0.059055,-0.348941,0.558911,1.047547,-0.442445,0.029843,-0.092853
-0.007141,0.027333,0.777284,0.008880,-0.120497,-0.642465,0.756730,-0.566410,0.244253,0.191646,1.443210,-0.021597,-0.261800,0.076358,-0.155986,-0.262711,0.453121,-0.401114,-0.049812,-0.078777,0.013922,0.329429,-0.034884,0.471629,-0.408879,0.888745,0.468839,-0.011380,0.123799,-0.060889,-0.350008,0.561422,1.047758,-0.442225,0.029630,-0.092600
-0.007013,0.027607,0.777338,0.008961,-0.120222,-0.643343,0.756026,-0.564365,0.246620,0.193974,1.441999,-0.021376,-0.261800,0.075418,-0.155499,-0.260726,0.451962,-0.400246,-0.048123,-0.077597,0.014297,0.329623,-0.033727,0.469259,-0.408903,0.890496,0.469736,-0.010721,0.124109,-0.062752,-0.351235,0.563956,1.047927,-0.442073,0.029480,-0.092426
-0.006851,0.027869,0.777434,0.009058,-0.119960,-0.644219,0.755321,-0.562312,0.248632,0.195964,1.440660,-0.021209,-0.261800,0.074493,-0.155024,-0.258693,0.450767,-0.399328,-0.046535,-0.076475,0.014689,0.329740,-0.032440,0.466886,-0.408991,0.892214,0.470299,-0.010261,0.124259,-0.064661,-0.352598,0.566536,1.048084,-0.441890,0.029415,-0.092337
-0.006673,0.028140,0.777537,0.009170,-0.119710,-0.645108,0.754600,-0.560217,0.250182,0.197538,1.439134,-0.021149,-0.261800,0.073550,-0.154558,-0.256554,0.449577,-0.398357,-0.045078,-0.075354,0.015044,0.329784,-0.030936,0.464689,-0.409237,0.893793,0.470404,-0.010093,0.124129,-0.066669,-0.353969,0.569216,1.048307,-0.441677,0.029483,-0.092372
-0.006519,0.028401,0.777620,0.009290,-0.119457,-0.646015,0.753862,-0.558056,0.251406,0.198872,1.437424,-0.021133,-0.261800,0.072607,-0.154116,-0.254318,0.448336,-0.397328,-0.043667,-0.074294,0.015489,0.329731,-0.029381,0.462284,-0.409544,0.895528,0.470253,-0.010129,0.123928,-0.068744,-0.355573,0.572066,1.048534,-0.441423,0.029666,-0.092504
-0.006341,0.028640,0.777722,0.009423,-0.119221,-0.646905,0.753135,-0.555945,0.252436,0.199993,1.435676,-0.021103,-0.261800,0.071691,-0.153704,-0.252108,0.447070,-0.396290,-0.042294,-0.073306,0.015918,0.329621,-0.027706,0.459893,-0.409826,0.897164,0.469859,-0.010226,0.123716,-0.070819,-0.357253,0.574789,1.048721,-0.441232,0.029864,-0.092692
-0.006193,0.028914,0.777830,0.009539,-0.118981,-0.647744,0.752449,-0.553995,0.253411,0.200926,1.434053,-0.021006,-0.261800,0.070839,-0.153313,-0.250047,0.445784,-0.395275,-0.040958,-0.072497,0.016311,0.329466,-0.025916,0.457503,-0.409917,0.898634,0.469311,-0.010248,0.123591,-0.072854,-0.358984,0.577230,1.048821,-0.441139,0.029979,-0.092889
-0.006005,0.029186,0.777949,0.009664,-0.118752,-0.648537,0.751801,-0.552215,0.254350,0.201726,1.432541,-0.020744,-0.261800,0.070064,-0.152981,-0.248141,0.444420,-0.394295,-0.039580,-0.071872,0.016581,0.329221,-0.023926,0.455196,-0.409777,0.899853,0.468461,-0.010182,0.123530,-0.074959,-0.360714,0.579495,1.048990,-0.441161,0.029966,-0.093078
-0.005823,0.029434,0.778017,0.009799,-0.118534,-0.649297,0.751177,-0.550565,0.255192,0.202357,1.431095,-0.020383,-0.261800,0.069334,-0.152698,-0.246328,0.443024,-0.393343,-0.038189,-0.071422,0.016802,0.328891,-0.021782,0.452867,-0.409458,0.900935,0.467350,-0.010095,0.123509,-0.077114,-0.362513,0.581662,1.049173,-0.441261,0.029887,-0.093280
-0.005615,0.029719,0.778114,0.009899,-0.118307,-0.650003,0.750601,-0.549033,0.255933,0.202735,1.429727,-0.020071,-0.261800,0.068681,-0.152384,-0.244657,0.441594,-0.392350,-0.036932,-0.071147,0.017081,0.328562,-0.019612,0.450424,-0.408998,0.901988,0.466291,-0.009960,0.123597,-0.079148,-0.364419,0.583447,1.049164,-0.441434,0.029798,-0.093528
-0.005388,0.029962,0.778195,0.009925,-0.118057,-0.650632,0.750095,-0.547634,0.256574,0.202777,1.428492,-0.019972,-0.261800,0.068105,-0.151977,-0.243169,0.440206,-0.391297,-0.035956,-0.071004,0.017447,0.328323,-0.017476,0.447954,-0.408459,0.902999,0.465546,-0.009752,0.123836,-0.080980,-0.366311,0.584569,1.048880,-0.441674,0.029750,-0.093874
-0.005197,0.030243,0.778297,0.009873,-0.117796,-0.651161,0.749677,-0.546399,0.257066,0.202323,1.427411,-0.020142,-0.261800,0.067672,-0.151415,-0.241910,0.438771,-0.390103,-0.035336,-0.071053,0.017938,0.328185,-0.015376,0.445422,-0.407833,0.904014,0.465292,-0.009430,0.124403,-0.082639,-0.368181,0.585023,1.048371,-0.442175,0.029770,-0.094447
-0.004979,0.030530,0.778367,0.009749,-0.117514,-0.651610,0.749333,-0.545310,0.257421,0.201467,1.426439,-0.020505,-0.261800,0.067345,-0.150749,-0.240848,0.437319,-0.388822,-0.034983,-0.071275,0.018521,0.328099,-0.013287,0.442814,-0.407107,0.905025,0.465353,-0.009017,0.125223,-0.084146,-0.370021,0.584897,1.047680,-0.442906,0.029825,-0.095187
-0.004741,0.030843,0.778434,0.009598,-0.117230,-0.652009,0.749032,-0.544304,0.257741,0.200490,1.425550,-0.020965,-0.261800,0.067030,-0.150075,-0.239906,0.435967,-0.387553,-0.034789,-0.071566,0.019130,0.328039,-0.011279,0.440148,-0.406332,0.906057,0.465479,-0.008583,0.125968,-0.085499,-0.371831,0.584181,1.046829,-0.443445,0.029884,-0.095866
-0.004511,0.031161,0.778518,0.009469,-0.116972,-0.652391,0.748742,-0.543308,0.258118,0.199671,1.424701,-0.021430,-0.261800,0.066628,-0.149486,-0.239014,0.434845,-0.386404,-0.034648,-0.071816,0.019694,0.327983,-0.009396,0.437457,-0.405538,0.907104,0.465424,-0.008200,0.126310,-0.086619,-0.373613,0.582755,1.045772,-0.443492,0.029915,-0.096254
-0.004265,0.031462,0.778575,0.009385,-0.116731,-0.652771,0.748449,-0.542281,0.258606,0.199149,1.423842,-0.021954,-0.261800,0.066028,-0.149054,-0.238130,0.434077,-0.385416,-0.034565,-0.071966,0.020150,0.327898,-0.007622,0.434765,-0.404691,0.908120,0.465266,-0.007869,0.125997,-0.087509,-0.375381,0.580525,1.044434,-0.442718,0.029929,-0.096079
-0.004035,0.031784,0.778645,0.009317,-0.116503,-0.653131,0.748171,-0.541276,0.259146,0.198750,1.423013,-0.022555,-0.261800,0.065310,-0.148710,-0.237298,0.433575,-0.384538,-0.034586,-0.072079,0.020544,0.327815,-0.005918,0.432074,-0.403784,0.909085,0.465087,-0.007558,0.125255,-0.088172,-0.377142,0.577544,1.042826,-0.441390,0.029933,-0.095531
-0.003818,0.032069,0.778674,0.009220,-0.116287,-0.653450,0.747928,-0.540346,0.259658,0.198301,1.422303,-0.023116,-0.261800,0.064647,-0.148354,-0.236580,0.433144,-0.383708,-0.034664,-0.072219,0.020971,0.327801,-0.004323,0.429389,-0.402898,0.910035,0.464644,-0.007290,0.124467,-0.088604,-0.378875,0.574030,1.041081,-0.439952,0.029897,-0.095070
-0.003562,0.032389,0.778687,0.009043,-0.116081,-0.653705,0.747739,-0.539545,0.260063,0.197630,1.421792,-0.023511,-0.261800,0.064178,-0.147894,-0.236023,0.432668,-0.382907,-0.034749,-0.072456,0.021516,0.327921,-0.002875,0.426714,-0.402126,0.911019,0.463691,-0.007090,0.124016,-0.088826,-0.380538,0.570221,1.039376,-0.438832,0.029782,-0.095163
-0.003336,0.032701,0.778683,0.008747,-0.115876,-0.653891,0.747612,-0.538916,0.260425,0.196687,1.421581,-0.023679,-0.261800,0.063984,-0.147263,-0.235657,0.432071,-0.382108,-0.034818,-0.072829,0.022239,0.328231,-0.001569,0.424037,-0.401398,0.912035,0.461829,-0.007001,0.124083,-0.088818,-0.382084,0.565894,1.037731,-0.438274,0.029524,-0.096135
-0.003113,0.033022,0.778675,0.008374,-0.115682,-0.654019,0.747534,-0.538423,0.260757,0.195563,1.421608,-0.023701,-0.261800,0.063946,-0.146530,-0.235446,0.431493,-0.381362,-0.034902,-0.073297,0.023073,0.328674,-0.000396,0.421357,-0.400700,0.913087,0.459297,-0.006997,0.124442,-0.088610,-0.383496,0.561025,1.036126,-0.438016,0.029156,-0.097680
-0.002900,0.033339,0.778690,0.007965,-0.115497,-0.654096,0.747500,-0.538006,0.260903,0.194296,1.421702,-0.023652,-0.261800,0.064027,-0.145783,-0.235356,0.430882,-0.380629,-0.035031,-0.073819,0.023906,0.329139,0.000651,0.418705,-0.400161,0.914187,0.456833,-0.006997,0.124856,-0.088342,-0.384800,0.556181,1.034694,-0.437705,0.028806,-0.099310
-0.002671,0.033668,0.778677,0.007569,-0.115328,-0.654128,0.747502,-0.537604,0.260712,0.192930,1.421686,-0.023613,-0.261800,0.064154,-0.145114,-0.235355,0.430263,-0.379913,-0.035235,-0.074375,0.024617,0.329523,0.001643,0.416115,-0.399855,0.915292,0.455199,-0.006919,0.125084,-0.088116,-0.386041,0.551888,1.033522,-0.437059,0.028596,-0.100533
-0.002413,0.033987,0.778659,0.007221,-0.115193,-0.654118,0.747535,-0.537201,0.260080,0.191465,1.421502,-0.023599,-0.261800,0.064284,-0.144577,-0.235403,0.429658,-0.379238,-0.035484,-0.074982,0.025142,0.329795,0.002630,0.413627,-0.399822,0.916333,0.454894,-0.006708,0.124989,-0.088024,-0.387271,0.548393,1.032622,-0.435726,0.028559,-0.101149
-0.002200,0.034285,0.778671,0.006878,-0.115072,-0.654063,0.747605,-0.536824,0.259110,0.189883,1.421235,-0.023564,-0.261800,0.064466,-0.144111,-0.235531,0.429048,-0.378593,-0.035776,-0.075662,0.025554,0.330033,0.003630,0.411241,-0.399966,0.917264,0.455424,-0.006423,0.124712,-0.087971,-0.388488,0.545395,1.031886,-0.433934,0.028629,-0.101436
-0.001984,0.034587,0.778655,0.006520,-0.114969,-0.653958,0.747716,-0.536497,0.257960,0.188191,1.420992,-0.023524,-0.261800,0.064745,-0.143641,-0.235797,0.428414,-0.377941,-0.036180,-0.076400,0.025938,0.330270,0.004582,0.408940,-0.400224,0.918186,0.456000,-0.006145,0.124437,-0.087802,-0.389652,0.542594,1.031268,-0.432293,0.028784,-0.101620
-0.001794,0.034860,0.778657,0.006105,-0.114860,-0.653801,0.747873,-0.536254,0.256786,0.186396,1.420862,-0.023487,-0.261800,0.065142,-0.143092,-0.236264,0.427784,-0.377268,-0.036773,-0.077177,0.026376,0.330528,0.005397,0.406705,-0.400557,0.919231,0.455820,-0.005952,0.124355,-0.087467,-0.390719,0.539793,1.030836,-0.431301,0.029001,-0.101937
-0.001591,0.035121,0.778629,0.005620,-0.114753,-0.653585,0.748082,-0.536083,0.255616,0.184474,1.420863,-0.023447,-0.261800,0.065752,-0.142426,-0.237014,0.427039,-0.376515,-0.037575,-0.078019,0.026927,0.330824,0.006032,0.404519,-0.400991,0.920480,0.454405,-0.005920,0.124599,-0.086862,-0.391619,0.536759,1.030581,-0.431393,0.029314,-0.102469
-0.001407,0.035393,0.778614,0.005088,-0.114653,-0.653310,0.748341,-0.535975,0.254374,0.182428,1.420947,-0.023403,-0.261800,0.066542,-0.141689,-0.237994,0.426193,-0.375704,-0.038544,-0.078909,0.027525,0.331120,0.006502,0.402386,-0.401567,0.921907,0.452262,-0.005985,0.125048,-0.086109,-0.392344,0.533676,1.030587,-0.432190,0.029722,-0.103093
-0.001218,0.035655,0.778587,0.004534,-0.114556,-0.652994,0.748635,-0.535947,0.253051,0.180314,1.421105,-0.023365,-0.261800,0.067360,-0.140919,-0.239061,0.425424,-0.374912,-0.039664,-0.079798,0.028089,0.331396,0.006877,0.400302,-0.402191,0.923392,0.450118,-0.006026,0.125500,-0.085289,-0.392914,0.530814,1.030810,-0.433132,0.030153,-0.103734
-0.001076,0.035917,0.778569,0.003995,-0.114469,-0.652651,0.748951,-0.536011,0.251637,0.178189,1.421330,-0.023349,-0.261800,0.068037,-0.140173,-0.240071,0.424963,-0.374253,-0.040919,-0.080702,0.028429,0.331674,0.007507,0.398537,-0.402626,0.924460,0.448655,-0.005934,0.125688,-0.084526,-0.393289,0.528476,1.031183,-0.433703,0.030529,-0.104311
-0.000935,0.036162,0.778524,0.003467,-0.114391,-0.652282,0.749287,-0.536174,0.250115,0.175989,1.421644,-0.023368,-0.261800,0.068558,-0.139403,-0.240959,0.424826,-0.373703,-0.042425,-0.081455,0.028796,0.331862,0.007777,0.396424,-0.403117,0.925921,0.448400,-0.005574,0.125612,-0.083669,-0.393663,0.526654,1.031706,-0.433687,0.030861,-0.104815
-0.000788,0.036427,0.778447,0.002925,-0.114308,-0.651883,0.749649,-0.536428,0.248488,0.173713,1.422041,-0.023415,-0.261800,0.069017,-0.138607,-0.241813,0.424883,-0.373218,-0.044149,-0.082237,0.029065,0.332035,0.008096,0.394365,-0.403466,0.927284,0.448837,-0.005058,0.125320,-0.082861,-0.393963,0.525407,1.032435,-0.433335,0.031179,-0.105287
-0.000695,0.036647,0.778406,0.002405,-0.114240,-0.651448,0.750039,-0.536766,0.246813,0.171491,1.422474,-0.023457,-0.261800,0.069412,-0.137865,-0.242717,0.425123,-0.372851,-0.045864,-0.083044,0.029263,0.332168,0.008392,0.392364,-0.403801,0.928585,0.449372,-0.004554,0.125030,-0.081928,-0.394161,0.524356,1.033166,-0.432987,0.031449,-0.105688
-0.000563,0.036871,0.778334,0.001932,-0.114193,-0.650970,0.750462,-0.537169,0.245130,0.169466,1.422863,-0.023460,-0.261800,0.069747,-0.137277,-0.243753,0.425510,-0.372640,-0.047334,-0.083990,0.029132,0.332379,0.009292,0.391210,-0.403987,0.928877,0.449231,-0.004260,0.124795,-0.080825,-0.394178,0.523305,1.033593,-0.432931,0.031625,-0.105971
-0.000438,0.037097,0.778243,0.001494,-0.114134,-0.650449,0.750925,-0.537710,0.243426,0.167599,1.423232,-0.023408,-0.261800,0.070014,-0.136835,-0.244948,0.425997,-0.372556,-0.048511,-0.084832,0.029246,0.332267,0.009141,0.389212,-0.404738,0.930469,0.448496,-0.004217,0.125050,-0.079351,-0.394084,0.521693,1.034141,-0.433606,0.031684,-0.106156
-0.000322,0.037294,0.778148,0.001106,-0.114093,-0.649884,0.751421,-0.538380,0.241670,0.165849,1.423606,-0.023321,-0.261800,0.070177,-0.136526,-0.246247,0.426688,-0.372627,-0.049516,-0.085879,0.029089,0.332215,0.009588,0.387939,-0.405266,0.931111,0.447231,-0.004383,0.125313,-0.077680,-0.393897,0.520132,1.034346,-0.434597,0.031631,-0.106208
-0.000259,0.037491,0.778014,0.000723,-0.114064,-0.649284,0.751944,-0.539028,0.239962,0.164303,1.423940,-0.023230,-0.261800,0.070352,-0.136313,-0.247642,0.427470,-0.372808,-0.050375,-0.086806,0.028895,0.332114,0.009766,0.386641,-0.406026,0.931927,0.445822,-0.004556,0.125738,-0.075815,-0.393597,0.518620,1.034533,-0.435539,0.031572,-0.106200
-0.000179,0.037675,0.777943,0.000338,-0.114077,-0.648655,0.752484,-0.539523,0.238393,0.163044,1.424195,-0.023167,-0.261800,0.070628,-0.136172,-0.249117,0.428281,-0.373081,-0.051109,-0.087530,0.028760,0.331914,0.009348,0.384907,-0.407115,0.933451,0.444630,-0.004554,0.126390,-0.073913,-0.393114,0.517461,1.035014,-0.435997,0.031617,-0.106210
-0.000102,0.037867,0.777828,-0.000062,-0.114139,-0.647974,0.753062,-0.539821,0.236981,0.162133,1.424378,-0.023156,-0.261800,0.071065,-0.136124,-0.250737,0.429106,-0.373470,-0.051699,-0.088362,0.028398,0.331946,0.009401,0.383685,-0.407931,0.934184,0.443522,-0.004353,0.127127,-0.071960,-0.392715,0.517122,1.035202,-0.435511,0.031793,-0.106155
-0.000040,0.038014,0.777735,-0.000452,-0.114253,-0.647243,0.753673,-0.540004,0.235680,0.161507,1.424502,-0.023176,-0.261800,0.071596,-0.136176,-0.252485,0.429990,-0.373978,-0.052139,-0.089157,0.027935,0.332046,0.009435,0.382576,-0.408783,0.934770,0.442433,-0.004023,0.128035,-0.069888,-0.392307,0.517228,1.035298,-0.434468,0.032051,-0.106050
0.000014,0.038195,0.777591,-0.000850,-0.114372,-0.646517,0.754277,-0.540095,0.234485,0.161083,1.424544,-0.023188,-0.261800,0.072150,-0.136267,-0.254231,0.430909,-0.374530,-0.052477,-0.089820,0.027634,0.331846,0.008636,0.380645,-0.409975,0.936613,0.441606,-0.003638,0.129127,-0.068003,-0.391532,0.517639,1.036098,-0.433358,0.032348,-0.106004
0.000109,0.038343,0.777494,-0.001226,-0.114501,-0.645844,0.754834,-0.540134,0.233372,0.160791,1.424500,-0.023159,-0.261800,0.072629,-0.136367,-0.255844,0.431900,-0.375095,-0.052758,-0.090480,0.027111,0.331990,0.009061,0.379911,-0.410691,0.936494,0.440848,-0.003386,0.129675,-0.065632,-0.391180,0.517974,1.035723,-0.432562,0.032565,-0.105760
0.000168,0.038499,0.777355,-0.001596,-0.114616,-0.645229,0.755341,-0.540164,0.232286,0.160520,1.424378,-0.023064,-0.261800,0.073009,-0.136440,-0.257303,0.432991,-0.375666,-0.052991,-0.090924,0.026810,0.331707,0.008843,0.378508,-0.411974,0.937384,0.440611,-0.003182,0.130103,-0.063310,-0.390402,0.518165,1.035960,-0.432323,0.032787,-0.105574
0.000242,0.038663,0.777241,-0.001952,-0.114736,-0.644646,0.755820,-0.540165,0.231251,0.160340,1.424192,-0.022930,-0.261800,0.073339,-0.136517,-0.258676,0.434159,-0.376263,-0.053151,-0.091342,0.026468,0.331505,0.009080,0.377531,-0.413139,0.937499,0.440709,-0.003051,0.130217,-0.060734,-0.389766,0.518360,1.035705,-0.432294,0.032990,-0.105273
0.000256,0.038787,0.777114,-0.002294,-0.114872,-0.644110,0.756255,-0.540023,0.230390,0.160440,1.423856,-0.022773,-0.261800,0.073645,-0.136628,-0.259958,0.435338,-0.376863,-0.053238,-0.091496,0.026117,0.331219,0.009085,0.376389,-0.414385,0.937915,0.440675,-0.002924,0.130290,-0.058138,-0.388937,0.518629,1.035630,-0.432495,0.033136,-0.104983
0.000288,0.038955,0.776978,-0.002613,-0.115033,-0.643633,0.756635,-0.539647,0.229827,0.161001,1.423320,-0.022625,-0.261800,0.073941,-0.136800,-0.261144,0.436492,-0.377456,-0.053248,-0.091357,0.025687,0.330882,0.008730,0.374881,-0.415415,0.938950,0.440113,-0.002777,0.130456,-0.055789,-0.387770,0.519247,1.036057,-0.432826,0.033171,-0.104768
0.000310,0.039086,0.776870,-0.002884,-0.115246,-0.643202,0.756969,-0.539051,0.229377,0.161956,1.422528,-0.022496,-0.261800,0.074199,-0.137114,-0.262286,0.437679,-0.378072,-0.053152,-0.091051,0.025078,0.330602,0.008260,0.373137,-0.415892,0.940260,0.438788,-0.002604,0.130685,-0.053785,-0.386386,0.520562,1.036917,-0.433236,0.033037,-0.104647
0.000311,0.039255,0.776755,-0.003120,-0.115493,-0.642812,0.757261,-0.538280,0.229048,0.163245,1.421537,-0.022377,-0.261800,0.074415,-0.137533,-0.263367,0.438912,-0.378711,-0.052956,-0.090567,0.024320,0.330498,0.008006,0.371582,-0.415922,0.941187,0.436892,-0.002445,0.130821,-0.051679,-0.385127,0.522243,1.037491,-0.433761,0.032759,-0.104501
0.000293,0.039426,0.776655,-0.003349,-0.115749,-0.642499,0.757486,-0.537253,0.229244,0.165065,1.420392,-0.022231,-0.261800,0.074663,-0.137890,-0.264291,0.440012,-0.379286,-0.052727,-0.089911,0.023527,0.330475,0.007942,0.370116,-0.415666,0.941937,0.434815,-0.002319,0.130891,-0.049544,-0.383913,0.524052,1.037900,-0.434320,0.032442,-0.104273
0.000290,0.039562,0.776544,-0.003612,-0.115972,-0.642296,0.757624,-0.535896,0.230370,0.167623,1.419159,-0.022036,-0.261800,0.074991,-0.138026,-0.264953,0.440849,-0.379729,-0.052532,-0.088793,0.022782,0.330846,0.008553,0.369469,-0.415398,0.941405,0.432716,-0.002284,0.130695,-0.046442,-0.383359,0.525043,1.036641,-0.434948,0.032140,-0.103687
0.000225,0.039684,0.776455,-0.003929,-0.116154,-0.642231,0.757649,-0.534025,0.232797,0.171320,1.417779,-0.021811,-0.261800,0.075477,-0.137866,-0.265289,0.441266,-0.379972,-0.052358,-0.088095,0.022159,0.330548,0.008818,0.367502,-0.414459,0.942801,0.431590,-0.002260,0.130838,-0.044985,-0.381608,0.527251,1.037896,-0.435511,0.032028,-0.103252
0.000209,0.039808,0.776360,-0.004268,-0.116319,-0.642281,0.757580,-0.531731,0.236209,0.175941,1.416254,-0.021569,-0.261800,0.076051,-0.137514,-0.265365,0.441408,-0.380084,-0.052180,-0.086942,0.021586,0.330378,0.009272,0.365714,-0.413492,0.943886,0.430620,-0.002280,0.130909,-0.043140,-0.379925,0.529120,1.038584,-0.436213,0.031947,-0.102605
0.000147,0.039874,0.776313,-0.004616,-0.116463,-0.642390,0.757463,-0.529348,0.239997,0.180737,1.414722,-0.021242,-0.261800,0.076634,-0.137038,-0.265298,0.441417,-0.380115,-0.052048,-0.085680,0.021036,0.330297,0.009924,0.364142,-0.412471,0.944710,0.429386,-0.002356,0.130833,-0.041104,-0.378365,0.530515,1.038860,-0.436934,0.031851,-0.101862
0.000087,0.039956,0.776243,-0.004961,-0.116585,-0.642507,0.757343,-0.527209,0.243561,0.184960,1.413316,-0.020768,-0.261800,0.077184,-0.136507,-0.265199,0.441362,-0.380073,-0.052012,-0.084580,0.020510,0.330113,0.010365,0.362350,-0.411523,0.946001,0.427566,-0.002471,0.130640,-0.039344,-0.376442,0.531266,1.039509,-0.437667,0.031717,-0.101234
-0.000012,0.040055,0.776178,-0.005307,-0.116684,-0.642668,0.757189,-0.525323,0.246993,0.188601,1.412068,-0.019997,-0.261800,0.077682,-0.135863,-0.264971,0.441259,-0.379937,-0.052115,-0.083405,0.020033,0.329915,0.010630,0.360543,-0.410760,0.947549,0.424441,-0.002718,0.130155,-0.037574,-0.374331,0.531028,1.040128,-0.438546,0.031418,-0.100541
-0.000087,0.040167,0.776138,-0.005662,-0.116760,-0.642884,0.756991,-0.523538,0.250533,0.192001,1.410911,-0.019009,-0.261800,0.078158,-0.135097,-0.264596,0.441066,-0.379707,-0.052319,-0.082124,0.019593,0.329727,0.010848,0.358779,-0.410090,0.949205,0.420412,-0.003068,0.129441,-0.035752,-0.372107,0.530033,1.040629,-0.439525,0.031012,-0.099770
-0.000159,0.040278,0.776082,-0.006001,-0.116823,-0.643065,0.756825,-0.521961,0.253814,0.194912,1.409825,-0.018085,-0.261800,0.078620,-0.134355,-0.264303,0.440831,-0.379456,-0.052555,-0.081015,0.019124,0.329522,0.010992,0.357062,-0.409574,0.950958,0.416605,-0.003342,0.128734,-0.034022,-0.369766,0.528444,1.041189,-0.440364,0.030706,-0.099224
-0.000243,0.040387,0.776049,-0.006292,-0.116890,-0.643118,0.756767,-0.520713,0.256476,0.197084,1.408808,-0.017503,-0.261800,0.079058,-0.133788,-0.264318,0.440646,-0.379280,-0.052750,-0.080354,0.018568,0.329350,0.011167,0.355521,-0.409246,0.952552,0.414126,-0.003371,0.128236,-0.032364,-0.367456,0.526385,1.041670,-0.440783,0.030700,-0.099161
-0.000313,0.040513,0.776019,-0.006520,-0.116956,-0.643015,0.756842,-0.519911,0.258299,0.198326,1.407844,-0.017394,-0.261800,0.079456,-0.133458,-0.264721,0.440507,-0.379199,-0.052884,-0.080234,0.017879,0.329112,0.011233,0.354024,-0.409129,0.954260,0.413604,-0.003019,0.128016,-0.031026,-0.364956,0.523919,1.042554,-0.440637,0.031153,-0.099876
-0.000376,0.040605,0.775997,-0.006694,-0.117025,-0.642808,0.757006,-0.519460,0.259522,0.198816,1.406942,-0.017588,-0.261800,0.079827,-0.133279,-0.265380,0.440376,-0.379163,-0.052992,-0.080491,0.017071,0.328766,0.011116,0.352497,-0.409230,0.956257,0.414349,-0.002398,0.127988,-0.030095,-0.362082,0.521031,1.044007,-0.440087,0.031927,-0.101195
-0.000449,0.040725,0.775978,-0.006857,-0.117097,-0.642520,0.757238,-0.519177,0.260464,0.198841,1.406095,-0.017912,-0.261800,0.080221,-0.133178,-0.266219,0.440254,-0.379149,-0.053099,-0.081029,0.016197,0.328433,0.010995,0.351095,-0.409529,0.958206,0.415525,-0.001724,0.128124,-0.029240,-0.359094,0.517602,1.045400,-0.439469,0.032782,-0.102677
-0.000493,0.040860,0.775930,-0.007048,-0.117177,-0.642181,0.757511,-0.518880,0.261448,0.198695,1.405317,-0.018205,-0.261800,0.080675,-0.133093,-0.267155,0.440178,-0.379155,-0.053218,-0.081790,0.015341,0.328290,0.011121,0.350019,-0.409967,0.959618,0.416273,-0.001223,0.128377,-0.028053,-0.356553,0.513619,1.045865,-0.438975,0.033472,-0.103831
-0.000544,0.040992,0.775913,-0.007247,-0.117297,-0.641759,0.757848,-0.518577,0.262364,0.198286,1.404592,-0.018422,-0.261800,0.081229,-0.133057,-0.268234,0.440134,-0.379167,-0.053359,-0.082494,0.014397,0.327971,0.010621,0.348784,-0.411295,0.961829,0.416548,-0.000888,0.129038,-0.027029,-0.353247,0.508437,1.046785,-0.439216,0.034005,-0.104900
-0.000618,0.041123,0.775859,-0.007464,-0.117423,-0.641254,0.758254,-0.518367,0.263111,0.197504,1.403944,-0.018659,-0.261800,0.081836,-0.133089,-0.269474,0.440144,-0.379210,-0.053510,-0.083492,0.013388,0.327706,0.010170,0.347718,-0.412929,0.963907,0.416749,-0.000660,0.129924,-0.025959,-0.349942,0.502538,1.047355,-0.439684,0.034475,-0.105897
-0.000686,0.041255,0.775834,-0.007693,-0.117553,-0.640730,0.758675,-0.518110,0.263991,0.196670,1.403328,-0.018916,-0.261800,0.082518,-0.133096,-0.270768,0.440068,-0.379208,-0.053663,-0.084487,0.012404,0.327496,0.009665,0.346785,-0.414676,0.965882,0.416713,-0.000474,0.130879,-0.024854,-0.346656,0.496343,1.047666,-0.440064,0.034840,-0.106700
-0.000730,0.041389,0.775815,-0.007946,-0.117668,-0.640248,0.759061,-0.517675,0.265304,0.196099,1.402700,-0.019188,-0.261800,0.083247,-0.132993,-0.272003,0.439861,-0.379142,-0.053813,-0.085292,0.011510,0.327337,0.009129,0.345944,-0.416184,0.967703,0.416330,-0.000275,0.131736,-0.023808,-0.343459,0.490423,1.047854,-0.440003,0.035055,-0.107184
-0.000800,0.041529,0.775804,-0.008230,-0.117766,-0.639801,0.759420,-0.517029,0.267267,0.195955,1.402120,-0.019465,-0.261800,0.084096,-0.132760,-0.273227,0.439402,-0.378958,-0.053957,-0.085968,0.010742,0.327273,0.008544,0.345161,-0.417372,0.969370,0.415430,-0.000071,0.132480,-0.022791,-0.340377,0.484678,1.047847,-0.439178,0.035069,-0.107157
-0.000827,0.041666,0.775765,-0.008530,-0.117860,-0.639361,0.759772,-0.516230,0.269673,0.196051,1.401559,-0.019740,-0.261800,0.085059,-0.132435,-0.274478,0.438745,-0.378682,-0.054098,-0.086603,0.010075,0.327288,0.007908,0.344424,-0.418385,0.970927,0.414145,0.000113,0.133196,-0.021748,-0.337410,0.478887,1.047583,-0.437880,0.034919,-0.106732
-0.000897,0.041774,0.775736,-0.008857,-0.117929,-0.638972,0.760085,-0.515354,0.272204,0.196139,1.400984,-0.020084,-0.261800,0.085994,-0.132032,-0.275617,0.438069,-0.378379,-0.054238,-0.087229,0.009560,0.327436,0.007541,0.343839,-0.419008,0.971953,0.412780,0.000288,0.133800,-0.020585,-0.335072,0.473719,1.046669,-0.436373,0.034692,-0.106147
-0.000956,0.041915,0.775725,-0.009177,-0.117993,-0.638673,0.760322,-0.514428,0.274522,0.195999,1.400292,-0.020536,-0.261800,0.086800,-0.131572,-0.276507,0.437495,-0.378082,-0.054370,-0.087312,0.009074,0.327408,0.006834,0.343206,-0.419814,0.973319,0.411585,0.000535,0.134399,-0.019717,-0.332490,0.469227,1.046232,-0.435414,0.034495,-0.105919
-0.001031,0.042070,0.775692,-0.009519,-0.118032,-0.638495,0.760462,-0.513461,0.276669,0.195546,1.399525,-0.021196,-0.261800,0.087467,-0.130989,-0.277077,0.437032,-0.377780,-0.054503,-0.087109,0.008652,0.327307,0.006197,0.342618,-0.420325,0.974608,0.410703,0.000863,0.134924,-0.019159,-0.329959,0.465809,1.045977,-0.434953,0.034343,-0.106137
-0.001082,0.042189,0.775673,-0.009880,-0.118055,-0.638410,0.760525,-0.512445,0.278786,0.194904,1.398719,-0.022014,-0.261800,0.088041,-0.130297,-0.277408,0.436634,-0.377464,-0.054636,-0.086717,0.008327,0.327224,0.005714,0.342132,-0.420505,0.975623,0.409966,0.001239,0.135359,-0.018701,-0.327735,0.463227,1.045544,-0.434718,0.034185,-0.106552
-0.001130,0.042364,0.775660,-0.010221,-0.118067,-0.638371,0.760551,-0.511376,0.280689,0.194162,1.397766,-0.022808,-0.261800,0.088513,-0.129617,-0.277615,0.436283,-0.377153,-0.054754,-0.086286,0.008148,0.327233,0.005575,0.341832,-0.420377,0.975972,0.409289,0.001585,0.135655,-0.018070,-0.326348,0.461683,1.044383,-0.434447,0.034006,-0.106874
-0.001157,0.042514,0.775621,-0.010495,-0.118084,-0.638332,0.760577,-0.510271,0.282192,0.193406,1.396593,-0.023415,-0.261800,0.088845,-0.129100,-0.277806,0.436040,-0.376910,-0.054843,-0.085713,0.007926,0.327073,0.005406,0.341554,-0.420316,0.976248,0.408626,0.001884,0.135912,-0.017760,-0.325049,0.461191,1.043532,-0.434214,0.033835,-0.107100
-0.001172,0.042685,0.775602,-0.010684,-0.118100,-0.638288,0.760609,-0.509112,0.283196,0.192663,1.395095,-0.023818,-0.261800,0.088980,-0.128829,-0.277997,0.435949,-0.376761,-0.054908,-0.085015,0.007733,0.326845,0.005414,0.341420,-0.420223,0.975946,0.407729,0.002079,0.136059,-0.017390,-0.324442,0.461871,1.042251,-0.433863,0.033664,-0.107063
-0.001178,0.042840,0.775578,-0.010810,-0.118112,-0.638260,0.760629,-0.507884,0.283809,0.191898,1.393324,-0.024093,-0.261800,0.088974,-0.128712,-0.278139,0.435931,-0.376651,-0.054955,-0.084472,0.007345,0.326269,0.005610,0.341212,-0.419763,0.975656,0.406827,0.002235,0.136202,-0.017969,-0.323454,0.464252,1.042063,-0.433448,0.033551,-0.107127
-0.001186,0.043009,0.775551,-0.010914,-0.118124,-0.638245,0.760638,-0.506651,0.284168,0.191052,1.391485,-0.024210,-0.261800,0.088894,-0.128635,-0.278227,0.435979,-0.376570,-0.054965,-0.083929,0.006960,0.325651,0.005910,0.341076,-0.419214,0.975245,0.406252,0.002386,0.136282,-0.018841,-0.322650,0.467551,1.042082,-0.433147,0.033420,-0.107132
-0.001157,0.043197,0.775537,-0.011045,-0.118133,-0.638239,0.760640,-0.505448,0.284412,0.190088,1.389741,-0.024134,-0.261800,0.088854,-0.128462,-0.278263,0.435978,-0.376454,-0.054925,-0.083103,0.006726,0.325158,0.005974,0.341032,-0.419060,0.974993,0.406326,0.002590,0.136312,-0.019469,-0.322222,0.470948,1.041785,-0.433191,0.033228,-0.107015
-0.001141,0.043373,0.775517,-0.011226,-0.118116,-0.638245,0.760635,-0.504296,0.284489,0.188917,1.388103,-0.023758,-0.261800,0.088857,-0.128169,-0.278216,0.435934,-0.376291,-0.054815,-0.082392,0.006563,0.324678,0.006129,0.341044,-0.418925,0.974875,0.407608,0.002929,0.136298,-0.020525,-0.321910,0.475248,1.041951,-0.433496,0.032964,-0.106866
-0.001126,0.043563,0.775478,-0.011415,-0.118097,-0.638266,0.760618,-0.503167,0.284362,0.187591,1.386491,-0.023133,-0.261800,0.088856,-0.127817,-0.278092,0.435879,-0.376110,-0.054650,-0.081699,0.006423,0.324207,0.006338,0.341140,-0.418771,0.974799,0.409780,0.003348,0.136221,-0.021835,-0.321767,0.480420,1.042313,-0.434042,0.032675,-0.106667
-0.001093,0.043719,0.775446,-0.011621,-0.118069,-0.638289,0.760599,-0.502039,0.284158,0.186264,1.384942,-0.022459,-0.261800,0.088880,-0.127431,-0.277964,0.435795,-0.375917,-0.054458,-0.080631,0.006428,0.323807,0.006227,0.341282,-0.419129,0.974908,0.411843,0.003716,0.136128,-0.022890,-0.321861,0.485361,1.042444,-0.434852,0.032325,-0.106363
-0.001070,0.043910,0.775437,-0.011842,-0.118041,-0.638307,0.760586,-0.500897,0.284007,0.185094,1.383498,-0.021933,-0.261800,0.088974,-0.127030,-0.277909,0.435619,-0.375695,-0.054269,-0.079873,0.006450,0.323410,0.006503,0.341486,-0.419261,0.974747,0.413015,0.003878,0.136023,-0.024148,-0.322133,0.490649,1.042657,-0.435405,0.031966,-0.106031
-0.001017,0.044093,0.775416,-0.012071,-0.118018,-0.638312,0.760581,-0.499724,0.283916,0.184157,1.382132,-0.021569,-0.261800,0.089105,-0.126661,-0.277948,0.435441,-0.375498,-0.054074,-0.079029,0.006528,0.323029,0.006744,0.341713,-0.419645,0.974618,0.412932,0.003755,0.135927,-0.025370,-0.322509,0.495704,1.042854,-0.435886,0.031527,-0.105606
-0.000997,0.044253,0.775402,-0.012303,-0.118005,-0.638315,0.760577,-0.498525,0.283830,0.183364,1.380844,-0.021277,-0.261800,0.089276,-0.126298,-0.278030,0.435235,-0.375302,-0.053862,-0.077875,0.006675,0.322693,0.006636,0.341924,-0.420409,0.974793,0.412153,0.003428,0.135820,-0.026482,-0.322895,0.500355,1.043048,-0.436611,0.030999,-0.105091
-0.000966,0.044448,0.775388,-0.012566,-0.117970,-0.638312,0.760581,-0.497353,0.283755,0.182597,1.379665,-0.021080,-0.261800,0.089509,-0.125866,-0.278166,0.434917,-0.375067,-0.053660,-0.077548,0.006820,0.322268,0.007564,0.342268,-0.420544,0.974230,0.410883,0.003058,0.135733,-0.028139,-0.323570,0.506278,1.043520,-0.436653,0.030583,-0.104654
-0.000926,0.044635,0.775363,-0.012867,-0.117916,-0.638320,0.760577,-0.496203,0.283743,0.181780,1.378652,-0.021017,-0.261800,0.089845,-0.125277,-0.278309,0.434393,-0.374735,-0.053500,-0.077032,0.007091,0.322023,0.008300,0.342621,-0.420686,0.973699,0.409681,0.002722,0.135624,-0.029601,-0.324289,0.511494,1.043776,-0.436961,0.030255,-0.104281
-0.000881,0.044807,0.775326,-0.013251,-0.117824,-0.638344,0.760565,-0.495043,0.283878,0.180867,1.377834,-0.021149,-0.261800,0.090365,-0.124438,-0.278485,0.433569,-0.374291,-0.053395,-0.076542,0.007537,0.321894,0.009093,0.342971,-0.420724,0.973069,0.408263,0.002422,0.135602,-0.031057,-0.325038,0.516417,1.044034,-0.437338,0.030102,-0.104079
-0.000828,0.044965,0.775296,-0.013699,-0.117701,-0.638378,0.760547,-0.493883,0.284120,0.179914,1.377189,-0.021440,-0.261800,0.091024,-0.123416,-0.278693,0.432519,-0.373765,-0.053328,-0.076168,0.008105,0.321857,0.010051,0.343332,-0.420589,0.972280,0.406563,0.002110,0.135639,-0.032575,-0.325847,0.521254,1.044317,-0.437726,0.030074,-0.103993
-0.000786,0.045154,0.775268,-0.014131,-0.117577,-0.638410,0.760532,-0.492791,0.284279,0.178971,1.376634,-0.021771,-0.261800,0.091663,-0.122389,-0.278895,0.431430,-0.373190,-0.053278,-0.075635,0.008695,0.321790,0.010770,0.343626,-0.420698,0.971768,0.405019,0.001878,0.135631,-0.034064,-0.326534,0.525603,1.044728,-0.438207,0.030081,-0.103945
-0.000718,0.045357,0.775216,-0.014499,-0.117442,-0.638428,0.760530,-0.491859,0.284171,0.178088,1.376097,-0.022015,-0.261800,0.092091,-0.121546,-0.279054,0.430550,-0.372633,-0.053222,-0.075300,0.009151,0.321637,0.011671,0.343929,-0.420747,0.971213,0.404122,0.001816,0.135431,-0.035650,-0.327296,0.529978,1.045143,-0.438460,0.030078,-0.103844
-0.000659,0.045584,0.775214,-0.014756,-0.117312,-0.638430,0.760544,-0.491131,0.283734,0.177282,1.375551,-0.022146,-0.261800,0.092243,-0.120943,-0.279143,0.429898,-0.372067,-0.053151,-0.074923,0.009461,0.321361,0.012441,0.344214,-0.421021,0.970900,0.404398,0.002057,0.134872,-0.037253,-0.328075,0.534150,1.045590,-0.438495,0.029971,-0.103572
-0.000568,0.045802,0.775236,-0.014958,-0.117167,-0.638421,0.760570,-0.490552,0.283068,0.176529,1.375036,-0.022225,-0.261800,0.092217,-0.120486,-0.279188,0.429381,-0.371486,-0.053075,-0.074304,0.009689,0.320999,0.012873,0.344418,-0.421663,0.970984,0.405490,0.002531,0.134098,-0.038848,-0.328682,0.537749,1.046215,-0.438587,0.029812,-0.103228
-0.000498,0.046010,0.775253,-0.015126,-0.117030,-0.638405,0.760602,-0.490057,0.282240,0.175805,1.374581,-0.022271,-0.261800,0.092108,-0.120108,-0.279225,0.428967,-0.370922,-0.053012,-0.074066,0.009859,0.320570,0.013689,0.344647,-0.422067,0.970855,0.406386,0.002960,0.133364,-0.040484,-0.329482,0.541558,1.046716,-0.438432,0.029750,-0.102971
-0.000402,0.046213,0.775257,-0.015300,-0.116913,-0.638384,0.760634,-0.489579,0.281317,0.175085,1.374219,-0.022298,-0.261800,0.092011,-0.119751,-0.279295,0.428641,-0.370425,-0.052977,-0.073846,0.010049,0.320218,0.014530,0.344829,-0.422442,0.970645,0.406250,0.003107,0.132971,-0.041831,-0.330244,0.544520,1.046905,-0.438686,0.029865,-0.102943
-0.000300,0.046430,0.775241,-0.015490,-0.116810,-0.638353,0.760671,-0.489112,0.280274,0.174367,1.373961,-0.022296,-0.261800,0.091924,-0.119435,-0.279410,0.428449,-0.370023,-0.052963,-0.073786,0.010260,0.319908,0.015524,0.344972,-0.422674,0.970286,0.404177,0.002777,0.133160,-0.042899,-0.331092,0.546793,1.046762,-0.439464,0.030288,-0.103291
-0.000216,0.046635,0.775235,-0.015671,-0.116728,-0.638314,0.760713,-0.488676,0.279090,0.173667,1.373786,-0.022258,-0.261800,0.091812,-0.119186,-0.279552,0.428376,-0.369685,-0.052963,-0.073598,0.010438,0.319562,0.016299,0.345018,-0.423085,0.970186,0.400889,0.002161,0.133750,-0.043833,-0.331588,0.548112,1.046732,-0.440823,0.030920,-0.103946
-0.000147,0.046835,0.775226,-0.015849,-0.116653,-0.638275,0.760753,-0.488279,0.277829,0.172983,1.373685,-0.022220,-0.261800,0.091692,-0.118942,-0.279691,0.428349,-0.369372,-0.053000,-0.073512,0.010588,0.319193,0.017171,0.345025,-0.423498,0.970075,0.397760,0.001531,0.134342,-0.044666,-0.332062,0.549058,1.046621,-0.442065,0.031559,-0.104657
-0.000062,0.047028,0.775211,-0.016043,-0.116568,-0.638251,0.760783,-0.487927,0.276572,0.172311,1.373681,-0.022229,-0.261800,0.091555,-0.118658,-0.279791,0.428354,-0.369081,-0.053093,-0.073415,0.010761,0.318858,0.018063,0.344997,-0.424017,0.969949,0.396216,0.001160,0.134545,-0.045295,-0.332620,0.549642,1.046239,-0.442747,0.031975,-0.105160
0.000023,0.047207,0.775200,-0.016241,-0.116484,-0.638243,0.760798,-0.487593,0.275319,0.171699,1.373757,-0.022292,-0.261800,0.091399,-0.118343,-0.279827,0.428390,-0.368812,-0.053261,-0.073303,0.010824,0.318553,0.018945,0.344968,-0.424567,0.969928,0.397144,0.001138,0.134218,-0.046022,-0.332893,0.549710,1.046047,-0.442868,0.032047,-0.105454
0.000105,0.047396,0.775181,-0.016442,-0.116398,-0.638248,0.760803,-0.487295,0.274050,0.171123,1.373917,-0.022391,-0.261800,0.091212,-0.118005,-0.279816,0.428480,-0.368569,-0.053490,-0.073060,0.010911,0.318211,0.019763,0.344915,-0.425511,0.970003,0.399395,0.001359,0.133646,-0.046362,-0.333266,0.549244,1.045478,-0.442471,0.031962,-0.105630
0.000177,0.047588,0.775149,-0.016653,-0.116311,-0.638257,0.760803,-0.487060,0.272754,0.170512,1.374168,-0.022508,-0.261800,0.091045,-0.117623,-0.279811,0.428552,-0.368330,-0.053749,-0.072730,0.011031,0.317920,0.020507,0.344831,-0.426542,0.970066,0.402081,0.001660,0.132868,-0.046480,-0.333658,0.548273,1.044694,-0.441942,0.031790,-0.105686
0.000244,0.047779,0.775116,-0.016893,-0.116210,-0.638268,0.760805,-0.486929,0.271427,0.169786,1.374535,-0.022627,-0.261800,0.090949,-0.117170,-0.279868,0.428536,-0.368066,-0.054010,-0.072698,0.011107,0.317616,0.021602,0.344769,-0.427142,0.969780,0.404195,0.001926,0.131967,-0.046857,-0.333838,0.547512,1.044202,-0.441351,0.031671,-0.105713
0.000319,0.047963,0.775085,-0.017167,-0.116093,-0.638283,0.760804,-0.486944,0.270085,0.168872,1.375084,-0.022770,-0.261800,0.090947,-0.116596,-0.280011,0.428374,-0.367750,-0.054272,-0.072867,0.011203,0.317299,0.022878,0.344722,-0.427441,0.969215,0.405488,0.002217,0.130771,-0.047235,-0.333909,0.546823,1.043700,-0.440576,0.031640,-0.105661
0.000376,0.048138,0.775043,-0.017480,-0.115953,-0.638304,0.760800,-0.487080,0.268725,0.167822,1.375783,-0.022936,-0.261800,0.091023,-0.115920,-0.280218,0.428086,-0.367383,-0.054550,-0.072900,0.011469,0.317018,0.024380,0.344635,-0.427814,0.968181,0.406565,0.002628,0.129338,-0.047395,-0.334003,0.545407,1.043072,-0.439891,0.031574,-0.105437
0.000453,0.048303,0.774981,-0.017793,-0.115819,-0.638320,0.760800,-0.487254,0.267324,0.166769,1.376502,-0.023075,-0.261800,0.091118,-0.115241,-0.280427,0.427815,-0.367044,-0.054832,-0.072453,0.011829,0.316835,0.025271,0.344437,-0.428682,0.967541,0.407273,0.002939,0.128054,-0.047011,-0.334180,0.543142,1.042000,-0.439575,0.031483,-0.105134
0.000502,0.048464,0.774939,-0.018072,-0.115710,-0.638324,0.760807,-0.487386,0.265864,0.165841,1.377104,-0.023130,-0.261800,0.091155,-0.114641,-0.280574,0.427696,-0.366795,-0.055111,-0.072189,0.012051,0.316549,0.026167,0.344192,-0.429532,0.967203,0.407486,0.002993,0.127336,-0.046700,-0.334331,0.541521,1.041061,-0.439395,0.031460,-0.104971
0.000570,0.048625,0.774885,-0.018289,-0.115615,-0.638314,0.760825,-0.487482,0.264280,0.165123,1.377526,-0.023028,-0.261800,0.091027,-0.114214,-0.280597,0.427869,-0.366697,-0.055379,-0.072318,0.012002,0.316209,0.027443,0.344049,-0.430042,0.966780,0.407061,0.002656,0.127483,-0.046777,-0.334380,0.540782,1.040436,-0.439540,0.031524,-0.105017
0.000632,0.048760,0.774859,-0.018474,-0.115529,-0.638297,0.760847,-0.487571,0.262616,0.164533,1.377844,-0.022817,-0.261800,0.090795,-0.113882,-0.280535,0.428225,-0.366691,-0.055645,-0.072434,0.011824,0.315856,0.028609,0.343925,-0.430603,0.966578,0.406066,0.002034,0.128218,-0.046748,-0.334396,0.540184,1.039711,-0.440063,0.031643,-0.105160
0.000681,0.048882,0.774794,-0.018687,-0.115455,-0.638266,0.760880,-0.487631,0.260958,0.163933,1.378155,-0.022629,-0.261800,0.090696,-0.113513,-0.280527,0.428495,-0.366684,-0.055913,-0.072400,0.011732,0.315497,0.029671,0.343680,-0.431469,0.966495,0.404939,0.001415,0.129039,-0.046587,-0.334406,0.539459,1.039070,-0.440680,0.031733,-0.105272
0.000719,0.048983,0.774751,-0.018989,-0.115394,-0.638229,0.760912,-0.487635,0.259454,0.163200,1.378554,-0.022602,-0.261800,0.090930,-0.112939,-0.280669,0.428430,-0.366566,-0.056198,-0.072226,0.011752,0.315151,0.030442,0.343394,-0.432452,0.966757,0.404149,0.000941,0.129323,-0.046140,-0.334381,0.538738,1.038402,-0.441005,0.031711,-0.105246
0.000758,0.049074,0.774687,-0.019436,-0.115343,-0.638182,0.760948,-0.487537,0.258150,0.162237,1.379079,-0.022833,-0.261800,0.091687,-0.112059,-0.281056,0.427803,-0.366256,-0.056480,-0.072342,0.011869,0.315007,0.031597,0.343253,-0.432856,0.966611,0.403985,0.000637,0.128681,-0.045812,-0.334349,0.538420,1.037865,-0.440821,0.031550,-0.104979
0.000766,0.049153,0.774644,-0.019977,-0.115308,-0.638124,0.760988,-0.487361,0.256969,0.161130,1.379672,-0.023227,-0.261800,0.092820,-0.110978,-0.281614,0.426790,-0.365823,-0.056759,-0.072402,0.012179,0.314919,0.032812,0.342951,-0.433327,0.966408,0.404104,0.000504,0.127603,-0.045353,-0.334253,0.538040,1.037440,-0.440471,0.031314,-0.104563
0.000782,0.049234,0.774574,-0.020455,-0.115298,-0.638079,0.761015,-0.487219,0.255768,0.160201,1.380250,-0.023614,-0.261800,0.093756,-0.110061,-0.282086,0.426114,-0.365564,-0.057055,-0.072529,0.012186,0.315039,0.033552,0.342901,-0.433481,0.966536,0.404337,0.000300,0.126401,-0.045120,-0.334232,0.537984,1.037006,-0.439958,0.030957,-0.104131
0.000790,0.049281,0.774524,-0.021028,-0.115295,-0.637950,0.761107,-0.487112,0.254583,0.159058,1.380920,-0.023919,-0.261800,0.095024,-0.108959,-0.282731,0.425178,-0.365205,-0.057447,-0.072424,0.012576,0.314431,0.034737,0.342330,-0.434926,0.966848,0.404485,0.000438,0.125678,-0.044105,-0.333948,0.537859,1.036873,-0.439491,0.030728,-0.103861
0.000780,0.049343,0.774468,-0.021447,-0.115331,-0.637811,0.761207,-0.487125,0.253176,0.158252,1.381529,-0.024001,-0.261800,0.095758,-0.108310,-0.283154,0.425098,-0.365238,-0.057911,-0.072420,0.012488,0.313846,0.035229,0.341683,-0.436474,0.967895,0.404578,0.000595,0.125543,-0.043521,-0.333589,0.538432,1.036999,-0.438679,0.030450,-0.103839
0.000752,0.049377,0.774416,-0.021812,-0.115410,-0.637641,0.761327,-0.487191,0.251676,0.157539,1.382146,-0.023975,-0.261800,0.096360,-0.107817,-0.283534,0.425369,-0.365454,-0.058441,-0.072584,0.012170,0.313288,0.036053,0.341317,-0.438022,0.968536,0.404715,0.000861,0.125623,-0.042865,-0.333350,0.539497,1.036919,-0.437607,0.030142,-0.103896
0.000738,0.049391,0.774350,-0.022154,-0.115497,-0.637457,0.761458,-0.487303,0.250191,0.156934,1.382756,-0.023914,-0.261800,0.096885,-0.107396,-0.283900,0.425789,-0.365745,-0.058999,-0.072741,0.011786,0.312595,0.036773,0.340918,-0.439778,0.969378,0.404780,0.001127,0.125754,-0.042108,-0.333028,0.540638,1.036945,-0.436673,0.029889,-0.103984
0.000730,0.049432,0.774284,-0.022486,-0.115577,-0.637275,0.761589,-0.487441,0.248827,0.156455,1.383347,-0.023903,-0.261800,0.097373,-0.106973,-0.284278,0.426229,-0.366040,-0.059546,-0.072914,0.011422,0.311907,0.037537,0.340554,-0.441366,0.970092,0.404866,0.001270,0.125616,-0.041141,-0.332642,0.541353,1.036851,-0.436434,0.029769,-0.103961
0.000693,0.049441,0.774201,-0.022811,-0.115647,-0.637091,0.761722,-0.487632,0.247579,0.156084,1.383939,-0.023954,-0.261800,0.097848,-0.106523,-0.284669,0.426617,-0.366291,-0.060079,-0.073134,0.011101,0.311238,0.038348,0.340248,-0.442796,0.970659,0.405034,0.001249,0.125037,-0.039915,-0.332195,0.541411,1.036624,-0.437334,0.029839,-0.103784
0.000649,0.049442,0.774126,-0.023113,-0.115727,-0.636900,0.761861,-0.487873,0.246404,0.155823,1.384533,-0.024025,-0.261800,0.098279,-0.106090,-0.285059,0.427058,-0.366558,-0.060617,-0.073221,0.010788,0.310487,0.038934,0.339898,-0.444445,0.971446,0.405193,0.001149,0.124252,-0.038466,-0.331484,0.540882,1.036497,-0.439086,0.030047,-0.103556
0.000583,0.049448,0.774054,-0.023398,-0.115803,-0.636712,0.761998,-0.488112,0.245340,0.155707,1.385085,-0.024122,-0.261800,0.098651,-0.105696,-0.285457,0.427579,-0.366875,-0.061152,-0.073328,0.010415,0.309723,0.039638,0.339638,-0.445871,0.972050,0.405287,0.000979,0.123430,-0.036925,-0.330783,0.540380,1.036270,-0.440843,0.030292,-0.103274
0.000514,0.049432,0.773983,-0.023659,-0.115882,-0.636539,0.762122,-0.488296,0.244428,0.155772,1.385559,-0.024244,-0.261800,0.098970,-0.105353,-0.285874,0.428161,-0.367248,-0.061680,-0.073279,0.009961,0.308856,0.040288,0.339386,-0.447188,0.972706,0.405136,0.000780,0.122837,-0.035408,-0.329978,0.540193,1.036141,-0.441857,0.030477,-0.103007
0.000442,0.049438,0.773891,-0.023877,-0.115973,-0.636379,0.762235,-0.488410,0.243692,0.156082,1.385951,-0.024443,-0.261800,0.099181,-0.105110,-0.286356,0.428909,-0.367748,-0.062221,-0.073188,0.009390,0.307892,0.041053,0.339168,-0.448135,0.973247,0.404595,0.000519,0.122566,-0.033902,-0.329264,0.540603,1.035929,-0.441676,0.030585,-0.102755
0.000364,0.049421,0.773816,-0.024069,-0.116062,-0.636227,0.762342,-0.488482,0.243106,0.156595,1.386278,-0.024698,-0.261800,0.099306,-0.104944,-0.286883,0.429773,-0.368334,-0.062770,-0.073063,0.008750,0.306871,0.041893,0.338967,-0.448805,0.973678,0.403785,0.000189,0.122475,-0.032303,-0.328634,0.541358,1.035544,-0.440770,0.030668,-0.102481
0.000270,0.049390,0.773728,-0.024255,-0.116149,-0.636094,0.762434,-0.488532,0.242644,0.157204,1.386540,-0.024916,-0.261800,0.099433,-0.104759,-0.287365,0.430597,-0.368904,-0.063284,-0.072938,0.008082,0.305746,0.042721,0.338715,-0.449351,0.974209,0.403014,-0.000147,0.122449,-0.030891,-0.327862,0.542373,1.035515,-0.439696,0.030724,-0.102206
0.000175,0.049355,0.773657,-0.024458,-0.116222,-0.635988,0.762505,-0.488581,0.242279,0.157788,1.386751,-0.025005,-0.261800,0.099659,-0.104452,-0.287712,0.431215,-0.369347,-0.063723,-0.072802,0.007447,0.304667,0.043598,0.338448,-0.449821,0.974634,0.402685,-0.000411,0.122321,-0.029541,-0.327021,0.543377,1.035613,-0.439075,0.030807,-0.101863
0.000067,0.049314,0.773602,-0.024694,-0.116277,-0.635917,0.762548,-0.488644,0.242030,0.158342,1.386937,-0.024906,-0.261800,0.099992,-0.103973,-0.287840,0.431620,-0.369635,-0.064089,-0.072626,0.006869,0.303642,0.044483,0.338174,-0.450314,0.974985,0.402985,-0.000602,0.122020,-0.028300,-0.326059,0.544230,1.035942,-0.439143,0.030970,-0.101395
-0.000035,0.049280,0.773532,-0.024941,-0.116323,-0.635873,0.762569,-0.488705,0.241906,0.158920,1.387086,-0.024683,-0.261800,0.100393,-0.103375,-0.287822,0.431873,-0.369818,-0.064402,-0.072351,0.006374,0.302731,0.045422,0.337982,-0.450800,0.975071,0.403662,-0.000760,0.121601,-0.026852,-0.325312,0.544914,1.035966,-0.439564,0.031167,-0.100766
-0.000169,0.049209,0.773482,-0.025194,-0.116358,-0.635848,0.762577,-0.488740,0.241852,0.159500,1.387133,-0.024408,-0.261800,0.100854,-0.102749,-0.287785,0.431975,-0.369939,-0.064634,-0.072034,0.005777,0.301640,0.046232,0.337683,-0.451279,0.975504,0.404414,-0.000847,0.121257,-0.025852,-0.323948,0.545813,1.036904,-0.440134,0.031296,-0.100278
-0.000309,0.049135,0.773425,-0.025417,-0.116402,-0.635833,0.762575,-0.488735,0.241823,0.160047,1.387010,-0.024153,-0.261800,0.101424,-0.102140,-0.287868,0.431792,-0.369971,-0.064757,-0.071593,0.005268,0.300667,0.047100,0.337528,-0.451698,0.975626,0.404876,-0.000890,0.120974,-0.024378,-0.323158,0.546770,1.037117,-0.440501,0.031193,-0.099801
-0.000453,0.049067,0.773346,-0.025621,-0.116441,-0.635821,0.762573,-0.488693,0.241809,0.160555,1.386693,-0.023954,-0.261800,0.102112,-0.101571,-0.288171,0.431299,-0.369935,-0.064737,-0.070942,0.004863,0.299904,0.047836,0.337476,-0.452047,0.975520,0.405120,-0.000837,0.120849,-0.022438,-0.322910,0.547525,1.036609,-0.440783,0.030665,-0.099405
-0.000589,0.048976,0.773309,-0.025804,-0.116473,-0.635815,0.762566,-0.488624,0.241824,0.161048,1.386193,-0.023753,-0.261800,0.102903,-0.101013,-0.288601,0.430515,-0.369812,-0.064599,-0.070480,0.004302,0.298579,0.048678,0.337310,-0.452604,0.975901,0.404921,-0.000603,0.121046,-0.020944,-0.322050,0.549437,1.037240,-0.440529,0.029987,-0.099424
-0.000757,0.048886,0.773294,-0.025984,-0.116505,-0.635835,0.762539,-0.488501,0.241888,0.161522,1.385591,-0.023535,-0.261800,0.103743,-0.100456,-0.288998,0.429609,-0.369640,-0.064403,-0.069858,0.003775,0.297474,0.049443,0.337171,-0.452857,0.976125,0.404743,-0.000440,0.121110,-0.019388,-0.321326,0.551075,1.037647,-0.440470,0.029263,-0.099312
-0.000889,0.048833,0.773267,-0.026155,-0.116559,-0.635894,0.762476,-0.488312,0.242008,0.161984,1.384925,-0.023259,-0.261800,0.104544,-0.099906,-0.289201,0.428783,-0.369473,-0.064207,-0.069143,0.003230,0.296436,0.050257,0.337028,-0.452812,0.976293,0.404446,-0.000456,0.120883,-0.017890,-0.320604,0.552731,1.038066,-0.440492,0.028818,-0.098970
-0.001050,0.048752,0.773264,-0.026333,-0.116642,-0.635997,0.762370,-0.488015,0.242195,0.162427,1.384196,-0.022894,-0.261800,0.105368,-0.099335,-0.289157,0.428002,-0.369284,-0.063986,-0.068401,0.002661,0.295483,0.051208,0.336845,-0.452195,0.976381,0.404072,-0.000751,0.120176,-0.016694,-0.319755,0.554511,1.038810,-0.440603,0.028762,-0.098316
-0.001195,0.048694,0.773257,-0.026518,-0.116742,-0.636137,0.762232,-0.487639,0.242446,0.162850,1.383393,-0.022471,-0.261800,0.106208,-0.098755,-0.288953,0.427233,-0.369081,-0.063723,-0.067641,0.002036,0.294585,0.052249,0.336616,-0.451089,0.976439,0.403642,-0.001220,0.119156,-0.015707,-0.318752,0.556448,1.039797,-0.440784,0.028973,-0.097479
-0.001357,0.048618,0.773294,-0.026672,-0.116845,-0.636309,0.762067,-0.487246,0.242732,0.163272,1.382518,-0.022042,-0.261800,0.106994,-0.098206,-0.288647,0.426456,-0.368863,-0.063488,-0.066746,0.001430,0.293708,0.053251,0.336411,-0.450034,0.976471,0.403048,-0.001737,0.118117,-0.014625,-0.317887,0.558314,1.040618,-0.441004,0.029217,-0.096544
-0.001518,0.048538,0.773290,-0.026765,-0.116933,-0.636510,0.761883,-0.486912,0.243030,0.163705,1.381598,-0.021665,-0.261800,0.107626,-0.097733,-0.288296,0.425708,-0.368662,-0.063349,-0.065848,0.000799,0.292741,0.054243,0.336237,-0.449248,0.976530,0.402282,-0.002172,0.117365,-0.013576,-0.317145,0.560256,1.041407,-0.441172,0.029299,-0.095680
-0.001678,0.048485,0.773308,-0.026775,-0.117009,-0.636744,0.761675,-0.486643,0.243313,0.164201,1.380578,-0.021327,-0.261800,0.108042,-0.097381,-0.287905,0.425045,-0.368504,-0.063374,-0.065072,0.000077,0.291594,0.055327,0.336067,-0.448659,0.976644,0.401234,-0.002510,0.117074,-0.012815,-0.316359,0.562529,1.042527,-0.441152,0.029133,-0.094917
-0.001827,0.048369,0.773331,-0.026720,-0.117080,-0.637011,0.761443,-0.486408,0.243601,0.164734,1.379477,-0.021015,-0.261800,0.108305,-0.097117,-0.287445,0.424428,-0.368364,-0.063508,-0.064302,-0.000718,0.290330,0.056441,0.335910,-0.448210,0.976816,0.399944,-0.002808,0.117057,-0.012222,-0.315549,0.564976,1.043857,-0.441036,0.028842,-0.094187
-0.001999,0.048306,0.773366,-0.026633,-0.117143,-0.637302,0.761193,-0.486220,0.243938,0.165211,1.378387,-0.020756,-0.261800,0.108514,-0.096863,-0.286929,0.423770,-0.368204,-0.063644,-0.063447,-0.001481,0.289062,0.057464,0.335799,-0.448009,0.977005,0.398650,-0.003066,0.117065,-0.011524,-0.314868,0.567294,1.044959,-0.441061,0.028521,-0.093504
-0.002181,0.048216,0.773380,-0.026560,-0.117182,-0.637605,0.760935,-0.486095,0.244377,0.165538,1.377429,-0.020609,-0.261800,0.108755,-0.096543,-0.286356,0.423008,-0.368008,-0.063677,-0.062192,-0.002066,0.288091,0.058070,0.335763,-0.448173,0.977155,0.397745,-0.003294,0.116806,-0.010303,-0.314572,0.568723,1.045121,-0.441676,0.028229,-0.092808
-0.002354,0.048144,0.773412,-0.026499,-0.117179,-0.637914,0.760679,-0.486096,0.244961,0.165687,1.376630,-0.020609,-0.261800,0.109042,-0.096109,-0.285752,0.422055,-0.367731,-0.063607,-0.061694,-0.002739,0.286645,0.059224,0.335716,-0.448173,0.977407,0.396926,-0.003444,0.116345,-0.009889,-0.313887,0.571578,1.046291,-0.442047,0.028100,-0.092552
-0.002510,0.048058,0.773468,-0.026439,-0.117156,-0.638237,0.760414,-0.486173,0.245673,0.165710,1.375950,-0.020733,-0.261800,0.109362,-0.095601,-0.285096,0.420962,-0.367393,-0.063481,-0.061001,-0.003303,0.285417,0.060151,0.335723,-0.448329,0.977579,0.396454,-0.003561,0.115650,-0.009325,-0.313313,0.573852,1.047013,-0.443016,0.027955,-0.092351
-0.002649,0.047993,0.773525,-0.026352,-0.117140,-0.638578,0.760133,-0.486277,0.246380,0.165635,1.375315,-0.020885,-0.261800,0.109623,-0.095132,-0.284372,0.419913,-0.367087,-0.063262,-0.060255,-0.003878,0.284197,0.060979,0.335781,-0.448641,0.977804,0.396181,-0.003637,0.114932,-0.008782,-0.312761,0.576062,1.047633,-0.443992,0.027879,-0.092200
-0.002814,0.047906,0.773572,-0.026237,-0.117140,-0.638944,0.759829,-0.486351,0.246961,0.165486,1.374671,-0.020974,-0.261800,0.109786,-0.094809,-0.283565,0.419026,-0.366874,-0.062911,-0.059638,-0.004635,0.282921,0.061967,0.335947,-0.448822,0.977959,0.396156,-0.003674,0.114345,-0.008692,-0.311900,0.578577,1.048698,-0.444578,0.027915,-0.092068
-0.002983,0.047823,0.773633,-0.026057,-0.117180,-0.639326,0.759508,-0.486428,0.247311,0.165195,1.374015,-0.020978,-0.261800,0.109769,-0.094700,-0.282679,0.418451,-0.366826,-0.062429,-0.058746,-0.005412,0.281734,0.062669,0.336131,-0.449326,0.978204,0.396527,-0.003642,0.113914,-0.008380,-0.311319,0.580744,1.049282,-0.444848,0.028134,-0.091772
-0.003130,0.047773,0.773696,-0.025833,-0.117241,-0.639725,0.759170,-0.486519,0.247517,0.164776,1.373365,-0.020943,-0.261800,0.109618,-0.094736,-0.281720,0.418089,-0.366897,-0.061831,-0.057780,-0.006216,0.280582,0.063246,0.336323,-0.449983,0.978499,0.397233,-0.003548,0.113567,-0.008068,-0.310911,0.582887,1.049637,-0.444836,0.028502,-0.091412
-0.003285,0.047698,0.773751,-0.025605,-0.117305,-0.640157,0.758804,-0.486561,0.247767,0.164360,1.372747,-0.020896,-0.261800,0.109463,-0.094798,-0.280674,0.417703,-0.366972,-0.061107,-0.056861,-0.007015,0.279467,0.063919,0.336567,-0.450553,0.978680,0.397948,-0.003479,0.113286,-0.007862,-0.310516,0.585042,1.049991,-0.444660,0.028824,-0.091064
-0.003408,0.047620,0.773773,-0.025396,-0.117374,-0.640639,0.758393,-0.486476,0.248252,0.164090,1.372163,-0.020864,-0.261800,0.109399,-0.094774,-0.279522,0.417128,-0.366985,-0.060242,-0.055852,-0.007677,0.278490,0.064562,0.336797,-0.451001,0.978785,0.398393,-0.003526,0.113054,-0.007576,-0.310226,0.586782,1.050208,-0.444589,0.028877,-0.090725
-0.003525,0.047561,0.773830,-0.025222,-0.117448,-0.641169,0.757939,-0.486218,0.249026,0.164007,1.371597,-0.020847,-0.261800,0.109523,-0.094634,-0.278280,0.416212,-0.366885,-0.059165,-0.054794,-0.008098,0.277683,0.065272,0.336942,-0.451263,0.978684,0.398451,-0.003757,0.112899,-0.007292,-0.310084,0.588009,1.050420,-0.444580,0.028484,-0.090394
-0.003626,0.047489,0.773859,-0.025074,-0.117521,-0.641745,0.757445,-0.485855,0.249996,0.164033,1.371094,-0.020829,-0.261800,0.109746,-0.094443,-0.276945,0.415100,-0.366733,-0.057907,-0.054018,-0.008531,0.276860,0.066412,0.337230,-0.451212,0.978242,0.398157,-0.004102,0.112831,-0.007301,-0.309857,0.589628,1.050905,-0.444241,0.027877,-0.090171
-0.003735,0.047433,0.773898,-0.024921,-0.117592,-0.642364,0.756915,-0.485429,0.251090,0.164132,1.370619,-0.020824,-0.261800,0.109957,-0.094211,-0.275496,0.413946,-0.366554,-0.056607,-0.053015,-0.008858,0.276165,0.067286,0.337455,-0.451171,0.977954,0.397855,-0.004460,0.112773,-0.007183,-0.309721,0.590698,1.051171,-0.444142,0.027188,-0.089913
-0.003826,0.047358,0.773962,-0.024751,-0.117635,-0.643022,0.756354,-0.485003,0.252224,0.164267,1.370161,-0.020846,-0.261800,0.110023,-0.093979,-0.273922,0.412932,-0.366384,-0.055396,-0.051822,-0.009089,0.275495,0.067958,0.337582,-0.451250,0.977844,0.397620,-0.004655,0.112707,-0.007081,-0.309665,0.591475,1.051371,-0.444240,0.026616,-0.089633
-0.003923,0.047291,0.774021,-0.024567,-0.117633,-0.643738,0.755751,-0.484570,0.253443,0.164468,1.369707,-0.020918,-0.261800,0.109872,-0.093730,-0.272151,0.412158,-0.366218,-0.054377,-0.050623,-0.009348,0.274683,0.068670,0.337766,-0.451401,0.977861,0.397285,-0.004603,0.112677,-0.007111,-0.309608,0.592563,1.051643,-0.444341,0.026247,-0.089410
-0.004045,0.047221,0.774093,-0.024364,-0.117609,-0.644504,0.755109,-0.484115,0.254766,0.164738,1.369281,-0.021035,-0.261800,0.109559,-0.093464,-0.270213,0.411565,-0.366069,-0.053456,-0.049498,-0.009649,0.273808,0.069564,0.338115,-0.451483,0.977773,0.396790,-0.004401,0.112665,-0.007360,-0.309519,0.593970,1.052036,-0.444346,0.025970,-0.089249
-0.004094,0.047159,0.774152,-0.024150,-0.117570,-0.645288,0.754451,-0.483645,0.256077,0.165019,1.368856,-0.021123,-0.261800,0.109257,-0.093198,-0.268241,0.410856,-0.365884,-0.052476,-0.048384,-0.009954,0.272991,0.070644,0.338580,-0.451435,0.977429,0.396371,-0.004164,0.112565,-0.007756,-0.309419,0.595272,1.052469,-0.444400,0.025766,-0.089082
-0.004183,0.047073,0.774228,-0.023922,-0.117531,-0.646067,0.753798,-0.483205,0.257288,0.165244,1.368464,-0.021140,-0.261800,0.109113,-0.092935,-0.266358,0.409758,-0.365614,-0.051288,-0.047219,-0.010232,0.272185,0.071596,0.339000,-0.451375,0.977251,0.396130,-0.004045,0.112341,-0.008164,-0.309360,0.596401,1.052918,-0.444437,0.025659,-0.088897
-0.004237,0.046997,0.774331,-0.023667,-0.117496,-0.646835,0.753152,-0.482810,0.258358,0.165376,1.368096,-0.021049,-0.261800,0.109219,-0.092676,-0.264617,0.408062,-0.365238,-0.049755,-0.045820,-0.010404,0.271407,0.072060,0.339152,-0.451426,0.977602,0.396206,-0.004073,0.111922,-0.008409,-0.309358,0.597004,1.053269,-0.444523,0.025677,-0.088661
-0.004296,0.046922,0.774422,-0.023394,-0.117448,-0.647604,0.752508,-0.482466,0.259349,0.165442,1.367758,-0.020886,-0.261800,0.109456,-0.092414,-0.262950,0.405977,-0.364799,-0.047993,-0.045060,-0.010692,0.270429,0.073544,0.339638,-0.451013,0.977173,0.396161,-0.004117,0.111340,-0.009178,-0.309386,0.598831,1.054020,-0.443803,0.025877,-0.088527
-0.004381,0.046850,0.774527,-0.023110,-0.117407,-0.648372,0.751862,-0.482090,0.260289,0.165522,1.367431,-0.020692,-0.261800,0.109718,-0.092175,-0.261283,0.403838,-0.364325,-0.046222,-0.044192,-0.010954,0.269601,0.074804,0.340077,-0.450512,0.976881,0.396349,-0.004261,0.110731,-0.009894,-0.309441,0.600159,1.054612,-0.443478,0.026096,-0.088333
-0.004433,0.046753,0.774597,-0.022835,-0.117377,-0.649137,0.751214,-0.481649,0.261225,0.165671,1.367116,-0.020514,-0.261800,0.109874,-0.091968,-0.259550,0.401989,-0.363847,-0.044663,-0.043133,-0.011143,0.268828,0.075591,0.340335,-0.450251,0.977088,0.396572,-0.004496,0.110327,-0.010527,-0.309503,0.600927,1.055192,-0.443708,0.026255,-0.088109
-0.004472,0.046665,0.774691,-0.022575,-0.117358,-0.649901,0.750564,-0.481084,0.262155,0.165923,1.366780,-0.020330,-0.261800,0.109885,-0.091825,-0.257703,0.400563,-0.363391,-0.043335,-0.042197,-0.011354,0.268157,0.076448,0.340626,-0.449878,0.977235,0.396842,-0.004870,0.110179,-0.011256,-0.309596,0.601536,1.055756,-0.444688,0.026369,-0.087811
-0.004526,0.046596,0.774790,-0.022308,-0.117363,-0.650661,0.749912,-0.480438,0.263055,0.166234,1.366439,-0.020127,-0.261800,0.109835,-0.091728,-0.255798,0.399339,-0.362921,-0.042131,-0.041292,-0.011541,0.267578,0.077329,0.340870,-0.449469,0.977336,0.397210,-0.005329,0.110206,-0.012052,-0.309693,0.601904,1.056309,-0.446220,0.026489,-0.087455
-0.004582,0.046522,0.774892,-0.022050,-0.117356,-0.651416,0.749266,-0.479797,0.263940,0.166575,1.366141,-0.019956,-0.261800,0.109694,-0.091642,-0.253886,0.398289,-0.362466,-0.041084,-0.040299,-0.011703,0.266969,0.077795,0.341055,-0.449222,0.977947,0.397522,-0.005829,0.110275,-0.012786,-0.309779,0.601998,1.056869,-0.447692,0.026579,-0.087175
-0.004626,0.046443,0.774989,-0.021800,-0.117331,-0.652152,0.748636,-0.479254,0.264783,0.166898,1.365933,-0.019845,-0.261800,0.109437,-0.091546,-0.252046,0.397408,-0.362068,-0.040218,-0.039411,-0.011805,0.266381,0.078267,0.341140,-0.449005,0.978489,0.397710,-0.006194,0.110222,-0.013551,-0.309828,0.601999,1.057364,-0.448425,0.026636,-0.087067
-0.004683,0.046384,0.775084,-0.021540,-0.117289,-0.652879,0.748016,-0.478830,0.265611,0.167222,1.365850,-0.019824,-0.261800,0.108993,-0.091440,-0.250268,0.396783,-0.361749,-0.039647,-0.039050,-0.011952,0.266092,0.079605,0.341752,-0.447856,0.977853,0.397917,-0.006533,0.109767,-0.014661,-0.310160,0.602188,1.057567,-0.448037,0.026541,-0.087061
-0.004719,0.046351,0.775149,-0.021289,-0.117226,-0.653593,0.747409,-0.478484,0.266401,0.167556,1.365856,-0.019863,-0.261800,0.108389,-0.091347,-0.248535,0.396407,-0.361494,-0.039315,-0.038497,-0.012040,0.265677,0.080388,0.342202,-0.447166,0.977875,0.397836,-0.006814,0.109262,-0.015548,-0.310421,0.602056,1.057706,-0.446944,0.026422,-0.087273
-0.004758,0.046300,0.775224,-0.021035,-0.117162,-0.654289,0.746817,-0.478190,0.267168,0.167865,1.365911,-0.019940,-0.261800,0.107753,-0.091224,-0.246844,0.396075,-0.361250,-0.039020,-0.037990,-0.012064,0.265297,0.081031,0.342595,-0.446548,0.977992,0.397780,-0.006990,0.108772,-0.016483,-0.310672,0.601782,1.057844,-0.445707,0.026302,-0.087547
-0.004794,0.046274,0.775281,-0.020811,-0.117069,-0.654963,0.746248,-0.477925,0.267910,0.168118,1.365951,-0.020021,-0.261800,0.107205,-0.091042,-0.245192,0.395593,-0.360975,-0.038557,-0.037579,-0.012024,0.265008,0.081617,0.343020,-0.445974,0.978050,0.397902,-0.007037,0.108387,-0.017459,-0.310963,0.601433,1.057908,-0.444855,0.026215,-0.087751
-0.004826,0.046232,0.775332,-0.020612,-0.116958,-0.655611,0.745701,-0.477716,0.268647,0.168262,1.366013,-0.020133,-0.261800,0.106761,-0.090761,-0.243563,0.394928,-0.360668,-0.037845,-0.037261,-0.011898,0.264840,0.082154,0.343472,-0.445492,0.977994,0.398259,-0.006840,0.108165,-0.018466,-0.311293,0.600981,1.057833,-0.444546,0.026199,-0.087880
-0.004833,0.046190,0.775369,-0.020430,-0.116830,-0.656237,0.745176,-0.477566,0.269369,0.168330,1.366107,-0.020282,-0.261800,0.106354,-0.090416,-0.241961,0.394195,-0.360360,-0.036999,-0.037026,-0.011688,0.264705,0.082496,0.343854,-0.445110,0.978117,0.398756,-0.006490,0.108052,-0.019604,-0.311588,0.600462,1.057857,-0.444453,0.026189,-0.088001
-0.004869,0.046144,0.775429,-0.020259,-0.116688,-0.656843,0.744669,-0.477430,0.270049,0.168408,1.366180,-0.020417,-0.261800,0.105972,-0.090065,-0.240419,0.393421,-0.360045,-0.036122,-0.036893,-0.011428,0.264442,0.082634,0.344050,-0.444887,0.978603,0.399284,-0.006082,0.108071,-0.020836,-0.311750,0.600062,1.058157,-0.444404,0.026263,-0.088177
-0.004906,0.046110,0.775455,-0.020078,-0.116564,-0.657431,0.744174,-0.477238,0.270659,0.168581,1.366157,-0.020488,-0.261800,0.105594,-0.089778,-0.238968,0.392697,-0.359755,-0.035315,-0.036661,-0.011196,0.264608,0.083071,0.344741,-0.444512,0.978117,0.399882,-0.005852,0.107881,-0.021709,-0.312329,0.599156,1.057597,-0.444549,0.026274,-0.088135
-0.004919,0.046064,0.775503,-0.019887,-0.116439,-0.657998,0.743697,-0.477024,0.271152,0.168838,1.366053,-0.020486,-0.261800,0.105215,-0.089577,-0.237646,0.391990,-0.359484,-0.034590,-0.036558,-0.010939,0.264471,0.083103,0.345117,-0.444360,0.978457,0.400471,-0.005859,0.107749,-0.022839,-0.312657,0.598557,1.057780,-0.444457,0.026320,-0.088161
-0.004929,0.046019,0.775539,-0.019675,-0.116334,-0.658546,0.743234,-0.476785,0.271555,0.169151,1.365883,-0.020431,-0.261800,0.104841,-0.089434,-0.236419,0.391313,-0.359241,-0.033899,-0.036403,-0.010689,0.264468,0.083192,0.345666,-0.444292,0.978469,0.401155,-0.005943,0.107560,-0.023675,-0.313153,0.597705,1.057516,-0.444470,0.026441,-0.088118
-0.004959,0.045961,0.775589,-0.019478,-0.116218,-0.659077,0.742786,-0.476518,0.271950,0.169555,1.365655,-0.020346,-0.261800,0.104455,-0.089309,-0.235235,0.390688,-0.359008,-0.033251,-0.036274,-0.010412,0.264469,0.083165,0.346245,-0.444310,0.978535,0.401648,-0.006085,0.107423,-0.024538,-0.313692,0.596912,1.057306,-0.444456,0.026528,-0.088042
-0.004936,0.045915,0.775663,-0.019287,-0.116104,-0.659597,0.742347,-0.476201,0.272420,0.170092,1.365372,-0.020246,-0.261800,0.104006,-0.089179,-0.234033,0.390235,-0.358815,-0.032654,-0.036195,-0.010106,0.264453,0.083030,0.346715,-0.444308,0.978691,0.401819,-0.006166,0.107447,-0.025558,-0.314149,0.596303,1.057327,-0.444467,0.026576,-0.087973
-0.004925,0.045889,0.775694,-0.019118,-0.115985,-0.660103,0.741921,-0.475830,0.272989,0.170780,1.365056,-0.020127,-0.261800,0.103485,-0.089033,-0.232792,0.390004,-0.358676,-0.032106,-0.036054,-0.009789,0.264648,0.083095,0.347558,-0.444387,0.978171,0.401371,-0.006151,0.107617,-0.026245,-0.315002,0.595637,1.056625,-0.444547,0.026564,-0.087769
-0.004943,0.045839,0.775730,-0.018957,-0.115868,-0.660593,0.741506,-0.475413,0.273613,0.171597,1.364697,-0.019983,-0.261800,0.102907,-0.088891,-0.231544,0.389945,-0.358579,-0.031602,-0.036060,-0.009435,0.264750,0.082961,0.348115,-0.444442,0.977994,0.400622,-0.006092,0.108020,-0.027272,-0.315584,0.595230,1.056459,-0.444682,0.026519,-0.087584
-0.004958,0.045789,0.775729,-0.018795,-0.115754,-0.661073,0.741101,-0.474960,0.274268,0.172517,1.364270,-0.019835,-0.261800,0.102294,-0.088751,-0.230314,0.389973,-0.358503,-0.031153,-0.036053,-0.009057,0.264856,0.082700,0.348618,-0.444464,0.977893,0.399779,-0.006024,0.108434,-0.028358,-0.316120,0.594951,1.056431,-0.444773,0.026477,-0.087439
-0.004947,0.045744,0.775762,-0.018631,-0.115628,-0.661550,0.740699,-0.474478,0.274929,0.173519,1.363736,-0.019697,-0.261800,0.101683,-0.088616,-0.229125,0.389956,-0.358390,-0.030771,-0.035976,-0.008667,0.264935,0.082265,0.349035,-0.444373,0.977973,0.399118,-0.005982,0.108700,-0.029487,-0.316580,0.594830,1.056629,-0.444733,0.026478,-0.087412
-0.004947,0.045691,0.775776,-0.018449,-0.115503,-0.662032,0.740292,-0.473948,0.275636,0.174669,1.363079,-0.019574,-0.261800,0.101014,-0.088509,-0.227957,0.389995,-0.358278,-0.030487,-0.035776,-0.008279,0.265138,0.081864,0.349657,-0.444059,0.977821,0.398621,-0.006033,0.108656,-0.030411,-0.317306,0.594913,1.056529,-0.444485,0.026640,-0.087471
-0.004920,0.045651,0.775826,-0.018260,-0.115375,-0.662512,0.739887,-0.473379,0.276387,0.175954,1.362332,-0.019460,-0.261800,0.100293,-0.088417,-0.226811,0.390107,-0.358172,-0.030287,-0.035510,-0.007875,0.265323,0.081271,0.350172,-0.443628,0.977890,0.398216,-0.006127,0.108488,-0.031426,-0.317957,0.595226,1.056690,-0.444117,0.026915,-0.087646
-0.004935,0.045580,0.775837,-0.018074,-0.115239,-0.662976,0.739497,-0.472804,0.277094,0.177234,1.361505,-0.019352,-0.261800,0.099604,-0.088314,-0.225718,0.390157,-0.358048,-0.030107,-0.035272,-0.007443,0.265478,0.080566,0.350607,-0.443131,0.978027,0.397913,-0.006184,0.108287,-0.032475,-0.318537,0.595598,1.056997,-0.443649,0.027053,-0.087872
-0.004961,0.045518,0.775879,-0.017896,-0.115094,-0.663400,0.739144,-0.472276,0.277669,0.178371,1.360629,-0.019250,-0.261800,0.099033,-0.088170,-0.224715,0.390007,-0.357881,-0.029885,-0.035175,-0.006996,0.265607,0.079918,0.351044,-0.442569,0.977957,0.397740,-0.006116,0.108140,-0.033500,-0.319142,0.595881,1.057296,-0.443099,0.026811,-0.088087
-0.004960,0.045465,0.775886,-0.017736,-0.114923,-0.663789,0.738825,-0.471801,0.278091,0.179323,1.359680,-0.019176,-0.261800,0.098612,-0.087947,-0.223794,0.389561,-0.357647,-0.029583,-0.035224,-0.006507,0.265752,0.079456,0.351600,-0.441916,0.977385,0.397632,-0.005845,0.108022,-0.034357,-0.319933,0.595990,1.057292,-0.442603,0.026175,-0.088142
-0.004950,0.045404,0.775908,-0.017578,-0.114740,-0.664149,0.738534,-0.471365,0.278408,0.180166,1.358663,-0.019126,-0.261800,0.098282,-0.087675,-0.222937,0.388935,-0.357377,-0.029242,-0.035243,-0.005962,0.265718,0.078640,0.351931,-0.441439,0.977203,0.397583,-0.005432,0.107996,-0.035387,-0.320405,0.595946,1.057844,-0.442174,0.025241,-0.088201
-0.004964,0.045338,0.775935,-0.017426,-0.114561,-0.664470,0.738276,-0.470949,0.278633,0.180933,1.357614,-0.019050,-0.261800,0.097972,-0.087422,-0.222178,0.388354,-0.357125,-0.028918,-0.035433,-0.005451,0.265894,0.078222,0.352538,-0.440711,0.976250,0.397713,-0.005011,0.107901,-0.036056,-0.321285,0.595853,1.057631,-0.441434,0.023993,-0.088305
-0.004955,0.045255,0.775979,-0.017286,-0.114402,-0.664744,0.738057,-0.470539,0.278784,0.181655,1.356555,-0.018889,-0.261800,0.097694,-0.087233,-0.221550,0.387852,-0.356922,-0.028673,-0.035652,-0.004959,0.266052,0.077570,0.353080,-0.440129,0.975612,0.398049,-0.004718,0.107876,-0.036716,-0.322089,0.595704,1.057601,-0.440135,0.022340,-0.088769
-0.004975,0.045166,0.776007,-0.017133,-0.114277,-0.664962,0.737884,-0.470154,0.278819,0.182346,1.355467,-0.018599,-0.261800,0.097358,-0.087165,-0.221080,0.387602,-0.356821,-0.028529,-0.035988,-0.004529,0.266224,0.076768,0.353578,-0.439651,0.975221,0.398812,-0.004605,0.107902,-0.037398,-0.322841,0.595568,1.057764,-0.437997,0.020122,-0.089553
-0.004973,0.045063,0.776031,-0.016982,-0.114164,-0.665133,0.737751,-0.469796,0.278742,0.182983,1.354348,-0.018223,-0.261800,0.097010,-0.087172,-0.220746,0.387476,-0.356777,-0.028454,-0.036427,-0.004141,0.266386,0.075821,0.354019,-0.439251,0.975028,0.399903,-0.004593,0.107981,-0.038139,-0.323516,0.595458,1.058154,-0.435208,0.017420,-0.090578
-0.004950,0.045005,0.776035,-0.016847,-0.114077,-0.665265,0.737648,-0.469423,0.278643,0.183559,1.353250,-0.017833,-0.261800,0.096734,-0.087187,-0.220497,0.387389,-0.356750,-0.028414,-0.036917,-0.003756,0.266615,0.074904,0.354487,-0.438771,0.974708,0.400966,-0.004613,0.108094,-0.038687,-0.324247,0.595231,1.058279,-0.432322,0.014557,-0.091935
-0.004936,0.044915,0.776057,-0.016765,-0.114003,-0.665372,0.737565,-0.468990,0.278615,0.184070,1.352233,-0.017517,-0.261800,0.096626,-0.087137,-0.220284,0.387229,-0.356694,-0.028381,-0.037371,-0.003344,0.266810,0.073866,0.354794,-0.438211,0.974533,0.401648,-0.004584,0.108319,-0.039189,-0.324740,0.594862,1.058432,-0.429849,0.011854,-0.093817
-0.004924,0.044833,0.776059,-0.016762,-0.113945,-0.665449,0.737505,-0.468469,0.278661,0.184471,1.351328,-0.017303,-0.261800,0.096721,-0.087014,-0.220098,0.387033,-0.356630,-0.028348,-0.037808,-0.002898,0.267222,0.073079,0.355197,-0.437298,0.973772,0.401751,-0.004471,0.108538,-0.039178,-0.325442,0.594161,1.057680,-0.427996,0.009260,-0.096386
-0.004927,0.044746,0.776086,-0.016796,-0.113915,-0.665491,0.737470,-0.467908,0.278736,0.184782,1.350508,-0.017146,-0.261800,0.096948,-0.086853,-0.219966,0.386845,-0.356574,-0.028328,-0.038236,-0.002412,0.267427,0.072066,0.355405,-0.436493,0.973453,0.401310,-0.004322,0.108901,-0.039276,-0.325845,0.593477,1.057403,-0.426311,0.006602,-0.099657
-0.004906,0.044659,0.776091,-0.016865,-0.113894,-0.665512,0.737453,-0.467305,0.278875,0.185075,1.349724,-0.017018,-0.261800,0.097304,-0.086646,-0.219885,0.386558,-0.356474,-0.028329,-0.038654,-0.001931,0.268173,0.071438,0.355875,-0.435169,0.972074,0.401150,-0.004191,0.109174,-0.038582,-0.326827,0.592251,1.055403,-0.425043,0.004222,-0.102834
-0.004902,0.044539,0.776111,-0.016939,-0.113846,-0.665526,0.737447,-0.466760,0.279103,0.185424,1.348963,-0.016894,-0.261800,0.097732,-0.086382,-0.219856,0.386017,-0.356231,-0.028358,-0.039078,-0.001433,0.268662,0.070584,0.356214,-0.434195,0.971179,0.401103,-0.004147,0.109653,-0.038094,-0.327574,0.591270,1.053870,-0.423566,0.002239,-0.105697
-0.004934,0.044473,0.776131,-0.017016,-0.113788,-0.665530,0.737450,-0.466233,0.279494,0.185859,1.348215,-0.016753,-0.261800,0.098318,-0.086010,-0.219890,0.385105,-0.355798,-0.028398,-0.039541,-0.000934,0.269076,0.069601,0.356472,-0.433395,0.970518,0.401509,-0.004225,0.110379,-0.037694,-0.328107,0.590411,1.052385,-0.421945,0.000822,-0.108111
-0.004940,0.044367,0.776167,-0.017122,-0.113715,-0.665521,0.737467,-0.465712,0.280010,0.186336,1.347499,-0.016618,-0.261800,0.099051,-0.085554,-0.219981,0.383911,-0.355222,-0.028451,-0.040047,-0.000438,0.269424,0.068530,0.356672,-0.432700,0.970025,0.402138,-0.004396,0.111296,-0.037351,-0.328467,0.589627,1.050945,-0.420274,-0.000190,-0.110325
-0.004945,0.044262,0.776190,-0.017203,-0.113642,-0.665500,0.737496,-0.465252,0.280514,0.186828,1.346797,-0.016508,-0.261800,0.099744,-0.085117,-0.220109,0.382715,-0.354628,-0.028551,-0.040511,0.000024,0.269887,0.067560,0.356977,-0.431898,0.969194,0.402871,-0.004571,0.112154,-0.036780,-0.328974,0.588672,1.049044,-0.418757,-0.000943,-0.112268
-0.004945,0.044153,0.776243,-0.017236,-0.113557,-0.665467,0.737537,-0.464921,0.280860,0.187305,1.346091,-0.016436,-0.261800,0.100217,-0.084810,-0.220252,0.381749,-0.354111,-0.028731,-0.040964,0.000418,0.270301,0.066670,0.357292,-0.430969,0.968198,0.403431,-0.004689,0.112808,-0.036231,-0.329476,0.587722,1.047268,-0.417404,-0.001641,-0.113996
-0.004948,0.044084,0.776267,-0.017203,-0.113466,-0.665420,0.737595,-0.464693,0.281032,0.187796,1.345310,-0.016437,-0.261800,0.100466,-0.084650,-0.220437,0.380981,-0.353699,-0.028944,-0.041443,0.000735,0.270592,0.065827,0.357523,-0.429851,0.967165,0.403875,-0.004695,0.113190,-0.035823,-0.329849,0.586787,1.045859,-0.416194,-0.002321,-0.115545
-0.004975,0.044022,0.776317,-0.017122,-0.113369,-0.665359,0.737667,-0.464542,0.281096,0.188306,1.344477,-0.016491,-0.261800,0.100579,-0.084585,-0.220666,0.380298,-0.353332,-0.029191,-0.041926,0.000994,0.270733,0.064988,0.357638,-0.428712,0.966179,0.404240,-0.004603,0.113451,-0.035497,-0.330040,0.585931,1.044747,-0.415049,-0.002848,-0.116938
-0.004947,0.043979,0.776355,-0.017005,-0.113271,-0.665290,0.737747,-0.464556,0.281048,0.188764,1.343756,-0.016543,-0.261800,0.100472,-0.084615,-0.220874,0.379921,-0.353028,-0.029579,-0.042432,0.001185,0.271016,0.064187,0.357794,-0.427237,0.964965,0.404572,-0.004592,0.113574,-0.035250,-0.330302,0.584988,1.043589,-0.414233,-0.003302,-0.118043
-0.004946,0.043956,0.776390,-0.016867,-0.113175,-0.665219,0.737828,-0.464805,0.280882,0.189104,1.343292,-0.016529,-0.261800,0.100106,-0.084744,-0.221004,0.379999,-0.352776,-0.030210,-0.042921,0.001309,0.271351,0.063406,0.357947,-0.425812,0.963600,0.404548,-0.004634,0.113785,-0.035087,-0.330529,0.584240,1.042501,-0.413740,-0.003572,-0.118939
-0.004957,0.043917,0.776446,-0.016690,-0.113094,-0.665148,0.737908,-0.465272,0.280564,0.189306,1.343043,-0.016429,-0.261800,0.099386,-0.084977,-0.220998,0.380708,-0.352575,-0.031234,-0.043326,0.001357,0.271683,0.062405,0.358091,-0.424551,0.962366,0.403945,-0.004836,0.114061,-0.035098,-0.330703,0.583745,1.041670,-0.413592,-0.003750,-0.119570
-0.004964,0.043916,0.776491,-0.016492,-0.113006,-0.665075,0.737992,-0.465926,0.280105,0.189405,1.342961,-0.016276,-0.261800,0.098362,-0.085315,-0.220903,0.381931,-0.352436,-0.032554,-0.043645,0.001356,0.272005,0.061329,0.358204,-0.423445,0.961085,0.402915,-0.005073,0.114386,-0.035205,-0.330807,0.583399,1.041022,-0.413755,-0.003775,-0.119972
-0.004962,0.043924,0.776547,-0.016264,-0.112929,-0.664996,0.738080,-0.466844,0.279574,0.189423,1.343172,-0.016096,-0.261800,0.097195,-0.085739,-0.220805,0.383346,-0.352346,-0.033914,-0.044089,0.001243,0.272528,0.060412,0.358391,-0.421919,0.959497,0.401932,-0.005419,0.114677,-0.035477,-0.330935,0.583109,1.040347,-0.414215,-0.003670,-0.120159
-0.004951,0.043962,0.776584,-0.016007,-0.112867,-0.664910,0.738173,-0.468118,0.279037,0.189374,1.343828,-0.015924,-0.261800,0.096005,-0.086234,-0.220787,0.384699,-0.352322,-0.035056,-0.044395,0.001086,0.273019,0.059318,0.358546,-0.420704,0.958143,0.400893,-0.005752,0.115145,-0.035763,-0.331004,0.582810,1.039861,-0.414641,-0.003342,-0.120325
-0.004968,0.044009,0.776627,-0.015707,-0.112807,-0.664819,0.738270,-0.469856,0.278409,0.189190,1.345018,-0.015712,-0.261800,0.094775,-0.086837,-0.220889,0.385951,-0.352412,-0.035871,-0.044643,0.000795,0.273581,0.058181,0.358747,-0.419448,0.956842,0.399899,-0.006180,0.115829,-0.036132,-0.331048,0.582454,1.039452,-0.415141,-0.002753,-0.120440
-0.004967,0.044096,0.776653,-0.015359,-0.112760,-0.664722,0.738372,-0.471997,0.277693,0.188875,1.346651,-0.015463,-0.261800,0.093442,-0.087531,-0.221061,0.387230,-0.352591,-0.036511,-0.044677,0.000499,0.273965,0.056838,0.358840,-0.418749,0.955860,0.398570,-0.006589,0.116822,-0.036443,-0.331040,0.582142,1.039282,-0.415610,-0.001894,-0.120528
-0.004968,0.044157,0.776678,-0.015028,-0.112721,-0.664614,0.738483,-0.474307,0.277063,0.188602,1.348573,-0.015274,-0.261800,0.092127,-0.088264,-0.221248,0.388515,-0.352766,-0.037107,-0.044711,0.000151,0.274625,0.055362,0.358923,-0.417855,0.954857,0.397585,-0.007001,0.117688,-0.036859,-0.331008,0.581650,1.039110,-0.416294,-0.000944,-0.120476
-0.004985,0.044269,0.776702,-0.014745,-0.112703,-0.664489,0.738603,-0.476596,0.276716,0.188517,1.350653,-0.015255,-0.261800,0.090897,-0.088945,-0.221398,0.389813,-0.352854,-0.037801,-0.044816,-0.000157,0.275606,0.053914,0.359037,-0.416668,0.953637,0.397193,-0.007273,0.118208,-0.037391,-0.330933,0.580935,1.038984,-0.417144,-0.000026,-0.120284
-0.004994,0.044385,0.776762,-0.014524,-0.112710,-0.664337,0.738744,-0.478761,0.276767,0.188752,1.352848,-0.015483,-0.261800,0.089790,-0.089564,-0.221467,0.391126,-0.352790,-0.038661,-0.045015,-0.000405,0.276845,0.052613,0.359213,-0.415261,0.952107,0.397471,-0.007268,0.118136,-0.038038,-0.330786,0.580102,1.039031,-0.418135,0.000897,-0.119989
-0.004999,0.044535,0.776797,-0.014338,-0.112739,-0.664165,0.738898,-0.480939,0.277099,0.189189,1.355254,-0.015901,-0.261800,0.088737,-0.090158,-0.221492,0.392476,-0.352646,-0.039604,-0.045217,-0.000609,0.278217,0.051260,0.359395,-0.413896,0.950564,0.398113,-0.007073,0.117718,-0.038710,-0.330600,0.579227,1.039219,-0.419153,0.001885,-0.119615
-0.004991,0.044707,0.776829,-0.014185,-0.112771,-0.663988,0.739054,-0.483244,0.277537,0.189623,1.357855,-0.016348,-0.261800,0.087765,-0.090716,-0.221547,0.393726,-0.352453,-0.040535,-0.045372,-0.000767,0.279698,0.049760,0.359546,-0.412722,0.949152,0.398831,-0.006848,0.117437,-0.039383,-0.330429,0.578323,1.039442,-0.420061,0.002868,-0.119138
-0.004985,0.044885,0.776882,-0.014044,-0.112811,-0.663820,0.739202,-0.485796,0.277901,0.189850,1.360659,-0.016682,-0.261800,0.086907,-0.091243,-0.221706,0.394737,-0.352241,-0.041357,-0.045494,-0.000889,0.281307,0.048216,0.359683,-0.411755,0.947761,0.399411,-0.006744,0.117745,-0.040094,-0.330273,0.577376,1.039647,-0.420827,0.003756,-0.118525
-0.004981,0.045074,0.776915,-0.013937,-0.112839,-0.663669,0.739335,-0.488674,0.278224,0.189794,1.363757,-0.016844,-0.261800,0.086229,-0.091663,-0.222017,0.395352,-0.351986,-0.042040,-0.045636,-0.000938,0.283044,0.046640,0.359809,-0.411074,0.946436,0.399680,-0.006823,0.119020,-0.040803,-0.330133,0.576343,1.039751,-0.421263,0.004536,-0.117708
-0.005015,0.045287,0.776966,-0.013859,-0.112877,-0.663526,0.739459,-0.491776,0.278572,0.189579,1.367106,-0.016910,-0.261800,0.085702,-0.092006,-0.222427,0.395703,-0.351696,-0.042638,-0.045586,-0.000976,0.285115,0.044882,0.360037,-0.410527,0.945052,0.400006,-0.007029,0.120830,-0.041480,-0.329893,0.574684,1.039720,-0.421836,0.005193,-0.116662
-0.005022,0.045547,0.777011,-0.013777,-0.112929,-0.663383,0.739581,-0.495030,0.278814,0.189267,1.370539,-0.016962,-0.261800,0.085188,-0.092406,-0.222872,0.396024,-0.351408,-0.043177,-0.045383,-0.001056,0.287163,0.042998,0.360335,-0.410328,0.943801,0.400205,-0.007248,0.122736,-0.042170,-0.329623,0.573193,1.039821,-0.422301,0.005827,-0.115626
-0.005018,0.045818,0.777056,-0.013656,-0.113015,-0.663230,0.739708,-0.498337,0.278835,0.188924,1.373895,-0.017068,-0.261800,0.084564,-0.092986,-0.223281,0.396561,-0.351169,-0.043689,-0.045063,-0.001252,0.289145,0.041009,0.360673,-0.410225,0.942665,0.400479,-0.007418,0.124169,-0.042948,-0.329369,0.572251,1.040086,-0.422788,0.006481,-0.114739
-0.005012,0.046089,0.777105,-0.013463,-0.113157,-0.663070,0.739833,-0.501669,0.278538,0.188561,1.377074,-0.017283,-0.261800,0.083744,-0.093823,-0.223639,0.397446,-0.351024,-0.044151,-0.044635,-0.001656,0.291080,0.039018,0.361155,-0.410088,0.941434,0.400737,-0.007526,0.124828,-0.043954,-0.329094,0.572008,1.040662,-0.423400,0.007136,-0.114042
-0.004985,0.046379,0.777137,-0.013233,-0.113332,-0.662907,0.739956,-0.505092,0.278018,0.188135,1.380200,-0.017553,-0.261800,0.082830,-0.094818,-0.223989,0.398495,-0.350926,-0.044559,-0.044232,-0.002146,0.292986,0.036974,0.361600,-0.409888,0.940294,0.401010,-0.007629,0.125078,-0.045133,-0.328920,0.572433,1.041405,-0.423958,0.007794,-0.113440
-0.004975,0.046650,0.777186,-0.012985,-0.113537,-0.662730,0.740087,-0.508572,0.277399,0.187697,1.383328,-0.017820,-0.261800,0.081901,-0.095909,-0.224316,0.399624,-0.350845,-0.044961,-0.043909,-0.002739,0.294893,0.035164,0.362168,-0.409568,0.938985,0.401549,-0.007704,0.125229,-0.046462,-0.328768,0.573357,1.042257,-0.424438,0.008477,-0.112923
-0.004943,0.046965,0.777228,-0.012750,-0.113762,-0.662534,0.740233,-0.512083,0.276819,0.187286,1.386514,-0.018024,-0.261800,0.081065,-0.097011,-0.224606,0.400685,-0.350727,-0.045407,-0.043549,-0.003341,0.296764,0.033364,0.362721,-0.409322,0.937890,0.402639,-0.007766,0.125653,-0.047695,-0.328682,0.574422,1.043028,-0.424828,0.009221,-0.112473
-0.004896,0.047251,0.777287,-0.012531,-0.114002,-0.662312,0.740398,-0.515581,0.276324,0.186989,1.389719,-0.018118,-0.261800,0.080317,-0.098127,-0.224842,0.401704,-0.350571,-0.045940,-0.043157,-0.003962,0.298619,0.031691,0.363328,-0.409144,0.936888,0.404661,-0.007819,0.126528,-0.048847,-0.328640,0.575749,1.043722,-0.424970,0.010078,-0.112179
-0.004877,0.047504,0.777403,-0.012311,-0.114269,-0.662073,0.740575,-0.519087,0.275844,0.186757,1.392930,-0.018149,-0.261800,0.079624,-0.099286,-0.225033,0.402707,-0.350391,-0.046523,-0.042609,-0.004595,0.300440,0.029832,0.363883,-0.409153,0.936267,0.407375,-0.007883,0.127659,-0.049897,-0.328662,0.577232,1.044389,-0.424990,0.011004,-0.112006
-0.004856,0.047802,0.777461,-0.012096,-0.114559,-0.661816,0.740763,-0.522697,0.275323,0.186436,1.396256,-0.018187,-0.261800,0.078974,-0.100478,-0.225218,0.403728,-0.350226,-0.047087,-0.042200,-0.005247,0.302223,0.028308,0.364476,-0.409086,0.935439,0.410041,-0.007847,0.128775,-0.051000,-0.328740,0.578964,1.045060,-0.425049,0.011934,-0.111806
-0.004821,0.048093,0.777545,-0.011896,-0.114869,-0.661550,0.740956,-0.526486,0.274709,0.185872,1.399799,-0.018301,-0.261800,0.078369,-0.101682,-0.225434,0.404797,-0.350118,-0.047566,-0.041675,-0.005852,0.303957,0.026495,0.364885,-0.409190,0.935005,0.412015,-0.007735,0.129631,-0.051913,-0.328826,0.580189,1.045603,-0.425668,0.012759,-0.111378
-0.004796,0.048382,0.777601,-0.011707,-0.115204,-0.661275,0.741152,-0.530520,0.273943,0.184943,1.403608,-0.018545,-0.261800,0.077735,-0.102893,-0.225667,0.406033,-0.350108,-0.047971,-0.041509,-0.006687,0.305770,0.025627,0.365992,-0.408981,0.933421,0.412770,-0.007430,0.129870,-0.052775,-0.329053,0.581630,1.045665,-0.426623,0.013506,-0.110606
-0.004744,0.048677,0.777652,-0.011529,-0.115561,-0.660991,0.741352,-0.534742,0.273076,0.183745,1.407631,-0.018870,-0.261800,0.077148,-0.104099,-0.225909,0.407284,-0.350146,-0.048330,-0.041094,-0.007401,0.307502,0.024222,0.366745,-0.409150,0.932503,0.413009,-0.006972,0.129896,-0.053446,-0.329225,0.582432,1.045740,-0.428227,0.014171,-0.109609
-0.004695,0.048968,0.777699,-0.011366,-0.115937,-0.660691,0.741564,-0.539054,0.272169,0.182501,1.411783,-0.019193,-0.261800,0.076626,-0.105364,-0.226196,0.408552,-0.350224,-0.048597,-0.040687,-0.008220,0.309241,0.023128,0.367771,-0.409331,0.931274,0.412792,-0.006559,0.129860,-0.053961,-0.329482,0.583168,1.045558,-0.429917,0.014762,-0.108574
-0.004652,0.049266,0.777736,-0.011203,-0.116353,-0.660366,0.741791,-0.543348,0.271301,0.181407,1.415983,-0.019426,-0.261800,0.076302,-0.106703,-0.226574,0.409601,-0.350300,-0.048727,-0.040267,-0.009069,0.310880,0.022024,0.368684,-0.409549,0.930347,0.412447,-0.006398,0.130117,-0.054415,-0.329748,0.583921,1.045416,-0.431416,0.015260,-0.107721
-0.004571,0.049570,0.777815,-0.011019,-0.116807,-0.660004,0.742044,-0.547609,0.270508,0.180604,1.420137,-0.019481,-0.261800,0.076193,-0.108168,-0.227082,0.410350,-0.350366,-0.048664,-0.039903,-0.010069,0.312470,0.021239,0.369838,-0.409740,0.929256,0.411608,-0.006672,0.130783,-0.054750,-0.330145,0.584857,1.045050,-0.432675,0.015666,-0.107058
-0.004516,0.049828,0.777869,-0.010831,-0.117291,-0.659614,0.742317,-0.551885,0.269750,0.179950,1.424313,-0.019424,-0.261800,0.076243,-0.109722,-0.227687,0.410923,-0.350455,-0.048446,-0.039532,-0.011010,0.313819,0.020019,0.370428,-0.410089,0.929131,0.410473,-0.007221,0.131845,-0.055201,-0.330397,0.585790,1.045129,-0.433974,0.015987,-0.106554
-0.004462,0.050106,0.777925,-0.010669,-0.117810,-0.659215,0.742592,-0.556196,0.268982,0.179241,1.428696,-0.019420,-0.261800,0.076466,-0.111292,-0.228332,0.411386,-0.350541,-0.048169,-0.039230,-0.012038,0.315238,0.019364,0.371380,-0.410283,0.928423,0.409411,-0.007747,0.132820,-0.055443,-0.330861,0.586836,1.044806,-0.434904,0.016242,-0.106136
-0.004400,0.050370,0.777996,-0.010570,-0.118366,-0.658823,0.742852,-0.560562,0.268158,0.178267,1.433454,-0.019628,-0.261800,0.076843,-0.112800,-0.228959,0.411895,-0.350660,-0.047931,-0.038854,-0.012994,0.316735,0.018848,0.372307,-0.410299,0.927683,0.409255,-0.007985,0.133481,-0.055567,-0.331361,0.587630,1.044454,-0.435502,0.016393,-0.105812
-0.004346,0.050645,0.778038,-0.010565,-0.118967,-0.658441,0.743095,-0.564946,0.267219,0.176865,1.438612,-0.020137,-0.261800,0.077426,-0.114199,-0.229564,0.412466,-0.350814,-0.047757,-0.038432,-0.013850,0.318401,0.018605,0.373330,-0.410123,0.926667,0.410500,-0.007748,0.133692,-0.055521,-0.331949,0.588218,1.043951,-0.435505,0.016422,-0.105624
-0.004288,0.050867,0.778104,-0.010624,-0.119610,-0.658059,0.743330,-0.569350,0.266202,0.175187,1.444083,-0.020848,-0.261800,0.078205,-0.115537,-0.230180,0.413029,-0.350995,-0.047597,-0.037976,-0.014665,0.320182,0.018641,0.374472,-0.409789,0.925405,0.412679,-0.007223,0.133616,-0.055335,-0.332654,0.588670,1.043305,-0.435042,0.016338,-0.105558
-0.004227,0.051124,0.778151,-0.010710,-0.120273,-0.657683,0.743555,-0.573876,0.265208,0.173483,1.449944,-0.021632,-0.261800,0.079064,-0.116888,-0.230783,0.413612,-0.351198,-0.047429,-0.037447,-0.015432,0.321818,0.018548,0.375281,-0.409426,0.924640,0.414950,-0.006652,0.133499,-0.055172,-0.333183,0.588953,1.042989,-0.434541,0.016211,-0.105580
-0.004144,0.051337,0.778211,-0.010758,-0.120955,-0.657319,0.743765,-0.578626,0.264345,0.172002,1.456267,-0.022350,-0.261800,0.079894,-0.118314,-0.231356,0.414215,-0.351419,-0.047236,-0.036889,-0.016345,0.323403,0.018871,0.376306,-0.408801,0.923573,0.416309,-0.006319,0.133339,-0.054837,-0.333901,0.589130,1.042390,-0.434230,0.016086,-0.105517
-0.004080,0.051551,0.778246,-0.010754,-0.121643,-0.656977,0.743954,-0.583685,0.263651,0.170814,1.463152,-0.023016,-0.261800,0.080640,-0.119824,-0.231887,0.414848,-0.351655,-0.047006,-0.036234,-0.017350,0.324774,0.019276,0.377197,-0.407995,0.922761,0.416525,-0.006328,0.133172,-0.054437,-0.334580,0.589102,1.041874,-0.434200,0.015905,-0.105427
-0.004033,0.051760,0.778296,-0.010732,-0.122343,-0.656650,0.744129,-0.588970,0.263066,0.169786,1.470517,-0.023678,-0.261800,0.081368,-0.121384,-0.232388,0.415506,-0.351911,-0.046753,-0.035464,-0.018364,0.325845,0.019441,0.377647,-0.407185,0.922711,0.416137,-0.006511,0.133042,-0.054174,-0.334962,0.588902,1.041943,-0.434326,0.015670,-0.105411
-0.003932,0.051957,0.778350,-0.010710,-0.123066,-0.656324,0.744298,-0.594368,0.262548,0.168865,1.478236,-0.024296,-0.261800,0.082157,-0.123006,-0.232879,0.416167,-0.352182,-0.046488,-0.034718,-0.019463,0.326904,0.019922,0.378171,-0.406171,0.922498,0.415377,-0.006732,0.132953,-0.053825,-0.335447,0.588680,1.041877,-0.434595,0.015522,-0.105323
-0.003837,0.052165,0.778404,-0.010695,-0.123842,-0.655982,0.744470,-0.599753,0.262054,0.167998,1.486174,-0.024828,-0.261800,0.083058,-0.124702,-0.233369,0.416860,-0.352484,-0.046225,-0.033966,-0.020626,0.327944,0.020583,0.378729,-0.405211,0.922279,0.414477,-0.006834,0.133081,-0.053417,-0.335998,0.588504,1.041796,-0.435063,0.015603,-0.105129
-0.003741,0.052346,0.778464,-0.010676,-0.124662,-0.655613,0.744659,-0.605164,0.261562,0.167245,1.494346,-0.025175,-0.261800,0.083998,-0.126547,-0.233873,0.417676,-0.352842,-0.045983,-0.033209,-0.021912,0.329068,0.021614,0.379565,-0.404279,0.921660,0.413258,-0.006750,0.133524,-0.052807,-0.336861,0.588431,1.041311,-0.435813,0.016026,-0.104751
-0.003656,0.052501,0.778575,-0.010633,-0.125541,-0.655226,0.744853,-0.610642,0.261097,0.166614,1.502808,-0.025391,-0.261800,0.084975,-0.128512,-0.234381,0.418581,-0.353236,-0.045751,-0.032359,-0.023255,0.330032,0.022509,0.380189,-0.403569,0.921499,0.411702,-0.006540,0.134302,-0.052284,-0.337534,0.588344,1.041223,-0.436892,0.016700,-0.104327
-0.003562,0.052645,0.778655,-0.010638,-0.126446,-0.654842,0.745037,-0.616064,0.260695,0.165974,1.511471,-0.025654,-0.261800,0.086187,-0.130444,-0.234878,0.419329,-0.353609,-0.045491,-0.031478,-0.024595,0.330908,0.023428,0.380678,-0.402894,0.921659,0.410183,-0.006350,0.135105,-0.051778,-0.338085,0.588220,1.041379,-0.437975,0.017415,-0.103866
-0.003459,0.052778,0.778732,-0.010726,-0.127386,-0.654477,0.745196,-0.621318,0.260385,0.165186,1.520255,-0.026147,-0.261800,0.087784,-0.132201,-0.235344,0.419780,-0.353914,-0.045166,-0.030627,-0.025888,0.331880,0.024768,0.381312,-0.401989,0.921584,0.409054,-0.006310,0.135568,-0.051000,-0.338866,0.587969,1.041179,-0.438742,0.017975,-0.103321
-0.003359,0.052877,0.778824,-0.010943,-0.128345,-0.654149,0.745316,-0.626387,0.260216,0.164166,1.529253,-0.026983,-0.261800,0.089952,-0.133657,-0.235739,0.419634,-0.354060,-0.044770,-0.029721,-0.027023,0.332835,0.026148,0.381761,-0.401011,0.921938,0.408573,-0.006471,0.135659,-0.050126,-0.339537,0.587481,1.041137,-0.439054,0.018338,-0.102703
-0.003263,0.052918,0.778888,-0.011246,-0.129340,-0.653844,0.745408,-0.631336,0.260153,0.162997,1.538477,-0.028045,-0.261800,0.092538,-0.134926,-0.236084,0.419106,-0.354094,-0.044319,-0.028766,-0.028071,0.333703,0.027513,0.382010,-0.400032,0.922785,0.408485,-0.006758,0.135552,-0.049280,-0.340041,0.586875,1.041447,-0.439084,0.018602,-0.102039
-0.003167,0.052941,0.779000,-0.011584,-0.130372,-0.653536,0.745493,-0.636143,0.260109,0.161784,1.547705,-0.029170,-0.261800,0.095365,-0.136159,-0.236475,0.418431,-0.354164,-0.043819,-0.027846,-0.029116,0.334547,0.029090,0.382211,-0.398972,0.923629,0.408482,-0.007086,0.135357,-0.048304,-0.340577,0.586240,1.041690,-0.439117,0.018800,-0.101407
-0.003064,0.052943,0.779079,-0.011918,-0.131434,-0.653198,0.745598,-0.640797,0.260005,0.160637,1.556740,-0.030205,-0.261800,0.098307,-0.137495,-0.237019,0.417737,-0.354357,-0.043280,-0.026951,-0.030247,0.335246,0.030706,0.382383,-0.398052,0.924603,0.408117,-0.007413,0.135233,-0.047259,-0.341140,0.585726,1.042037,-0.439372,0.018903,-0.100945
-0.002957,0.052925,0.779157,-0.012237,-0.132546,-0.652820,0.745726,-0.645288,0.259876,0.159611,1.565593,-0.031104,-0.261800,0.101429,-0.138966,-0.237800,0.416934,-0.354691,-0.042644,-0.026076,-0.031495,0.335863,0.032444,0.382595,-0.397293,0.925485,0.407138,-0.007749,0.135287,-0.046057,-0.341834,0.585386,1.042356,-0.439965,0.018865,-0.100773
-0.002830,0.052864,0.779216,-0.012569,-0.133698,-0.652417,0.745868,-0.649625,0.259749,0.158641,1.574357,-0.031956,-0.261800,0.104768,-0.140499,-0.238744,0.415998,-0.355124,-0.041927,-0.025191,-0.032819,0.336375,0.034252,0.382813,-0.396696,0.926448,0.405768,-0.008126,0.135422,-0.044760,-0.342509,0.585126,1.042799,-0.440763,0.018691,-0.100806
-0.002712,0.052755,0.779294,-0.012899,-0.134869,-0.652001,0.746015,-0.653825,0.259539,0.157661,1.582928,-0.032791,-0.261800,0.108135,-0.142082,-0.239719,0.415179,-0.355656,-0.041239,-0.024308,-0.034202,0.336678,0.036028,0.382978,-0.396228,0.927765,0.404395,-0.008481,0.135462,-0.043542,-0.343045,0.584916,1.043534,-0.441571,0.018486,-0.100847
-0.002572,0.052651,0.779355,-0.013213,-0.136041,-0.651580,0.746165,-0.657895,0.259153,0.156600,1.591188,-0.033642,-0.261800,0.111354,-0.143705,-0.240592,0.414705,-0.356282,-0.040688,-0.023523,-0.035629,0.336890,0.038241,0.383175,-0.395555,0.928818,0.403553,-0.008626,0.135216,-0.042076,-0.343749,0.584684,1.043689,-0.442213,0.018549,-0.100639
-0.002438,0.052524,0.779429,-0.013534,-0.137214,-0.651157,0.746314,-0.661792,0.258663,0.155492,1.599142,-0.034547,-0.261800,0.114437,-0.145353,-0.241329,0.414623,-0.357012,-0.040264,-0.022822,-0.037036,0.336879,0.040532,0.383309,-0.394961,0.930234,0.403234,-0.008583,0.134565,-0.040641,-0.344420,0.584524,1.043812,-0.442563,0.018835,-0.100073
-0.002297,0.052348,0.779480,-0.013854,-0.138403,-0.650725,0.746465,-0.665521,0.258090,0.154356,1.606845,-0.035484,-0.261800,0.117478,-0.147030,-0.242001,0.414774,-0.357820,-0.039923,-0.022224,-0.038428,0.336736,0.043027,0.383401,-0.394336,0.931747,0.403281,-0.008398,0.133616,-0.039074,-0.345297,0.584437,1.043640,-0.442724,0.019281,-0.099256
-0.002162,0.052179,0.779524,-0.014134,-0.139584,-0.650289,0.746620,-0.669199,0.257258,0.153109,1.614262,-0.036377,-0.261800,0.120319,-0.148790,-0.242620,0.415281,-0.358773,-0.039724,-0.021614,-0.039894,0.336359,0.045565,0.383395,-0.393629,0.933481,0.403585,-0.008171,0.132597,-0.037474,-0.346044,0.584231,1.043498,-0.442878,0.019762,-0.098422
-0.002029,0.051975,0.779543,-0.014331,-0.140739,-0.649856,0.746776,-0.672944,0.256003,0.151670,1.621360,-0.037163,-0.261800,0.122812,-0.150674,-0.243192,0.416233,-0.359916,-0.039727,-0.021079,-0.041389,0.335878,0.048312,0.383258,-0.392368,0.935027,0.404171,-0.008049,0.131644,-0.035485,-0.347325,0.583760,1.042626,-0.443095,0.020137,-0.097634
-0.001906,0.051723,0.779542,-0.014439,-0.141868,-0.649422,0.746938,-0.676800,0.254107,0.149918,1.628135,-0.037837,-0.261800,0.124892,-0.152760,-0.243714,0.417773,-0.361302,-0.040033,-0.020341,-0.043210,0.334952,0.050973,0.383107,-0.390976,0.936964,0.405030,-0.008063,0.130918,-0.033762,-0.347854,0.582966,1.042584,-0.443675,0.020366,-0.097206
-0.001782,0.051459,0.779540,-0.014478,-0.142984,-0.648984,0.747105,-0.680702,0.251716,0.147918,1.634610,-0.038435,-0.261800,0.126673,-0.154986,-0.244191,0.419769,-0.362873,-0.040583,-0.019807,-0.045171,0.333972,0.054061,0.382824,-0.388758,0.938576,0.406531,-0.008160,0.130216,-0.031876,-0.348598,0.582004,1.042037,-0.444514,0.020585,-0.096824
-0.001624,0.051212,0.779503,-0.014447,-0.144071,-0.648551,0.747273,-0.684586,0.249176,0.145945,1.640772,-0.038917,-0.261800,0.128190,-0.157278,-0.244611,0.422035,-0.364577,-0.041199,-0.019256,-0.047178,0.332728,0.057150,0.382459,-0.386421,0.940354,0.407903,-0.008237,0.129497,-0.029959,-0.349299,0.580873,1.041513,-0.445178,0.020728,-0.096478
-0.001495,0.050908,0.779507,-0.014373,-0.145088,-0.648135,0.747438,-0.688383,0.246838,0.144260,1.646614,-0.039254,-0.261800,0.129521,-0.159544,-0.244983,0.424336,-0.366345,-0.041702,-0.018662,-0.049158,0.331254,0.060179,0.382039,-0.384100,0.942265,0.408748,-0.008171,0.128674,-0.028011,-0.349921,0.579437,1.040983,-0.445493,0.020826,-0.096075
-0.001380,0.050602,0.779481,-0.014232,-0.146024,-0.647731,0.747608,-0.692151,0.244800,0.142935,1.652147,-0.039381,-0.261800,0.130597,-0.161753,-0.245290,0.426693,-0.368160,-0.042140,-0.018045,-0.051086,0.329520,0.063180,0.381567,-0.381744,0.944242,0.408880,-0.007871,0.127622,-0.025942,-0.350478,0.577572,1.040259,-0.445335,0.020893,-0.095566
-0.001240,0.050269,0.779469,-0.014033,-0.146890,-0.647341,0.747781,-0.695899,0.242879,0.141836,1.657370,-0.039335,-0.261800,0.131390,-0.163961,-0.245533,0.429242,-0.370080,-0.042578,-0.017378,-0.053013,0.327528,0.066162,0.381045,-0.379340,0.946311,0.408541,-0.007415,0.126428,-0.023739,-0.350976,0.575323,1.039375,-0.444856,0.020915,-0.095003
-0.001139,0.049937,0.779465,-0.013802,-0.147723,-0.646965,0.747946,-0.699506,0.241017,0.140855,1.662263,-0.039234,-0.261800,0.132147,-0.166149,-0.245756,0.431686,-0.372011,-0.042864,-0.016716,-0.054684,0.325510,0.068831,0.380006,-0.376784,0.948769,0.408248,-0.006967,0.125323,-0.021274,-0.351951,0.572723,1.038047,-0.444308,0.020876,-0.094332
-0.001001,0.049602,0.779408,-0.013571,-0.148554,-0.646607,0.748095,-0.702846,0.239130,0.139921,1.666814,-0.039194,-0.261800,0.133030,-0.168344,-0.245996,0.433902,-0.373945,-0.042847,-0.015923,-0.056458,0.323409,0.071468,0.379165,-0.374491,0.951330,0.407850,-0.006642,0.124461,-0.019015,-0.352643,0.570270,1.037205,-0.443701,0.020788,-0.093762
-0.000897,0.049246,0.779385,-0.013348,-0.149402,-0.646257,0.748233,-0.705889,0.237072,0.138931,1.670983,-0.039225,-0.261800,0.134160,-0.170564,-0.246298,0.435774,-0.375881,-0.042406,-0.015126,-0.058313,0.321334,0.074104,0.378405,-0.372326,0.953958,0.407315,-0.006512,0.123968,-0.016932,-0.353198,0.567934,1.036690,-0.443039,0.020611,-0.093279
-0.000801,0.048845,0.779370,-0.013108,-0.150253,-0.645914,0.748363,-0.708699,0.234927,0.137954,1.674800,-0.039272,-0.261800,0.135392,-0.172795,-0.246629,0.437476,-0.377861,-0.041649,-0.014325,-0.060179,0.319238,0.076668,0.377581,-0.370193,0.956739,0.406658,-0.006497,0.123726,-0.014926,-0.353759,0.565589,1.036311,-0.442270,0.020356,-0.092827
-0.000669,0.048450,0.779377,-0.012868,-0.151063,-0.645606,0.748470,-0.711300,0.232962,0.137142,1.678300,-0.039347,-0.261800,0.136668,-0.174948,-0.246942,0.438936,-0.379749,-0.040765,-0.013438,-0.061890,0.317115,0.079044,0.376533,-0.367974,0.959754,0.406344,-0.006535,0.123534,-0.012889,-0.354447,0.563154,1.035930,-0.441650,0.020089,-0.092336
-0.000538,0.048072,0.779368,-0.012612,-0.151815,-0.645354,0.748540,-0.713724,0.231443,0.136653,1.681540,-0.039467,-0.261800,0.137871,-0.176953,-0.247179,0.440218,-0.381483,-0.039941,-0.012372,-0.063404,0.314939,0.081245,0.375328,-0.365562,0.962945,0.406762,-0.006556,0.123166,-0.010858,-0.355214,0.560678,1.035597,-0.441350,0.019869,-0.091765
-0.000437,0.047678,0.779377,-0.012359,-0.152490,-0.645164,0.748570,-0.715947,0.230507,0.136574,1.684528,-0.039702,-0.261800,0.139085,-0.178772,-0.247363,0.441141,-0.382997,-0.039147,-0.011074,-0.064820,0.312724,0.083473,0.374266,-0.362884,0.966090,0.408269,-0.006615,0.122504,-0.008869,-0.355815,0.557984,1.035412,-0.441496,0.019673,-0.091135
-0.000365,0.047256,0.779384,-0.012099,-0.153116,-0.645023,0.748568,-0.717962,0.229988,0.136812,1.687229,-0.040019,-0.261800,0.140238,-0.180476,-0.247493,0.441933,-0.384397,-0.038306,-0.009607,-0.066131,0.310471,0.085636,0.373199,-0.360005,0.969322,0.410576,-0.006728,0.121693,-0.006910,-0.356358,0.555124,1.035338,-0.441960,0.019479,-0.090458
-0.000276,0.046832,0.779448,-0.011826,-0.153681,-0.644932,0.748536,-0.719828,0.229712,0.137219,1.689657,-0.040291,-0.261800,0.141337,-0.182056,-0.247540,0.442538,-0.385646,-0.037551,-0.008097,-0.067112,0.308199,0.087401,0.371522,-0.356870,0.972956,0.413213,-0.006771,0.120868,-0.004975,-0.357266,0.552381,1.035218,-0.442682,0.019355,-0.089675
-0.000210,0.046383,0.779501,-0.011504,-0.154206,-0.644884,0.748473,-0.721577,0.229470,0.137695,1.691796,-0.040381,-0.261800,0.142286,-0.183578,-0.247450,0.443093,-0.386778,-0.037007,-0.006376,-0.068301,0.305848,0.089397,0.370396,-0.353850,0.975976,0.414939,-0.006619,0.119890,-0.003358,-0.357898,0.550260,1.035495,-0.443425,0.019367,-0.088905
-0.000171,0.045926,0.779561,-0.011150,-0.154649,-0.644894,0.748379,-0.723214,0.229316,0.138280,1.693593,-0.040230,-0.261800,0.143030,-0.185008,-0.247195,0.443609,-0.387771,-0.036741,-0.004860,-0.069161,0.303447,0.091153,0.368499,-0.350337,0.979165,0.416129,-0.006137,0.118865,-0.001979,-0.359181,0.549036,1.035712,-0.444169,0.019586,-0.087933
-0.000106,0.045445,0.779622,-0.010752,-0.155036,-0.644953,0.748254,-0.724720,0.229312,0.139025,1.695079,-0.039918,-0.261800,0.143612,-0.186358,-0.246803,0.444058,-0.388634,-0.036672,-0.003149,-0.070069,0.300974,0.092987,0.366858,-0.346841,0.981986,0.416688,-0.005416,0.117661,-0.000762,-0.360487,0.548326,1.036086,-0.444955,0.019956,-0.086876
-0.000035,0.044990,0.779719,-0.010338,-0.155389,-0.645052,0.748101,-0.726108,0.229324,0.139759,1.696335,-0.039517,-0.261800,0.144148,-0.187635,-0.246321,0.444388,-0.389391,-0.036715,-0.001379,-0.071056,0.298580,0.095026,0.365505,-0.343165,0.984237,0.416968,-0.004730,0.116401,0.000252,-0.361728,0.547911,1.036556,-0.445953,0.020352,-0.085865
-0.000005,0.044496,0.779815,-0.009921,-0.155739,-0.645174,0.747929,-0.727405,0.229224,0.140312,1.697491,-0.039122,-0.261800,0.144745,-0.188853,-0.245793,0.444564,-0.390046,-0.036781,0.000439,-0.072159,0.296344,0.097265,0.364511,-0.339381,0.985868,0.417197,-0.004329,0.115243,0.001057,-0.362768,0.547540,1.037153,-0.447264,0.020663,-0.085053
0.000008,0.043926,0.779910,-0.009533,-0.156066,-0.645338,0.747724,-0.728602,0.228965,0.140570,1.698572,-0.038729,-0.261800,0.145547,-0.189926,-0.245207,0.444313,-0.390550,-0.036826,0.001865,-0.073084,0.294305,0.099926,0.363251,-0.334726,0.986837,0.417779,-0.004316,0.114239,0.001747,-0.364312,0.547616,1.037407,-0.448938,0.020887,-0.084403
0.000038,0.043453,0.780028,-0.009127,-0.156389,-0.645542,0.747486,-0.729688,0.228609,0.140669,1.699507,-0.038294,-0.261800,0.146426,-0.190913,-0.244539,0.443808,-0.390935,-0.036899,0.003746,-0.074161,0.292326,0.102588,0.362500,-0.330342,0.987333,0.418088,-0.004505,0.113281,0.002386,-0.365340,0.547411,1.037971,-0.451184,0.021058,-0.083982
0.000078,0.042945,0.780127,-0.008734,-0.156684,-0.645752,0.747247,-0.730713,0.228243,0.140696,1.700311,-0.037865,-0.261800,0.147275,-0.191861,-0.243867,0.443287,-0.391254,-0.037073,0.004955,-0.075120,0.290595,0.105625,0.361520,-0.325186,0.987253,0.418579,-0.004881,0.112438,0.002667,-0.367032,0.547992,1.038168,-0.453190,0.021191,-0.083541
0.000077,0.042435,0.780264,-0.008316,-0.156988,-0.645929,0.747035,-0.731721,0.227936,0.140780,1.700976,-0.037477,-0.261800,0.147941,-0.192882,-0.243259,0.443082,-0.391616,-0.037415,0.006330,-0.076124,0.289058,0.108099,0.360851,-0.320924,0.987300,0.418658,-0.005309,0.111806,0.002839,-0.368650,0.548389,1.038350,-0.454838,0.021258,-0.083111
0.000072,0.041956,0.780393,-0.007889,-0.157306,-0.646059,0.746861,-0.732658,0.227691,0.140967,1.701431,-0.037138,-0.261800,0.148462,-0.193990,-0.242765,0.443172,-0.391992,-0.037961,0.007539,-0.077152,0.287814,0.110252,0.360452,-0.317222,0.987203,0.418270,-0.005924,0.111399,0.002763,-0.370467,0.548973,1.038393,-0.455927,0.021249,-0.082648
0.000043,0.041451,0.780501,-0.007453,-0.157628,-0.646162,0.746708,-0.733522,0.227475,0.141188,1.701707,-0.036833,-0.261800,0.148870,-0.195144,-0.242334,0.443470,-0.392372,-0.038669,0.008682,-0.078198,0.286842,0.112206,0.360354,-0.313932,0.986824,0.417499,-0.006726,0.111158,0.002580,-0.372470,0.549646,1.038194,-0.456701,0.021170,-0.082180
0.000029,0.040993,0.780613,-0.007002,-0.157928,-0.646259,0.746565,-0.734439,0.227312,0.141395,1.701937,-0.036558,-0.261800,0.149108,-0.196317,-0.241901,0.443970,-0.392769,-0.039490,0.009789,-0.079294,0.286078,0.113984,0.360528,-0.310936,0.986256,0.416701,-0.007464,0.111005,0.002295,-0.374653,0.550321,1.037709,-0.457188,0.021044,-0.081687
-0.000003,0.040524,0.780703,-0.006515,-0.158195,-0.646367,0.746419,-0.735539,0.227226,0.141533,1.702259,-0.036320,-0.261800,0.149122,-0.197479,-0.241404,0.444658,-0.393189,-0.040374,0.010899,-0.080454,0.285440,0.115549,0.360888,-0.308148,0.985688,0.416223,-0.007879,0.110881,0.001886,-0.376928,0.550899,1.036960,-0.457436,0.020897,-0.081163
-0.000055,0.040102,0.780794,-0.005994,-0.158401,-0.646500,0.746265,-0.736879,0.227304,0.141666,1.702734,-0.036149,-0.261800,0.148798,-0.198644,-0.240791,0.445665,-0.393673,-0.041358,0.012017,-0.081684,0.284878,0.116892,0.361386,-0.305588,0.985132,0.416224,-0.007796,0.110780,0.001332,-0.379319,0.551504,1.035893,-0.457336,0.020768,-0.080568
-0.000117,0.039614,0.780849,-0.005427,-0.158582,-0.646645,0.746105,-0.738374,0.227505,0.141793,1.703273,-0.036033,-0.261800,0.148217,-0.199818,-0.240109,0.446916,-0.394186,-0.042451,0.013122,-0.082968,0.284406,0.117957,0.362003,-0.303312,0.984637,0.416501,-0.007379,0.110764,0.000541,-0.381768,0.552184,1.034707,-0.456898,0.020637,-0.079946
-0.000187,0.039161,0.780912,-0.004848,-0.158743,-0.646779,0.745958,-0.739972,0.227671,0.141778,1.703811,-0.035910,-0.261800,0.147540,-0.200966,-0.239430,0.448240,-0.394699,-0.043570,0.014130,-0.084240,0.284146,0.118846,0.362751,-0.301108,0.984111,0.416931,-0.006906,0.110798,-0.000266,-0.384451,0.552658,1.033144,-0.456351,0.020438,-0.079314
-0.000270,0.038701,0.780952,-0.004287,-0.158901,-0.646887,0.745835,-0.741603,0.227629,0.141483,1.704263,-0.035707,-0.261800,0.146951,-0.202055,-0.238829,0.449418,-0.395156,-0.044628,0.015038,-0.085471,0.284078,0.119415,0.363514,-0.298931,0.983885,0.417395,-0.006624,0.110944,-0.001245,-0.387022,0.552663,1.031711,-0.455998,0.020115,-0.078803
-0.000345,0.038282,0.781031,-0.003752,-0.159056,-0.646971,0.745732,-0.743257,0.227390,0.140883,1.704653,-0.035379,-0.261800,0.146461,-0.203072,-0.238291,0.450451,-0.395535,-0.045612,0.015791,-0.086608,0.284296,0.119762,0.364346,-0.296713,0.983812,0.417939,-0.006658,0.111221,-0.002252,-0.389715,0.552094,1.030091,-0.455868,0.019585,-0.078365
-0.000430,0.037854,0.781112,-0.003226,-0.159204,-0.647037,0.745645,-0.744970,0.227021,0.140041,1.705009,-0.034970,-0.261800,0.145992,-0.204036,-0.237789,0.451419,-0.395860,-0.046561,0.016447,-0.087653,0.284806,0.119891,0.365289,-0.294540,0.983779,0.418587,-0.006860,0.111590,-0.003167,-0.392732,0.551040,1.028013,-0.455804,0.018892,-0.077934
-0.000552,0.037409,0.781172,-0.002700,-0.159343,-0.647071,0.745588,-0.746734,0.226461,0.138981,1.705262,-0.034563,-0.261800,0.145566,-0.204960,-0.237376,0.452289,-0.396184,-0.047483,0.017018,-0.088694,0.285471,0.119721,0.366257,-0.292382,0.983959,0.419215,-0.007078,0.111984,-0.004160,-0.395774,0.549693,1.025907,-0.455787,0.018193,-0.077597
-0.000690,0.036952,0.781240,-0.002165,-0.159469,-0.647057,0.745575,-0.748532,0.225643,0.137714,1.705340,-0.034243,-0.261800,0.145223,-0.205854,-0.237111,0.452987,-0.396542,-0.048379,0.017475,-0.089818,0.286231,0.119351,0.367254,-0.290091,0.984261,0.419710,-0.007182,0.112284,-0.005238,-0.398809,0.548252,1.023843,-0.455758,0.017628,-0.077384
-0.000846,0.036513,0.781296,-0.001631,-0.159582,-0.647003,0.745599,-0.750361,0.224492,0.136129,1.705207,-0.034044,-0.261800,0.144983,-0.206689,-0.236977,0.453495,-0.396956,-0.049257,0.017843,-0.091037,0.287104,0.118793,0.368284,-0.287596,0.984625,0.420034,-0.007122,0.112506,-0.006447,-0.401820,0.546811,1.021851,-0.455752,0.017260,-0.077315
-0.001020,0.036071,0.781380,-0.001087,-0.159696,-0.646913,0.745653,-0.752224,0.223062,0.134255,1.704902,-0.033915,-0.261800,0.144827,-0.207465,-0.236956,0.453837,-0.397396,-0.050111,0.018099,-0.092327,0.288104,0.118045,0.369355,-0.284937,0.985083,0.420272,-0.006974,0.112694,-0.007820,-0.404808,0.545299,1.019946,-0.455781,0.017004,-0.077376
-0.001200,0.035640,0.781433,-0.000527,-0.159793,-0.646765,0.745762,-0.754129,0.221479,0.132330,1.704487,-0.033819,-0.261800,0.144721,-0.208259,-0.237095,0.454049,-0.397861,-0.050929,0.018170,-0.093702,0.289173,0.117099,0.370470,-0.282211,0.985735,0.420426,-0.006794,0.112771,-0.009313,-0.407743,0.543613,1.018139,-0.455746,0.016790,-0.077546
-0.001398,0.035173,0.781515,0.000080,-0.159875,-0.646534,0.745945,-0.756096,0.219869,0.130597,1.704028,-0.033719,-0.261800,0.144527,-0.209173,-0.237413,0.454392,-0.398402,-0.051697,0.017985,-0.095205,0.290237,0.115952,0.371643,-0.279516,0.986696,0.420518,-0.006635,0.112669,-0.010942,-0.410603,0.541686,1.016532,-0.455546,0.016548,-0.077812
-0.001640,0.034725,0.781602,0.000761,-0.159968,-0.646191,0.746222,-0.758117,0.218169,0.129070,1.703475,-0.033662,-0.261800,0.144340,-0.210221,-0.237981,0.454689,-0.398990,-0.052354,0.017450,-0.096856,0.291294,0.114578,0.372888,-0.276827,0.988083,0.420344,-0.006572,0.112334,-0.012734,-0.413355,0.539473,1.015159,-0.455086,0.016241,-0.078210
-0.001884,0.034269,0.781691,0.001485,-0.160052,-0.645758,0.746578,-0.760191,0.216343,0.127640,1.702826,-0.033652,-0.261800,0.144145,-0.211369,-0.238755,0.454980,-0.399640,-0.052926,0.016638,-0.098647,0.292368,0.112997,0.374210,-0.274116,0.989802,0.419971,-0.006553,0.111817,-0.014706,-0.415990,0.537034,1.014019,-0.454432,0.015912,-0.078742
-0.002188,0.033835,0.781754,0.002247,-0.160125,-0.645279,0.746974,-0.762324,0.214565,0.126347,1.702168,-0.033570,-0.261800,0.143887,-0.212562,-0.239645,0.455319,-0.400343,-0.053532,0.015718,-0.100538,0.293445,0.111235,0.375602,-0.271473,0.991663,0.419777,-0.006453,0.111189,-0.016769,-0.418510,0.534388,1.013044,-0.453777,0.015611,-0.079327
-0.002471,0.033384,0.781832,0.003035,-0.160173,-0.644795,0.747379,-0.764526,0.213008,0.125233,1.701594,-0.033298,-0.261800,0.143489,-0.213760,-0.240555,0.455808,-0.401123,-0.054293,0.014868,-0.102490,0.294508,0.109316,0.377054,-0.268996,0.993485,0.420155,-0.006141,0.110523,-0.018834,-0.420943,0.531547,1.012175,-0.453316,0.015390,-0.079886
-0.002769,0.032931,0.781922,0.003885,-0.160218,-0.644313,0.747781,-0.766802,0.211668,0.124364,1.701067,-0.032672,-0.261800,0.142866,-0.215045,-0.241455,0.456570,-0.402033,-0.055268,0.014127,-0.104560,0.295508,0.107217,0.378556,-0.266722,0.995310,0.421592,-0.005485,0.109711,-0.020915,-0.423327,0.528569,1.011478,-0.453029,0.015238,-0.080443
-0.003111,0.032461,0.782005,0.004784,-0.160251,-0.643811,0.748201,-0.769147,0.210473,0.123698,1.700561,-0.031799,-0.261800,0.142070,-0.216406,-0.242394,0.457538,-0.403058,-0.056387,0.013405,-0.106722,0.296478,0.104912,0.380104,-0.264618,0.997213,0.423745,-0.004590,0.108757,-0.023027,-0.425659,0.525444,1.010909,-0.452799,0.015137,-0.081017
-0.003428,0.031963,0.782092,0.005676,-0.160252,-0.643292,0.748640,-0.771557,0.209485,0.123118,1.700170,-0.030968,-0.261800,0.141270,-0.217667,-0.243407,0.458456,-0.404074,-0.057566,0.012683,-0.108860,0.297497,0.102460,0.381698,-0.262634,0.999066,0.425782,-0.003676,0.107905,-0.025093,-0.427940,0.522029,1.010330,-0.452778,0.015120,-0.081536
-0.003814,0.031439,0.782138,0.006491,-0.160186,-0.642763,0.749102,-0.774023,0.208761,0.122511,1.699982,-0.030465,-0.261800,0.140635,-0.218638,-0.244527,0.459061,-0.404959,-0.058726,0.011960,-0.110832,0.298662,0.099904,0.383339,-0.260740,1.000734,0.426870,-0.002967,0.107396,-0.027048,-0.430145,0.518255,1.009570,-0.453005,0.015218,-0.081924
-0.004201,0.030954,0.782220,0.007193,-0.160049,-0.642225,0.749586,-0.776546,0.208343,0.121753,1.700058,-0.030464,-0.261800,0.140257,-0.219202,-0.245776,0.459242,-0.405670,-0.059885,0.011216,-0.112561,0.300032,0.097233,0.385019,-0.258877,1.002202,0.426537,-0.002542,0.107302,-0.028884,-0.432253,0.513891,1.008577,-0.453805,0.015533,-0.082129
-0.004630,0.030421,0.782268,0.007828,-0.159859,-0.641674,0.750093,-0.779132,0.208189,0.120934,1.700340,-0.030783,-0.261800,0.140023,-0.219479,-0.247133,0.459161,-0.406282,-0.061072,0.010441,-0.114132,0.301517,0.094397,0.386690,-0.257081,1.003610,0.425319,-0.002268,0.107512,-0.030696,-0.434190,0.509069,1.007561,-0.455076,0.016021,-0.082222
-0.005101,0.029900,0.782296,0.008454,-0.159629,-0.641107,0.750619,-0.781776,0.208240,0.120257,1.700736,-0.031163,-0.261800,0.139813,-0.219650,-0.248566,0.458955,-0.406836,-0.062223,0.009735,-0.115680,0.303085,0.091491,0.388508,-0.255500,1.004798,0.423840,-0.002067,0.107925,-0.032340,-0.436149,0.504134,1.006370,-0.456166,0.016479,-0.082243
-0.005506,0.029405,0.782356,0.009137,-0.159377,-0.640519,0.751166,-0.784466,0.208438,0.119924,1.701150,-0.031361,-0.261800,0.139500,-0.219897,-0.250045,0.458760,-0.407372,-0.063274,0.009014,-0.117326,0.304533,0.088523,0.390300,-0.254171,1.005981,0.422835,-0.001820,0.108560,-0.034202,-0.437949,0.499783,1.005598,-0.456423,0.016730,-0.082336
-0.005980,0.028864,0.782400,0.009904,-0.159102,-0.639894,0.751748,-0.787250,0.208825,0.120028,1.701598,-0.031271,-0.261800,0.139049,-0.220260,-0.251590,0.458599,-0.407902,-0.064233,0.008379,-0.119145,0.305947,0.085608,0.392397,-0.253254,1.006828,0.422408,-0.001522,0.109371,-0.035803,-0.439912,0.495865,1.004572,-0.455310,0.016599,-0.082332
-0.006452,0.028336,0.782447,0.010707,-0.158787,-0.639242,0.752358,-0.790109,0.209411,0.120445,1.702111,-0.031040,-0.261800,0.138539,-0.220639,-0.253209,0.458375,-0.408389,-0.065127,0.007695,-0.121049,0.307268,0.082655,0.394535,-0.252584,1.007602,0.422290,-0.001198,0.110449,-0.037517,-0.441785,0.492392,1.003782,-0.453284,0.016245,-0.082298
-0.006921,0.027734,0.782489,0.011540,-0.158467,-0.638588,0.752968,-0.792973,0.210103,0.121058,1.702642,-0.030785,-0.261800,0.137969,-0.221031,-0.254847,0.458163,-0.408856,-0.065916,0.007095,-0.122971,0.308667,0.079730,0.396771,-0.252038,1.008088,0.422236,-0.000921,0.111592,-0.039195,-0.443658,0.489103,1.002980,-0.451222,0.015891,-0.082371
-0.007406,0.027181,0.782518,0.012358,-0.158134,-0.637962,0.753555,-0.795766,0.210797,0.121743,1.703143,-0.030639,-0.261800,0.137348,-0.221418,-0.256442,0.458013,-0.409316,-0.066560,0.006605,-0.124816,0.310219,0.076822,0.398947,-0.251434,1.008297,0.422077,-0.000735,0.112674,-0.040927,-0.445451,0.485876,1.002279,-0.450059,0.015779,-0.082746
-0.007873,0.026626,0.782532,0.013149,-0.157776,-0.637353,0.754132,-0.798504,0.211451,0.122439,1.703575,-0.030691,-0.261800,0.136718,-0.221731,-0.258045,0.457812,-0.409717,-0.067093,0.006049,-0.126485,0.311762,0.073712,0.400655,-0.250650,1.008707,0.421914,-0.000588,0.113853,-0.043203,-0.446849,0.483001,1.002384,-0.450238,0.016045,-0.083784
-0.008338,0.026068,0.782533,0.013944,-0.157402,-0.636753,0.754702,-0.801224,0.212123,0.123223,1.703979,-0.030860,-0.261800,0.136059,-0.222011,-0.259665,0.457578,-0.410068,-0.067521,0.005827,-0.128153,0.313737,0.070813,0.402939,-0.249948,1.008167,0.421521,-0.000576,0.114821,-0.044751,-0.448751,0.479738,1.001405,-0.451134,0.016469,-0.085041
-0.008822,0.025559,0.782550,0.014745,-0.157043,-0.636189,0.755237,-0.803849,0.212869,0.124174,1.704387,-0.030985,-0.261800,0.135307,-0.222370,-0.261191,0.457514,-0.410458,-0.067767,0.005741,-0.129781,0.315841,0.067999,0.405195,-0.249304,1.007309,0.421058,-0.000665,0.115717,-0.046232,-0.450684,0.476557,1.000386,-0.452240,0.016964,-0.086209
-0.009311,0.025023,0.782536,0.015585,-0.156754,-0.635691,0.755700,-0.806319,0.213745,0.125379,1.704852,-0.030918,-0.261800,0.134410,-0.222933,-0.262517,0.457796,-0.410963,-0.067750,0.005917,-0.131428,0.318089,0.065351,0.407456,-0.248837,1.006053,0.420512,-0.000887,0.116456,-0.047558,-0.452673,0.473377,0.999265,-0.453007,0.017392,-0.086820
-0.009765,0.024494,0.782507,0.016493,-0.156567,-0.635253,0.756087,-0.808599,0.214673,0.126936,1.705328,-0.030516,-0.261800,0.133345,-0.223844,-0.263631,0.458507,-0.411602,-0.067336,0.006230,-0.133127,0.320277,0.062678,0.409273,-0.248515,1.004869,0.419895,-0.001294,0.117184,-0.049215,-0.454273,0.470331,0.998862,-0.453345,0.017813,-0.086878
-0.010292,0.023971,0.782472,0.017444,-0.156444,-0.634865,0.756418,-0.810722,0.215653,0.128782,1.705808,-0.029894,-0.261800,0.132158,-0.225004,-0.264587,0.459516,-0.412321,-0.066602,0.006885,-0.134890,0.322677,0.060145,0.411215,-0.248421,1.003162,0.419063,-0.001901,0.117733,-0.050483,-0.455983,0.466983,0.998106,-0.453528,0.018231,-0.086469
-0.010794,0.023463,0.782413,0.018386,-0.156344,-0.634544,0.756685,-0.812739,0.216863,0.130731,1.706384,-0.029278,-0.261800,0.130859,-0.226151,-0.265373,0.460750,-0.413119,-0.065793,0.007757,-0.136562,0.325219,0.057721,0.413197,-0.248497,1.001168,0.418301,-0.002499,0.118161,-0.051711,-0.457762,0.463885,0.997311,-0.453645,0.018562,-0.085724
-0.011299,0.022969,0.782342,0.019235,-0.156197,-0.634310,0.756891,-0.814687,0.218477,0.132602,1.707131,-0.028889,-0.261800,0.129493,-0.227027,-0.265980,0.462068,-0.413958,-0.065150,0.008517,-0.137951,0.327596,0.055234,0.414654,-0.248552,0.999650,0.418109,-0.002828,0.118698,-0.053849,-0.459087,0.461931,0.997692,-0.453896,0.018761,-0.084915
-0.011843,0.022484,0.782222,0.019967,-0.155979,-0.634186,0.757020,-0.816594,0.220645,0.134344,1.708106,-0.028791,-0.261800,0.128019,-0.227508,-0.266387,0.463494,-0.414861,-0.064727,0.009636,-0.139082,0.330329,0.053082,0.416690,-0.248818,0.997385,0.418384,-0.002867,0.118863,-0.055536,-0.461004,0.460412,0.997216,-0.454170,0.018695,-0.083496
-0.012373,0.022007,0.782082,0.020629,-0.155730,-0.634155,0.757080,-0.818432,0.223237,0.136049,1.709261,-0.028869,-0.261800,0.126434,-0.227741,-0.266606,0.465073,-0.415828,-0.064397,0.010770,-0.139963,0.333032,0.050981,0.418479,-0.249116,0.995232,0.419200,-0.002657,0.118971,-0.057758,-0.462766,0.459796,0.997381,-0.454486,0.018490,-0.081734
-0.012889,0.021565,0.781997,0.021248,-0.155482,-0.634180,0.757093,-0.820143,0.226011,0.137773,1.710485,-0.029054,-0.261800,0.124826,-0.227902,-0.266678,0.466720,-0.416815,-0.064131,0.011943,-0.140732,0.335853,0.049095,0.420223,-0.249417,0.992834,0.419983,-0.002456,0.119096,-0.060113,-0.464555,0.459663,0.997585,-0.454819,0.018169,-0.080036
-0.013372,0.021143,0.781895,0.021869,-0.155289,-0.634220,0.757081,-0.821681,0.228721,0.139560,1.711702,-0.029299,-0.261800,0.123337,-0.228139,-0.266657,0.468238,-0.417752,-0.063904,0.013028,-0.141455,0.338660,0.047257,0.421541,-0.249690,0.990596,0.420348,-0.002443,0.119535,-0.062884,-0.465949,0.459912,0.998345,-0.455290,0.017807,-0.078985
-0.013860,0.020751,0.781814,0.022502,-0.155158,-0.634282,0.757038,-0.823010,0.231417,0.141487,1.712904,-0.029663,-0.261800,0.121914,-0.228494,-0.266504,0.469742,-0.418647,-0.063734,0.014171,-0.142258,0.341926,0.046170,0.423295,-0.249666,0.987118,0.419788,-0.002826,0.120022,-0.065035,-0.467911,0.460109,0.997860,-0.455674,0.017211,-0.078437
-0.014326,0.020367,0.781715,0.023113,-0.155055,-0.634384,0.756955,-0.824158,0.234190,0.143505,1.714118,-0.030146,-0.261800,0.120548,-0.228872,-0.266215,0.471209,-0.419508,-0.063627,0.015319,-0.142958,0.345132,0.044927,0.424471,-0.249667,0.984034,0.418944,-0.003332,0.120887,-0.067750,-0.469305,0.460744,0.998238,-0.456271,0.016487,-0.078469
-0.014776,0.019992,0.781645,0.023717,-0.154985,-0.634496,0.756857,-0.825186,0.236857,0.145508,1.715348,-0.030614,-0.261800,0.119222,-0.229310,-0.265849,0.472678,-0.420351,-0.063534,0.016396,-0.143649,0.348663,0.044353,0.426068,-0.249614,0.980018,0.417717,-0.004000,0.121577,-0.069999,-0.471317,0.461591,0.997572,-0.456672,0.015804,-0.078630
-0.015212,0.019622,0.781555,0.024320,-0.154950,-0.634589,0.756767,-0.826148,0.239239,0.147378,1.716587,-0.030925,-0.261800,0.117916,-0.229851,-0.265457,0.474222,-0.421199,-0.063404,0.017412,-0.144199,0.351861,0.043137,0.426921,-0.250268,0.977309,0.416727,-0.004554,0.122483,-0.073096,-0.472419,0.462903,0.998417,-0.457303,0.015510,-0.079210
-0.015629,0.019299,0.781474,0.024929,-0.154966,-0.634643,0.756698,-0.827048,0.241257,0.149122,1.717824,-0.030998,-0.261800,0.116673,-0.230539,-0.265064,0.475814,-0.422047,-0.063169,0.018208,-0.144781,0.355423,0.042765,0.428537,-0.251135,0.973468,0.415279,-0.005238,0.122958,-0.075510,-0.474571,0.464731,0.997716,-0.457442,0.015661,-0.079739
-0.015998,0.018955,0.781435,0.025536,-0.155029,-0.634676,0.756637,-0.827867,0.243020,0.150788,1.719072,-0.030922,-0.261800,0.115484,-0.231340,-0.264635,0.477452,-0.422901,-0.062873,0.019006,-0.145279,0.359020,0.042218,0.429952,-0.252498,0.969963,0.413697,-0.005951,0.123465,-0.078064,-0.476574,0.466847,0.997222,-0.457668,0.016153,-0.080560
-0.016363,0.018658,0.781402,0.026137,-0.155103,-0.634726,0.756560,-0.828602,0.244620,0.152336,1.720326,-0.030814,-0.261800,0.114273,-0.232172,-0.264149,0.479139,-0.423736,-0.062637,0.019762,-0.145643,0.362403,0.041494,0.430975,-0.254302,0.967092,0.412370,-0.006577,0.124050,-0.081075,-0.478049,0.469205,0.997548,-0.457927,0.016749,-0.081646
-0.016713,0.018370,0.781369,0.026725,-0.155152,-0.634827,0.756444,-0.829265,0.246150,0.153726,1.721590,-0.030785,-0.261800,0.112910,-0.232970,-0.263571,0.480984,-0.424587,-0.062581,0.020522,-0.145810,0.365651,0.040952,0.431884,-0.256402,0.964364,0.411519,-0.007067,0.124555,-0.084105,-0.479362,0.471457,0.998013,-0.457963,0.017173,-0.082772
-0.017029,0.018074,0.781323,0.027298,-0.155168,-0.635009,0.756268,-0.829845,0.247697,0.154964,1.722900,-0.030900,-0.261800,0.111315,-0.233712,-0.262866,0.483091,-0.425480,-0.062790,0.021358,-0.145700,0.368807,0.040677,0.432814,-0.258936,0.961652,0.411145,-0.007360,0.124858,-0.086916,-0.480732,0.473417,0.998306,-0.457629,0.017336,-0.083867
-0.017304,0.017781,0.781282,0.027849,-0.155158,-0.635245,0.756052,-0.830334,0.249189,0.156070,1.724235,-0.031085,-0.261800,0.109584,-0.234433,-0.262065,0.485350,-0.426374,-0.063181,0.022310,-0.145363,0.371925,0.040530,0.433731,-0.261951,0.959028,0.411114,-0.007514,0.125020,-0.089586,-0.482143,0.475201,0.998506,-0.456995,0.017379,-0.085003
-0.017532,0.017542,0.781240,0.028392,-0.155144,-0.635496,0.755823,-0.830784,0.250488,0.157002,1.725549,-0.031257,-0.261800,0.107814,-0.235149,-0.261211,0.487639,-0.427260,-0.063628,0.023479,-0.144820,0.375159,0.040544,0.434923,-0.265474,0.956075,0.411091,-0.007690,0.125056,-0.091314,-0.484168,0.476515,0.997503,-0.456160,0.017327,-0.086017
-0.017774,0.017282,0.781226,0.028929,-0.155138,-0.635724,0.755613,-0.831232,0.251462,0.157731,1.726789,-0.031341,-0.261800,0.106152,-0.235885,-0.260361,0.489744,-0.428077,-0.064004,0.024484,-0.144264,0.378196,0.040571,0.435788,-0.268919,0.953386,0.411394,-0.007951,0.125290,-0.093278,-0.485773,0.478005,0.996885,-0.455557,0.017292,-0.087133
-0.017982,0.017033,0.781191,0.029470,-0.155162,-0.635921,0.755421,-0.831688,0.251975,0.158173,1.727951,-0.031268,-0.261800,0.104628,-0.236618,-0.259486,0.491662,-0.428828,-0.064302,0.025347,-0.143729,0.381032,0.040670,0.436434,-0.272358,0.950851,0.412137,-0.008320,0.125747,-0.095349,-0.487005,0.479747,0.996513,-0.455131,0.017264,-0.088338
-0.018172,0.016811,0.781179,0.030004,-0.155197,-0.636108,0.755236,-0.832127,0.252134,0.158374,1.729061,-0.031100,-0.261800,0.103179,-0.237353,-0.258574,0.493467,-0.429529,-0.064584,0.026198,-0.143132,0.383750,0.040870,0.437046,-0.276020,0.948335,0.413161,-0.008752,0.126301,-0.097233,-0.488202,0.481577,0.995987,-0.454660,0.017207,-0.089574
-0.018367,0.016604,0.781177,0.030532,-0.155217,-0.636282,0.755063,-0.832557,0.252152,0.158482,1.730101,-0.030927,-0.261800,0.101764,-0.238107,-0.257694,0.495137,-0.430178,-0.064825,0.026938,-0.142499,0.386366,0.041208,0.437580,-0.279672,0.945847,0.414096,-0.009259,0.126889,-0.099101,-0.489286,0.483424,0.995399,-0.454261,0.017150,-0.090840
-0.018522,0.016398,0.781185,0.031077,-0.155213,-0.636439,0.754910,-0.832982,0.252248,0.158641,1.731067,-0.030839,-0.261800,0.100336,-0.238876,-0.256928,0.496654,-0.430775,-0.065003,0.027615,-0.141762,0.388933,0.041636,0.438150,-0.283414,0.943334,0.414329,-0.009865,0.127412,-0.100731,-0.490546,0.485139,0.994366,-0.453823,0.017112,-0.092069
-0.018669,0.016211,0.781169,0.031641,-0.155177,-0.636561,0.754791,-0.833467,0.252397,0.158843,1.732001,-0.030834,-0.261800,0.098928,-0.239674,-0.256360,0.497931,-0.431318,-0.065075,0.027900,-0.141067,0.391385,0.042355,0.438527,-0.286668,0.940820,0.413798,-0.010661,0.127966,-0.102863,-0.491418,0.486961,0.993694,-0.453617,0.017137,-0.093435
-0.018795,0.016059,0.781172,0.032217,-0.155118,-0.636655,0.754699,-0.833996,0.252512,0.159025,1.732897,-0.030872,-0.261800,0.097531,-0.240521,-0.255921,0.499055,-0.431840,-0.065064,0.027950,-0.140373,0.393734,0.043273,0.438817,-0.289733,0.938302,0.412684,-0.011609,0.128549,-0.105179,-0.492090,0.488843,0.993076,-0.453507,0.017204,-0.094886
-0.018926,0.015900,0.781216,0.032794,-0.155038,-0.636757,0.754605,-0.834416,0.252712,0.159261,1.733649,-0.030985,-0.261800,0.096108,-0.241315,-0.255484,0.500080,-0.432275,-0.065053,0.028026,-0.139563,0.395909,0.044196,0.439134,-0.293121,0.935969,0.411361,-0.012505,0.129042,-0.107274,-0.492899,0.490802,0.992230,-0.453227,0.017262,-0.096248
-0.019044,0.015802,0.781260,0.033352,-0.154937,-0.636901,0.754479,-0.834579,0.253114,0.159624,1.734151,-0.031208,-0.261800,0.094620,-0.242037,-0.254909,0.501113,-0.432590,-0.065118,0.028221,-0.138650,0.398075,0.045183,0.439393,-0.296491,0.933697,0.410826,-0.013151,0.129299,-0.109148,-0.493703,0.492555,0.991140,-0.453040,0.017253,-0.097372
-0.019154,0.015688,0.781310,0.033885,-0.154819,-0.637094,0.754317,-0.834399,0.253834,0.160145,1.734364,-0.031605,-0.261800,0.093101,-0.242633,-0.254183,0.502111,-0.432738,-0.065311,0.028505,-0.137646,0.400187,0.046278,0.439535,-0.299825,0.931539,0.411500,-0.013464,0.129285,-0.111031,-0.494300,0.494239,0.990138,-0.453065,0.017154,-0.098288
-0.019273,0.015572,0.781386,0.034389,-0.154670,-0.637319,0.754135,-0.833971,0.254777,0.160780,1.734340,-0.032137,-0.261800,0.091552,-0.243126,-0.253373,0.503050,-0.432753,-0.065581,0.028847,-0.136550,0.402196,0.047456,0.439592,-0.303232,0.929525,0.412855,-0.013553,0.129083,-0.112892,-0.494766,0.495890,0.989190,-0.453208,0.016998,-0.099061
-0.019336,0.015476,0.781404,0.034902,-0.154508,-0.637571,0.753931,-0.833414,0.255766,0.161502,1.734152,-0.032698,-0.261800,0.089901,-0.243602,-0.252462,0.504028,-0.432715,-0.065853,0.029296,-0.135369,0.404059,0.048460,0.439550,-0.306806,0.927898,0.414290,-0.013508,0.128784,-0.114511,-0.495176,0.497392,0.988093,-0.453283,0.016836,-0.099661
-0.019452,0.015417,0.781482,0.035444,-0.154334,-0.637847,0.753708,-0.832845,0.256609,0.162278,1.733862,-0.033181,-0.261800,0.088044,-0.244137,-0.251430,0.505201,-0.432730,-0.066052,0.029637,-0.134253,0.405880,0.049626,0.439446,-0.309872,0.926270,0.415573,-0.013422,0.128399,-0.116087,-0.495396,0.498687,0.986861,-0.453337,0.016693,-0.100050
-0.019528,0.015373,0.781515,0.036021,-0.154154,-0.638158,0.753454,-0.832268,0.257338,0.163105,1.733485,-0.033618,-0.261800,0.085927,-0.244752,-0.250221,0.506648,-0.432827,-0.066155,0.029973,-0.133143,0.407545,0.050704,0.439266,-0.312781,0.924972,0.416336,-0.013299,0.127902,-0.117490,-0.495495,0.499783,0.985483,-0.453152,0.016591,-0.100198
-0.019612,0.015343,0.781601,0.036611,-0.153951,-0.638505,0.753174,-0.831630,0.258022,0.163999,1.732984,-0.034043,-0.261800,0.083604,-0.245394,-0.248864,0.508290,-0.432956,-0.066202,0.030361,-0.132002,0.409068,0.051587,0.438978,-0.315651,0.924114,0.416863,-0.013120,0.127285,-0.118693,-0.495448,0.500669,0.983972,-0.452814,0.016503,-0.100131
-0.019684,0.015331,0.781675,0.037221,-0.153738,-0.638858,0.752887,-0.830976,0.258553,0.164948,1.732373,-0.034367,-0.261800,0.081198,-0.246083,-0.247460,0.509934,-0.433056,-0.066207,0.030777,-0.130862,0.410448,0.052363,0.438558,-0.318450,0.923561,0.417365,-0.012843,0.126735,-0.119808,-0.495233,0.501424,0.982494,-0.452497,0.016428,-0.099949
-0.019752,0.015366,0.781725,0.037862,-0.153537,-0.639189,0.752615,-0.830336,0.258814,0.165949,1.731655,-0.034500,-0.261800,0.078859,-0.246841,-0.246126,0.511369,-0.433058,-0.066183,0.031052,-0.129830,0.411854,0.053601,0.438179,-0.320761,0.922516,0.418135,-0.012434,0.126341,-0.120875,-0.494960,0.502211,0.980787,-0.452304,0.016389,-0.099704
-0.019780,0.015374,0.781814,0.038562,-0.153336,-0.639501,0.752356,-0.829754,0.258667,0.166993,1.730767,-0.034366,-0.261800,0.076542,-0.247718,-0.244850,0.512553,-0.432946,-0.066143,0.031367,-0.128857,0.413036,0.054717,0.437754,-0.323128,0.921776,0.419218,-0.011793,0.126235,-0.121833,-0.494584,0.502911,0.979160,-0.452215,0.016400,-0.099387
-0.019816,0.015416,0.781928,0.039294,-0.153124,-0.639805,0.752103,-0.829205,0.258206,0.168083,1.729735,-0.034029,-0.261800,0.074205,-0.248676,-0.243587,0.513588,-0.432750,-0.066078,0.031888,-0.127822,0.413815,0.055173,0.436835,-0.326008,0.922099,0.420487,-0.010865,0.126517,-0.122888,-0.493672,0.503492,0.978249,-0.452273,0.016507,-0.099089
-0.019866,0.015465,0.782049,0.040006,-0.152913,-0.640093,0.751863,-0.828624,0.257680,0.169231,1.728689,-0.033619,-0.261800,0.071950,-0.249654,-0.242376,0.514514,-0.432500,-0.065968,0.032052,-0.126986,0.415063,0.056877,0.436433,-0.327607,0.920740,0.421771,-0.010087,0.126599,-0.123545,-0.493237,0.504149,0.975997,-0.452308,0.016557,-0.098619
-0.019864,0.015539,0.782175,0.040666,-0.152719,-0.640355,0.751644,-0.828001,0.257351,0.170429,1.727781,-0.033264,-0.261800,0.069831,-0.250500,-0.241253,0.515362,-0.432201,-0.065812,0.032418,-0.125964,0.415888,0.057574,0.435793,-0.329968,0.920903,0.421859,-0.009803,0.126836,-0.124548,-0.492526,0.505595,0.974839,-0.451859,0.016278,-0.098385
-0.019905,0.015585,0.782277,0.041249,-0.152547,-0.640586,0.751450,-0.827265,0.257228,0.171728,1.727007,-0.032955,-0.261800,0.067896,-0.251261,-0.240223,0.516172,-0.431878,-0.065566,0.032661,-0.124940,0.416727,0.058229,0.434935,-0.331899,0.921360,0.420905,-0.010183,0.127123,-0.125741,-0.491594,0.507914,0.973873,-0.450904,0.015646,-0.098355
-0.019942,0.015685,0.782381,0.041789,-0.152391,-0.640792,0.751276,-0.826455,0.257192,0.173109,1.726305,-0.032639,-0.261800,0.066101,-0.251972,-0.239270,0.516894,-0.431502,-0.065251,0.032770,-0.123955,0.417642,0.059096,0.434160,-0.333335,0.921688,0.419165,-0.011054,0.127394,-0.126969,-0.490786,0.510902,0.972745,-0.449470,0.014724,-0.098391
-0.019953,0.015770,0.782462,0.042275,-0.152234,-0.640984,0.751117,-0.825651,0.257302,0.174493,1.725727,-0.032383,-0.261800,0.064413,-0.252574,-0.238398,0.517522,-0.431085,-0.064933,0.032620,-0.122909,0.418501,0.060067,0.433288,-0.334543,0.922011,0.417254,-0.012014,0.127643,-0.128439,-0.489857,0.514358,0.971830,-0.448186,0.013821,-0.098494
-0.019969,0.015923,0.782556,0.042704,-0.152062,-0.641169,0.750970,-0.824924,0.257613,0.175805,1.725324,-0.032253,-0.261800,0.062831,-0.253041,-0.237620,0.518002,-0.430606,-0.064673,0.032424,-0.121729,0.419533,0.061171,0.432649,-0.335846,0.921779,0.415727,-0.012690,0.127709,-0.129592,-0.489080,0.517319,0.970426,-0.447800,0.013209,-0.098523
-0.019990,0.016057,0.782652,0.043058,-0.151846,-0.641353,0.750837,-0.824310,0.258193,0.177026,1.725140,-0.032275,-0.261800,0.061325,-0.253316,-0.236954,0.518332,-0.430069,-0.064505,0.031982,-0.120383,0.420493,0.062343,0.431957,-0.337285,0.921302,0.414649,-0.012922,0.127669,-0.130974,-0.487986,0.520067,0.969316,-0.448778,0.013040,-0.098524
-0.020030,0.016212,0.782748,0.043364,-0.151624,-0.641528,0.750714,-0.823766,0.259000,0.178196,1.725143,-0.032415,-0.261800,0.059924,-0.253456,-0.236389,0.518509,-0.429466,-0.064388,0.031595,-0.118893,0.421664,0.063629,0.431580,-0.338859,0.920208,0.413664,-0.012956,0.127445,-0.131857,-0.487117,0.522187,0.967492,-0.450749,0.013109,-0.098408
-0.020050,0.016381,0.782846,0.043617,-0.151404,-0.641691,0.750604,-0.823234,0.259905,0.179333,1.725252,-0.032641,-0.261800,0.058635,-0.253519,-0.235886,0.518608,-0.428833,-0.064285,0.031194,-0.117344,0.422969,0.064909,0.431368,-0.340512,0.918904,0.412932,-0.012913,0.127115,-0.132482,-0.486352,0.524170,0.965349,-0.452864,0.013283,-0.098345
-0.020095,0.016573,0.782932,0.043834,-0.151215,-0.641839,0.750503,-0.822652,0.260783,0.180462,1.725387,-0.032926,-0.261800,0.057461,-0.253589,-0.235404,0.518715,-0.428218,-0.064157,0.030755,-0.115869,0.424223,0.065955,0.431216,-0.342349,0.918002,0.412519,-0.012928,0.126766,-0.133438,-0.485348,0.526682,0.963860,-0.454171,0.013384,-0.098559
-0.020124,0.016745,0.783031,0.044008,-0.151081,-0.641965,0.750412,-0.822001,0.261645,0.181559,1.725573,-0.033320,-0.261800,0.056494,-0.253658,-0.234961,0.518754,-0.427570,-0.063988,0.030312,-0.114486,0.425651,0.066879,0.431193,-0.344129,0.917245,0.412711,-0.013046,0.126227,-0.134401,-0.484364,0.529659,0.962452,-0.454504,0.013459,-0.099138
-0.020131,0.016944,0.783108,0.044127,-0.150970,-0.642073,0.750335,-0.821321,0.262544,0.182620,1.725845,-0.033819,-0.261800,0.055693,-0.253682,-0.234572,0.518725,-0.426892,-0.063804,0.029853,-0.113100,0.427252,0.067726,0.431287,-0.345889,0.916477,0.413378,-0.013202,0.125517,-0.135261,-0.483525,0.532898,0.960909,-0.454253,0.013555,-0.099943
-0.020139,0.017170,0.783190,0.044240,-0.150888,-0.642172,0.750260,-0.820623,0.263418,0.183696,1.726118,-0.034319,-0.261800,0.054915,-0.253747,-0.234173,0.518755,-0.426267,-0.063614,0.029140,-0.111870,0.428697,0.068726,0.431555,-0.347653,0.915731,0.414118,-0.013333,0.124924,-0.136620,-0.482244,0.536608,0.960126,-0.453681,0.013599,-0.100845
-0.020117,0.017411,0.783244,0.044360,-0.150799,-0.642278,0.750180,-0.819923,0.264214,0.184827,1.726313,-0.034722,-0.261800,0.054022,-0.253854,-0.233723,0.518937,-0.425761,-0.063440,0.028418,-0.110580,0.430141,0.069615,0.431940,-0.349687,0.914907,0.414712,-0.013405,0.124683,-0.137555,-0.481100,0.539562,0.959005,-0.453384,0.013459,-0.101424
-0.020081,0.017634,0.783296,0.044501,-0.150720,-0.642393,0.750090,-0.819220,0.264964,0.186055,1.726462,-0.035022,-0.261800,0.052984,-0.254030,-0.233192,0.519324,-0.425413,-0.063283,0.027564,-0.109152,0.431591,0.070429,0.432296,-0.352005,0.913999,0.415164,-0.013371,0.124979,-0.137967,-0.480338,0.541614,0.957291,-0.453346,0.012973,-0.101509
-0.020063,0.017894,0.783310,0.044645,-0.150647,-0.642508,0.749997,-0.818497,0.265669,0.187360,1.726570,-0.035262,-0.261800,0.051923,-0.254271,-0.232619,0.519753,-0.425119,-0.063133,0.026744,-0.107865,0.432760,0.071112,0.433004,-0.355041,0.913301,0.415217,-0.013223,0.125685,-0.138517,-0.478964,0.543392,0.956279,-0.453339,0.012269,-0.101484
-0.020019,0.018146,0.783335,0.044795,-0.150574,-0.642622,0.749905,-0.817791,0.266266,0.188658,1.726599,-0.035423,-0.261800,0.050687,-0.254570,-0.232004,0.520503,-0.425027,-0.062989,0.025983,-0.106672,0.433907,0.071734,0.433986,-0.358135,0.912516,0.415244,-0.013085,0.126463,-0.139109,-0.477291,0.544935,0.955583,-0.453471,0.011610,-0.101426
-0.019962,0.018437,0.783324,0.044943,-0.150485,-0.642734,0.749818,-0.817123,0.266678,0.189846,1.726480,-0.035492,-0.261800,0.049507,-0.254800,-0.231454,0.521055,-0.424815,-0.062860,0.025283,-0.105476,0.435026,0.072224,0.435149,-0.361115,0.911697,0.415247,-0.013051,0.127059,-0.139707,-0.475553,0.546684,0.955098,-0.453584,0.011300,-0.101493
-0.019941,0.018724,0.783331,0.045080,-0.150370,-0.642844,0.749739,-0.816502,0.266870,0.190931,1.726206,-0.035449,-0.261800,0.048322,-0.254996,-0.230976,0.521551,-0.424550,-0.062735,0.024657,-0.104194,0.436133,0.072450,0.436427,-0.364108,0.910924,0.415000,-0.013263,0.127478,-0.140266,-0.473934,0.548767,0.954724,-0.453580,0.011537,-0.101754
-0.019866,0.019010,0.783369,0.045221,-0.150247,-0.642952,0.749662,-0.815926,0.266888,0.191944,1.725810,-0.035306,-0.261800,0.047112,-0.255178,-0.230538,0.522036,-0.424272,-0.062613,0.024076,-0.102815,0.437227,0.072431,0.437782,-0.367186,0.910208,0.414574,-0.013634,0.127847,-0.140689,-0.472454,0.550964,0.954339,-0.453493,0.012123,-0.102089
-0.019802,0.019330,0.783383,0.045360,-0.150108,-0.643056,0.749593,-0.815371,0.266784,0.192860,1.725290,-0.035103,-0.261800,0.045886,-0.255329,-0.230102,0.522490,-0.423991,-0.062518,0.023523,-0.101433,0.438259,0.072327,0.439218,-0.370066,0.909497,0.414434,-0.013900,0.128094,-0.141057,-0.471012,0.553213,0.954108,-0.453399,0.012768,-0.102407
-0.019739,0.019643,0.783406,0.045487,-0.149939,-0.643153,0.749536,-0.814822,0.266602,0.193648,1.724636,-0.034867,-0.261800,0.044670,-0.255422,-0.229631,0.522840,-0.423692,-0.062468,0.022934,-0.100109,0.439186,0.072318,0.440638,-0.372382,0.908752,0.415123,-0.013801,0.128154,-0.141428,-0.469574,0.555480,0.954138,-0.453354,0.013182,-0.102606
-0.019676,0.019963,0.783420,0.045618,-0.149739,-0.643235,0.749497,-0.814332,0.266252,0.194221,1.723826,-0.034550,-0.261800,0.043417,-0.255416,-0.229078,0.523115,-0.423380,-0.062486,0.022249,-0.098807,0.439968,0.072384,0.441930,-0.374058,0.908075,0.417351,-0.013086,0.127868,-0.141863,-0.468172,0.557858,0.954504,-0.453334,0.013233,-0.102625
-0.019623,0.020266,0.783416,0.045751,-0.149515,-0.643309,0.749470,-0.813892,0.265741,0.194620,1.722869,-0.034151,-0.261800,0.042140,-0.255369,-0.228470,0.523341,-0.423057,-0.062551,0.021481,-0.097556,0.440609,0.072508,0.443191,-0.375229,0.907442,0.420654,-0.011954,0.127313,-0.142450,-0.466671,0.560417,0.955314,-0.453321,0.013093,-0.102556
-0.019551,0.020574,0.783413,0.045864,-0.149272,-0.643383,0.749448,-0.813397,0.265285,0.195000,1.721826,-0.033797,-0.261800,0.040918,-0.255264,-0.227907,0.523440,-0.422717,-0.062640,0.020728,-0.096165,0.441185,0.072353,0.444108,-0.376076,0.907123,0.423882,-0.010818,0.126880,-0.142723,-0.465495,0.562783,0.955977,-0.453392,0.012944,-0.102404
-0.019499,0.020883,0.783411,0.045972,-0.149055,-0.643461,0.749418,-0.812725,0.265074,0.195542,1.720731,-0.033600,-0.261800,0.039804,-0.255153,-0.227465,0.523421,-0.422393,-0.062726,0.019936,-0.095065,0.441646,0.072503,0.445312,-0.376367,0.906532,0.425677,-0.010091,0.126801,-0.143315,-0.463725,0.565225,0.957323,-0.453610,0.012961,-0.102388
-0.019426,0.021199,0.783384,0.046031,-0.148837,-0.643558,0.749374,-0.811806,0.265275,0.196329,1.719629,-0.033670,-0.261800,0.038892,-0.254963,-0.227213,0.523141,-0.422069,-0.062811,0.019393,-0.093700,0.442147,0.072075,0.446012,-0.376456,0.906418,0.425563,-0.009914,0.127447,-0.143108,-0.462616,0.567100,0.957965,-0.454094,0.013206,-0.102311
-0.019352,0.021531,0.783370,0.046071,-0.148627,-0.643664,0.749322,-0.810698,0.265731,0.197282,1.718466,-0.033904,-0.261800,0.038110,-0.254754,-0.227082,0.522689,-0.421757,-0.062902,0.018721,-0.092758,0.442474,0.072194,0.447126,-0.375722,0.905882,0.424133,-0.010062,0.128431,-0.143562,-0.460583,0.569372,0.959726,-0.454776,0.013590,-0.102396
-0.019301,0.021867,0.783379,0.046103,-0.148413,-0.643762,0.749278,-0.809557,0.266215,0.198226,1.717236,-0.034164,-0.261800,0.037334,-0.254538,-0.226997,0.522236,-0.421444,-0.062996,0.018062,-0.091821,0.442735,0.072149,0.448131,-0.374821,0.905499,0.422338,-0.010376,0.129496,-0.143839,-0.458519,0.571271,0.961556,-0.455514,0.014025,-0.102504
-0.019249,0.022178,0.783378,0.046153,-0.148194,-0.643835,0.749256,-0.808513,0.266489,0.199008,1.715905,-0.034296,-0.261800,0.036425,-0.254348,-0.226879,0.521975,-0.421121,-0.063086,0.017303,-0.090885,0.442907,0.071966,0.449036,-0.373976,0.905242,0.421036,-0.010696,0.130286,-0.144011,-0.456478,0.572750,0.963458,-0.456019,0.014435,-0.102651
-0.019213,0.022495,0.783399,0.046237,-0.147951,-0.643875,0.749265,-0.807644,0.266470,0.199581,1.714435,-0.034245,-0.261800,0.035260,-0.254227,-0.226681,0.522042,-0.420795,-0.063173,0.016395,-0.090023,0.442939,0.071753,0.449935,-0.373070,0.905037,0.420070,-0.011149,0.130704,-0.144203,-0.454254,0.573822,0.965635,-0.456260,0.014764,-0.102839
-0.019180,0.022832,0.783418,0.046341,-0.147694,-0.643893,0.749294,-0.806860,0.266294,0.200030,1.712846,-0.034089,-0.261800,0.033946,-0.254134,-0.226457,0.522294,-0.420457,-0.063260,0.015418,-0.089185,0.442865,0.071426,0.450765,-0.372078,0.904940,0.419108,-0.011762,0.130944,-0.144304,-0.452032,0.574523,0.967942,-0.456313,0.015064,-0.103046
-0.019118,0.023131,0.783392,0.046430,-0.147445,-0.643894,0.749336,-0.806074,0.266046,0.200394,1.711234,-0.033909,-0.261800,0.032677,-0.254033,-0.226266,0.522551,-0.420114,-0.063344,0.014368,-0.088417,0.442736,0.071051,0.451614,-0.371149,0.904876,0.418706,-0.012229,0.131042,-0.144370,-0.449606,0.574856,0.970429,-0.456344,0.015427,-0.103354
-0.019062,0.023548,0.783379,0.046469,-0.147223,-0.643882,0.749388,-0.805192,0.265812,0.200707,1.709676,-0.033771,-0.261800,0.031688,-0.253898,-0.226180,0.522556,-0.419729,-0.063419,0.013293,-0.087665,0.442631,0.070549,0.452468,-0.370529,0.904875,0.419430,-0.012243,0.131046,-0.144235,-0.447077,0.574693,0.972858,-0.456523,0.015947,-0.103795
-0.019008,0.023833,0.783376,0.046453,-0.147035,-0.643846,0.749457,-0.804191,0.265585,0.200957,1.708183,-0.033693,-0.261800,0.031033,-0.253691,-0.226245,0.522263,-0.419297,-0.063508,0.012178,-0.086931,0.442566,0.069871,0.453354,-0.370381,0.904986,0.422142,-0.011515,0.130772,-0.143840,-0.444426,0.573885,0.975200,-0.457040,0.016723,-0.104468
-0.018950,0.024173,0.783370,0.046400,-0.146871,-0.643788,0.749542,-0.803121,0.265329,0.201130,1.706705,-0.033628,-0.261800,0.030607,-0.253472,-0.226413,0.521778,-0.418821,-0.063606,0.011038,-0.086227,0.442508,0.069043,0.454278,-0.370578,0.905181,0.426296,-0.010280,0.130254,-0.143229,-0.441645,0.572492,0.977516,-0.457764,0.017679,-0.105318
-0.018902,0.024520,0.783366,0.046312,-0.146728,-0.643731,0.749625,-0.802003,0.265092,0.201266,1.705287,-0.033594,-0.261800,0.030319,-0.253213,-0.226608,0.521196,-0.418350,-0.063664,0.009936,-0.085557,0.442456,0.068135,0.455226,-0.370902,0.905360,0.430332,-0.009010,0.129875,-0.142520,-0.438763,0.570813,0.979845,-0.458318,0.018648,-0.106173
-0.018827,0.024855,0.783353,0.046192,-0.146600,-0.643697,0.749686,-0.800873,0.264928,0.201404,1.703982,-0.033596,-0.261800,0.030103,-0.252902,-0.226757,0.520563,-0.417898,-0.063637,0.008914,-0.084925,0.442409,0.067256,0.456162,-0.371092,0.905386,0.432728,-0.008173,0.130023,-0.141757,-0.435816,0.569089,0.982162,-0.458398,0.019458,-0.106857
-0.018760,0.025194,0.783352,0.046032,-0.146492,-0.643689,0.749724,-0.799710,0.264819,0.201508,1.702782,-0.033655,-0.261800,0.029984,-0.252520,-0.226839,0.519868,-0.417493,-0.063479,0.007958,-0.084331,0.442377,0.066406,0.457076,-0.371111,0.905255,0.432589,-0.007987,0.131115,-0.141037,-0.432849,0.567435,0.984492,-0.457544,0.020026,-0.107324
-0.018678,0.025558,0.783343,0.045819,-0.146390,-0.643698,0.749749,-0.798519,0.264754,0.201571,1.701676,-0.033756,-0.261800,0.029991,-0.252101,-0.226895,0.519085,-0.417108,-0.063223,0.007030,-0.083757,0.442368,0.065571,0.457958,-0.371043,0.904992,0.430919,-0.008177,0.132837,-0.140219,-0.429846,0.565645,0.986728,-0.456101,0.020457,-0.107657
-0.018589,0.025933,0.783345,0.045608,-0.146320,-0.643720,0.749756,-0.797313,0.264771,0.201678,1.700660,-0.033868,-0.261800,0.030029,-0.251669,-0.226927,0.518296,-0.416730,-0.062947,0.006148,-0.083211,0.442339,0.064734,0.458800,-0.370891,0.904659,0.428962,-0.008456,0.134508,-0.139370,-0.426834,0.563844,0.989018,-0.454661,0.020857,-0.107906
-0.018534,0.026322,0.783307,0.045399,-0.146250,-0.643759,0.749749,-0.796129,0.264919,0.201905,1.699747,-0.033956,-0.261800,0.030011,-0.251287,-0.226941,0.517597,-0.416352,-0.062726,0.005318,-0.082680,0.442266,0.063891,0.459580,-0.370639,0.904285,0.427971,-0.008534,0.135443,-0.138510,-0.423822,0.562159,0.991418,-0.453794,0.021335,-0.108118
-0.018442,0.026682,0.783296,0.045224,-0.146201,-0.643819,0.749718,-0.794950,0.265229,0.202329,1.698926,-0.034004,-0.261800,0.029884,-0.250997,-0.226920,0.517041,-0.415993,-0.062610,0.004550,-0.082158,0.442128,0.063061,0.460277,-0.370229,0.903836,0.428619,-0.008229,0.135110,-0.137658,-0.420822,0.560566,0.994034,-0.453864,0.021930,-0.108262
-0.018379,0.027026,0.783288,0.045056,-0.146162,-0.643901,0.749665,-0.793772,0.265670,0.202888,1.698197,-0.034032,-0.261800,0.029711,-0.250770,-0.226868,0.516564,-0.415643,-0.062549,0.003829,-0.081641,0.441945,0.062228,0.460885,-0.369684,0.903326,0.430127,-0.007729,0.133994,-0.136777,-0.417828,0.559010,0.996771,-0.454500,0.022585,-0.108324
-0.018297,0.027374,0.783258,0.044887,-0.146141,-0.643984,0.749609,-0.792627,0.266195,0.203464,1.697583,-0.034057,-0.261800,0.029537,-0.250543,-0.226808,0.516138,-0.415295,-0.062463,0.003129,-0.081140,0.441735,0.061358,0.461410,-0.369098,0.902852,0.431592,-0.007300,0.132934,-0.135877,-0.414858,0.557605,0.999504,-0.455175,0.023250,-0.108380
-0.018198,0.027758,0.783220,0.044691,-0.146125,-0.644052,0.749565,-0.791549,0.266762,0.203937,1.697094,-0.034088,-0.261800,0.029412,-0.250291,-0.226756,0.515738,-0.414938,-0.062271,0.002426,-0.080659,0.441527,0.060425,0.461859,-0.368562,0.902490,0.432115,-0.007206,0.132767,-0.134951,-0.411920,0.556480,1.002074,-0.455318,0.023879,-0.108499
-0.018124,0.028127,0.783177,0.044461,-0.146112,-0.644110,0.749531,-0.790550,0.267386,0.204261,1.696767,-0.034121,-0.261800,0.029307,-0.249978,-0.226698,0.515424,-0.414569,-0.061898,0.001734,-0.080174,0.441351,0.059398,0.462228,-0.368082,0.902305,0.431154,-0.007682,0.134048,-0.133917,-0.409003,0.555539,1.004355,-0.454726,0.024496,-0.108724
-0.018033,0.028496,0.783141,0.044204,-0.146101,-0.644165,0.749501,-0.789619,0.268082,0.204505,1.696601,-0.034157,-0.261800,0.029209,-0.249660,-0.226623,0.515203,-0.414200,-0.061402,0.001066,-0.079696,0.441180,0.058292,0.462517,-0.367625,0.902255,0.429293,-0.008537,0.136222,-0.132841,-0.406122,0.554793,1.006503,-0.453677,0.025112,-0.109014
-0.017936,0.028902,0.783122,0.043942,-0.146109,-0.644199,0.749486,-0.788734,0.268801,0.204720,1.696506,-0.034202,-0.261800,0.029172,-0.249328,-0.226578,0.514957,-0.413845,-0.060914,0.000374,-0.079260,0.440977,0.057177,0.462732,-0.367189,0.902198,0.427303,-0.009380,0.138451,-0.131736,-0.403279,0.554321,1.008568,-0.452543,0.025666,-0.109297
-0.017853,0.029257,0.783080,0.043680,-0.146137,-0.644197,0.749498,-0.787890,0.269493,0.204953,1.696422,-0.034275,-0.261800,0.029242,-0.249071,-0.226590,0.514633,-0.413540,-0.060560,-0.000395,-0.078919,0.440695,0.056132,0.462888,-0.366766,0.901999,0.425954,-0.009813,0.139902,-0.130687,-0.400488,0.554257,1.010676,-0.451661,0.026096,-0.109508
-0.017756,0.029589,0.783043,0.043424,-0.146196,-0.644140,0.749549,-0.787074,0.270201,0.205269,1.696392,-0.034411,-0.261800,0.029454,-0.248863,-0.226698,0.514200,-0.413317,-0.060451,-0.001314,-0.078707,0.440313,0.055223,0.462995,-0.366337,0.901579,0.425363,-0.009621,0.140325,-0.129704,-0.397752,0.554701,1.012847,-0.451115,0.026366,-0.109658
-0.017701,0.029963,0.783030,0.043165,-0.146279,-0.644042,0.749633,-0.786292,0.270939,0.205624,1.696421,-0.034588,-0.261800,0.029783,-0.248703,-0.226872,0.513695,-0.413149,-0.060491,-0.002343,-0.078591,0.439867,0.054410,0.463052,-0.365898,0.900999,0.425147,-0.009052,0.140172,-0.128744,-0.395056,0.555573,1.015005,-0.450710,0.026512,-0.109772
-0.017601,0.030360,0.782996,0.042914,-0.146379,-0.643932,0.749722,-0.785576,0.271592,0.205904,1.696426,-0.034745,-0.261800,0.030158,-0.248584,-0.227061,0.513145,-0.412983,-0.060506,-0.003361,-0.078527,0.439379,0.053621,0.463059,-0.365463,0.900351,0.425329,-0.008399,0.139657,-0.127817,-0.392415,0.556716,1.017156,-0.450420,0.026595,-0.109801
-0.017503,0.030722,0.782982,0.042669,-0.146472,-0.643842,0.749795,-0.784954,0.272053,0.205994,1.696323,-0.034829,-0.261800,0.030525,-0.248434,-0.227229,0.512517,-0.412731,-0.060331,-0.004241,-0.078440,0.438891,0.052766,0.463004,-0.365061,0.899712,0.425923,-0.007961,0.138996,-0.126803,-0.389817,0.557879,1.019167,-0.450268,0.026672,-0.109687
-0.017398,0.031120,0.782977,0.042436,-0.146553,-0.643787,0.749840,-0.784465,0.272254,0.205848,1.696093,-0.034825,-0.261800,0.030843,-0.248294,-0.227331,0.511844,-0.412358,-0.059839,-0.004901,-0.078319,0.438398,0.051772,0.462885,-0.364722,0.899134,0.427551,-0.007780,0.137909,-0.125728,-0.387276,0.559032,1.021134,-0.450221,0.026728,-0.109356
-0.017260,0.031536,0.782987,0.042219,-0.146638,-0.643746,0.749871,-0.784085,0.272269,0.205526,1.695791,-0.034769,-0.261800,0.031145,-0.248167,-0.227397,0.511130,-0.411912,-0.059147,-0.005370,-0.078103,0.437970,0.050680,0.462714,-0.364468,0.898458,0.429986,-0.007721,0.136376,-0.124266,-0.385141,0.560096,1.022537,-0.450307,0.026739,-0.108788
-0.017184,0.031890,0.782979,0.041989,-0.146716,-0.643704,0.749905,-0.783752,0.272193,0.205092,1.695400,-0.034651,-0.261800,0.031511,-0.248048,-0.227496,0.510313,-0.411445,-0.058443,-0.005858,-0.077995,0.437423,0.049578,0.462439,-0.364219,0.897939,0.432013,-0.007776,0.135079,-0.123165,-0.382620,0.561478,1.024414,-0.450528,0.026759,-0.108272
-0.017075,0.032294,0.782968,0.041753,-0.146815,-0.643642,0.749951,-0.783410,0.272124,0.204597,1.694919,-0.034476,-0.261800,0.031995,-0.247903,-0.227692,0.509378,-0.411038,-0.057913,-0.006396,-0.077900,0.436900,0.048561,0.462109,-0.363998,0.897359,0.432361,-0.007963,0.134620,-0.122015,-0.380197,0.563072,1.025956,-0.450801,0.026824,-0.107852
-0.016971,0.032669,0.782979,0.041495,-0.146924,-0.643554,0.750020,-0.783087,0.272025,0.204021,1.694369,-0.034178,-0.261800,0.032595,-0.247791,-0.227999,0.508352,-0.410751,-0.057698,-0.007003,-0.077851,0.436442,0.047652,0.461723,-0.363779,0.896663,0.429739,-0.008446,0.135527,-0.120789,-0.377951,0.564901,1.027045,-0.451259,0.026972,-0.107534
-0.016892,0.033063,0.782968,0.041225,-0.147042,-0.643452,0.750099,-0.782797,0.271863,0.203342,1.693748,-0.033781,-0.261800,0.033291,-0.247687,-0.228387,0.507225,-0.410525,-0.057671,-0.007544,-0.077753,0.436138,0.046805,0.461350,-0.363634,0.895713,0.425098,-0.009182,0.137311,-0.119132,-0.376267,0.566752,1.027198,-0.451843,0.027160,-0.107176
-0.016763,0.033472,0.782948,0.040932,-0.147157,-0.643341,0.750188,-0.782479,0.271752,0.202627,1.693014,-0.033413,-0.261800,0.034106,-0.247552,-0.228834,0.505951,-0.410271,-0.057600,-0.008292,-0.077747,0.435599,0.046003,0.460752,-0.363427,0.895094,0.420702,-0.009819,0.139211,-0.118110,-0.373919,0.569137,1.028206,-0.452348,0.027352,-0.107024
-0.016640,0.033841,0.782914,0.040597,-0.147245,-0.643230,0.750283,-0.782090,0.271814,0.201917,1.692161,-0.033210,-0.261800,0.035028,-0.247256,-0.229331,0.504531,-0.409913,-0.057270,-0.008853,-0.077493,0.435178,0.045163,0.460311,-0.363531,0.894242,0.418512,-0.010055,0.140250,-0.116392,-0.372356,0.571303,1.028060,-0.452391,0.027438,-0.106809
-0.016493,0.034221,0.782896,0.040227,-0.147300,-0.643110,0.750396,-0.781605,0.272126,0.201304,1.691145,-0.033244,-0.261800,0.036060,-0.246836,-0.229884,0.502954,-0.409461,-0.056522,-0.009667,-0.077247,0.434385,0.044296,0.459633,-0.363675,0.893852,0.420078,-0.009580,0.140070,-0.115356,-0.370046,0.574103,1.028965,-0.451774,0.027428,-0.106926
-0.016356,0.034561,0.782869,0.039826,-0.147329,-0.642980,0.750523,-0.781063,0.272616,0.200729,1.690000,-0.033434,-0.261800,0.037195,-0.246327,-0.230492,0.501242,-0.408953,-0.055507,-0.010352,-0.076834,0.433654,0.043413,0.459103,-0.364091,0.893248,0.423816,-0.008667,0.139086,-0.113791,-0.368265,0.576820,1.028975,-0.450662,0.027322,-0.107083
-0.016237,0.034912,0.782876,0.039381,-0.147349,-0.642859,0.750647,-0.780467,0.273144,0.200048,1.688755,-0.033668,-0.261800,0.038455,-0.245690,-0.231136,0.499373,-0.408333,-0.054463,-0.011118,-0.076402,0.432786,0.042578,0.458436,-0.364518,0.892891,0.427846,-0.007715,0.138092,-0.112604,-0.366174,0.579817,1.029461,-0.449529,0.027194,-0.107261
-0.016130,0.035261,0.782894,0.038870,-0.147356,-0.642766,0.750751,-0.779835,0.273573,0.199100,1.687472,-0.033844,-0.261800,0.039830,-0.244898,-0.231780,0.497386,-0.407570,-0.053623,-0.011747,-0.075840,0.432031,0.041830,0.457778,-0.365006,0.892516,0.430096,-0.007148,0.137748,-0.111234,-0.364346,0.582542,1.029561,-0.448897,0.027068,-0.107149
-0.016012,0.035552,0.782923,0.038244,-0.147342,-0.642726,0.750820,-0.779140,0.273961,0.197767,1.686177,-0.033971,-0.261800,0.041410,-0.243819,-0.232435,0.495161,-0.406594,-0.053056,-0.012161,-0.075038,0.431484,0.041166,0.457186,-0.365649,0.892065,0.429773,-0.007154,0.138429,-0.109619,-0.362970,0.584925,1.029068,-0.448942,0.026949,-0.106575
-0.015890,0.035865,0.782941,0.037526,-0.147305,-0.642724,0.750865,-0.778376,0.274345,0.196159,1.684840,-0.034094,-0.261800,0.043171,-0.242524,-0.233109,0.492720,-0.405441,-0.052631,-0.012623,-0.074116,0.430795,0.040424,0.456270,-0.366372,0.892156,0.428146,-0.007460,0.139810,-0.108511,-0.361154,0.587490,1.029300,-0.449424,0.026845,-0.105852
-0.015777,0.036161,0.782968,0.036810,-0.147273,-0.642714,0.750916,-0.777605,0.274583,0.194463,1.683402,-0.034152,-0.261800,0.044933,-0.241237,-0.233776,0.490311,-0.404244,-0.052299,-0.012936,-0.073161,0.430258,0.039849,0.455505,-0.367076,0.891948,0.425950,-0.007868,0.141198,-0.106935,-0.359870,0.589751,1.028689,-0.449990,0.026716,-0.104987
-0.015669,0.036453,0.783023,0.036182,-0.147263,-0.642652,0.751001,-0.776875,0.274519,0.192872,1.681812,-0.034097,-0.261800,0.046549,-0.240167,-0.234419,0.488110,-0.403096,-0.052010,-0.013530,-0.072431,0.429371,0.039237,0.454211,-0.367455,0.892373,0.424254,-0.008102,0.142238,-0.105973,-0.358028,0.592498,1.029112,-0.450254,0.026606,-0.104441
-0.015546,0.036757,0.783057,0.035670,-0.147288,-0.642518,0.751136,-0.776171,0.274012,0.191397,1.679956,-0.033867,-0.261800,0.047938,-0.239406,-0.235012,0.486267,-0.402054,-0.051733,-0.014099,-0.071948,0.428556,0.038949,0.453144,-0.367552,0.892321,0.422991,-0.008123,0.142585,-0.104458,-0.356748,0.595181,1.028608,-0.450084,0.026477,-0.104033
-0.015411,0.037041,0.783104,0.035229,-0.147336,-0.642336,0.751303,-0.775481,0.273182,0.189944,1.677901,-0.033506,-0.261800,0.049220,-0.238814,-0.235580,0.484607,-0.401037,-0.051501,-0.015048,-0.071638,0.427428,0.038725,0.451503,-0.367205,0.892834,0.422000,-0.008027,0.142729,-0.103550,-0.355040,0.598504,1.028993,-0.449633,0.026376,-0.103868
-0.015272,0.037297,0.783158,0.034823,-0.147386,-0.642139,0.751480,-0.774839,0.272247,0.188565,1.675846,-0.033117,-0.261800,0.050411,-0.238312,-0.236149,0.483058,-0.400042,-0.051357,-0.015887,-0.071398,0.426347,0.038623,0.449933,-0.366781,0.893181,0.421011,-0.007916,0.142606,-0.102381,-0.353586,0.601498,1.028974,-0.449177,0.026245,-0.103722
-0.015130,0.037581,0.783196,0.034423,-0.147416,-0.641956,0.751649,-0.774293,0.271437,0.187305,1.673990,-0.032789,-0.261800,0.051543,-0.237809,-0.236751,0.481521,-0.399065,-0.051346,-0.016795,-0.071129,0.425135,0.038447,0.447942,-0.366188,0.893931,0.420177,-0.007850,0.142421,-0.101571,-0.351888,0.604339,1.029529,-0.448838,0.026090,-0.103646
-0.014980,0.037838,0.783242,0.034024,-0.147424,-0.641782,0.751814,-0.773839,0.270775,0.186201,1.672358,-0.032544,-0.261800,0.052633,-0.237281,-0.237429,0.479963,-0.398119,-0.051547,-0.017439,-0.070880,0.424027,0.038363,0.446087,-0.365545,0.894449,0.419139,-0.007905,0.141961,-0.100485,-0.350438,0.606546,1.029731,-0.448612,0.025777,-0.103582
-0.014855,0.038100,0.783306,0.033640,-0.147421,-0.641604,0.751984,-0.773462,0.270150,0.185217,1.670850,-0.032330,-0.261800,0.053660,-0.236803,-0.238152,0.478451,-0.397215,-0.051913,-0.018090,-0.070648,0.422823,0.038242,0.443922,-0.364706,0.895247,0.418118,-0.008013,0.141315,-0.099574,-0.348875,0.608581,1.030268,-0.448416,0.025372,-0.103621
-0.014733,0.038386,0.783366,0.033270,-0.147404,-0.641448,0.752136,-0.773174,0.269589,0.184312,1.669486,-0.032146,-0.261800,0.054594,-0.236312,-0.238856,0.476995,-0.396298,-0.052303,-0.018702,-0.070387,0.421594,0.038091,0.441622,-0.363935,0.896176,0.417334,-0.008084,0.140653,-0.098702,-0.347301,0.610226,1.030835,-0.448435,0.025071,-0.103608
-0.014619,0.038676,0.783449,0.032905,-0.147363,-0.641340,0.752253,-0.773003,0.269107,0.183431,1.668306,-0.031998,-0.261800,0.055403,-0.235777,-0.239473,0.475629,-0.395327,-0.052578,-0.019269,-0.070046,0.420408,0.037944,0.439346,-0.363438,0.897085,0.417022,-0.008033,0.140142,-0.097764,-0.345771,0.611315,1.031152,-0.448847,0.025076,-0.103393
-0.014506,0.038950,0.783516,0.032536,-0.147270,-0.641289,0.752331,-0.773026,0.268757,0.182529,1.667351,-0.031898,-0.261800,0.056045,-0.235153,-0.240042,0.474344,-0.394229,-0.052722,-0.019776,-0.069609,0.419346,0.037959,0.437347,-0.363241,0.897669,0.417473,-0.007759,0.139679,-0.096557,-0.344406,0.611519,1.030801,-0.450074,0.025563,-0.102828
-0.014419,0.039221,0.783597,0.032166,-0.147135,-0.641280,0.752381,-0.773207,0.268510,0.181640,1.666590,-0.031838,-0.261800,0.056565,-0.234463,-0.240587,0.473091,-0.393022,-0.052803,-0.020277,-0.069051,0.418201,0.037795,0.435104,-0.363305,0.898617,0.418589,-0.007313,0.139317,-0.095480,-0.342843,0.611114,1.030625,-0.451939,0.026397,-0.102095
-0.014305,0.039474,0.783658,0.031819,-0.147018,-0.641303,0.752399,-0.773393,0.268276,0.180861,1.665949,-0.031797,-0.261800,0.056994,-0.233813,-0.240991,0.471986,-0.391897,-0.052807,-0.020631,-0.068652,0.417334,0.038186,0.433543,-0.363411,0.898608,0.419491,-0.006940,0.138978,-0.094042,-0.341745,0.610413,1.029540,-0.453529,0.027241,-0.101234
-0.014165,0.039735,0.783705,0.031504,-0.146972,-0.641350,0.752381,-0.773413,0.267968,0.180282,1.665337,-0.031751,-0.261800,0.057409,-0.233289,-0.241145,0.471046,-0.390984,-0.052720,-0.020887,-0.068262,0.416256,0.038014,0.431305,-0.363885,0.899577,0.419885,-0.006760,0.139170,-0.093190,-0.340209,0.610097,1.029585,-0.454185,0.027829,-0.100638
-0.014054,0.039977,0.783720,0.031251,-0.147028,-0.641418,0.752322,-0.773233,0.267518,0.179966,1.664747,-0.031701,-0.261800,0.057805,-0.232968,-0.240957,0.470307,-0.390386,-0.052458,-0.021039,-0.068113,0.415224,0.037978,0.429127,-0.364503,0.900373,0.419314,-0.006958,0.139954,-0.092496,-0.338754,0.610266,1.029729,-0.453166,0.028040,-0.100206
-0.013927,0.040239,0.783695,0.031033,-0.147138,-0.641514,0.752228,-0.772935,0.266986,0.179855,1.664218,-0.031656,-0.261800,0.058163,-0.232795,-0.240504,0.469728,-0.389997,-0.052055,-0.021015,-0.068277,0.414540,0.038668,0.427804,-0.365099,0.899909,0.417959,-0.007440,0.140966,-0.091430,-0.337910,0.610494,1.028836,-0.450972,0.028018,-0.099728
-0.013816,0.040502,0.783630,0.030812,-0.147275,-0.641638,0.752104,-0.772556,0.266472,0.179840,1.663741,-0.031601,-0.261800,0.058477,-0.232652,-0.239936,0.469319,-0.389702,-0.051673,-0.020994,-0.068311,0.413632,0.038801,0.425695,-0.365933,0.900527,0.416589,-0.007908,0.142173,-0.090949,-0.336633,0.610969,1.029101,-0.448755,0.027924,-0.099487
-0.013657,0.040745,0.783577,0.030555,-0.147409,-0.641793,0.751956,-0.772133,0.266077,0.179834,1.663305,-0.031519,-0.261800,0.058744,-0.232471,-0.239391,0.469087,-0.389383,-0.051471,-0.020967,-0.068312,0.412910,0.039245,0.423803,-0.366561,0.900805,0.415342,-0.008200,0.142849,-0.090574,-0.335542,0.611526,1.029372,-0.447384,0.027834,-0.099377
-0.013518,0.040973,0.783591,0.030243,-0.147532,-0.641983,0.751783,-0.771645,0.265827,0.179837,1.662908,-0.031398,-0.261800,0.058921,-0.232239,-0.238896,0.469172,-0.389072,-0.051576,-0.021021,-0.068146,0.412218,0.039641,0.421566,-0.366962,0.901443,0.414316,-0.008228,0.142964,-0.090579,-0.334301,0.612117,1.030313,-0.447299,0.027746,-0.099505
-0.013398,0.041207,0.783630,0.029902,-0.147666,-0.642205,0.751581,-0.771078,0.265672,0.179898,1.662542,-0.031247,-0.261800,0.059043,-0.232018,-0.238380,0.469485,-0.388786,-0.051870,-0.021075,-0.067954,0.411664,0.040244,0.419390,-0.367187,0.901922,0.413252,-0.008125,0.142679,-0.090741,-0.333138,0.612731,1.031422,-0.447910,0.027606,-0.099788
-0.013251,0.041464,0.783675,0.029549,-0.147806,-0.642453,0.751355,-0.770501,0.265576,0.179957,1.662242,-0.031089,-0.261800,0.059146,-0.231767,-0.237835,0.469860,-0.388491,-0.052162,-0.021095,-0.067734,0.411162,0.040930,0.417253,-0.367439,0.902401,0.412381,-0.007936,0.142198,-0.091127,-0.332051,0.613650,1.032760,-0.448750,0.027491,-0.100191
-0.013141,0.041723,0.783742,0.029192,-0.147938,-0.642723,0.751112,-0.769960,0.265505,0.179973,1.662005,-0.030934,-0.261800,0.059347,-0.231484,-0.237267,0.469977,-0.388066,-0.052248,-0.020804,-0.067689,0.410985,0.042206,0.416160,-0.367881,0.901754,0.411668,-0.007748,0.141474,-0.091202,-0.331543,0.614781,1.033199,-0.449367,0.027434,-0.100536
-0.013022,0.041993,0.783755,0.028829,-0.148055,-0.643025,0.750844,-0.769478,0.265483,0.179914,1.661835,-0.030779,-0.261800,0.059708,-0.231076,-0.236712,0.469637,-0.387389,-0.052037,-0.020796,-0.067327,0.410276,0.042679,0.413727,-0.368578,0.902903,0.412210,-0.007344,0.140971,-0.092451,-0.330506,0.617409,1.035591,-0.449511,0.027563,-0.101180
-0.012880,0.042247,0.783745,0.028459,-0.148167,-0.643359,0.750550,-0.769018,0.265516,0.179822,1.661721,-0.030616,-0.261800,0.060146,-0.230630,-0.236144,0.469086,-0.386573,-0.051645,-0.020593,-0.066947,0.409653,0.043244,0.411556,-0.369501,0.903870,0.413327,-0.006805,0.140255,-0.093815,-0.329682,0.620514,1.038010,-0.449540,0.027761,-0.101906
-0.012754,0.042472,0.783746,0.028088,-0.148287,-0.643701,0.750248,-0.768585,0.265555,0.179696,1.661697,-0.030474,-0.261800,0.060599,-0.230174,-0.235522,0.468530,-0.385783,-0.051205,-0.020281,-0.066668,0.409195,0.044069,0.409854,-0.370541,0.904430,0.414094,-0.006407,0.139554,-0.095079,-0.329107,0.623578,1.040004,-0.449681,0.027996,-0.102605
-0.012657,0.042695,0.783750,0.027713,-0.148419,-0.644029,0.749954,-0.768195,0.265571,0.179521,1.661802,-0.030385,-0.261800,0.061046,-0.229728,-0.234816,0.468088,-0.385132,-0.050854,-0.020248,-0.066359,0.408604,0.044617,0.407639,-0.371571,0.905794,0.413907,-0.006384,0.139370,-0.096662,-0.328381,0.626525,1.042344,-0.450117,0.028278,-0.103301
-0.012559,0.042945,0.783730,0.027336,-0.148587,-0.644324,0.749681,-0.767847,0.265500,0.179225,1.662088,-0.030372,-0.261800,0.061522,-0.229269,-0.233994,0.467812,-0.384714,-0.050597,-0.020262,-0.066141,0.408146,0.045126,0.405585,-0.372774,0.907340,0.411722,-0.007059,0.139949,-0.098159,-0.327689,0.628921,1.044358,-0.451168,0.028587,-0.103980
-0.012469,0.043156,0.783704,0.026948,-0.148775,-0.644605,0.749416,-0.767538,0.265381,0.178836,1.662511,-0.030406,-0.261800,0.062053,-0.228808,-0.233083,0.467574,-0.384415,-0.050369,-0.020283,-0.066042,0.407828,0.045761,0.403852,-0.374113,0.908804,0.408161,-0.008222,0.140998,-0.099638,-0.327086,0.631057,1.046097,-0.452611,0.028932,-0.104659
-0.012358,0.043388,0.783680,0.026581,-0.148968,-0.644896,0.749141,-0.767261,0.265304,0.178507,1.662997,-0.030467,-0.261800,0.062451,-0.228424,-0.232115,0.467563,-0.384219,-0.050207,-0.020331,-0.065976,0.407406,0.046259,0.401944,-0.375510,0.910612,0.404774,-0.009332,0.141935,-0.101216,-0.326395,0.632879,1.047885,-0.454105,0.029293,-0.105227
-0.012236,0.043613,0.783662,0.026283,-0.149172,-0.645218,0.748833,-0.767010,0.265361,0.178397,1.663461,-0.030535,-0.261800,0.062552,-0.228220,-0.231126,0.467923,-0.384093,-0.050141,-0.020241,-0.066018,0.406889,0.046830,0.400135,-0.376892,0.912241,0.402897,-0.009865,0.142007,-0.102653,-0.325740,0.634141,1.049293,-0.455244,0.029632,-0.105499
-0.012115,0.043839,0.783655,0.026069,-0.149371,-0.645584,0.748485,-0.766792,0.265657,0.178638,1.663898,-0.030620,-0.261800,0.062241,-0.228225,-0.230165,0.468739,-0.384035,-0.050231,-0.019980,-0.066220,0.406202,0.047531,0.398449,-0.378205,0.913601,0.403003,-0.009544,0.140803,-0.103894,-0.325154,0.634723,1.050234,-0.456016,0.029972,-0.105294
-0.011963,0.044052,0.783653,0.025907,-0.149560,-0.645980,0.748111,-0.766600,0.266119,0.179122,1.664340,-0.030723,-0.261800,0.061641,-0.228382,-0.229201,0.469903,-0.384056,-0.050442,-0.019605,-0.066530,0.405386,0.048253,0.396795,-0.379521,0.914913,0.404330,-0.008700,0.138784,-0.105037,-0.324611,0.634777,1.050868,-0.456559,0.030319,-0.104747
-0.011849,0.044334,0.783626,0.025783,-0.149781,-0.646393,0.747715,-0.766441,0.266552,0.179625,1.664791,-0.030827,-0.261800,0.060885,-0.228659,-0.228141,0.471345,-0.384161,-0.050670,-0.019243,-0.067119,0.404823,0.049754,0.395994,-0.380515,0.915025,0.406259,-0.007742,0.136325,-0.105939,-0.324369,0.634493,1.050568,-0.456794,0.030596,-0.104088
-0.011719,0.044566,0.783581,0.025629,-0.150025,-0.646814,0.747306,-0.766311,0.266774,0.179915,1.665254,-0.030919,-0.261800,0.060195,-0.228900,-0.226925,0.472796,-0.384251,-0.050817,-0.018690,-0.067308,0.404078,0.050099,0.394192,-0.382231,0.916768,0.408535,-0.006949,0.134505,-0.106941,-0.323890,0.633730,1.050845,-0.456873,0.030780,-0.103778
-0.011611,0.044842,0.783539,0.025450,-0.150300,-0.647251,0.746879,-0.766239,0.266705,0.179902,1.665750,-0.030983,-0.261800,0.059503,-0.229105,-0.225441,0.474410,-0.384366,-0.050899,-0.018239,-0.067547,0.403616,0.050858,0.392769,-0.383815,0.918005,0.411760,-0.006388,0.132905,-0.107908,-0.323592,0.632777,1.050620,-0.456537,0.030898,-0.103860
-0.011491,0.045078,0.783491,0.025264,-0.150597,-0.647705,0.746432,-0.766220,0.266456,0.179714,1.666281,-0.031040,-0.261800,0.058761,-0.229316,-0.223762,0.476192,-0.384502,-0.050954,-0.017792,-0.067831,0.403325,0.051857,0.391626,-0.385394,0.918914,0.415882,-0.005888,0.131312,-0.108795,-0.323413,0.631512,1.049954,-0.455851,0.030963,-0.104157
-0.011341,0.045363,0.783439,0.025070,-0.150925,-0.648158,0.745979,-0.766190,0.266110,0.179477,1.666781,-0.031091,-0.261800,0.058087,-0.229556,-0.222067,0.477937,-0.384649,-0.050916,-0.017154,-0.067870,0.402972,0.052108,0.389960,-0.387414,0.920683,0.419370,-0.005548,0.130216,-0.109565,-0.323275,0.629783,1.049333,-0.455092,0.030856,-0.104494
-0.011202,0.045641,0.783416,0.024864,-0.151286,-0.648591,0.745536,-0.766091,0.265741,0.179335,1.667195,-0.031149,-0.261800,0.057574,-0.229918,-0.220519,0.479511,-0.384831,-0.050711,-0.016818,-0.068109,0.402767,0.052892,0.388734,-0.388819,0.921621,0.420590,-0.005567,0.129618,-0.110457,-0.323276,0.628377,1.048455,-0.454202,0.030449,-0.104619
-0.011047,0.045972,0.783356,0.024641,-0.151716,-0.648984,0.745114,-0.765876,0.265296,0.179262,1.667518,-0.031248,-0.261800,0.057365,-0.230364,-0.219245,0.480743,-0.385030,-0.050311,-0.016612,-0.068324,0.402624,0.053424,0.387327,-0.390025,0.922650,0.418063,-0.006122,0.130101,-0.111330,-0.323411,0.626892,1.047471,-0.453180,0.029535,-0.104417
-0.010856,0.046289,0.783296,0.024388,-0.152185,-0.649355,0.744704,-0.765591,0.264753,0.179213,1.667780,-0.031371,-0.261800,0.057357,-0.230903,-0.218121,0.481791,-0.385263,-0.049754,-0.016672,-0.068707,0.402643,0.054334,0.386237,-0.390739,0.923052,0.412962,-0.007112,0.131272,-0.112307,-0.323618,0.625535,1.046247,-0.451905,0.028239,-0.104023
-0.010642,0.046572,0.783264,0.024151,-0.152665,-0.649732,0.744284,-0.765300,0.264259,0.179259,1.667968,-0.031457,-0.261800,0.057351,-0.231494,-0.216986,0.482784,-0.385490,-0.049081,-0.016649,-0.068931,0.402596,0.054916,0.384927,-0.391571,0.923761,0.407847,-0.008121,0.132533,-0.113220,-0.324024,0.624179,1.044981,-0.450750,0.026940,-0.103623
-0.010425,0.046902,0.783205,0.023960,-0.153107,-0.650148,0.743836,-0.765069,0.263950,0.179483,1.668071,-0.031436,-0.261800,0.057127,-0.232106,-0.215672,0.483877,-0.385681,-0.048333,-0.016462,-0.068965,0.402388,0.055316,0.383526,-0.392601,0.924668,0.405196,-0.008756,0.133123,-0.114120,-0.324688,0.623125,1.043756,-0.449912,0.026016,-0.103410
-0.010211,0.047256,0.783158,0.023836,-0.153511,-0.650616,0.743347,-0.764915,0.263910,0.179974,1.668120,-0.031286,-0.261800,0.056576,-0.232780,-0.214072,0.485222,-0.385881,-0.047528,-0.016124,-0.069132,0.402082,0.056188,0.382725,-0.393612,0.924979,0.405842,-0.008904,0.132645,-0.115282,-0.325211,0.622586,1.042789,-0.449570,0.025608,-0.103624
-0.009960,0.047587,0.783152,0.023739,-0.153880,-0.651120,0.742832,-0.764807,0.264056,0.180662,1.668112,-0.031043,-0.261800,0.055856,-0.233473,-0.212309,0.486639,-0.386053,-0.046644,-0.015584,-0.069207,0.401663,0.056967,0.381981,-0.394831,0.925346,0.408421,-0.008762,0.131634,-0.116485,-0.325835,0.622244,1.041921,-0.449584,0.025502,-0.104092
-0.009727,0.047930,0.783155,0.023675,-0.154235,-0.651639,0.742306,-0.764717,0.264246,0.181410,1.667967,-0.030736,-0.261800,0.055056,-0.234180,-0.210513,0.488021,-0.386187,-0.045646,-0.014850,-0.068880,0.401115,0.057107,0.380790,-0.396389,0.926326,0.411964,-0.008454,0.130448,-0.117276,-0.327119,0.621884,1.040634,-0.449662,0.025529,-0.104400
-0.009474,0.048283,0.783176,0.023631,-0.154577,-0.652150,0.741787,-0.764604,0.264319,0.182119,1.667594,-0.030380,-0.261800,0.054286,-0.234951,-0.208800,0.489230,-0.386251,-0.044496,-0.014320,-0.068717,0.400465,0.057729,0.380161,-0.397474,0.926611,0.415366,-0.008123,0.129116,-0.118522,-0.328030,0.621906,1.039957,-0.449601,0.025492,-0.104350
-0.009201,0.048635,0.783214,0.023610,-0.154904,-0.652651,0.741278,-0.764453,0.264292,0.182833,1.666945,-0.029948,-0.261800,0.053506,-0.235775,-0.207234,0.490322,-0.386222,-0.043159,-0.013820,-0.068266,0.399723,0.058076,0.379423,-0.398559,0.926926,0.418741,-0.007676,0.127551,-0.119545,-0.329455,0.621999,1.039031,-0.449266,0.025398,-0.103569
-0.008934,0.048992,0.783291,0.023612,-0.155212,-0.653153,0.740772,-0.764284,0.264229,0.183586,1.666078,-0.029447,-0.261800,0.052681,-0.236650,-0.205737,0.491342,-0.386128,-0.041663,-0.013347,-0.067599,0.398934,0.058325,0.378699,-0.399558,0.927092,0.422535,-0.007099,0.125673,-0.120356,-0.331390,0.622226,1.037760,-0.448792,0.025328,-0.102281
-0.008623,0.049390,0.783361,0.023630,-0.155505,-0.653658,0.740264,-0.764126,0.264060,0.184229,1.665053,-0.028935,-0.261800,0.051934,-0.237509,-0.204247,0.492087,-0.385972,-0.040074,-0.012881,-0.066898,0.398047,0.058651,0.378206,-0.400396,0.927067,0.426217,-0.006583,0.124007,-0.121197,-0.333416,0.622608,1.036610,-0.448298,0.025220,-0.100949
-0.008363,0.049731,0.783329,0.023661,-0.155789,-0.654167,0.739754,-0.764011,0.263721,0.184607,1.663947,-0.028482,-0.261800,0.051390,-0.238295,-0.202700,0.492352,-0.385758,-0.038461,-0.012373,-0.066192,0.397050,0.059030,0.377954,-0.401078,0.926981,0.429276,-0.006318,0.123105,-0.122010,-0.335519,0.623105,1.035575,-0.447831,0.025021,-0.099970
-0.008007,0.050065,0.783378,0.023706,-0.156057,-0.654696,0.739227,-0.763938,0.263131,0.184693,1.662757,-0.028111,-0.261800,0.051156,-0.238972,-0.201044,0.491880,-0.385485,-0.036741,-0.011766,-0.065514,0.395899,0.059517,0.377947,-0.401660,0.926797,0.431500,-0.006405,0.123369,-0.122797,-0.337707,0.623745,1.034700,-0.447317,0.024606,-0.099426
-0.007729,0.050396,0.783417,0.023776,-0.156320,-0.655237,0.738691,-0.763898,0.262343,0.184561,1.661452,-0.027783,-0.261800,0.051127,-0.239592,-0.199318,0.490883,-0.385166,-0.034914,-0.011093,-0.064828,0.394619,0.060083,0.378178,-0.402148,0.926478,0.433165,-0.006720,0.124422,-0.123552,-0.339974,0.624527,1.033933,-0.446752,0.024040,-0.099109
-0.007438,0.050733,0.783442,0.023833,-0.156555,-0.655768,0.738167,-0.763889,0.261503,0.184223,1.660052,-0.027478,-0.261800,0.051167,-0.240128,-0.197630,0.489686,-0.384740,-0.033176,-0.010455,-0.064108,0.393280,0.060666,0.378654,-0.402376,0.926118,0.434583,-0.007115,0.125646,-0.124306,-0.342315,0.625358,1.033273,-0.446363,0.023553,-0.098998
-0.007148,0.051083,0.783505,0.023857,-0.156757,-0.656263,0.737683,-0.763929,0.260759,0.183684,1.658598,-0.027187,-0.261800,0.051145,-0.240543,-0.196093,0.488606,-0.384140,-0.031726,-0.009961,-0.063324,0.391946,0.061187,0.379395,-0.402195,0.925826,0.436034,-0.007437,0.126420,-0.125119,-0.344728,0.626187,1.032744,-0.446339,0.023375,-0.099076
-0.006877,0.051395,0.783593,0.023819,-0.156892,-0.656732,0.737239,-0.764047,0.260143,0.182885,1.657072,-0.026889,-0.261800,0.051027,-0.240777,-0.194725,0.487648,-0.383269,-0.030603,-0.009640,-0.062412,0.390612,0.061636,0.380426,-0.401599,0.925615,0.437740,-0.007624,0.126498,-0.126057,-0.347212,0.627276,1.032398,-0.446796,0.023708,-0.099429
-0.006590,0.051779,0.783762,0.023755,-0.156985,-0.657179,0.736822,-0.764228,0.259579,0.181844,1.655464,-0.026598,-0.261800,0.050872,-0.240854,-0.193474,0.486682,-0.382194,-0.029707,-0.009449,-0.061427,0.389245,0.062082,0.381752,-0.400633,0.925408,0.439495,-0.007765,0.126235,-0.127108,-0.349773,0.628586,1.032250,-0.447610,0.024380,-0.100040
-0.006333,0.052139,0.783929,0.023666,-0.157068,-0.657588,0.736443,-0.764409,0.259045,0.180683,1.653815,-0.026339,-0.261800,0.050726,-0.240878,-0.192339,0.485765,-0.381062,-0.029025,-0.009360,-0.060465,0.387914,0.062570,0.383356,-0.399244,0.925126,0.440969,-0.007945,0.125901,-0.128078,-0.352371,0.629538,1.032070,-0.448621,0.025072,-0.100718
-0.006084,0.052485,0.784066,0.023562,-0.157173,-0.657936,0.736112,-0.764548,0.258529,0.179523,1.652176,-0.026144,-0.261800,0.050608,-0.240959,-0.191316,0.484997,-0.380047,-0.028547,-0.009333,-0.059634,0.386667,0.063128,0.385214,-0.397396,0.924726,0.441827,-0.008244,0.125772,-0.128808,-0.354963,0.629544,1.031706,-0.449673,0.025463,-0.101282
-0.005856,0.052868,0.784171,0.023426,-0.157302,-0.658229,0.735827,-0.764548,0.258068,0.178408,1.650509,-0.026060,-0.261800,0.050577,-0.241079,-0.190412,0.484309,-0.379121,-0.028322,-0.009330,-0.058922,0.385528,0.063821,0.387279,-0.394910,0.924142,0.441674,-0.008767,0.125966,-0.129227,-0.357516,0.628328,1.031137,-0.451023,0.025481,-0.101734
-0.005630,0.053279,0.784242,0.023271,-0.157452,-0.658471,0.735583,-0.764467,0.257659,0.177270,1.648807,-0.026056,-0.261800,0.050596,-0.241232,-0.189616,0.483711,-0.378236,-0.028335,-0.009367,-0.058280,0.384451,0.064576,0.389548,-0.391887,0.923474,0.440791,-0.009442,0.126329,-0.129463,-0.360034,0.626253,1.030509,-0.452627,0.025291,-0.102163
-0.005445,0.053672,0.784311,0.023106,-0.157602,-0.658656,0.735391,-0.764461,0.257205,0.176063,1.647154,-0.026050,-0.261800,0.050587,-0.241403,-0.188949,0.483277,-0.377448,-0.028490,-0.009495,-0.057762,0.383393,0.065230,0.392082,-0.388716,0.922902,0.439846,-0.010077,0.126726,-0.129523,-0.362521,0.623548,1.029825,-0.454070,0.024931,-0.102506
-0.005313,0.054024,0.784287,0.022968,-0.157756,-0.658773,0.735258,-0.764669,0.256610,0.174741,1.645617,-0.025951,-0.261800,0.050497,-0.241587,-0.188431,0.483054,-0.376806,-0.028686,-0.009736,-0.057415,0.382331,0.065626,0.394984,-0.385804,0.922562,0.439516,-0.010482,0.127010,-0.129387,-0.364972,0.620426,1.029020,-0.454902,0.024437,-0.102694
-0.005154,0.054401,0.784300,0.022873,-0.157902,-0.658811,0.735195,-0.765159,0.255810,0.173303,1.644191,-0.025729,-0.261800,0.050272,-0.241861,-0.188043,0.483081,-0.376349,-0.028893,-0.010120,-0.057331,0.381199,0.065747,0.398366,-0.383339,0.922453,0.440204,-0.010520,0.127116,-0.129049,-0.367395,0.616810,1.028102,-0.454860,0.023629,-0.102636
-0.005034,0.054764,0.784268,0.022826,-0.158065,-0.658777,0.735192,-0.765840,0.254866,0.171773,1.642840,-0.025433,-0.261800,0.049966,-0.242191,-0.187785,0.483300,-0.376031,-0.029167,-0.010598,-0.057474,0.380059,0.065720,0.402247,-0.381089,0.922398,0.441450,-0.010323,0.127109,-0.128452,-0.369776,0.612573,1.026999,-0.454240,0.022546,-0.102384
-0.004921,0.055110,0.784260,0.022736,-0.158211,-0.658693,0.735238,-0.766639,0.253881,0.170137,1.641619,-0.025095,-0.261800,0.049630,-0.242496,-0.187686,0.483738,-0.375833,-0.029530,-0.011105,-0.057744,0.379032,0.065612,0.406564,-0.378820,0.922345,0.442618,-0.010105,0.127053,-0.127673,-0.372114,0.607967,1.025770,-0.453419,0.021555,-0.102107
-0.004823,0.055477,0.784246,0.022582,-0.158365,-0.658576,0.735315,-0.767484,0.252943,0.168383,1.640581,-0.024754,-0.261800,0.049307,-0.242694,-0.187777,0.484440,-0.375748,-0.030007,-0.011600,-0.058025,0.378226,0.065437,0.411205,-0.376310,0.922310,0.443059,-0.010077,0.127027,-0.126807,-0.374414,0.603262,1.024498,-0.452770,0.021022,-0.101973
-0.004755,0.055802,0.784182,0.022339,-0.158503,-0.658438,0.735417,-0.768450,0.251979,0.166366,1.639769,-0.024359,-0.261800,0.048908,-0.242769,-0.188053,0.485550,-0.375820,-0.030657,-0.012084,-0.058268,0.377651,0.065113,0.416089,-0.373447,0.922414,0.442203,-0.010351,0.127155,-0.125869,-0.376663,0.598435,1.023156,-0.452338,0.021238,-0.102046
-0.004671,0.056189,0.784110,0.022037,-0.158631,-0.658267,0.735551,-0.769551,0.250970,0.164134,1.639152,-0.023909,-0.261800,0.048448,-0.242764,-0.188504,0.486994,-0.376040,-0.031451,-0.012604,-0.058522,0.377232,0.064615,0.421206,-0.370359,0.922714,0.440547,-0.010796,0.127378,-0.124851,-0.378859,0.593409,1.021780,-0.451946,0.021944,-0.102234
-0.004679,0.056580,0.784022,0.021665,-0.158763,-0.658047,0.735730,-0.770594,0.250110,0.161977,1.638639,-0.023512,-0.261800,0.048135,-0.242672,-0.189145,0.488467,-0.376291,-0.032278,-0.013178,-0.058795,0.376965,0.064081,0.426532,-0.367148,0.923067,0.439086,-0.011249,0.127496,-0.123761,-0.381016,0.588357,1.020483,-0.451608,0.022686,-0.102470
-0.004708,0.056942,0.783922,0.021230,-0.158932,-0.657760,0.735963,-0.771391,0.249603,0.160187,1.638144,-0.023276,-0.261800,0.048165,-0.242530,-0.189977,0.489708,-0.376484,-0.033021,-0.013831,-0.059097,0.376845,0.063650,0.432040,-0.363913,0.923336,0.438810,-0.011549,0.127304,-0.122625,-0.383159,0.583495,1.019373,-0.451305,0.023009,-0.102680
-0.004689,0.057339,0.783803,0.020696,-0.159117,-0.657392,0.736267,-0.771857,0.249552,0.158871,1.637646,-0.023279,-0.261800,0.048610,-0.242301,-0.191043,0.490640,-0.376549,-0.033705,-0.014622,-0.059401,0.376909,0.063396,0.437701,-0.360604,0.923461,0.440588,-0.011625,0.126585,-0.121399,-0.385302,0.578688,1.018408,-0.451007,0.022693,-0.102926
-0.004700,0.057707,0.783680,0.020080,-0.159318,-0.656953,0.736632,-0.772100,0.249835,0.157867,1.637187,-0.023452,-0.261800,0.049357,-0.241995,-0.192321,0.491408,-0.376552,-0.034370,-0.015517,-0.059698,0.377146,0.063222,0.443505,-0.357189,0.923547,0.443707,-0.011574,0.125505,-0.120082,-0.387450,0.573903,1.017536,-0.450705,0.022015,-0.103215
-0.004729,0.058068,0.783526,0.019414,-0.159546,-0.656473,0.737029,-0.772246,0.250306,0.157046,1.636792,-0.023661,-0.261800,0.050347,-0.241645,-0.193745,0.492031,-0.376574,-0.034933,-0.016428,-0.060037,0.377472,0.062990,0.449459,-0.353809,0.923714,0.446758,-0.011487,0.124451,-0.118744,-0.389619,0.569421,1.016872,-0.450535,0.021262,-0.103402
-0.004808,0.058408,0.783384,0.018728,-0.159810,-0.655980,0.737428,-0.772406,0.250831,0.156283,1.636476,-0.023769,-0.261800,0.051540,-0.241248,-0.195253,0.492473,-0.376673,-0.035311,-0.017269,-0.060462,0.377810,0.062578,0.455576,-0.350593,0.924062,0.448325,-0.011451,0.123806,-0.117461,-0.391820,0.565552,1.016519,-0.450600,0.020723,-0.103338
-0.004878,0.058722,0.783220,0.017982,-0.160109,-0.655476,0.737830,-0.772588,0.251422,0.155493,1.636310,-0.023757,-0.261800,0.053082,-0.240714,-0.196897,0.492593,-0.376889,-0.035417,-0.018060,-0.060964,0.378166,0.061893,0.461906,-0.347667,0.924692,0.447483,-0.011548,0.123800,-0.116286,-0.394076,0.562563,1.016587,-0.451049,0.020415,-0.102889
-0.004925,0.059054,0.783087,0.017177,-0.160439,-0.654947,0.738247,-0.772741,0.252142,0.154759,1.636263,-0.023689,-0.261800,0.054946,-0.240113,-0.198674,0.492452,-0.377181,-0.035312,-0.018835,-0.061533,0.378580,0.061058,0.468452,-0.344916,0.925476,0.445174,-0.011715,0.124176,-0.115176,-0.396387,0.560247,1.016975,-0.451764,0.020199,-0.102164
-0.004987,0.059368,0.782937,0.016389,-0.160791,-0.654402,0.738672,-0.772883,0.252902,0.154211,1.636208,-0.023581,-0.261800,0.056823,-0.239534,-0.200489,0.492313,-0.377490,-0.035154,-0.019533,-0.062216,0.379013,0.060205,0.475142,-0.342139,0.926253,0.442770,-0.011807,0.124603,-0.114075,-0.398736,0.558180,1.017517,-0.452492,0.020143,-0.101387
-0.005092,0.059634,0.782795,0.015673,-0.161134,-0.653855,0.739097,-0.773034,0.253609,0.153981,1.636014,-0.023439,-0.261800,0.058387,-0.239133,-0.202221,0.492496,-0.377781,-0.035097,-0.020090,-0.063051,0.379408,0.059430,0.481855,-0.339148,0.926927,0.441648,-0.011674,0.124759,-0.112966,-0.401102,0.555974,1.018090,-0.452941,0.020311,-0.100783
-0.005203,0.059974,0.782676,0.015060,-0.161492,-0.653308,0.739515,-0.773145,0.254326,0.154192,1.635667,-0.023260,-0.261800,0.059565,-0.238997,-0.203861,0.493117,-0.378052,-0.035167,-0.020454,-0.064045,0.379777,0.058661,0.488485,-0.335987,0.927678,0.442485,-0.011112,0.124591,-0.111825,-0.403462,0.553647,1.018769,-0.452989,0.020869,-0.100519
-0.005339,0.060322,0.782567,0.014508,-0.161863,-0.652758,0.739931,-0.773218,0.255069,0.154746,1.635222,-0.023040,-0.261800,0.060515,-0.239003,-0.205470,0.494003,-0.378319,-0.035290,-0.020679,-0.065146,0.380113,0.057778,0.495018,-0.332765,0.928635,0.444455,-0.010251,0.124282,-0.110691,-0.405823,0.551371,1.019642,-0.452816,0.021737,-0.100444
-0.005456,0.060646,0.782469,0.014010,-0.162227,-0.652195,0.740357,-0.773374,0.255703,0.155431,1.634694,-0.022800,-0.261800,0.061321,-0.239100,-0.207023,0.494980,-0.378560,-0.035457,-0.020848,-0.066307,0.380346,0.056888,0.501490,-0.329336,0.929550,0.446724,-0.009443,0.123870,-0.109621,-0.408211,0.548986,1.020601,-0.452573,0.022604,-0.100312
-0.005592,0.060996,0.782372,0.013558,-0.162564,-0.651614,0.740802,-0.773727,0.256084,0.156037,1.634085,-0.022565,-0.261800,0.062076,-0.239199,-0.208510,0.495837,-0.378732,-0.035661,-0.021036,-0.067488,0.380414,0.056141,0.507965,-0.325518,0.930107,0.448474,-0.009043,0.123379,-0.108644,-0.410681,0.546313,1.021481,-0.452417,0.023154,-0.099864
-0.005734,0.061333,0.782270,0.013159,-0.162881,-0.651011,0.741270,-0.774262,0.256171,0.156579,1.633367,-0.022386,-0.261800,0.062765,-0.239312,-0.209855,0.496627,-0.378847,-0.035904,-0.021285,-0.068673,0.380302,0.055659,0.514467,-0.321150,0.930119,0.449368,-0.009220,0.122647,-0.107692,-0.413250,0.543149,1.022158,-0.452061,0.023303,-0.098817
-0.005878,0.061671,0.782171,0.012810,-0.163179,-0.650389,0.741757,-0.774932,0.256035,0.157145,1.632544,-0.022232,-0.261800,0.063352,-0.239463,-0.211094,0.497423,-0.378922,-0.036192,-0.021544,-0.069895,0.380051,0.055408,0.520998,-0.316315,0.929706,0.449897,-0.009768,0.121702,-0.106688,-0.415928,0.539550,1.022645,-0.451612,0.023221,-0.097367
-0.006035,0.062033,0.782085,0.012502,-0.163448,-0.649758,0.742256,-0.775809,0.255730,0.157638,1.631686,-0.022016,-0.261800,0.063877,-0.239608,-0.212359,0.498085,-0.378929,-0.036518,-0.021732,-0.071173,0.379728,0.055165,0.527619,-0.311355,0.929096,0.450362,-0.010458,0.120865,-0.105820,-0.418760,0.536010,1.023086,-0.451474,0.022961,-0.095988
-0.006185,0.062409,0.782024,0.012238,-0.163693,-0.649124,0.742760,-0.776966,0.255306,0.157956,1.630868,-0.021652,-0.261800,0.064361,-0.239766,-0.213774,0.498531,-0.378881,-0.036872,-0.021782,-0.072541,0.379392,0.054778,0.534422,-0.306555,0.928448,0.451092,-0.011068,0.120449,-0.105166,-0.421806,0.532862,1.023537,-0.452236,0.022576,-0.095144
-0.006355,0.062762,0.781965,0.012025,-0.163899,-0.648473,0.743287,-0.778489,0.254625,0.158019,1.630095,-0.021052,-0.261800,0.064792,-0.239947,-0.215433,0.498718,-0.378806,-0.037289,-0.021641,-0.074070,0.379020,0.054250,0.541444,-0.301935,0.927695,0.452229,-0.011496,0.120778,-0.104762,-0.425129,0.530498,1.024012,-0.453969,0.021945,-0.094917
-0.006545,0.063122,0.781941,0.011857,-0.164067,-0.647808,0.743832,-0.780314,0.253717,0.157899,1.629340,-0.020288,-0.261800,0.065173,-0.240142,-0.217254,0.498686,-0.378687,-0.037760,-0.021369,-0.075717,0.378619,0.053704,0.548674,-0.297324,0.926704,0.453566,-0.011878,0.121587,-0.104448,-0.428713,0.528547,1.024327,-0.456463,0.021081,-0.095056
-0.006752,0.063540,0.781919,0.011711,-0.164217,-0.647160,0.744366,-0.782289,0.252856,0.157730,1.628588,-0.019488,-0.261800,0.065518,-0.240305,-0.219086,0.498504,-0.378466,-0.038219,-0.021003,-0.077383,0.378275,0.053126,0.556141,-0.292784,0.925577,0.454928,-0.012348,0.122321,-0.104326,-0.432552,0.526554,1.024552,-0.459517,0.020251,-0.095563
-0.006968,0.063959,0.781926,0.011541,-0.164344,-0.646567,0.744855,-0.784271,0.252332,0.157649,1.627848,-0.018792,-0.261800,0.065856,-0.240333,-0.220801,0.498201,-0.378060,-0.038604,-0.020551,-0.078949,0.378095,0.052491,0.563893,-0.288399,0.924384,0.456135,-0.013039,0.122413,-0.104419,-0.436608,0.524024,1.024660,-0.462899,0.019716,-0.096426
-0.007201,0.064392,0.781959,0.011350,-0.164466,-0.646035,0.745293,-0.786139,0.252296,0.157815,1.627046,-0.018193,-0.261800,0.066097,-0.240284,-0.222334,0.497986,-0.377438,-0.039130,-0.019966,-0.080447,0.378083,0.051834,0.571982,-0.284256,0.923065,0.457036,-0.014157,0.121566,-0.104657,-0.440869,0.520876,1.024619,-0.466939,0.019534,-0.097734
-0.007429,0.064846,0.782018,0.011150,-0.164568,-0.645546,0.745697,-0.787997,0.252567,0.158114,1.626207,-0.017640,-0.261800,0.066260,-0.240160,-0.223771,0.497769,-0.376645,-0.039753,-0.019221,-0.081926,0.378203,0.051157,0.580421,-0.280307,0.921569,0.457747,-0.015579,0.120120,-0.104975,-0.445325,0.517278,1.024386,-0.471660,0.019570,-0.099457
-0.007670,0.065369,0.782041,0.010937,-0.164643,-0.645099,0.746070,-0.790028,0.252936,0.158275,1.625460,-0.017164,-0.261800,0.066507,-0.239928,-0.225161,0.497215,-0.375750,-0.040019,-0.018387,-0.083324,0.378476,0.050338,0.589185,-0.276476,0.920068,0.458446,-0.016940,0.118473,-0.105610,-0.449984,0.513262,1.024138,-0.476303,0.019807,-0.101419
-0.007897,0.065869,0.782085,0.010691,-0.164665,-0.644696,0.746417,-0.792411,0.253182,0.158023,1.624934,-0.016801,-0.261800,0.067003,-0.239551,-0.226554,0.495989,-0.374831,-0.039471,-0.017536,-0.084563,0.378917,0.049292,0.598221,-0.272658,0.918717,0.459339,-0.017876,0.117026,-0.106654,-0.454842,0.508698,1.023938,-0.480263,0.020223,-0.103434
-0.008134,0.066421,0.782096,0.010386,-0.164644,-0.644323,0.746748,-0.795236,0.253231,0.157140,1.624726,-0.016586,-0.261800,0.067897,-0.238957,-0.228002,0.493891,-0.373831,-0.038005,-0.016740,-0.085638,0.379612,0.048019,0.607543,-0.268877,0.917422,0.460562,-0.018221,0.115766,-0.108217,-0.459885,0.503592,1.023849,-0.483436,0.020854,-0.105660
-0.008303,0.067000,0.782102,0.010029,-0.164578,-0.643982,0.747062,-0.798394,0.253197,0.155818,1.624745,-0.016490,-0.261800,0.069081,-0.238185,-0.229464,0.491105,-0.372720,-0.035860,-0.015954,-0.086584,0.380514,0.046573,0.617161,-0.265158,0.916154,0.461976,-0.018191,0.114520,-0.110187,-0.465104,0.497948,1.023811,-0.486192,0.021700,-0.108125
-0.008431,0.067575,0.782090,0.009693,-0.164464,-0.643705,0.747329,-0.801755,0.253164,0.154410,1.624835,-0.016462,-0.261800,0.070277,-0.237370,-0.230848,0.487971,-0.371671,-0.033092,-0.015046,-0.087368,0.381456,0.044914,0.626975,-0.261414,0.915198,0.463418,-0.017996,0.113463,-0.112447,-0.470523,0.491839,1.023791,-0.488372,0.022668,-0.110449
-0.008511,0.068163,0.782085,0.009444,-0.164293,-0.643520,0.747530,-0.805190,0.253216,0.153263,1.624839,-0.016447,-0.261800,0.071242,-0.236657,-0.232063,0.484766,-0.370828,-0.029751,-0.013896,-0.087932,0.382266,0.042924,0.636829,-0.257602,0.914922,0.464732,-0.017839,0.112791,-0.114968,-0.476204,0.485453,1.023819,-0.489717,0.023666,-0.112261
-0.008562,0.068722,0.782081,0.009288,-0.163995,-0.643459,0.747650,-0.808895,0.253404,0.152320,1.624825,-0.016491,-0.261800,0.071806,-0.235975,-0.233086,0.481511,-0.370222,-0.025822,-0.012511,-0.088161,0.382839,0.040409,0.646680,-0.254016,0.915688,0.465966,-0.017843,0.112764,-0.117730,-0.482200,0.478716,1.023833,-0.490212,0.024808,-0.113527
-0.008539,0.069335,0.782123,0.009210,-0.163613,-0.643494,0.747704,-0.812858,0.253676,0.151446,1.624843,-0.016606,-0.261800,0.072157,-0.235307,-0.233968,0.478045,-0.369772,-0.021287,-0.010936,-0.088074,0.383275,0.037351,0.656528,-0.250679,0.917349,0.467175,-0.017866,0.113232,-0.120759,-0.488540,0.471604,1.023846,-0.489929,0.026096,-0.114418
-0.008454,0.069913,0.782154,0.009184,-0.163249,-0.643583,0.747708,-0.816651,0.253961,0.150870,1.624702,-0.016683,-0.261800,0.072513,-0.234789,-0.234738,0.474458,-0.369488,-0.016206,-0.009155,-0.087801,0.383687,0.034118,0.666219,-0.246924,0.919354,0.468328,-0.017723,0.113780,-0.123898,-0.495223,0.464156,1.023845,-0.488989,0.027267,-0.114859
-0.008372,0.070523,0.782200,0.009174,-0.163001,-0.643678,0.747680,-0.819838,0.254194,0.150822,1.624216,-0.016612,-0.261800,0.073131,-0.234561,-0.235431,0.470778,-0.369334,-0.010633,-0.007257,-0.087465,0.384168,0.031044,0.675539,-0.242080,0.921270,0.469340,-0.017222,0.114004,-0.126940,-0.502219,0.456306,1.023778,-0.487747,0.028067,-0.114777
-0.008248,0.071083,0.782208,0.009205,-0.162912,-0.643755,0.747633,-0.822343,0.254323,0.151378,1.623325,-0.016374,-0.261800,0.074136,-0.234695,-0.236141,0.466898,-0.369371,-0.004210,-0.005273,-0.087068,0.384705,0.028206,0.684292,-0.235719,0.923155,0.470540,-0.016077,0.113892,-0.129905,-0.509531,0.447912,1.023715,-0.485856,0.028274,-0.113798
-0.008132,0.071645,0.782243,0.009265,-0.162905,-0.643845,0.747556,-0.824384,0.254398,0.152407,1.622134,-0.016022,-0.261800,0.075397,-0.235084,-0.236837,0.462787,-0.369559,0.002968,-0.003254,-0.086512,0.385229,0.025351,0.692480,-0.228289,0.925367,0.471864,-0.014455,0.113666,-0.133042,-0.517202,0.439229,1.023805,-0.483221,0.028088,-0.112088
-0.007935,0.072218,0.782251,0.009342,-0.162970,-0.643978,0.747426,-0.825977,0.254510,0.153834,1.620710,-0.015573,-0.261800,0.076701,-0.235664,-0.237341,0.458788,-0.369815,0.010173,-0.001184,-0.085758,0.385737,0.022673,0.700171,-0.220148,0.927561,0.472930,-0.012867,0.113250,-0.136263,-0.525195,0.430602,1.023975,-0.480593,0.027874,-0.110368
-0.007706,0.072738,0.782290,0.009434,-0.163105,-0.644178,0.747223,-0.827125,0.254746,0.155587,1.619103,-0.015041,-0.261800,0.077853,-0.236306,-0.237484,0.455192,-0.370038,0.016671,0.000918,-0.084810,0.386241,0.020215,0.707521,-0.211791,0.929526,0.473207,-0.011821,0.112569,-0.139778,-0.533468,0.422662,1.024389,-0.478515,0.027994,-0.109384
-0.007465,0.073262,0.782287,0.009533,-0.163321,-0.644482,0.746913,-0.827680,0.255226,0.157825,1.617248,-0.014402,-0.261800,0.078800,-0.237012,-0.237097,0.452115,-0.370231,0.022383,0.003232,-0.083673,0.386787,0.018185,0.714557,-0.202909,0.931015,0.472477,-0.011564,0.111454,-0.143557,-0.541956,0.415438,1.025184,-0.477160,0.028472,-0.109361
-0.007178,0.073762,0.782354,0.009642,-0.163616,-0.644864,0.746517,-0.827685,0.255868,0.160528,1.615139,-0.013662,-0.261800,0.079653,-0.237831,-0.236312,0.449375,-0.370428,0.027662,0.005657,-0.082404,0.387356,0.016375,0.721294,-0.193489,0.932329,0.470902,-0.011786,0.109987,-0.147715,-0.550644,0.408796,1.026396,-0.476190,0.029137,-0.109914
-0.006885,0.074224,0.782449,0.009766,-0.163954,-0.645267,0.746093,-0.827440,0.256459,0.163352,1.612942,-0.012863,-0.261800,0.080430,-0.238766,-0.235375,0.446905,-0.370626,0.032430,0.007971,-0.081039,0.387850,0.014995,0.727792,-0.183851,0.933269,0.469077,-0.012177,0.108427,-0.152206,-0.559479,0.402721,1.027703,-0.475487,0.030052,-0.110841
-0.006598,0.074666,0.782562,0.009907,-0.164293,-0.645629,0.745703,-0.827269,0.256796,0.165946,1.610847,-0.012057,-0.261800,0.081136,-0.239785,-0.234540,0.444645,-0.370820,0.036602,0.009939,-0.079636,0.388154,0.014260,0.734134,-0.174345,0.933649,0.467562,-0.012424,0.107034,-0.156893,-0.568376,0.397065,1.028742,-0.475089,0.031286,-0.111948
-0.006269,0.075045,0.782703,0.010065,-0.164628,-0.645953,0.745346,-0.827165,0.256916,0.168316,1.608867,-0.011245,-0.261800,0.081798,-0.240883,-0.233846,0.442545,-0.371073,0.040078,0.011489,-0.078186,0.388255,0.013529,0.740474,-0.165620,0.934013,0.465882,-0.012422,0.105763,-0.162177,-0.577357,0.392535,1.029774,-0.474838,0.033100,-0.113422
-0.005925,0.075395,0.782869,0.010231,-0.164969,-0.646268,0.744995,-0.826988,0.256899,0.170617,1.606912,-0.010403,-0.261800,0.082423,-0.242045,-0.233184,0.440610,-0.371341,0.042931,0.013083,-0.076681,0.388046,0.014597,0.746622,-0.156145,0.932778,0.464849,-0.012386,0.104470,-0.167433,-0.586351,0.388460,1.030701,-0.474974,0.035371,-0.115276
-0.005542,0.075761,0.783022,0.010424,-0.165339,-0.646543,0.744672,-0.826846,0.256596,0.172719,1.605007,-0.009546,-0.261800,0.082917,-0.243360,-0.232499,0.439017,-0.371558,0.045331,0.013831,-0.075276,0.388055,0.013413,0.752961,-0.148575,0.933484,0.462550,-0.012307,0.103414,-0.173635,-0.595343,0.384981,1.031544,-0.475181,0.037626,-0.117162
-0.005144,0.076130,0.783151,0.010667,-0.165769,-0.646745,0.744397,-0.826819,0.255848,0.174505,1.603158,-0.008684,-0.261800,0.083226,-0.244919,-0.231754,0.437911,-0.371631,0.047453,0.014681,-0.074007,0.387978,0.013585,0.759167,-0.140417,0.932804,0.461431,-0.012389,0.102713,-0.179217,-0.604117,0.380070,1.031741,-0.475566,0.039347,-0.118652
-0.004747,0.076492,0.783292,0.010986,-0.166276,-0.646844,0.744194,-0.826916,0.254445,0.176021,1.601281,-0.007720,-0.261800,0.083258,-0.246865,-0.230899,0.437474,-0.371506,0.049314,0.015112,-0.072989,0.387976,0.014100,0.765286,-0.132143,0.931656,0.460940,-0.012754,0.102568,-0.184660,-0.612598,0.373742,1.031390,-0.476427,0.040424,-0.119600
-0.004348,0.076848,0.783386,0.011362,-0.166844,-0.646861,0.744046,-0.827088,0.252527,0.177305,1.599383,-0.006674,-0.261800,0.083069,-0.249094,-0.229967,0.437587,-0.371242,0.050831,0.015181,-0.072173,0.387989,0.014658,0.771374,-0.124080,0.930343,0.460785,-0.013298,0.102842,-0.190062,-0.620799,0.366471,1.030647,-0.477761,0.041122,-0.120251
-0.003971,0.077222,0.783527,0.011739,-0.167429,-0.646857,0.743912,-0.827366,0.250471,0.178226,1.597673,-0.005760,-0.261800,0.082825,-0.251353,-0.229035,0.437892,-0.370903,0.052026,0.015203,-0.071421,0.388007,0.015595,0.777454,-0.116240,0.928622,0.461012,-0.013745,0.103244,-0.195401,-0.628761,0.358784,1.029630,-0.478807,0.041520,-0.120823
-0.003599,0.077541,0.783653,0.012043,-0.167965,-0.646889,0.743759,-0.827785,0.248663,0.178645,1.596364,-0.005194,-0.261800,0.082675,-0.253371,-0.228187,0.438070,-0.370569,0.052918,0.015287,-0.070606,0.388141,0.016309,0.783620,-0.109195,0.927060,0.461251,-0.013791,0.103483,-0.200876,-0.636547,0.351360,1.028412,-0.478828,0.041706,-0.121525
-0.003221,0.077851,0.783813,0.012260,-0.168454,-0.646965,0.743579,-0.828318,0.247027,0.178389,1.595435,-0.005115,-0.261800,0.082701,-0.255072,-0.227511,0.437977,-0.370184,0.053355,0.015403,-0.069701,0.388287,0.017023,0.789886,-0.103030,0.925577,0.461805,-0.013100,0.103509,-0.205446,-0.644121,0.343490,1.026143,-0.478377,0.041526,-0.122451
-0.002857,0.078153,0.783957,0.012432,-0.168927,-0.647056,0.743389,-0.828960,0.245416,0.177579,1.594800,-0.005377,-0.261800,0.082790,-0.256648,-0.226927,0.437854,-0.369761,0.053381,0.015778,-0.068779,0.388608,0.017438,0.796347,-0.097833,0.924073,0.462657,-0.011915,0.103476,-0.211100,-0.651683,0.336798,1.024524,-0.476009,0.041017,-0.123497
-0.002500,0.078449,0.784134,0.012563,-0.169365,-0.647164,0.743193,-0.829757,0.244102,0.176526,1.594549,-0.005768,-0.261800,0.082868,-0.258071,-0.226320,0.437760,-0.369362,0.053306,0.016066,-0.067829,0.389033,0.017580,0.802868,-0.093140,0.922751,0.463142,-0.010833,0.103345,-0.216635,-0.658999,0.329616,1.022475,-0.473402,0.040453,-0.124478
-0.002171,0.078710,0.784257,0.012681,-0.169778,-0.647289,0.742988,-0.830743,0.243345,0.175542,1.594760,-0.006071,-0.261800,0.082852,-0.259371,-0.225551,0.437790,-0.369072,0.053445,0.016066,-0.066849,0.389295,0.018220,0.809244,-0.088145,0.921279,0.462886,-0.010462,0.103105,-0.219896,-0.665710,0.319535,1.018385,-0.472685,0.040109,-0.125247
-0.001857,0.078976,0.784357,0.012803,-0.170150,-0.647427,0.742781,-0.832056,0.243280,0.174685,1.595564,-0.006096,-0.261800,0.082636,-0.260586,-0.224519,0.438060,-0.368935,0.053778,0.016128,-0.065866,0.389648,0.018847,0.815603,-0.083157,0.919658,0.461368,-0.011125,0.102808,-0.224110,-0.671902,0.308840,1.014919,-0.471632,0.040178,-0.125704
-0.001527,0.079260,0.784441,0.012918,-0.170491,-0.647580,0.742567,-0.833637,0.243744,0.173794,1.596884,-0.006005,-0.261800,0.082276,-0.261668,-0.223318,0.438505,-0.368911,0.054168,0.016004,-0.064921,0.389981,0.019630,0.821942,-0.078170,0.917991,0.458968,-0.012441,0.102437,-0.228427,-0.677502,0.297163,1.011323,-0.470822,0.040470,-0.125976
-0.001253,0.079517,0.784464,0.012986,-0.170810,-0.647753,0.742341,-0.835224,0.244551,0.172861,1.598468,-0.006094,-0.261800,0.081998,-0.262625,-0.222107,0.438864,-0.368898,0.054770,0.015913,-0.063990,0.390396,0.020375,0.828276,-0.073299,0.916337,0.456530,-0.013918,0.101959,-0.232747,-0.682656,0.285369,1.007716,-0.469916,0.040814,-0.126347
-0.000943,0.079774,0.784507,0.012972,-0.171119,-0.647952,0.742097,-0.836562,0.245517,0.171883,1.600060,-0.006653,-0.261800,0.082007,-0.263414,-0.221047,0.438894,-0.368812,0.055732,0.015959,-0.063019,0.391001,0.020787,0.834565,-0.068668,0.914894,0.454857,-0.015063,0.101344,-0.236667,-0.687554,0.274165,1.003861,-0.468700,0.041025,-0.127082
-0.000646,0.080045,0.784562,0.012879,-0.171449,-0.648171,0.741831,-0.837551,0.246710,0.170899,1.601638,-0.007959,-0.261800,0.082382,-0.264035,-0.220185,0.438553,-0.368640,0.057147,0.016186,-0.061988,0.391889,0.020884,0.840793,-0.064292,0.913559,0.454287,-0.015767,0.100534,-0.240320,-0.692353,0.263714,0.999772,-0.466660,0.041005,-0.128240
-0.000381,0.080300,0.784592,0.012703,-0.171764,-0.648410,0.741553,-0.838344,0.248199,0.169898,1.603327,-0.009793,-0.261800,0.083010,-0.264527,-0.219430,0.437969,-0.368432,0.058921,0.016594,-0.060847,0.393124,0.020453,0.846947,-0.060274,0.912401,0.454316,-0.016287,0.099566,-0.244557,-0.697076,0.254150,0.996056,-0.463600,0.040867,-0.129639
-0.000146,0.080558,0.784599,0.012467,-0.172048,-0.648683,0.741252,-0.839050,0.249778,0.168789,1.605082,-0.011701,-0.261800,0.083796,-0.264822,-0.218756,0.437125,-0.368173,0.060911,0.017133,-0.059559,0.394478,0.019763,0.852950,-0.056431,0.911379,0.454639,-0.016672,0.098581,-0.248712,-0.701720,0.245305,0.992391,-0.460493,0.040738,-0.131217
0.000114,0.080826,0.784643,0.012193,-0.172283,-0.649000,0.740924,-0.839765,0.251244,0.167488,1.606841,-0.013230,-0.261800,0.084662,-0.264947,-0.218116,0.436007,-0.367844,0.062981,0.017770,-0.058069,0.395826,0.018756,0.858723,-0.052721,0.910639,0.454913,-0.016965,0.097718,-0.252574,-0.706299,0.237347,0.988765,-0.458010,0.040754,-0.132909
0.000367,0.081067,0.784643,0.011844,-0.172451,-0.649369,0.740568,-0.840570,0.252569,0.165801,1.608705,-0.014282,-0.261800,0.085650,-0.264820,-0.217529,0.434564,-0.367399,0.065087,0.018497,-0.056347,0.397160,0.017426,0.864245,-0.049119,0.910319,0.455128,-0.017169,0.097062,-0.255892,-0.710853,0.230341,0.984978,-0.456333,0.041066,-0.134885
0.000654,0.081320,0.784674,0.011420,-0.172564,-0.649781,0.740186,-0.841386,0.253847,0.163832,1.610659,-0.015088,-0.261800,0.086786,-0.264470,-0.217007,0.432813,-0.366863,0.067302,0.019387,-0.054382,0.398623,0.015684,0.869529,-0.045701,0.910290,0.455449,-0.017258,0.096534,-0.259402,-0.715402,0.224511,0.981535,-0.454866,0.041571,-0.137100
0.000995,0.081581,0.784680,0.010991,-0.172635,-0.650230,0.739782,-0.842122,0.255075,0.161932,1.612515,-0.015696,-0.261800,0.087945,-0.264027,-0.216502,0.430857,-0.366333,0.069668,0.020306,-0.052233,0.400050,0.013777,0.874501,-0.042361,0.910302,0.455838,-0.017235,0.096034,-0.262829,-0.719919,0.219493,0.978224,-0.453719,0.042005,-0.139222
0.001349,0.081833,0.784665,0.010610,-0.172664,-0.650704,0.739364,-0.842680,0.256246,0.160454,1.614110,-0.016169,-0.261800,0.088992,-0.263639,-0.215965,0.428817,-0.365919,0.072226,0.021190,-0.049934,0.401325,0.011946,0.879074,-0.038997,0.910017,0.456281,-0.017098,0.095476,-0.266209,-0.724386,0.215075,0.975110,-0.452867,0.042114,-0.140910
0.001725,0.082068,0.784648,0.010294,-0.172627,-0.651212,0.738930,-0.843154,0.257411,0.159439,1.615446,-0.016431,-0.261800,0.089932,-0.263250,-0.215447,0.426528,-0.365639,0.074983,0.022014,-0.047463,0.402418,0.010194,0.883219,-0.035606,0.909409,0.456802,-0.016768,0.094816,-0.269610,-0.728818,0.211303,0.972214,-0.452418,0.041734,-0.142129
0.002140,0.082289,0.784673,0.010020,-0.172538,-0.651750,0.738479,-0.843553,0.258556,0.158719,1.616591,-0.016482,-0.261800,0.090813,-0.262849,-0.214944,0.424018,-0.365456,0.077919,0.022844,-0.044783,0.403408,0.008474,0.886949,-0.032195,0.908547,0.457427,-0.016266,0.094123,-0.273171,-0.733228,0.208323,0.969648,-0.452308,0.041039,-0.143038
0.002538,0.082496,0.784661,0.009759,-0.172432,-0.652315,0.738009,-0.843653,0.259580,0.158328,1.617486,-0.016478,-0.261800,0.091619,-0.262518,-0.214362,0.421566,-0.365316,0.081029,0.023616,-0.041954,0.404300,0.006813,0.890224,-0.028715,0.907504,0.458115,-0.015742,0.093469,-0.276532,-0.737608,0.205909,0.967131,-0.452379,0.040272,-0.143603
0.002978,0.082730,0.784636,0.009506,-0.172368,-0.652893,0.737516,-0.843224,0.260370,0.158299,1.618051,-0.016587,-0.261800,0.092300,-0.262332,-0.213600,0.419515,-0.365200,0.084307,0.024363,-0.038997,0.405151,0.005241,0.892999,-0.025134,0.906241,0.458833,-0.015345,0.092935,-0.279774,-0.741948,0.203986,0.964784,-0.452378,0.039690,-0.143770
0.003480,0.082913,0.784610,0.009257,-0.172361,-0.653497,0.736985,-0.842137,0.260809,0.158608,1.618229,-0.016938,-0.261800,0.092937,-0.262360,-0.212643,0.417796,-0.365106,0.088120,0.025138,-0.035903,0.405991,0.003640,0.895241,-0.021414,0.904814,0.459616,-0.015050,0.092448,-0.282940,-0.746276,0.202658,0.962680,-0.452358,0.039487,-0.143463
0.003983,0.083126,0.784576,0.009014,-0.172379,-0.654128,0.736424,-0.840534,0.260984,0.159248,1.618065,-0.017416,-0.261800,0.093522,-0.262524,-0.211548,0.416296,-0.365066,0.092346,0.025914,-0.032635,0.406791,0.002062,0.896944,-0.017566,0.903173,0.460477,-0.014797,0.092006,-0.286027,-0.750592,0.201937,0.960772,-0.452397,0.039484,-0.142724
0.004545,0.083350,0.784526,0.008787,-0.172410,-0.654758,0.735860,-0.838606,0.261097,0.160280,1.617675,-0.017808,-0.261800,0.093897,-0.262785,-0.210305,0.415222,-0.365043,0.096264,0.026562,-0.029222,0.407520,0.000650,0.898130,-0.013670,0.901301,0.461365,-0.014673,0.091795,-0.289039,-0.754865,0.201643,0.958977,-0.452318,0.039380,-0.141697
0.005111,0.083545,0.784498,0.008567,-0.172422,-0.655361,0.735323,-0.836533,0.261358,0.161768,1.617150,-0.017891,-0.261800,0.093939,-0.263059,-0.208917,0.414714,-0.364966,0.099152,0.026975,-0.025703,0.408148,-0.000466,0.898844,-0.009834,0.899167,0.462218,-0.014765,0.091995,-0.291959,-0.759049,0.201569,0.957213,-0.451945,0.038873,-0.140526
0.005695,0.083723,0.784488,0.008339,-0.172426,-0.655927,0.734819,-0.834275,0.261947,0.163880,1.616497,-0.017522,-0.261800,0.093604,-0.263316,-0.207342,0.414943,-0.364804,0.100712,0.027123,-0.022034,0.408692,-0.001256,0.899104,-0.006102,0.896776,0.463096,-0.015182,0.092689,-0.294710,-0.763145,0.201676,0.955432,-0.451028,0.037659,-0.139066
0.006296,0.083877,0.784488,0.008104,-0.172428,-0.656476,0.734331,-0.831766,0.262713,0.166534,1.615673,-0.016849,-0.261800,0.092951,-0.263609,-0.205588,0.415816,-0.364605,0.101367,0.027099,-0.018213,0.409180,-0.001862,0.898906,-0.002468,0.894157,0.463994,-0.015848,0.093764,-0.297355,-0.767148,0.202047,0.953718,-0.449726,0.035975,-0.137296
0.006918,0.084021,0.784468,0.007913,-0.172410,-0.657007,0.733862,-0.829140,0.263350,0.169412,1.614704,-0.016082,-0.261800,0.092033,-0.263961,-0.203735,0.417022,-0.364383,0.101472,0.026942,-0.014377,0.409536,-0.002282,0.898293,0.001100,0.891294,0.464748,-0.016583,0.095106,-0.299830,-0.771001,0.202577,0.951986,-0.448512,0.034333,-0.135567
0.007570,0.084146,0.784460,0.007829,-0.172374,-0.657522,0.733410,-0.826542,0.263566,0.172202,1.613637,-0.015449,-0.261800,0.090891,-0.264455,-0.201846,0.418319,-0.364190,0.101388,0.026701,-0.010679,0.409709,-0.002583,0.897336,0.004600,0.888210,0.465189,-0.017202,0.096593,-0.302119,-0.774613,0.203164,0.950195,-0.447868,0.033243,-0.134235
0.008235,0.084265,0.784472,0.007910,-0.172321,-0.658037,0.732960,-0.823950,0.263198,0.174972,1.612361,-0.014966,-0.261800,0.089384,-0.265197,-0.199889,0.419748,-0.364078,0.101101,0.026458,-0.007237,0.409630,-0.002754,0.896101,0.008005,0.884855,0.465174,-0.017636,0.098315,-0.304236,-0.777950,0.203951,0.948437,-0.448134,0.032859,-0.133531
0.008899,0.084333,0.784492,0.008119,-0.172262,-0.658543,0.732517,-0.821314,0.262433,0.177836,1.610895,-0.014529,-0.261800,0.087534,-0.266137,-0.197835,0.421429,-0.364023,0.100458,0.026156,-0.003992,0.409340,-0.002779,0.894601,0.011322,0.881261,0.464810,-0.017995,0.100279,-0.306174,-0.781008,0.204949,0.946705,-0.448989,0.032906,-0.133239
0.009526,0.084412,0.784515,0.008337,-0.172170,-0.659018,0.732108,-0.818715,0.261487,0.180556,1.609451,-0.014171,-0.261800,0.085634,-0.267019,-0.195796,0.423141,-0.363904,0.099586,0.025700,-0.000814,0.408950,-0.002633,0.892820,0.014632,0.877472,0.464288,-0.018372,0.102243,-0.307983,-0.783698,0.205810,0.944902,-0.449963,0.033246,-0.133028
0.010095,0.084458,0.784519,0.008460,-0.172033,-0.659440,0.731760,-0.816247,0.260585,0.182888,1.608256,-0.013930,-0.261800,0.083972,-0.267640,-0.193865,0.424702,-0.363618,0.098617,0.024951,0.002399,0.408549,-0.002287,0.890750,0.018027,0.873569,0.463810,-0.018857,0.103967,-0.309487,-0.785935,0.206139,0.942740,-0.450587,0.033749,-0.132592
0.010670,0.084487,0.784506,0.008457,-0.171851,-0.659798,0.731480,-0.813911,0.259727,0.184720,1.607342,-0.013800,-0.261800,0.082617,-0.267864,-0.191993,0.426115,-0.363098,0.097542,0.023897,0.005727,0.408164,-0.001707,0.888354,0.021565,0.869513,0.463364,-0.019536,0.105368,-0.310753,-0.787633,0.205853,0.940237,-0.450650,0.034530,-0.131801
0.011187,0.084503,0.784499,0.008368,-0.171617,-0.660108,0.731256,-0.811666,0.258818,0.186199,1.606589,-0.013758,-0.261800,0.081445,-0.267850,-0.190155,0.427418,-0.362392,0.096306,0.022572,0.009059,0.407739,-0.000924,0.885656,0.025207,0.865315,0.462881,-0.020335,0.106582,-0.311811,-0.788808,0.205165,0.937489,-0.450461,0.035617,-0.130861
0.011702,0.084486,0.784468,0.008259,-0.171356,-0.660375,0.731077,-0.809531,0.257929,0.187477,1.606020,-0.013843,-0.261800,0.080349,-0.267738,-0.188497,0.428659,-0.361662,0.094972,0.021022,0.012276,0.407280,0.000090,0.882746,0.028893,0.860944,0.462440,-0.021110,0.107701,-0.312623,-0.789501,0.204078,0.934544,-0.450318,0.036741,-0.129925
0.012206,0.084500,0.784507,0.008188,-0.171096,-0.660604,0.730932,-0.807521,0.257133,0.188709,1.605625,-0.014077,-0.261800,0.079223,-0.267708,-0.187155,0.429894,-0.361076,0.093604,0.019327,0.015273,0.406830,0.001231,0.879736,0.032489,0.856423,0.462107,-0.021724,0.108796,-0.313131,-0.789715,0.202509,0.931431,-0.450524,0.037623,-0.129128
0.012660,0.084461,0.784476,0.008189,-0.170827,-0.660781,0.730835,-0.805682,0.256417,0.189995,1.605373,-0.014526,-0.261800,0.078024,-0.267841,-0.186288,0.431061,-0.360694,0.092258,0.017443,0.017965,0.406313,0.002555,0.876693,0.035973,0.851714,0.461831,-0.022076,0.109727,-0.313217,-0.789416,0.200175,0.928018,-0.451326,0.038273,-0.128362
0.013111,0.084406,0.784521,0.008227,-0.170539,-0.660905,0.730790,-0.803993,0.255753,0.191233,1.605275,-0.015158,-0.261800,0.076793,-0.268047,-0.185774,0.432196,-0.360444,0.090887,0.015404,0.020407,0.405756,0.003990,0.873622,0.039337,0.846852,0.461568,-0.022274,0.110488,-0.312909,-0.788575,0.197110,0.924327,-0.452523,0.038804,-0.127592
0.013495,0.084354,0.784528,0.008235,-0.170248,-0.661015,0.730758,-0.802353,0.255192,0.192280,1.605394,-0.015844,-0.261800,0.075635,-0.268168,-0.185367,0.433327,-0.360205,0.089400,0.013347,0.022669,0.405266,0.005473,0.870558,0.042556,0.841913,0.461388,-0.022482,0.111360,-0.312153,-0.787304,0.193782,0.920431,-0.453710,0.039107,-0.127097
0.013863,0.084323,0.784524,0.008145,-0.169963,-0.661147,0.730706,-0.800660,0.254782,0.192990,1.605792,-0.016455,-0.261800,0.074603,-0.268020,-0.184811,0.434557,-0.359902,0.087707,0.011414,0.024845,0.404977,0.006880,0.867518,0.045584,0.836994,0.461358,-0.022870,0.112618,-0.310982,-0.785747,0.190676,0.916470,-0.454458,0.039064,-0.127135
0.014195,0.084224,0.784529,0.007922,-0.169695,-0.661317,0.730617,-0.798880,0.254547,0.193212,1.606544,-0.016920,-0.261800,0.073824,-0.267527,-0.184048,0.435780,-0.359436,0.085775,0.009640,0.027013,0.404939,0.008237,0.864470,0.048426,0.832093,0.461513,-0.023543,0.114473,-0.309284,-0.783989,0.187848,0.912335,-0.454475,0.038525,-0.127972
0.014497,0.084132,0.784462,0.007598,-0.169424,-0.661506,0.730512,-0.797072,0.254461,0.193059,1.607604,-0.017318,-0.261800,0.073208,-0.266792,-0.183204,0.437030,-0.358900,0.083654,0.007941,0.029145,0.405094,0.009523,0.861380,0.051077,0.827206,0.461814,-0.024389,0.116729,-0.307085,-0.782013,0.185078,0.907979,-0.454006,0.037585,-0.129381
0.014787,0.084038,0.784398,0.007241,-0.169157,-0.661689,0.730411,-0.795255,0.254496,0.192786,1.608815,-0.017755,-0.261800,0.072595,-0.265927,-0.182336,0.438429,-0.358407,0.081374,0.006288,0.031165,0.405350,0.010822,0.858266,0.053563,0.822248,0.462205,-0.025265,0.119073,-0.304526,-0.779857,0.182433,0.903577,-0.453455,0.036490,-0.130891
0.015036,0.083941,0.784296,0.006904,-0.168880,-0.661845,0.730338,-0.793442,0.254621,0.192645,1.610026,-0.018327,-0.261800,0.071783,-0.265102,-0.181477,0.440207,-0.358122,0.078970,0.004624,0.032986,0.405628,0.012104,0.855160,0.055888,0.817235,0.462628,-0.026034,0.121176,-0.301744,-0.777566,0.180008,0.899263,-0.453196,0.035484,-0.132029
0.015255,0.083834,0.784203,0.006613,-0.168593,-0.661972,0.730291,-0.791631,0.254851,0.192711,1.611205,-0.019111,-0.261800,0.070636,-0.264323,-0.180541,0.442530,-0.358050,0.076229,0.002999,0.034574,0.405927,0.013215,0.852127,0.058034,0.812238,0.463062,-0.026729,0.122923,-0.298709,-0.775182,0.177701,0.895027,-0.453380,0.034515,-0.132612
0.015429,0.083710,0.784084,0.006347,-0.168313,-0.662078,0.730262,-0.789820,0.255194,0.192847,1.612438,-0.020042,-0.261800,0.069284,-0.263501,-0.179540,0.445253,-0.358127,0.073200,0.001350,0.035967,0.406280,0.014327,0.848968,0.060141,0.807178,0.463668,-0.027357,0.124565,-0.295450,-0.772572,0.175560,0.890851,-0.453899,0.033521,-0.132969
0.015601,0.083580,0.783941,0.006066,-0.168025,-0.662161,0.730256,-0.788003,0.255614,0.192993,1.613710,-0.020993,-0.261800,0.067980,-0.262675,-0.178673,0.448008,-0.358344,0.070324,-0.000310,0.037243,0.406686,0.015521,0.845860,0.062002,0.802013,0.464221,-0.027891,0.126089,-0.291994,-0.769875,0.173746,0.886776,-0.454354,0.032632,-0.133188
0.015763,0.083426,0.783826,0.005742,-0.167730,-0.662219,0.730274,-0.786179,0.256079,0.193087,1.615021,-0.021839,-0.261800,0.067012,-0.261836,-0.178156,0.450353,-0.358656,0.068045,-0.002015,0.038452,0.407155,0.016848,0.842848,0.063469,0.796744,0.464630,-0.028257,0.127552,-0.288471,-0.767156,0.172439,0.882913,-0.454498,0.032002,-0.133414
0.015907,0.083259,0.783691,0.005396,-0.167444,-0.662233,0.730329,-0.784348,0.256612,0.193201,1.616368,-0.022553,-0.261800,0.066407,-0.261054,-0.178098,0.452257,-0.359134,0.066581,-0.003832,0.039564,0.407719,0.018220,0.839979,0.064370,0.791410,0.464748,-0.028342,0.128875,-0.284846,-0.764430,0.171696,0.879182,-0.454111,0.031698,-0.133666
0.016070,0.083113,0.783563,0.005025,-0.167153,-0.662214,0.730416,-0.782506,0.257219,0.193337,1.617752,-0.023195,-0.261800,0.066034,-0.260303,-0.178369,0.453911,-0.359764,0.065667,-0.005686,0.040563,0.408337,0.019703,0.837249,0.064806,0.785950,0.464645,-0.028218,0.130061,-0.281026,-0.761689,0.171391,0.875561,-0.453379,0.031626,-0.133871
0.016185,0.082914,0.783406,0.004610,-0.166856,-0.662186,0.730512,-0.780666,0.257846,0.193333,1.619181,-0.023791,-0.261800,0.065889,-0.259446,-0.178807,0.455302,-0.360400,0.065024,-0.007476,0.041555,0.409005,0.020998,0.834579,0.064860,0.780678,0.464570,-0.028102,0.131260,-0.277067,-0.758915,0.171419,0.872147,-0.452601,0.031699,-0.134016
0.016271,0.082681,0.783230,0.004113,-0.166534,-0.662181,0.730593,-0.778826,0.258432,0.193033,1.620661,-0.024363,-0.261800,0.065983,-0.258308,-0.179260,0.456374,-0.360869,0.064367,-0.009094,0.042660,0.409687,0.022005,0.831862,0.064686,0.775756,0.464778,-0.028204,0.132640,-0.272959,-0.756100,0.171682,0.869007,-0.452068,0.031832,-0.134095
0.016367,0.082451,0.783058,0.003482,-0.166171,-0.662199,0.730662,-0.777042,0.258924,0.192197,1.622287,-0.024883,-0.261800,0.066471,-0.256770,-0.179769,0.456942,-0.361106,0.063736,-0.010526,0.043989,0.410417,0.022712,0.829026,0.064287,0.771186,0.465374,-0.028551,0.134262,-0.268663,-0.753238,0.172183,0.866144,-0.451823,0.032079,-0.134130
0.016437,0.082215,0.782844,0.002748,-0.165780,-0.662227,0.730729,-0.775293,0.259368,0.190977,1.624033,-0.025354,-0.261800,0.067308,-0.254930,-0.180398,0.457060,-0.361188,0.063244,-0.011861,0.045467,0.411205,0.023137,0.826078,0.063610,0.766939,0.466245,-0.029030,0.136052,-0.264224,-0.750356,0.173009,0.863527,-0.451726,0.032463,-0.134126
0.016534,0.081987,0.782656,0.002005,-0.165381,-0.662272,0.730781,-0.773467,0.259846,0.189797,1.625670,-0.025822,-0.261800,0.068156,-0.253035,-0.180976,0.457161,-0.361250,0.062717,-0.013109,0.046959,0.411987,0.023367,0.823021,0.062774,0.762968,0.467314,-0.029638,0.137958,-0.259792,-0.747467,0.174136,0.861222,-0.451801,0.032855,-0.134026
0.016594,0.081748,0.782443,0.001353,-0.165005,-0.662340,0.730805,-0.771450,0.260438,0.189078,1.626984,-0.026342,-0.261800,0.068655,-0.251321,-0.181344,0.457720,-0.361438,0.061977,-0.014277,0.048310,0.412660,0.023808,0.819855,0.062035,0.758986,0.468503,-0.030376,0.139929,-0.255421,-0.744604,0.175521,0.859251,-0.452078,0.033129,-0.133792
0.016657,0.081497,0.782255,0.000781,-0.164633,-0.662448,0.730792,-0.769157,0.261259,0.188958,1.627898,-0.027012,-0.261800,0.068703,-0.249794,-0.181417,0.458894,-0.361768,0.060907,-0.015402,0.049538,0.413253,0.024484,0.816580,0.061425,0.755031,0.470024,-0.031380,0.142047,-0.251208,-0.741793,0.177284,0.857638,-0.452657,0.033258,-0.133415
0.016711,0.081266,0.782085,0.000245,-0.164255,-0.662588,0.730751,-0.766667,0.262229,0.189203,1.628538,-0.027777,-0.261800,0.068493,-0.248352,-0.181301,0.460423,-0.362166,0.059625,-0.016473,0.050704,0.413785,0.025415,0.813182,0.060919,0.751052,0.471845,-0.032606,0.144308,-0.247064,-0.739039,0.179408,0.856350,-0.453484,0.033307,-0.132915
0.016780,0.081012,0.781971,-0.000219,-0.163898,-0.662732,0.730701,-0.764104,0.263164,0.189689,1.628967,-0.028455,-0.261800,0.068135,-0.247039,-0.181109,0.462105,-0.362641,0.058309,-0.017400,0.051762,0.414168,0.027065,0.809623,0.060734,0.746527,0.473540,-0.033789,0.146521,-0.242886,-0.736309,0.181644,0.855408,-0.454354,0.033279,-0.132272
0.016843,0.080735,0.781814,-0.000598,-0.163563,-0.662859,0.730661,-0.761612,0.263882,0.190288,1.629269,-0.028873,-0.261800,0.067741,-0.245937,-0.180947,0.463731,-0.363187,0.057141,-0.018374,0.052558,0.414558,0.027858,0.805950,0.060443,0.742710,0.474690,-0.034638,0.148466,-0.238894,-0.733589,0.183943,0.854744,-0.455079,0.033182,-0.131477
0.016884,0.080437,0.781705,-0.000845,-0.163267,-0.662969,0.730626,-0.759191,0.264379,0.191116,1.629418,-0.028881,-0.261800,0.067255,-0.245082,-0.180815,0.465309,-0.363860,0.056204,-0.019027,0.053091,0.414725,0.029175,0.802103,0.060476,0.738226,0.475030,-0.035002,0.150092,-0.234775,-0.730837,0.186035,0.854537,-0.455589,0.032894,-0.130383
0.016951,0.080154,0.781590,-0.000990,-0.162996,-0.663075,0.730591,-0.756784,0.264738,0.192188,1.629394,-0.028607,-0.261800,0.066663,-0.244468,-0.180661,0.466913,-0.364634,0.055393,-0.019408,0.053410,0.414653,0.031607,0.798043,0.061066,0.732689,0.474880,-0.035062,0.151512,-0.230422,-0.728072,0.187998,0.854669,-0.456003,0.032456,-0.129055
0.016986,0.079847,0.781420,-0.001098,-0.162740,-0.663159,0.730572,-0.754420,0.264903,0.193231,1.629260,-0.028294,-0.261800,0.066072,-0.243917,-0.180542,0.468483,-0.365414,0.054591,-0.020352,0.053495,0.415008,0.030308,0.794035,0.060519,0.730541,0.474495,-0.035017,0.152754,-0.226909,-0.725325,0.190435,0.854953,-0.456411,0.032115,-0.127761
0.017019,0.079528,0.781300,-0.001242,-0.162487,-0.663202,0.730589,-0.752113,0.264803,0.193977,1.629094,-0.028191,-0.261800,0.065595,-0.243324,-0.180502,0.470009,-0.366137,0.053686,-0.021110,0.053702,0.415024,0.031199,0.789974,0.060414,0.726852,0.474256,-0.035199,0.153985,-0.223080,-0.722597,0.192642,0.855323,-0.456899,0.032100,-0.126759
0.017037,0.079232,0.781165,-0.001444,-0.162233,-0.663187,0.730658,-0.749827,0.264359,0.194389,1.628848,-0.028392,-0.261800,0.065323,-0.242694,-0.180601,0.471379,-0.366778,0.052733,-0.022199,0.053923,0.415061,0.032488,0.785898,0.060405,0.723261,0.474273,-0.035732,0.155158,-0.219593,-0.719883,0.195039,0.855744,-0.457411,0.032612,-0.126103
0.017081,0.078934,0.781012,-0.001655,-0.161994,-0.663124,0.730768,-0.747561,0.263622,0.194598,1.628513,-0.028764,-0.261800,0.065155,-0.242079,-0.180794,0.472691,-0.367408,0.051761,-0.023279,0.054146,0.414870,0.035683,0.781706,0.061003,0.718336,0.474418,-0.036474,0.156252,-0.216035,-0.717154,0.197405,0.856306,-0.457917,0.033476,-0.125661
0.017129,0.078595,0.780881,-0.001878,-0.161754,-0.663053,0.730885,-0.745408,0.262750,0.194586,1.628176,-0.029174,-0.261800,0.065002,-0.241419,-0.180990,0.474010,-0.367961,0.050627,-0.024642,0.054323,0.414870,0.037663,0.777532,0.061257,0.714740,0.474536,-0.037186,0.157239,-0.212906,-0.714455,0.199945,0.856948,-0.458580,0.034383,-0.125402
0.017218,0.078280,0.780744,-0.002143,-0.161471,-0.663013,0.730983,-0.743446,0.261885,0.194336,1.627927,-0.029497,-0.261800,0.064772,-0.240584,-0.181110,0.475400,-0.368385,0.049176,-0.026102,0.054517,0.415144,0.037358,0.773519,0.060630,0.713286,0.474454,-0.037661,0.158132,-0.210209,-0.711833,0.202488,0.857725,-0.459550,0.035021,-0.125273
0.017243,0.077991,0.780666,-0.002468,-0.161155,-0.663024,0.731042,-0.741687,0.261078,0.193756,1.627817,-0.029692,-0.261800,0.064493,-0.239527,-0.181110,0.476873,-0.368667,0.047438,-0.027014,0.054931,0.415282,0.038368,0.769495,0.060216,0.710708,0.474252,-0.037846,0.158880,-0.207087,-0.709302,0.204448,0.858652,-0.461111,0.035199,-0.125295
0.017251,0.077658,0.780568,-0.002844,-0.160809,-0.663063,0.731081,-0.740096,0.260247,0.192884,1.627792,-0.029830,-0.261800,0.064194,-0.238293,-0.181047,0.478389,-0.368834,0.045468,-0.027808,0.055458,0.415521,0.039180,0.765473,0.059686,0.708409,0.473956,-0.037839,0.159485,-0.203934,-0.706881,0.206150,0.859603,-0.463105,0.035122,-0.125472
0.017281,0.077359,0.780499,-0.003203,-0.160453,-0.663098,0.731126,-0.738652,0.259338,0.191910,1.627769,-0.029941,-0.261800,0.063802,-0.237050,-0.180960,0.479992,-0.368910,0.043165,-0.028612,0.055941,0.415801,0.039364,0.761507,0.058878,0.706883,0.473623,-0.037786,0.160098,-0.200880,-0.704566,0.207712,0.860520,-0.465014,0.035027,-0.125708
0.017263,0.077057,0.780391,-0.003474,-0.160111,-0.663095,0.731203,-0.737337,0.258284,0.191028,1.627662,-0.030063,-0.261800,0.063204,-0.236013,-0.180873,0.481823,-0.368965,0.040433,-0.029374,0.056242,0.415932,0.039821,0.757579,0.058114,0.705420,0.473403,-0.037848,0.160869,-0.197903,-0.702310,0.209117,0.861424,-0.466321,0.035148,-0.125899
0.017254,0.076777,0.780344,-0.003619,-0.159784,-0.663038,0.731325,-0.736161,0.257018,0.190291,1.627424,-0.030229,-0.261800,0.062315,-0.235252,-0.180785,0.483954,-0.369009,0.037129,-0.030226,0.056253,0.415863,0.040332,0.753670,0.057444,0.704328,0.473215,-0.038128,0.161945,-0.194890,-0.700066,0.210339,0.862110,-0.466678,0.035626,-0.126042
0.017294,0.076478,0.780271,-0.003677,-0.159466,-0.662947,0.731477,-0.735125,0.255588,0.189596,1.627098,-0.030411,-0.261800,0.061221,-0.234648,-0.180696,0.486286,-0.369001,0.033346,-0.031093,0.056066,0.415672,0.040898,0.749778,0.056831,0.703512,0.473048,-0.038521,0.163213,-0.192049,-0.697828,0.211440,0.862833,-0.466429,0.036313,-0.126186
0.017291,0.076160,0.780221,-0.003723,-0.159143,-0.662847,0.731638,-0.734204,0.254116,0.188905,1.626767,-0.030544,-0.261800,0.060065,-0.234110,-0.180604,0.488684,-0.368929,0.029329,-0.031983,0.055767,0.415480,0.041421,0.745980,0.056133,0.703000,0.473074,-0.038867,0.164410,-0.189376,-0.695648,0.212538,0.863571,-0.466152,0.037009,-0.126347
0.017283,0.075794,0.780134,-0.003790,-0.158846,-0.662753,0.731787,-0.733375,0.252727,0.188176,1.626504,-0.030567,-0.261800,0.059020,-0.233513,-0.180547,0.490942,-0.368742,0.025330,-0.032853,0.055447,0.415413,0.041862,0.742375,0.055202,0.702735,0.473451,-0.039016,0.165266,-0.186910,-0.693588,0.213736,0.864368,-0.466400,0.037507,-0.126519
0.017292,0.075496,0.780056,-0.003916,-0.158560,-0.662663,0.731930,-0.732634,0.251492,0.187458,1.626327,-0.030400,-0.261800,0.058181,-0.232845,-0.180569,0.492929,-0.368343,0.021335,-0.033665,0.055114,0.415479,0.042249,0.738993,0.054003,0.702726,0.474518,-0.038922,0.165620,-0.184516,-0.691683,0.214899,0.865129,-0.467350,0.037673,-0.126601
0.017307,0.075234,0.780004,-0.004063,-0.158285,-0.662568,0.732075,-0.731998,0.250327,0.186749,1.626196,-0.030098,-0.261800,0.057452,-0.232159,-0.180653,0.494753,-0.367777,0.017238,-0.034409,0.054737,0.415645,0.042440,0.735824,0.052518,0.703079,0.476058,-0.038673,0.165636,-0.182261,-0.689915,0.216002,0.865900,-0.468662,0.037636,-0.126610
0.017278,0.074904,0.780000,-0.004212,-0.158021,-0.662488,0.732203,-0.731456,0.249141,0.185949,1.626106,-0.029795,-0.261800,0.056682,-0.231475,-0.180691,0.496661,-0.367252,0.013147,-0.035113,0.054310,0.415875,0.042531,0.732904,0.050783,0.703660,0.477411,-0.038318,0.165534,-0.180105,-0.688296,0.217211,0.866643,-0.470206,0.037591,-0.126740
0.017232,0.074596,0.779971,-0.004345,-0.157764,-0.662448,0.732294,-0.730986,0.247838,0.184959,1.626032,-0.029615,-0.261800,0.055746,-0.230750,-0.180598,0.498834,-0.366952,0.009163,-0.035744,0.053828,0.416130,0.042878,0.730260,0.048929,0.704061,0.477948,-0.037910,0.165525,-0.178224,-0.686844,0.218766,0.867552,-0.471801,0.037732,-0.127180
0.017197,0.074301,0.779913,-0.004465,-0.157496,-0.662480,0.732322,-0.730642,0.246359,0.183641,1.626026,-0.029618,-0.261800,0.054470,-0.229951,-0.180238,0.501526,-0.366933,0.005062,-0.036349,0.053310,0.416430,0.043471,0.727977,0.046883,0.704286,0.477220,-0.037385,0.165651,-0.176752,-0.685595,0.220969,0.868698,-0.473615,0.038158,-0.128132
0.017106,0.074022,0.779874,-0.004584,-0.157218,-0.662566,0.732303,-0.730405,0.244764,0.182091,1.626072,-0.029729,-0.261800,0.052977,-0.229103,-0.179698,0.504558,-0.367106,0.000863,-0.036917,0.052731,0.416753,0.044378,0.726038,0.044700,0.704341,0.475654,-0.036752,0.165791,-0.175521,-0.684532,0.223611,0.869960,-0.475660,0.038747,-0.129442
0.017054,0.073749,0.779791,-0.004692,-0.156967,-0.662640,0.732289,-0.730192,0.243138,0.180537,1.626094,-0.029868,-0.261800,0.051568,-0.228318,-0.179197,0.507524,-0.367453,-0.002950,-0.037390,0.051992,0.417230,0.045222,0.724577,0.042482,0.704443,0.473737,-0.036214,0.165813,-0.174106,-0.683688,0.226017,0.870843,-0.477472,0.039331,-0.130686
0.017002,0.073458,0.779678,-0.004784,-0.156769,-0.662635,0.732335,-0.729917,0.241574,0.179208,1.626020,-0.029966,-0.261800,0.050557,-0.227711,-0.178957,0.509983,-0.367928,-0.005884,-0.037979,0.051163,0.417537,0.045706,0.722813,0.040161,0.705203,0.472470,-0.035766,0.166000,-0.172872,-0.682627,0.228299,0.871976,-0.478853,0.039880,-0.131774
0.016935,0.073171,0.779567,-0.004834,-0.156644,-0.662533,0.732454,-0.729547,0.240050,0.178247,1.625785,-0.029992,-0.261800,0.050011,-0.227412,-0.179013,0.511821,-0.368601,-0.007525,-0.038562,0.050026,0.417992,0.045878,0.721281,0.038074,0.706287,0.471750,-0.035657,0.166055,-0.171120,-0.681639,0.229704,0.872380,-0.479430,0.040304,-0.132351
0.016881,0.072893,0.779431,-0.004845,-0.156581,-0.662370,0.732615,-0.729127,0.238539,0.177507,1.625435,-0.029980,-0.261800,0.049783,-0.227328,-0.179253,0.513232,-0.369436,-0.008221,-0.039127,0.048723,0.418404,0.045865,0.719695,0.035978,0.707691,0.471443,-0.035696,0.166170,-0.169261,-0.680570,0.230711,0.872667,-0.479577,0.040718,-0.132740
0.016848,0.072602,0.779296,-0.004891,-0.156525,-0.662164,0.732813,-0.728705,0.237105,0.176769,1.625081,-0.029976,-0.261800,0.049778,-0.227243,-0.179672,0.514424,-0.370306,-0.008625,-0.039788,0.047406,0.418843,0.045625,0.718071,0.033852,0.709497,0.471328,-0.035717,0.166345,-0.167380,-0.679481,0.231598,0.872849,-0.479638,0.041060,-0.133093
0.016813,0.072290,0.779165,-0.005039,-0.156433,-0.661938,0.733036,-0.728321,0.235816,0.175812,1.624815,-0.030017,-0.261800,0.049925,-0.226934,-0.180271,0.515558,-0.371069,-0.009392,-0.040555,0.046223,0.419428,0.045295,0.716594,0.031729,0.711528,0.471092,-0.035597,0.166503,-0.165549,-0.678558,0.232579,0.872903,-0.479821,0.041241,-0.133490
0.016805,0.071990,0.779035,-0.005334,-0.156290,-0.661694,0.733284,-0.727965,0.234774,0.174575,1.624737,-0.030129,-0.261800,0.050273,-0.226359,-0.181093,0.516659,-0.371703,-0.010680,-0.041518,0.045326,0.420104,0.044911,0.715031,0.029475,0.713907,0.470962,-0.035164,0.166847,-0.164041,-0.677728,0.233835,0.873126,-0.480228,0.041284,-0.134071
0.016819,0.071733,0.778932,-0.005724,-0.156132,-0.661421,0.733562,-0.727624,0.233913,0.173175,1.624772,-0.030289,-0.261800,0.050836,-0.225632,-0.182121,0.517650,-0.372281,-0.012145,-0.042637,0.044481,0.421009,0.044721,0.713793,0.027438,0.716278,0.470772,-0.034635,0.167124,-0.162297,-0.677172,0.234954,0.872802,-0.480594,0.041152,-0.134611
0.016731,0.071394,0.778824,-0.006147,-0.155957,-0.661122,0.733865,-0.727329,0.233065,0.171664,1.624759,-0.030454,-0.261800,0.051487,-0.224785,-0.183270,0.518535,-0.372796,-0.013684,-0.043808,0.043873,0.421703,0.043857,0.711977,0.024959,0.719479,0.470718,-0.033983,0.167606,-0.160901,-0.676503,0.236412,0.873064,-0.481199,0.040976,-0.135286
0.016646,0.071094,0.778722,-0.006541,-0.155769,-0.660799,0.734192,-0.727108,0.232048,0.170107,1.624544,-0.030583,-0.261800,0.052097,-0.223932,-0.184438,0.519374,-0.373271,-0.015189,-0.044835,0.043096,0.422481,0.043126,0.710359,0.022926,0.722359,0.470215,-0.033603,0.167688,-0.159270,-0.675981,0.237812,0.873084,-0.481853,0.040631,-0.135750
0.016532,0.070817,0.778627,-0.006924,-0.155549,-0.660460,0.734540,-0.726950,0.230877,0.168466,1.624067,-0.030677,-0.261800,0.052665,-0.223026,-0.185618,0.520141,-0.373669,-0.016643,-0.045716,0.042329,0.423116,0.041973,0.708485,0.020923,0.725564,0.469221,-0.033503,0.167504,-0.157612,-0.675428,0.239453,0.873395,-0.482829,0.040127,-0.136154
0.016424,0.070536,0.778525,-0.007298,-0.155322,-0.660099,0.734909,-0.726852,0.229622,0.166734,1.623431,-0.030758,-0.261800,0.053247,-0.222048,-0.186854,0.520841,-0.374007,-0.018101,-0.046402,0.041308,0.423959,0.041001,0.707254,0.019417,0.728374,0.467513,-0.033748,0.166767,-0.155352,-0.675046,0.240800,0.873032,-0.483906,0.039374,-0.136318
0.016303,0.070238,0.778458,-0.007646,-0.155089,-0.659708,0.735306,-0.726830,0.228206,0.164992,1.622677,-0.030801,-0.261800,0.053799,-0.221120,-0.188124,0.521525,-0.374370,-0.019559,-0.047141,0.040431,0.424446,0.039329,0.705232,0.017452,0.732016,0.466131,-0.033834,0.166305,-0.153606,-0.674437,0.242592,0.873492,-0.485101,0.038684,-0.136596
0.016166,0.069945,0.778334,-0.007925,-0.154877,-0.659279,0.735732,-0.726906,0.226550,0.163347,1.621857,-0.030778,-0.261800,0.054261,-0.220344,-0.189416,0.522257,-0.374855,-0.021018,-0.048028,0.039380,0.424951,0.037853,0.702952,0.015821,0.735427,0.465271,-0.033723,0.165946,-0.152078,-0.673789,0.244362,0.873898,-0.486044,0.038098,-0.136763
0.016030,0.069685,0.778210,-0.008105,-0.154700,-0.658816,0.736182,-0.727091,0.224623,0.161815,1.620954,-0.030704,-0.261800,0.054609,-0.219740,-0.190677,0.523009,-0.375490,-0.022475,-0.048899,0.038022,0.425505,0.036454,0.700695,0.014578,0.738622,0.464861,-0.033409,0.165551,-0.150421,-0.673128,0.245830,0.873859,-0.486389,0.037560,-0.136679
0.015872,0.069415,0.778066,-0.008231,-0.154527,-0.658324,0.736656,-0.727372,0.222471,0.160345,1.619952,-0.030579,-0.261800,0.054885,-0.219250,-0.191939,0.523748,-0.376216,-0.023932,-0.049734,0.036454,0.426046,0.035002,0.698366,0.013564,0.741770,0.464751,-0.032962,0.165127,-0.148722,-0.672410,0.247138,0.873630,-0.486380,0.037039,-0.136427
0.015686,0.069136,0.777950,-0.008310,-0.154377,-0.657783,0.737170,-0.727733,0.220114,0.158951,1.618908,-0.030380,-0.261800,0.055073,-0.218912,-0.193271,0.524659,-0.377071,-0.025391,-0.050704,0.034724,0.426541,0.033666,0.696035,0.012534,0.744805,0.464862,-0.032447,0.164802,-0.146948,-0.671657,0.248343,0.873259,-0.486587,0.036622,-0.136169
0.015559,0.068876,0.777822,-0.008356,-0.154266,-0.657170,0.737740,-0.728150,0.217569,0.157637,1.617876,-0.030078,-0.261800,0.055165,-0.218762,-0.194748,0.525902,-0.378073,-0.026858,-0.051866,0.032880,0.427044,0.032501,0.693918,0.011155,0.747629,0.465040,-0.031946,0.164658,-0.145461,-0.670923,0.249620,0.873128,-0.487399,0.036383,-0.136031
0.015386,0.068616,0.777696,-0.008336,-0.154196,-0.656454,0.738392,-0.728681,0.214714,0.156432,1.616837,-0.029599,-0.261800,0.055013,-0.218927,-0.196428,0.527750,-0.379331,-0.028389,-0.053363,0.030765,0.427460,0.031705,0.692237,0.009404,0.750213,0.465209,-0.031484,0.164793,-0.143730,-0.670230,0.250657,0.872716,-0.489249,0.036296,-0.135874
0.015221,0.068316,0.777569,-0.008255,-0.154162,-0.655656,0.739108,-0.729320,0.211589,0.155320,1.615764,-0.028977,-0.261800,0.054692,-0.219342,-0.198262,0.529991,-0.380776,-0.029966,-0.055085,0.028550,0.427671,0.030822,0.690434,0.007108,0.752986,0.465664,-0.030913,0.165339,-0.142334,-0.669361,0.251758,0.872757,-0.491864,0.036402,-0.135804
0.015049,0.068017,0.777448,-0.008188,-0.154152,-0.654831,0.739842,-0.729933,0.208428,0.154264,1.614730,-0.028351,-0.261800,0.054424,-0.219801,-0.200136,0.532299,-0.382282,-0.031486,-0.056775,0.026181,0.428110,0.030288,0.689184,0.004856,0.755147,0.465973,-0.030466,0.165636,-0.140739,-0.668658,0.252714,0.872440,-0.494499,0.036615,-0.135870
0.014884,0.067735,0.777317,-0.008206,-0.154153,-0.654032,0.740548,-0.730408,0.205475,0.153212,1.613797,-0.027849,-0.261800,0.054470,-0.220077,-0.201945,0.534258,-0.383664,-0.032843,-0.058191,0.024072,0.428575,0.029177,0.687695,0.001994,0.757549,0.466405,-0.030000,0.165789,-0.139373,-0.667788,0.253929,0.872717,-0.496901,0.037076,-0.136582
0.014727,0.067463,0.777204,-0.008309,-0.154183,-0.653237,0.741242,-0.730748,0.202718,0.152127,1.612983,-0.027510,-0.261800,0.054895,-0.220139,-0.203705,0.535844,-0.384914,-0.033963,-0.059464,0.022019,0.429530,0.028446,0.686726,-0.000530,0.758979,0.466426,-0.029828,0.165013,-0.137770,-0.667216,0.255003,0.872504,-0.498383,0.037667,-0.137822
0.014525,0.067188,0.777045,-0.008484,-0.154220,-0.652435,0.741939,-0.731012,0.200056,0.151035,1.612262,-0.027263,-0.261800,0.055567,-0.220090,-0.205458,0.537229,-0.386100,-0.034916,-0.060571,0.020212,0.430428,0.027074,0.685553,-0.003812,0.760757,0.466428,-0.029685,0.164009,-0.136241,-0.666530,0.256152,0.872720,-0.499579,0.038496,-0.139682
0.014346,0.066914,0.776906,-0.008701,-0.154289,-0.651677,0.742587,-0.731141,0.197591,0.150012,1.611607,-0.027080,-0.261800,0.056422,-0.219932,-0.207137,0.538393,-0.387216,-0.035809,-0.061477,0.018358,0.431759,0.026158,0.684772,-0.006741,0.761717,0.466562,-0.029578,0.162923,-0.134574,-0.666126,0.257421,0.872608,-0.500873,0.039443,-0.141675
0.014155,0.066672,0.776786,-0.008971,-0.154368,-0.651027,0.743137,-0.731091,0.195434,0.149119,1.611020,-0.026942,-0.261800,0.057412,-0.219651,-0.208681,0.539271,-0.388234,-0.036752,-0.061886,0.016645,0.433189,0.024706,0.683928,-0.010251,0.763043,0.467288,-0.029201,0.162626,-0.133013,-0.665823,0.259268,0.872962,-0.502954,0.040570,-0.143719
0.013959,0.066450,0.776640,-0.009315,-0.154473,-0.650506,0.743568,-0.730771,0.193683,0.148373,1.610527,-0.026896,-0.261800,0.058624,-0.219183,-0.210091,0.539752,-0.389135,-0.037791,-0.061922,0.014889,0.435256,0.023708,0.683357,-0.013438,0.763684,0.468940,-0.028503,0.163223,-0.131490,-0.665760,0.261463,0.873115,-0.506178,0.041884,-0.145799
0.013781,0.066208,0.776534,-0.009734,-0.154596,-0.650081,0.743908,-0.730241,0.192271,0.147729,1.610129,-0.026943,-0.261800,0.060059,-0.218540,-0.211396,0.539879,-0.389925,-0.038859,-0.061580,0.013413,0.437247,0.021802,0.682589,-0.017719,0.765269,0.471193,-0.027468,0.164720,-0.130216,-0.665864,0.264449,0.873977,-0.510060,0.043448,-0.148167
0.013616,0.065996,0.776448,-0.010161,-0.154728,-0.649727,0.744185,-0.729651,0.191005,0.147195,1.609743,-0.026957,-0.261800,0.061539,-0.217845,-0.212578,0.539830,-0.390606,-0.039901,-0.060844,0.011895,0.439586,0.020194,0.681977,-0.021523,0.766060,0.473601,-0.026472,0.166214,-0.128879,-0.666159,0.267686,0.874813,-0.514200,0.045075,-0.150320
0.013439,0.065810,0.776349,-0.010535,-0.154854,-0.649413,0.744427,-0.729167,0.189731,0.146767,1.609303,-0.026828,-0.261800,0.062754,-0.217248,-0.213603,0.540064,-0.391348,-0.040848,-0.059718,0.010725,0.441349,0.017446,0.680915,-0.026107,0.767772,0.475465,-0.025659,0.167510,-0.127980,-0.666952,0.272284,0.876910,-0.517594,0.046686,-0.152035
0.013296,0.065636,0.776276,-0.010846,-0.155002,-0.649144,0.744627,-0.728772,0.188420,0.146492,1.608797,-0.026497,-0.261800,0.063777,-0.216758,-0.214445,0.540458,-0.392029,-0.041685,-0.058157,0.009462,0.443323,0.015172,0.679961,-0.029590,0.768191,0.476840,-0.025326,0.167837,-0.126920,-0.668103,0.277460,0.879054,-0.520388,0.048199,-0.153106
0.013093,0.065447,0.776177,-0.011140,-0.155154,-0.648933,0.744774,-0.728400,0.187157,0.146355,1.608257,-0.026030,-0.261800,0.064677,-0.216314,-0.215122,0.540943,-0.392671,-0.042443,-0.056209,0.008229,0.445328,0.012939,0.679031,-0.032654,0.768056,0.477921,-0.025273,0.167678,-0.125958,-0.669596,0.283495,0.881613,-0.522761,0.049692,-0.153759
0.012895,0.065258,0.776118,-0.011384,-0.155284,-0.648761,0.744894,-0.728141,0.185912,0.146266,1.607686,-0.025508,-0.261800,0.065435,-0.215899,-0.215703,0.541432,-0.393279,-0.043156,-0.054097,0.007043,0.447227,0.010752,0.677999,-0.035523,0.767715,0.478786,-0.025251,0.167602,-0.125281,-0.671372,0.290128,0.884649,-0.525094,0.051158,-0.154021
0.012691,0.065055,0.776072,-0.011539,-0.155372,-0.648602,0.745012,-0.728079,0.184650,0.146141,1.607079,-0.025004,-0.261800,0.066117,-0.215480,-0.216266,0.541665,-0.393761,-0.043859,-0.051977,0.005831,0.448888,0.008865,0.676820,-0.038274,0.767263,0.479583,-0.025011,0.168151,-0.124834,-0.673213,0.296853,0.888054,-0.527946,0.052595,-0.153937
0.012457,0.064846,0.776053,-0.011605,-0.155390,-0.648484,0.745109,-0.728239,0.183382,0.146016,1.606436,-0.024511,-0.261800,0.066548,-0.215109,-0.216741,0.541906,-0.394271,-0.044513,-0.049838,0.004563,0.450241,0.007158,0.675474,-0.041096,0.766922,0.480243,-0.024400,0.169813,-0.124473,-0.675054,0.303641,0.891800,-0.531973,0.054060,-0.153454
0.012244,0.064627,0.776065,-0.011592,-0.155368,-0.648408,0.745180,-0.728567,0.182111,0.145914,1.605747,-0.023992,-0.261800,0.066859,-0.214752,-0.217129,0.541973,-0.394677,-0.045126,-0.047588,0.003250,0.451318,0.005621,0.673975,-0.043891,0.766553,0.480776,-0.023568,0.172202,-0.124096,-0.676918,0.310574,0.895871,-0.536866,0.055538,-0.152596
0.012000,0.064386,0.776066,-0.011534,-0.155298,-0.648318,0.745274,-0.729064,0.180825,0.145745,1.605042,-0.023500,-0.261800,0.067115,-0.214391,-0.217560,0.541886,-0.395012,-0.045755,-0.045392,0.001938,0.452167,0.004239,0.672325,-0.046500,0.766135,0.481280,-0.022719,0.174559,-0.123884,-0.678753,0.317543,0.900224,-0.541596,0.056924,-0.151509
0.011779,0.064129,0.776071,-0.011453,-0.155187,-0.648158,0.745438,-0.729745,0.179504,0.145414,1.604365,-0.023094,-0.261800,0.067408,-0.213999,-0.218166,0.541609,-0.395285,-0.046462,-0.043389,0.000655,0.452833,0.003063,0.670524,-0.048740,0.765576,0.481887,-0.022056,0.176126,-0.124144,-0.680484,0.324530,0.904948,-0.545070,0.058122,-0.150356
0.011521,0.063877,0.776080,-0.011348,-0.155013,-0.647918,0.745684,-0.730667,0.178125,0.144871,1.603726,-0.022802,-0.261800,0.067739,-0.213549,-0.218959,0.541069,-0.395465,-0.047296,-0.041737,-0.000659,0.453159,0.002313,0.668555,-0.050361,0.764793,0.482697,-0.021632,0.176525,-0.124142,-0.682047,0.331266,0.909531,-0.547282,0.058928,-0.149024
0.011280,0.063615,0.776098,-0.011218,-0.154773,-0.647628,0.745988,-0.731804,0.176702,0.144173,1.603102,-0.022590,-0.261800,0.068069,-0.213061,-0.219878,0.540301,-0.395562,-0.048210,-0.040198,-0.001989,0.453266,0.001839,0.666452,-0.051574,0.763757,0.483644,-0.021338,0.176223,-0.124912,-0.683485,0.338482,0.914902,-0.548193,0.059473,-0.147490
0.011025,0.063340,0.776135,-0.011074,-0.154513,-0.647285,0.746341,-0.733039,0.175272,0.143404,1.602475,-0.022405,-0.261800,0.068426,-0.212582,-0.220943,0.539446,-0.395629,-0.049129,-0.038919,-0.003355,0.453207,0.001622,0.664224,-0.052488,0.762720,0.484562,-0.021141,0.175704,-0.125792,-0.684728,0.345259,0.920228,-0.548883,0.060110,-0.146080
0.010789,0.063027,0.776164,-0.010932,-0.154269,-0.646888,0.746738,-0.734238,0.173874,0.142641,1.601815,-0.022191,-0.261800,0.068877,-0.212148,-0.222183,0.538566,-0.395689,-0.049974,-0.038007,-0.004750,0.452996,0.001697,0.661861,-0.053232,0.761892,0.485313,-0.021007,0.175452,-0.125322,-0.685628,0.349939,0.924063,-0.550930,0.061178,-0.145095
0.010532,0.062720,0.776227,-0.010788,-0.154049,-0.646421,0.747190,-0.735429,0.172518,0.141903,1.601118,-0.021909,-0.261800,0.069397,-0.211785,-0.223672,0.537734,-0.395775,-0.050730,-0.036973,-0.006067,0.452908,0.001317,0.659490,-0.054397,0.761480,0.485720,-0.020953,0.175674,-0.125970,-0.686308,0.354248,0.928536,-0.553070,0.063075,-0.144685
0.010274,0.062411,0.776315,-0.010649,-0.153819,-0.645889,0.747699,-0.736663,0.171183,0.141148,1.600415,-0.021605,-0.261800,0.069987,-0.211462,-0.225376,0.536856,-0.395847,-0.051434,-0.036335,-0.007436,0.452545,0.001235,0.657005,-0.055380,0.761326,0.485901,-0.021008,0.176056,-0.124724,-0.686564,0.356118,0.931240,-0.557022,0.065474,-0.144648
0.009989,0.062102,0.776386,-0.010506,-0.153605,-0.645327,0.748230,-0.737848,0.169853,0.140378,1.599665,-0.021319,-0.261800,0.070640,-0.211170,-0.227142,0.535955,-0.395914,-0.052096,-0.035307,-0.008760,0.452412,0.000572,0.654623,-0.056833,0.761365,0.486054,-0.021053,0.176463,-0.126132,-0.686762,0.359178,0.935854,-0.558694,0.067853,-0.144833
0.009697,0.061772,0.776449,-0.010366,-0.153426,-0.644767,0.748751,-0.738887,0.168513,0.139590,1.598870,-0.021116,-0.261800,0.071348,-0.210907,-0.228816,0.535075,-0.395998,-0.052718,-0.034696,-0.010320,0.452135,0.000637,0.652476,-0.057771,0.761157,0.486263,-0.021098,0.176544,-0.125592,-0.686596,0.359807,0.938255,-0.560637,0.069508,-0.144985
0.009417,0.061460,0.776514,-0.010245,-0.153288,-0.644209,0.749261,-0.739726,0.167134,0.138736,1.598019,-0.021078,-0.261800,0.072186,-0.210638,-0.230367,0.534150,-0.396049,-0.053284,-0.034254,-0.011827,0.451817,0.000713,0.650060,-0.058662,0.761124,0.486920,-0.021032,0.176322,-0.124910,-0.686175,0.359171,0.940101,-0.561526,0.070301,-0.145241
0.009127,0.061143,0.776576,-0.010148,-0.153172,-0.643641,0.749774,-0.740437,0.165733,0.137831,1.597133,-0.021155,-0.261800,0.073112,-0.210383,-0.231868,0.533227,-0.396099,-0.053796,-0.033954,-0.013328,0.451474,0.000906,0.647512,-0.059456,0.761143,0.487833,-0.020922,0.175883,-0.124007,-0.685509,0.357277,0.941329,-0.561731,0.070556,-0.145636
0.008809,0.060820,0.776619,-0.010028,-0.153075,-0.643072,0.750284,-0.741084,0.164371,0.136964,1.596198,-0.021193,-0.261800,0.074030,-0.210177,-0.233346,0.532318,-0.396175,-0.054294,-0.033695,-0.014964,0.451118,0.001255,0.645218,-0.060213,0.761103,0.488606,-0.020793,0.175450,-0.122823,-0.684689,0.354518,0.941839,-0.561298,0.070466,-0.145961
0.008522,0.060525,0.776661,-0.009853,-0.152974,-0.642512,0.750787,-0.741757,0.163115,0.136212,1.595208,-0.021037,-0.261800,0.074888,-0.210040,-0.234839,0.531346,-0.396254,-0.054823,-0.033376,-0.016704,0.450672,0.001583,0.643099,-0.061136,0.761155,0.489083,-0.020595,0.175403,-0.121387,-0.683729,0.351281,0.941780,-0.560391,0.070269,-0.146066
0.008221,0.060218,0.776716,-0.009610,-0.152872,-0.641949,0.751292,-0.742488,0.161944,0.135627,1.594144,-0.020575,-0.261800,0.075568,-0.210053,-0.236358,0.530514,-0.396493,-0.055410,-0.033010,-0.018555,0.450107,0.001836,0.641045,-0.062338,0.761358,0.489216,-0.020247,0.176086,-0.119676,-0.682578,0.347287,0.941115,-0.558864,0.069923,-0.145839
0.007937,0.059873,0.776765,-0.009323,-0.152772,-0.641384,0.751798,-0.743228,0.160840,0.135149,1.593010,-0.019905,-0.261800,0.076234,-0.210147,-0.237905,0.529581,-0.396729,-0.056036,-0.032478,-0.020354,0.449355,0.001578,0.638671,-0.064109,0.762122,0.489350,-0.019694,0.177423,-0.117663,-0.681019,0.342219,0.940102,-0.556950,0.069399,-0.145488
0.007655,0.059539,0.776821,-0.009015,-0.152659,-0.640844,0.752286,-0.743942,0.159857,0.134718,1.591869,-0.019226,-0.261800,0.076800,-0.210254,-0.239404,0.528728,-0.396999,-0.056634,-0.032077,-0.022352,0.448633,0.001925,0.636891,-0.065457,0.762433,0.489105,-0.019264,0.178499,-0.115960,-0.679668,0.337730,0.938703,-0.554191,0.068752,-0.144996
0.007344,0.059160,0.776857,-0.008712,-0.152515,-0.640361,0.752729,-0.744587,0.159052,0.134270,1.590768,-0.018726,-0.261800,0.077275,-0.210278,-0.240808,0.527941,-0.397237,-0.057143,-0.031338,-0.024145,0.447731,0.001773,0.634819,-0.067138,0.763265,0.489214,-0.018842,0.179241,-0.114261,-0.678048,0.333583,0.937556,-0.551820,0.068290,-0.144809
0.007042,0.058797,0.776905,-0.008407,-0.152327,-0.639946,0.753124,-0.745211,0.158432,0.133751,1.589724,-0.018483,-0.261800,0.077584,-0.210179,-0.242095,0.527282,-0.397438,-0.057559,-0.030890,-0.025996,0.446694,0.002619,0.633199,-0.067914,0.763528,0.489241,-0.018719,0.178996,-0.112222,-0.676745,0.330269,0.935577,-0.549485,0.067921,-0.144709
0.006728,0.058427,0.776953,-0.008113,-0.152085,-0.639585,0.753482,-0.745815,0.157971,0.133205,1.588703,-0.018382,-0.261800,0.077769,-0.210004,-0.243299,0.526691,-0.397610,-0.057911,-0.030447,-0.027632,0.445302,0.003347,0.630974,-0.068658,0.764273,0.489757,-0.018576,0.178526,-0.108853,-0.674885,0.325913,0.932654,-0.548503,0.067689,-0.144870
0.006424,0.058005,0.777000,-0.007816,-0.151849,-0.639258,0.753811,-0.746293,0.157677,0.132716,1.587703,-0.018354,-0.261800,0.077934,-0.209813,-0.244430,0.526142,-0.397789,-0.058189,-0.029789,-0.029367,0.444191,0.004303,0.629444,-0.069297,0.764536,0.489920,-0.018569,0.177668,-0.107623,-0.673679,0.324138,0.931037,-0.545670,0.067435,-0.144999
0.006156,0.057652,0.777003,-0.007544,-0.151642,-0.638950,0.754116,-0.746565,0.157577,0.132348,1.586773,-0.018308,-0.261800,0.078217,-0.209630,-0.245508,0.525538,-0.397973,-0.058390,-0.029176,-0.030910,0.442880,0.004872,0.627151,-0.070284,0.765457,0.490479,-0.018340,0.177251,-0.106422,-0.671853,0.322380,0.929964,-0.544340,0.067245,-0.145412
0.005889,0.057269,0.777030,-0.007298,-0.151495,-0.638663,0.754391,-0.746540,0.157719,0.132173,1.585911,-0.018263,-0.261800,0.078684,-0.209481,-0.246537,0.524880,-0.398173,-0.058455,-0.028497,-0.032555,0.441859,0.005642,0.625375,-0.071285,0.766015,0.490587,-0.018085,0.176846,-0.106012,-0.670433,0.321870,0.929298,-0.543029,0.066901,-0.145803
0.005617,0.056908,0.777060,-0.007076,-0.151379,-0.638403,0.754637,-0.746290,0.158079,0.132137,1.585107,-0.018249,-0.261800,0.079251,-0.209341,-0.247507,0.524211,-0.398386,-0.058409,-0.027987,-0.034233,0.440873,0.006889,0.623856,-0.072047,0.766276,0.490424,-0.017849,0.176340,-0.104370,-0.669126,0.320807,0.927380,-0.543103,0.066428,-0.146162
0.005295,0.056448,0.777059,-0.006861,-0.151262,-0.638163,0.754865,-0.745933,0.158552,0.132132,1.584323,-0.018222,-0.261800,0.079839,-0.209181,-0.248419,0.523494,-0.398593,-0.058360,-0.027350,-0.035718,0.439628,0.007397,0.621629,-0.073434,0.767468,0.490739,-0.017453,0.176198,-0.103417,-0.667120,0.320274,0.926661,-0.543819,0.066137,-0.146826
0.005027,0.056063,0.777065,-0.006633,-0.151117,-0.637938,0.755086,-0.745594,0.159023,0.132054,1.583545,-0.018150,-0.261800,0.080339,-0.208986,-0.249262,0.522770,-0.398817,-0.058417,-0.026930,-0.037281,0.438459,0.008614,0.620064,-0.074471,0.768059,0.490778,-0.017358,0.175705,-0.101725,-0.665603,0.319771,0.924870,-0.544367,0.065864,-0.147200
0.004765,0.055669,0.777067,-0.006389,-0.150935,-0.637737,0.755294,-0.745293,0.159504,0.131849,1.582749,-0.017976,-0.261800,0.080747,-0.208704,-0.250017,0.521957,-0.399029,-0.058632,-0.026317,-0.038719,0.437191,0.009475,0.618376,-0.075946,0.769028,0.491076,-0.017421,0.175248,-0.101164,-0.663942,0.320532,0.924301,-0.544007,0.065855,-0.147675
0.004519,0.055247,0.777095,-0.006135,-0.150735,-0.637557,0.755488,-0.744968,0.160040,0.131581,1.581956,-0.017739,-0.261800,0.081107,-0.208360,-0.250693,0.521088,-0.399241,-0.058937,-0.025962,-0.040098,0.435653,0.010463,0.616481,-0.077431,0.770311,0.491549,-0.017595,0.174825,-0.100672,-0.661932,0.321734,0.923996,-0.544048,0.066016,-0.148252
0.004288,0.054830,0.777129,-0.005865,-0.150532,-0.637383,0.755678,-0.744618,0.160573,0.131325,1.581185,-0.017525,-0.261800,0.081407,-0.208047,-0.251336,0.520269,-0.399477,-0.059270,-0.025637,-0.041512,0.434138,0.011571,0.614825,-0.078958,0.771488,0.492055,-0.017808,0.174346,-0.100348,-0.660050,0.323344,0.923741,-0.543993,0.066205,-0.148682
0.004042,0.054401,0.777165,-0.005574,-0.150333,-0.637193,0.755880,-0.744238,0.161050,0.131158,1.580453,-0.017424,-0.261800,0.081639,-0.207857,-0.251990,0.519609,-0.399760,-0.059563,-0.025344,-0.042960,0.432607,0.012566,0.613283,-0.080691,0.772762,0.492708,-0.017880,0.173951,-0.100145,-0.658192,0.325074,0.923586,-0.544148,0.066355,-0.148890
0.003814,0.053978,0.777198,-0.005231,-0.150169,-0.636975,0.756098,-0.743788,0.161496,0.131197,1.579704,-0.017480,-0.261800,0.081744,-0.207853,-0.252668,0.519259,-0.400144,-0.059822,-0.025168,-0.044465,0.431084,0.013557,0.612000,-0.082453,0.774059,0.492500,-0.018038,0.173339,-0.099054,-0.656547,0.326147,0.922529,-0.545302,0.066452,-0.148745
0.003583,0.053582,0.777251,-0.004867,-0.150002,-0.636745,0.756328,-0.743296,0.161932,0.131367,1.578975,-0.017626,-0.261800,0.081763,-0.207969,-0.253351,0.519080,-0.400580,-0.060075,-0.024974,-0.045968,0.429324,0.014052,0.610508,-0.084675,0.776035,0.492010,-0.018145,0.172822,-0.098522,-0.654498,0.327677,0.922338,-0.546920,0.066650,-0.148579
0.003369,0.053171,0.777289,-0.004494,-0.149838,-0.636517,0.756555,-0.742819,0.162272,0.131461,1.578343,-0.017827,-0.261800,0.081769,-0.208111,-0.254018,0.518904,-0.401016,-0.060289,-0.024888,-0.047474,0.427564,0.014660,0.609125,-0.087038,0.777889,0.492831,-0.017902,0.172633,-0.097688,-0.652461,0.328919,0.921819,-0.548711,0.066745,-0.148206
0.003175,0.052755,0.777318,-0.004130,-0.149666,-0.636306,0.756768,-0.742415,0.162433,0.131278,1.577878,-0.018032,-0.261800,0.081857,-0.208187,-0.254658,0.518513,-0.401376,-0.060433,-0.024795,-0.048914,0.425758,0.015122,0.607652,-0.089937,0.779793,0.496856,-0.016835,0.173338,-0.097084,-0.650195,0.330074,0.921623,-0.550050,0.066674,-0.147743
0.002971,0.052355,0.777339,-0.003782,-0.149483,-0.636116,0.756966,-0.742090,0.162316,0.130724,1.577580,-0.018257,-0.261800,0.082065,-0.208183,-0.255283,0.517828,-0.401643,-0.060427,-0.024791,-0.050276,0.424007,0.015746,0.606201,-0.093276,0.781311,0.505282,-0.014623,0.175237,-0.096269,-0.647905,0.330671,0.921141,-0.551163,0.066386,-0.147078
0.002763,0.051927,0.777375,-0.003431,-0.149297,-0.635936,0.757155,-0.741812,0.161993,0.129918,1.577408,-0.018517,-0.261800,0.082362,-0.208142,-0.255899,0.516920,-0.401831,-0.060310,-0.024795,-0.051557,0.422208,0.016158,0.604665,-0.097220,0.782916,0.516929,-0.011497,0.178066,-0.095546,-0.645418,0.331019,0.920840,-0.552169,0.065972,-0.146290
0.002598,0.051533,0.777401,-0.003094,-0.149099,-0.635773,0.757332,-0.741594,0.161632,0.128983,1.577415,-0.018775,-0.261800,0.082651,-0.208059,-0.256466,0.515992,-0.402003,-0.060233,-0.024734,-0.052777,0.420400,0.016428,0.603117,-0.101483,0.784632,0.529846,-0.008057,0.181100,-0.094811,-0.642898,0.331374,0.920604,-0.552565,0.065388,-0.145375
0.002410,0.051127,0.777432,-0.002764,-0.148898,-0.635629,0.757495,-0.741454,0.161403,0.128038,1.577640,-0.018989,-0.261800,0.082836,-0.207931,-0.256946,0.515240,-0.402224,-0.060347,-0.024554,-0.053906,0.418606,0.016524,0.601570,-0.105843,0.786595,0.542089,-0.004914,0.183663,-0.093825,-0.640438,0.331849,0.920211,-0.551981,0.064599,-0.144331
0.002231,0.050731,0.777470,-0.002464,-0.148663,-0.635503,0.757647,-0.741443,0.161325,0.127026,1.578155,-0.019137,-0.261800,0.082863,-0.207727,-0.257307,0.514737,-0.402506,-0.060802,-0.024200,-0.054910,0.416760,0.016193,0.600004,-0.110650,0.789122,0.554453,-0.002043,0.185886,-0.092731,-0.638003,0.332709,0.919895,-0.549929,0.063672,-0.143292
0.002053,0.050347,0.777524,-0.002178,-0.148412,-0.635396,0.757787,-0.741544,0.161313,0.125911,1.578921,-0.019245,-0.261800,0.082775,-0.207460,-0.257576,0.514411,-0.402843,-0.061481,-0.023705,-0.055800,0.414862,0.015500,0.598382,-0.115916,0.792085,0.567553,0.000832,0.188035,-0.091689,-0.635545,0.333918,0.919788,-0.546661,0.062610,-0.142221
0.001878,0.049936,0.777580,-0.001893,-0.148173,-0.635307,0.757909,-0.741633,0.161394,0.124849,1.579799,-0.019342,-0.261800,0.082710,-0.207185,-0.257810,0.514045,-0.403146,-0.062135,-0.023179,-0.056649,0.412990,0.014854,0.596672,-0.120918,0.795059,0.579194,0.003435,0.189701,-0.090414,-0.633096,0.334981,0.919518,-0.543154,0.061288,-0.140886
0.001737,0.049513,0.777625,-0.001609,-0.147958,-0.635239,0.758008,-0.741600,0.161587,0.123998,1.580653,-0.019463,-0.261800,0.082771,-0.206958,-0.258061,0.513485,-0.403369,-0.062518,-0.022649,-0.057525,0.411178,0.014479,0.594740,-0.125088,0.797802,0.587252,0.005525,0.190566,-0.089118,-0.630584,0.335806,0.919276,-0.540112,0.059618,-0.139122
0.001559,0.049111,0.777687,-0.001334,-0.147771,-0.635194,0.758083,-0.741421,0.161970,0.123430,1.581507,-0.019626,-0.261800,0.083017,-0.206786,-0.258377,0.512659,-0.403500,-0.062543,-0.022268,-0.058431,0.409462,0.014569,0.592535,-0.128113,0.800167,0.590816,0.007127,0.190367,-0.087603,-0.627970,0.335973,0.918801,-0.537958,0.057384,-0.136631
0.001390,0.048733,0.777751,-0.001058,-0.147611,-0.635168,0.758137,-0.741128,0.162498,0.123061,1.582358,-0.019809,-0.261800,0.083382,-0.206641,-0.258719,0.511659,-0.403566,-0.062350,-0.021958,-0.059340,0.407828,0.015019,0.590133,-0.130310,0.802230,0.591172,0.008325,0.189354,-0.085954,-0.625337,0.335771,0.918177,-0.536129,0.054702,-0.133585
0.001250,0.048344,0.777821,-0.000768,-0.147474,-0.635162,0.758169,-0.740780,0.163049,0.122774,1.583226,-0.019993,-0.261800,0.083791,-0.206534,-0.259010,0.510565,-0.403559,-0.062024,-0.021607,-0.060215,0.406022,0.015284,0.587182,-0.132187,0.804720,0.589595,0.009049,0.188131,-0.084706,-0.622272,0.335892,0.918310,-0.534580,0.052023,-0.130655
0.001118,0.047966,0.777854,-0.000467,-0.147339,-0.635179,0.758181,-0.740430,0.163493,0.122453,1.584117,-0.020161,-0.261800,0.084130,-0.206486,-0.259169,0.509555,-0.403537,-0.061657,-0.021172,-0.061128,0.404204,0.015707,0.584164,-0.133649,0.807102,0.586937,0.008987,0.186910,-0.083489,-0.619295,0.336649,0.918535,-0.532897,0.049652,-0.128172
0.000955,0.047582,0.777900,-0.000125,-0.147231,-0.635217,0.758171,-0.740062,0.163728,0.122052,1.585023,-0.020329,-0.261800,0.084393,-0.206531,-0.259150,0.508626,-0.403468,-0.061178,-0.020550,-0.062102,0.402361,0.016293,0.581031,-0.134597,0.809330,0.582307,0.007572,0.185686,-0.082135,-0.616404,0.337936,0.918829,-0.531036,0.047595,-0.126261
0.000823,0.047207,0.777942,0.000242,-0.147147,-0.635274,0.758139,-0.739667,0.163848,0.121636,1.585949,-0.020497,-0.261800,0.084636,-0.206646,-0.259006,0.507704,-0.403343,-0.060573,-0.019810,-0.063107,0.400520,0.017020,0.577745,-0.135014,0.811442,0.575520,0.005090,0.184280,-0.080737,-0.613575,0.339638,0.919210,-0.529057,0.045685,-0.124665
0.000697,0.046851,0.777998,0.000610,-0.147061,-0.635356,0.758086,-0.739267,0.164002,0.121269,1.586895,-0.020631,-0.261800,0.084838,-0.206776,-0.258795,0.506814,-0.403211,-0.060009,-0.019060,-0.064073,0.398651,0.017852,0.574343,-0.135215,0.813543,0.568793,0.002632,0.182845,-0.079325,-0.610803,0.341784,0.919579,-0.527231,0.044024,-0.123294
0.000570,0.046480,0.778069,0.000975,-0.146969,-0.635465,0.758013,-0.738888,0.164337,0.121012,1.587842,-0.020689,-0.261800,0.085008,-0.206863,-0.258582,0.505923,-0.403082,-0.059650,-0.018365,-0.064943,0.396746,0.018687,0.570902,-0.135573,0.815767,0.564321,0.001281,0.181553,-0.078110,-0.608115,0.344587,0.919984,-0.525618,0.042721,-0.122067
0.000457,0.046128,0.778149,0.001325,-0.146852,-0.635612,0.757912,-0.738555,0.164950,0.120943,1.588824,-0.020607,-0.261800,0.085101,-0.206899,-0.258369,0.505077,-0.402985,-0.059617,-0.017718,-0.065709,0.394775,0.019525,0.567461,-0.136173,0.818122,0.563198,0.001573,0.180438,-0.076983,-0.605528,0.348141,0.920301,-0.524311,0.041945,-0.121037
0.000312,0.045755,0.778237,0.001667,-0.146720,-0.635793,0.757785,-0.738245,0.165743,0.121007,1.589827,-0.020426,-0.261800,0.085102,-0.206918,-0.258122,0.504332,-0.402931,-0.059798,-0.017048,-0.066405,0.392769,0.020395,0.564004,-0.136850,0.820531,0.564082,0.002838,0.179414,-0.076000,-0.603037,0.352450,0.920642,-0.523081,0.041592,-0.120226
0.000208,0.045369,0.778320,0.002011,-0.146600,-0.635982,0.757649,-0.737941,0.166576,0.121068,1.590844,-0.020262,-0.261800,0.085145,-0.206906,-0.257863,0.503494,-0.402828,-0.060008,-0.016455,-0.067040,0.390746,0.021357,0.560523,-0.137501,0.822985,0.565484,0.004342,0.178469,-0.074930,-0.600574,0.356882,0.920866,-0.522278,0.041336,-0.119477
0.000117,0.045040,0.778430,0.002338,-0.146488,-0.636160,0.757520,-0.737580,0.167296,0.120999,1.591768,-0.020227,-0.261800,0.085330,-0.206859,-0.257613,0.502448,-0.402634,-0.060065,-0.015933,-0.067634,0.388753,0.022352,0.557046,-0.138136,0.825522,0.565916,0.005356,0.177604,-0.073901,-0.598114,0.361163,0.921151,-0.521844,0.040860,-0.118659
-0.000022,0.044682,0.778518,0.002633,-0.146374,-0.636335,0.757394,-0.737162,0.167905,0.120733,1.592643,-0.020374,-0.261800,0.085703,-0.206728,-0.257345,0.501077,-0.402296,-0.059878,-0.015465,-0.068166,0.386800,0.023394,0.553563,-0.138683,0.828147,0.565157,0.005737,0.176906,-0.072762,-0.595598,0.365030,0.921363,-0.522003,0.039969,-0.117602
-0.000149,0.044349,0.778605,0.002921,-0.146272,-0.636512,0.757263,-0.736709,0.168468,0.120348,1.593485,-0.020634,-0.261800,0.086198,-0.206534,-0.257058,0.499488,-0.401862,-0.059558,-0.015018,-0.068644,0.384861,0.024488,0.550074,-0.139193,0.830842,0.563957,0.005857,0.176347,-0.071511,-0.593016,0.368676,0.921495,-0.522704,0.038869,-0.116428
-0.000263,0.044024,0.778701,0.003204,-0.146187,-0.636668,0.757148,-0.736227,0.168939,0.119931,1.594247,-0.020947,-0.261800,0.086760,-0.206367,-0.256810,0.497861,-0.401407,-0.059224,-0.014638,-0.069120,0.382924,0.025574,0.546650,-0.139829,0.833634,0.562216,0.005767,0.175753,-0.070348,-0.590419,0.372374,0.921753,-0.523640,0.037843,-0.115431
-0.000382,0.043689,0.778815,0.003493,-0.146138,-0.636780,0.757062,-0.735725,0.169281,0.119567,1.594893,-0.021263,-0.261800,0.087316,-0.206328,-0.256660,0.496412,-0.401027,-0.058996,-0.014386,-0.069627,0.380984,0.026660,0.543358,-0.140714,0.836473,0.559837,0.005504,0.174932,-0.069180,-0.587817,0.376126,0.922074,-0.524719,0.037161,-0.114875
-0.000477,0.043340,0.778923,0.003801,-0.146146,-0.636827,0.757019,-0.735158,0.169461,0.119305,1.595378,-0.021598,-0.261800,0.087890,-0.206477,-0.256658,0.495195,-0.400747,-0.058882,-0.014267,-0.070223,0.379054,0.027698,0.540274,-0.141978,0.839407,0.556348,0.004897,0.173810,-0.068196,-0.585270,0.380250,0.922649,-0.526028,0.036991,-0.115065
-0.000621,0.043030,0.779035,0.004117,-0.146197,-0.636828,0.757007,-0.734535,0.169503,0.119090,1.595734,-0.021975,-0.261800,0.088512,-0.206750,-0.256762,0.494079,-0.400502,-0.058825,-0.014234,-0.070885,0.377178,0.028820,0.537459,-0.143465,0.842265,0.551907,0.003958,0.172439,-0.067072,-0.582819,0.384405,0.923099,-0.527680,0.037138,-0.115734
-0.000737,0.042730,0.779164,0.004445,-0.146269,-0.636808,0.757008,-0.733962,0.169465,0.118850,1.596043,-0.022328,-0.261800,0.089101,-0.207059,-0.256891,0.493058,-0.400299,-0.058850,-0.014261,-0.071545,0.375293,0.029924,0.534755,-0.145087,0.845165,0.547417,0.003081,0.170949,-0.065996,-0.580334,0.388471,0.923619,-0.529086,0.037384,-0.116420
-0.000855,0.042425,0.779286,0.004747,-0.146302,-0.636795,0.757010,-0.733528,0.169387,0.118511,1.596358,-0.022585,-0.261800,0.089598,-0.207316,-0.256966,0.492080,-0.400113,-0.058980,-0.014306,-0.072133,0.373367,0.030946,0.532080,-0.146741,0.848143,0.543745,0.002639,0.169447,-0.064946,-0.577714,0.392161,0.924175,-0.529741,0.037498,-0.116638
-0.000973,0.042151,0.779400,0.005056,-0.146322,-0.636780,0.757018,-0.733281,0.169229,0.118046,1.596724,-0.022683,-0.261800,0.089971,-0.207534,-0.256975,0.491190,-0.399989,-0.059295,-0.014339,-0.072666,0.371435,0.031930,0.529544,-0.148437,0.851069,0.541231,0.002900,0.167767,-0.063605,-0.575056,0.395164,0.924390,-0.529339,0.037402,-0.116090
-0.001063,0.041864,0.779494,0.005368,-0.146336,-0.636749,0.757038,-0.733168,0.168985,0.117495,1.597101,-0.022670,-0.261800,0.090262,-0.207748,-0.256960,0.490380,-0.399905,-0.059758,-0.014363,-0.073164,0.369498,0.032837,0.527143,-0.150264,0.854014,0.539372,0.003613,0.165930,-0.062130,-0.572369,0.397749,0.924455,-0.528156,0.037231,-0.115099
-0.001204,0.041623,0.779578,0.005661,-0.146327,-0.636738,0.757048,-0.733121,0.168753,0.116894,1.597434,-0.022665,-0.261800,0.090509,-0.207898,-0.256912,0.489560,-0.399796,-0.060220,-0.014346,-0.073595,0.367591,0.033718,0.524859,-0.152109,0.856931,0.537702,0.004306,0.164203,-0.060578,-0.569646,0.399980,0.924443,-0.526784,0.037014,-0.113999
-0.001329,0.041392,0.779694,0.005925,-0.146288,-0.636772,0.757025,-0.733082,0.168635,0.116274,1.597688,-0.022786,-0.261800,0.090744,-0.207922,-0.256831,0.488640,-0.399588,-0.060538,-0.014255,-0.073928,0.365742,0.034648,0.522667,-0.153847,0.859753,0.535774,0.004508,0.162851,-0.059028,-0.566888,0.401940,0.924454,-0.525802,0.036785,-0.113121
-0.001455,0.041183,0.779770,0.006143,-0.146204,-0.636863,0.756962,-0.733046,0.168645,0.115583,1.597848,-0.023119,-0.261800,0.090996,-0.207759,-0.256721,0.487548,-0.399221,-0.060659,-0.014107,-0.074124,0.363961,0.035650,0.520547,-0.155474,0.862502,0.533231,0.003903,0.162177,-0.057473,-0.564083,0.403518,0.924463,-0.525580,0.036582,-0.112575
-0.001591,0.040994,0.779843,0.006328,-0.146088,-0.636995,0.756872,-0.733052,0.168735,0.114821,1.597950,-0.023585,-0.261800,0.091221,-0.207465,-0.256574,0.486388,-0.398769,-0.060665,-0.013911,-0.074212,0.362226,0.036711,0.518496,-0.157024,0.865182,0.530425,0.002804,0.161964,-0.055904,-0.561238,0.404737,0.924461,-0.525726,0.036378,-0.112181
-0.001733,0.040796,0.779929,0.006508,-0.145958,-0.637154,0.756762,-0.733060,0.168907,0.114113,1.597966,-0.024041,-0.261800,0.091420,-0.207122,-0.256393,0.485172,-0.398270,-0.060611,-0.013663,-0.074248,0.360528,0.037743,0.516543,-0.158496,0.867801,0.527860,0.001694,0.161699,-0.054400,-0.558376,0.405873,0.924551,-0.525714,0.036109,-0.111833
-0.001879,0.040655,0.780004,0.006706,-0.145835,-0.637330,0.756635,-0.733043,0.169161,0.113584,1.597879,-0.024345,-0.261800,0.091589,-0.206816,-0.256180,0.483922,-0.397764,-0.060551,-0.013388,-0.074301,0.358855,0.038746,0.514720,-0.159814,0.870305,0.526064,0.001043,0.160861,-0.052903,-0.555504,0.407057,0.924726,-0.525174,0.035711,-0.111416
-0.002012,0.040493,0.780087,0.006938,-0.145721,-0.637525,0.756491,-0.733003,0.169511,0.113288,1.597685,-0.024437,-0.261800,0.091693,-0.206588,-0.255903,0.482685,-0.397303,-0.060486,-0.013097,-0.074409,0.357204,0.039771,0.513057,-0.160893,0.872571,0.525450,0.001041,0.159016,-0.051498,-0.552632,0.408291,0.925055,-0.523727,0.035094,-0.110926
-0.002190,0.040366,0.780177,0.007191,-0.145610,-0.637742,0.756328,-0.732952,0.169955,0.113152,1.597384,-0.024398,-0.261800,0.091723,-0.206392,-0.255567,0.481477,-0.396870,-0.060392,-0.012799,-0.074532,0.355589,0.040839,0.511553,-0.161764,0.874629,0.525632,0.001406,0.156530,-0.050110,-0.549733,0.409451,0.925438,-0.521727,0.034316,-0.110407
-0.002348,0.040202,0.780267,0.007448,-0.145504,-0.637973,0.756150,-0.732879,0.170464,0.113107,1.597011,-0.024312,-0.261800,0.091755,-0.206184,-0.255231,0.480210,-0.396386,-0.060288,-0.012450,-0.074669,0.354007,0.041863,0.510194,-0.162572,0.876673,0.525972,0.001925,0.154102,-0.048812,-0.546854,0.410838,0.925968,-0.519581,0.033535,-0.109845
-0.002477,0.040086,0.780348,0.007672,-0.145383,-0.638211,0.755971,-0.732773,0.171013,0.113090,1.596586,-0.024266,-0.261800,0.091846,-0.205925,-0.254944,0.478816,-0.395779,-0.060189,-0.012029,-0.074796,0.352456,0.042813,0.508935,-0.163411,0.878846,0.525867,0.002384,0.152429,-0.047550,-0.544025,0.412643,0.926608,-0.517789,0.032905,-0.109217
-0.002653,0.039987,0.780438,0.007866,-0.145249,-0.638457,0.755787,-0.732629,0.171616,0.113096,1.596086,-0.024280,-0.261800,0.091978,-0.205599,-0.254732,0.477302,-0.395044,-0.060159,-0.011541,-0.074898,0.350918,0.043608,0.507752,-0.164370,0.881312,0.525225,0.002827,0.151936,-0.046337,-0.541281,0.414932,0.927341,-0.516499,0.032498,-0.108555
-0.002797,0.039890,0.780547,0.008050,-0.145114,-0.638713,0.755595,-0.732452,0.172282,0.113151,1.595509,-0.024312,-0.261800,0.092152,-0.205222,-0.254567,0.475647,-0.394187,-0.060171,-0.010989,-0.074973,0.349401,0.044295,0.506637,-0.165366,0.883945,0.524373,0.003337,0.152178,-0.045211,-0.538642,0.417631,0.928198,-0.515393,0.032222,-0.107858
-0.002953,0.039799,0.780669,0.008206,-0.144971,-0.638975,0.755399,-0.732255,0.172979,0.113244,1.594913,-0.024340,-0.261800,0.092361,-0.204825,-0.254407,0.473957,-0.393274,-0.060101,-0.010334,-0.074953,0.348054,0.044978,0.505689,-0.166312,0.886369,0.523171,0.003724,0.152491,-0.043685,-0.536430,0.420418,0.928583,-0.514314,0.031954,-0.106948
-0.003108,0.039755,0.780768,0.008352,-0.144855,-0.639232,0.755202,-0.732030,0.173676,0.113368,1.594344,-0.024332,-0.261800,0.092642,-0.204426,-0.254218,0.472245,-0.392317,-0.059827,-0.009722,-0.074929,0.346630,0.045578,0.504599,-0.167119,0.888919,0.521719,0.003931,0.152450,-0.042790,-0.533827,0.423923,0.929959,-0.513124,0.031680,-0.105983
-0.003273,0.039696,0.780880,0.008463,-0.144760,-0.639486,0.755004,-0.731761,0.174409,0.113552,1.593828,-0.024274,-0.261800,0.093046,-0.204034,-0.254015,0.470499,-0.391306,-0.059203,-0.008936,-0.074794,0.345496,0.046243,0.503741,-0.167707,0.890964,0.519822,0.003796,0.151662,-0.041368,-0.531783,0.427453,0.930774,-0.511603,0.031264,-0.104621
-0.003439,0.039660,0.780949,0.008555,-0.144691,-0.639737,0.754804,-0.731442,0.175177,0.113794,1.593321,-0.024178,-0.261800,0.093557,-0.203631,-0.253810,0.468683,-0.390223,-0.058332,-0.008234,-0.074652,0.344310,0.046912,0.502768,-0.168037,0.893086,0.517694,0.003501,0.150632,-0.040507,-0.529435,0.431713,0.932466,-0.509982,0.030845,-0.103164
-0.003628,0.039615,0.781025,0.008645,-0.144624,-0.639988,0.754603,-0.731131,0.175905,0.114023,1.592820,-0.024079,-0.261800,0.094027,-0.203228,-0.253552,0.466937,-0.389160,-0.057466,-0.007561,-0.074508,0.343135,0.047607,0.501826,-0.168307,0.895104,0.515266,0.003072,0.149478,-0.039923,-0.527012,0.436464,0.934537,-0.508364,0.030463,-0.101667
-0.003786,0.039583,0.781116,0.008751,-0.144544,-0.640238,0.754404,-0.730887,0.176510,0.114165,1.592321,-0.024024,-0.261800,0.094315,-0.202824,-0.253189,0.465398,-0.388197,-0.056860,-0.006791,-0.074295,0.342065,0.048272,0.501068,-0.168821,0.896836,0.512415,0.002524,0.148305,-0.038964,-0.524950,0.441216,0.936081,-0.506913,0.030143,-0.100129
-0.003960,0.039569,0.781196,0.008861,-0.144435,-0.640490,0.754210,-0.730720,0.176947,0.114158,1.591825,-0.024021,-0.261800,0.094394,-0.202396,-0.252666,0.464095,-0.387343,-0.056591,-0.006048,-0.074022,0.340996,0.048911,0.500405,-0.169657,0.898424,0.508853,0.001816,0.147181,-0.038099,-0.522995,0.446352,0.937686,-0.505511,0.029936,-0.098572
-0.004151,0.039565,0.781318,0.008988,-0.144326,-0.640738,0.754019,-0.730599,0.177262,0.114054,1.591318,-0.024051,-0.261800,0.094342,-0.201952,-0.252024,0.462953,-0.386558,-0.056520,-0.005438,-0.073771,0.339817,0.049613,0.499736,-0.170575,0.899988,0.504785,0.000975,0.146074,-0.037801,-0.520724,0.452189,0.940029,-0.504160,0.029836,-0.097066
-0.004304,0.039552,0.781422,0.009126,-0.144204,-0.640990,0.753826,-0.730530,0.177537,0.113956,1.590857,-0.024083,-0.261800,0.094141,-0.201542,-0.251358,0.461988,-0.385851,-0.056573,-0.004657,-0.073500,0.338753,0.050202,0.499233,-0.171608,0.901353,0.500744,0.000117,0.144917,-0.037090,-0.518802,0.457905,0.941828,-0.503113,0.029761,-0.095591
-0.004460,0.039587,0.781541,0.009300,-0.144087,-0.641248,0.753627,-0.730511,0.177852,0.113962,1.590490,-0.024089,-0.261800,0.093810,-0.201211,-0.250769,0.461143,-0.385209,-0.056676,-0.003642,-0.073233,0.337836,0.050623,0.498835,-0.172582,0.902544,0.497415,-0.000593,0.143748,-0.035726,-0.517361,0.463202,0.942727,-0.502668,0.029679,-0.094277
-0.004626,0.039630,0.781613,0.009524,-0.143958,-0.641509,0.753427,-0.730580,0.178217,0.114132,1.590225,-0.024029,-0.261800,0.093291,-0.201008,-0.250335,0.460456,-0.384642,-0.056897,-0.003076,-0.073297,0.336456,0.051263,0.498158,-0.172856,0.904044,0.495314,-0.000946,0.142657,-0.035910,-0.515012,0.470127,0.945444,-0.502909,0.029749,-0.093640
-0.004780,0.039660,0.781700,0.009791,-0.143826,-0.641771,0.753225,-0.730731,0.178599,0.114395,1.590049,-0.023937,-0.261800,0.092599,-0.200888,-0.249988,0.459926,-0.384149,-0.057245,-0.002209,-0.073375,0.335197,0.051626,0.497601,-0.173162,0.905425,0.493846,-0.001147,0.141478,-0.035522,-0.513046,0.476793,0.947464,-0.503869,0.029846,-0.093193
-0.004974,0.039696,0.781778,0.010063,-0.143700,-0.642044,0.753013,-0.730875,0.178990,0.114688,1.589941,-0.023862,-0.261800,0.091841,-0.200786,-0.249601,0.459506,-0.383712,-0.057558,-0.001284,-0.073435,0.334052,0.051989,0.497073,-0.173430,0.906661,0.492660,-0.001351,0.140466,-0.034817,-0.511301,0.483015,0.948951,-0.505047,0.029910,-0.092787
-0.005152,0.039771,0.781831,0.010299,-0.143589,-0.642336,0.752782,-0.730921,0.179372,0.114953,1.589857,-0.023845,-0.261800,0.091127,-0.200652,-0.249050,0.459139,-0.383314,-0.057671,-0.000769,-0.073607,0.332821,0.052780,0.496348,-0.173342,0.907899,0.491563,-0.001667,0.139962,-0.035002,-0.508885,0.489191,0.951322,-0.505991,0.029924,-0.092462
-0.005335,0.039830,0.781877,0.010532,-0.143521,-0.642651,0.752523,-0.730844,0.179723,0.115208,1.589787,-0.023912,-0.261800,0.090425,-0.200515,-0.248241,0.458891,-0.382989,-0.057439,-0.000102,-0.073761,0.331786,0.053564,0.495665,-0.173467,0.909082,0.490359,-0.002234,0.140166,-0.034747,-0.506432,0.494052,0.953093,-0.506895,0.029776,-0.091963
-0.005504,0.039886,0.781920,0.010757,-0.143474,-0.642985,0.752243,-0.730703,0.180057,0.115468,1.589760,-0.024035,-0.261800,0.089689,-0.200384,-0.247265,0.458780,-0.382747,-0.056984,0.000819,-0.073827,0.331044,0.054281,0.495133,-0.173821,0.910031,0.489131,-0.002986,0.140811,-0.033587,-0.504551,0.497680,0.953563,-0.507788,0.029490,-0.091275
-0.005697,0.039960,0.781942,0.010944,-0.143437,-0.643329,0.751954,-0.730503,0.180428,0.115681,1.589803,-0.024194,-0.261800,0.089043,-0.200177,-0.246263,0.458617,-0.382483,-0.056538,0.001389,-0.073983,0.330131,0.055167,0.494379,-0.173978,0.911217,0.488055,-0.003679,0.141603,-0.033454,-0.501747,0.501400,0.955300,-0.508579,0.029235,-0.090816
-0.005885,0.040060,0.781974,0.011042,-0.143388,-0.643676,0.751665,-0.730276,0.180900,0.115782,1.589967,-0.024379,-0.261800,0.088582,-0.199801,-0.245384,0.458274,-0.382132,-0.056335,0.001901,-0.074022,0.329388,0.056014,0.493718,-0.174239,0.912296,0.486847,-0.004242,0.141901,-0.033238,-0.498942,0.504460,0.956794,-0.509027,0.029014,-0.090408
-0.006075,0.040177,0.782003,0.011029,-0.143325,-0.644030,0.751373,-0.730010,0.181534,0.115707,1.590305,-0.024629,-0.261800,0.088356,-0.199177,-0.244671,0.457705,-0.381663,-0.056542,0.002247,-0.073891,0.328803,0.056885,0.493130,-0.174559,0.913282,0.485387,-0.004644,0.141614,-0.033134,-0.496121,0.507050,0.958228,-0.508965,0.028837,-0.090081
-0.006240,0.040285,0.782049,0.010918,-0.143242,-0.644396,0.751077,-0.729702,0.182286,0.115499,1.590774,-0.024937,-0.261800,0.088317,-0.198364,-0.244051,0.456950,-0.381099,-0.056998,0.002559,-0.073524,0.328550,0.057814,0.492687,-0.174952,0.913916,0.483686,-0.004995,0.140921,-0.032425,-0.493975,0.508803,0.958528,-0.508412,0.028639,-0.089656
-0.006433,0.040394,0.782104,0.010785,-0.143180,-0.644758,0.750780,-0.729372,0.183051,0.115271,1.591308,-0.025223,-0.261800,0.088362,-0.197506,-0.243468,0.456144,-0.380521,-0.057456,0.002670,-0.073254,0.328149,0.058716,0.492106,-0.175317,0.914811,0.482182,-0.005205,0.140050,-0.032552,-0.490930,0.510428,0.959967,-0.507773,0.028518,-0.089471
-0.006594,0.040510,0.782158,0.010661,-0.143132,-0.645103,0.750494,-0.729028,0.183729,0.115128,1.591807,-0.025395,-0.261800,0.088462,-0.196714,-0.242885,0.455245,-0.379922,-0.057668,0.002760,-0.073103,0.327785,0.059642,0.491580,-0.175644,0.915567,0.480999,-0.005333,0.138917,-0.032528,-0.487754,0.511332,0.961184,-0.507257,0.028453,-0.089341
-0.006754,0.040628,0.782190,0.010556,-0.143110,-0.645425,0.750223,-0.728704,0.184302,0.115063,1.592300,-0.025370,-0.261800,0.088638,-0.195995,-0.242304,0.454238,-0.379313,-0.057519,0.002855,-0.073049,0.327489,0.060574,0.491090,-0.175866,0.916103,0.480228,-0.005326,0.137213,-0.032195,-0.484544,0.511290,0.961946,-0.506772,0.028450,-0.089203
-0.006916,0.040767,0.782214,0.010440,-0.143100,-0.645732,0.749962,-0.728385,0.184819,0.115027,1.592811,-0.025213,-0.261800,0.088911,-0.195287,-0.241744,0.453109,-0.378678,-0.057159,0.002924,-0.073035,0.327266,0.061503,0.490617,-0.176033,0.916484,0.479738,-0.005195,0.135038,-0.031654,-0.481273,0.510410,0.962372,-0.506263,0.028496,-0.089080
-0.007069,0.040931,0.782221,0.010335,-0.143105,-0.646035,0.749702,-0.728023,0.185290,0.115072,1.593300,-0.025079,-0.261800,0.089144,-0.194643,-0.241172,0.452071,-0.378072,-0.056730,0.002972,-0.073080,0.327080,0.062402,0.490178,-0.176328,0.916862,0.479408,-0.005062,0.133010,-0.031117,-0.477968,0.509178,0.962718,-0.505775,0.028586,-0.089064
-0.007238,0.041097,0.782242,0.010260,-0.143131,-0.646340,0.749435,-0.727558,0.185723,0.115238,1.593698,-0.025106,-0.261800,0.089290,-0.194075,-0.240580,0.451153,-0.377525,-0.056379,0.002982,-0.073180,0.326910,0.063256,0.489791,-0.176928,0.917361,0.479089,-0.005051,0.131742,-0.030681,-0.474648,0.507998,0.963121,-0.505436,0.028708,-0.089234
-0.007407,0.041303,0.782266,0.010212,-0.143170,-0.646649,0.749162,-0.726930,0.186133,0.115633,1.593974,-0.025421,-0.261800,0.089279,-0.193650,-0.239955,0.450484,-0.377071,-0.056113,0.002926,-0.073367,0.326760,0.064076,0.489479,-0.177939,0.918019,0.478814,-0.005255,0.131604,-0.030414,-0.471320,0.506928,0.963624,-0.505290,0.028923,-0.089702
-0.007552,0.041494,0.782278,0.010196,-0.143236,-0.646958,0.748883,-0.726157,0.186507,0.116207,1.594121,-0.025921,-0.261800,0.089173,-0.193332,-0.239312,0.449971,-0.376677,-0.055863,0.002815,-0.073639,0.326638,0.064888,0.489233,-0.179232,0.918747,0.478640,-0.005594,0.132194,-0.030231,-0.467974,0.505741,0.964132,-0.505298,0.029213,-0.090393
-0.007730,0.041639,0.782325,0.010176,-0.143297,-0.647271,0.748601,-0.725404,0.186820,0.116757,1.594282,-0.026407,-0.261800,0.089012,-0.193024,-0.238651,0.449536,-0.376312,-0.055663,0.002702,-0.073936,0.326534,0.065658,0.489033,-0.180654,0.919509,0.478444,-0.005916,0.132978,-0.030100,-0.464620,0.504574,0.964642,-0.505275,0.029457,-0.091110
-0.007853,0.041820,0.782337,0.010142,-0.143340,-0.647593,0.748314,-0.724815,0.187041,0.117086,1.594569,-0.026675,-0.261800,0.088836,-0.192646,-0.237968,0.449101,-0.375948,-0.055540,0.002616,-0.074222,0.326425,0.066389,0.488851,-0.182020,0.920257,0.478114,-0.006072,0.133423,-0.030026,-0.461293,0.503564,0.965197,-0.505065,0.029529,-0.091659
-0.008004,0.042011,0.782372,0.010072,-0.143363,-0.647928,0.748021,-0.724450,0.187107,0.117065,1.595052,-0.026620,-0.261800,0.088689,-0.192152,-0.237273,0.448623,-0.375573,-0.055526,0.002532,-0.074465,0.326332,0.067104,0.488657,-0.183284,0.920945,0.477597,-0.005912,0.133411,-0.029988,-0.458005,0.502702,0.965788,-0.504545,0.029317,-0.092008
-0.008136,0.042213,0.782411,0.009979,-0.143370,-0.648272,0.747723,-0.724226,0.187056,0.116827,1.595661,-0.026366,-0.261800,0.088535,-0.191595,-0.236562,0.448157,-0.375208,-0.055597,0.002430,-0.074688,0.326259,0.067808,0.488451,-0.184524,0.921608,0.476976,-0.005550,0.133221,-0.030030,-0.454764,0.501972,0.966418,-0.503793,0.028915,-0.092252
-0.008287,0.042442,0.782408,0.009892,-0.143362,-0.648621,0.747423,-0.724077,0.187002,0.116555,1.596305,-0.026072,-0.261800,0.088315,-0.191020,-0.235824,0.447731,-0.374845,-0.055701,0.002341,-0.074899,0.326161,0.068465,0.488233,-0.185728,0.922303,0.476336,-0.005239,0.132920,-0.030100,-0.451581,0.501399,0.967006,-0.503049,0.028505,-0.092380
-0.008402,0.042639,0.782425,0.009839,-0.143337,-0.648971,0.747124,-0.723948,0.187067,0.116432,1.596895,-0.025897,-0.261800,0.087966,-0.190473,-0.235044,0.447368,-0.374476,-0.055785,0.002296,-0.075114,0.325998,0.069069,0.488006,-0.186856,0.923059,0.475778,-0.005232,0.132566,-0.030175,-0.448486,0.501037,0.967500,-0.502525,0.028270,-0.092383
-0.008520,0.042861,0.782428,0.009836,-0.143280,-0.649318,0.746833,-0.723875,0.187229,0.116496,1.597434,-0.025880,-0.261800,0.087393,-0.189993,-0.234196,0.447163,-0.374118,-0.055886,0.002301,-0.075360,0.325739,0.069601,0.487775,-0.187926,0.923918,0.475265,-0.005742,0.132131,-0.030221,-0.445490,0.500786,0.967815,-0.502415,0.028316,-0.092139
-0.008650,0.043067,0.782422,0.009873,-0.143205,-0.649667,0.746544,-0.723859,0.187444,0.116657,1.597943,-0.025934,-0.261800,0.086664,-0.189546,-0.233293,0.447055,-0.373758,-0.056015,0.002348,-0.075622,0.325413,0.070078,0.487541,-0.188942,0.924841,0.474771,-0.006586,0.131594,-0.030241,-0.442606,0.500641,0.967988,-0.502562,0.028527,-0.091688
-0.008770,0.043290,0.782420,0.009905,-0.143112,-0.650020,0.746254,-0.723839,0.187789,0.116890,1.598432,-0.026044,-0.261800,0.085926,-0.189070,-0.232385,0.446915,-0.373391,-0.056082,0.002424,-0.075838,0.325082,0.070516,0.487288,-0.189879,0.925761,0.474381,-0.007425,0.131034,-0.030286,-0.439846,0.500843,0.968113,-0.502613,0.028748,-0.091265
-0.008916,0.043515,0.782424,0.009899,-0.143010,-0.650382,0.745958,-0.723750,0.188347,0.117170,1.598921,-0.026204,-0.261800,0.085339,-0.188496,-0.231519,0.446567,-0.372978,-0.055994,0.002500,-0.075968,0.324791,0.070937,0.487006,-0.190695,0.926630,0.474181,-0.007920,0.130538,-0.030485,-0.437257,0.501675,0.968389,-0.502206,0.028827,-0.091113
-0.009033,0.043717,0.782430,0.009832,-0.142892,-0.650748,0.745662,-0.723562,0.189179,0.117510,1.599410,-0.026442,-0.261800,0.084944,-0.187794,-0.230724,0.446004,-0.372532,-0.055729,0.002542,-0.075988,0.324591,0.071390,0.486668,-0.191261,0.927355,0.474293,-0.007935,0.130111,-0.030848,-0.434867,0.503338,0.968762,-0.500987,0.028649,-0.091283
-0.009136,0.043946,0.782444,0.009728,-0.142760,-0.651118,0.745366,-0.723321,0.190229,0.117911,1.599901,-0.026755,-0.261800,0.084655,-0.187001,-0.229968,0.445299,-0.372064,-0.055334,0.002589,-0.075882,0.324499,0.071863,0.486291,-0.191629,0.927913,0.474626,-0.007679,0.129694,-0.031133,-0.432913,0.505578,0.968862,-0.499186,0.028307,-0.091598
-0.009222,0.044172,0.782468,0.009609,-0.142613,-0.651503,0.745059,-0.723043,0.191399,0.118354,1.600358,-0.027070,-0.261800,0.084426,-0.186167,-0.229206,0.444465,-0.371569,-0.054829,0.002565,-0.075723,0.324311,0.072333,0.485800,-0.191924,0.928585,0.475059,-0.007281,0.129356,-0.031762,-0.430835,0.508316,0.969457,-0.497470,0.028012,-0.092136
-0.009322,0.044402,0.782463,0.009506,-0.142464,-0.651911,0.744732,-0.722765,0.192592,0.118810,1.600780,-0.027327,-0.261800,0.084212,-0.185340,-0.228396,0.443518,-0.371038,-0.054232,0.002603,-0.075460,0.324051,0.072699,0.485302,-0.192440,0.929393,0.475336,-0.006921,0.129063,-0.032292,-0.428919,0.510992,0.970061,-0.496446,0.027926,-0.092786
-0.009353,0.044621,0.782458,0.009417,-0.142295,-0.652348,0.744383,-0.722534,0.193773,0.119219,1.601181,-0.027513,-0.261800,0.083920,-0.184519,-0.227509,0.442586,-0.370493,-0.053684,0.002824,-0.075045,0.323764,0.072863,0.484882,-0.193343,0.930325,0.475468,-0.006557,0.128779,-0.032372,-0.427445,0.513475,0.970182,-0.496501,0.028122,-0.093628
-0.009441,0.044826,0.782459,0.009324,-0.142103,-0.652806,0.744019,-0.722319,0.194996,0.119612,1.601562,-0.027662,-0.261800,0.083595,-0.183683,-0.226575,0.441634,-0.369934,-0.053131,0.003168,-0.074514,0.323451,0.072862,0.484505,-0.194495,0.931370,0.475531,-0.006127,0.128517,-0.032236,-0.426256,0.515983,0.970097,-0.497247,0.028498,-0.094666
-0.009504,0.045030,0.782488,0.009239,-0.141918,-0.653285,0.743635,-0.722036,0.196300,0.120104,1.601878,-0.027774,-0.261800,0.083391,-0.182859,-0.225624,0.440432,-0.369344,-0.052295,0.003447,-0.073944,0.322952,0.072831,0.483986,-0.195718,0.932658,0.475437,-0.005762,0.128375,-0.032506,-0.424734,0.518669,0.970796,-0.498086,0.028978,-0.095743
-0.009530,0.045231,0.782510,0.009157,-0.141755,-0.653779,0.743233,-0.721589,0.197728,0.120805,1.602067,-0.027850,-0.261800,0.083455,-0.182062,-0.224691,0.438753,-0.368727,-0.050904,0.003692,-0.073321,0.322456,0.072954,0.483425,-0.196854,0.933811,0.474993,-0.005662,0.128287,-0.032872,-0.423106,0.521040,0.971810,-0.498458,0.029417,-0.096477
-0.009523,0.045410,0.782544,0.009080,-0.141623,-0.654288,0.742810,-0.720935,0.199347,0.121800,1.602106,-0.027889,-0.261800,0.083724,-0.181304,-0.223762,0.436767,-0.368064,-0.049084,0.003887,-0.072668,0.321992,0.073289,0.482840,-0.197868,0.934785,0.473774,-0.006006,0.128266,-0.033285,-0.421420,0.523003,0.973037,-0.498294,0.029836,-0.096744
-0.009550,0.045645,0.782590,0.008991,-0.141499,-0.654816,0.742370,-0.720124,0.201118,0.123002,1.602027,-0.027892,-0.261800,0.084218,-0.180552,-0.222842,0.434387,-0.367355,-0.046920,0.004122,-0.071928,0.321643,0.073808,0.482343,-0.198842,0.935455,0.471940,-0.006689,0.128243,-0.033387,-0.420064,0.524550,0.973889,-0.497808,0.030263,-0.096633
-0.009503,0.045814,0.782636,0.008933,-0.141399,-0.655360,0.741910,-0.719238,0.202914,0.124299,1.601883,-0.027869,-0.261800,0.084912,-0.179859,-0.221921,0.431602,-0.366666,-0.044061,0.004406,-0.071083,0.321353,0.074439,0.481925,-0.199812,0.935858,0.470256,-0.007410,0.128187,-0.033231,-0.419016,0.525790,0.974539,-0.496944,0.030609,-0.096283
-0.009480,0.045987,0.782663,0.008901,-0.141294,-0.655925,0.741431,-0.718348,0.204604,0.125581,1.601737,-0.027830,-0.261800,0.085828,-0.179270,-0.220994,0.428328,-0.366046,-0.040161,0.004678,-0.070173,0.320757,0.074847,0.481278,-0.200971,0.936673,0.469582,-0.007792,0.128246,-0.033709,-0.417386,0.527210,0.976590,-0.495698,0.030839,-0.096041
-0.009426,0.046183,0.782713,0.008913,-0.141197,-0.656504,0.740936,-0.717511,0.206054,0.126721,1.601633,-0.027796,-0.261800,0.087019,-0.178798,-0.220099,0.424450,-0.365552,-0.034913,0.004973,-0.069145,0.320134,0.075306,0.480737,-0.202206,0.937244,0.470216,-0.007843,0.128252,-0.034119,-0.415910,0.528417,0.978803,-0.493887,0.030767,-0.095736
-0.009347,0.046341,0.782749,0.008957,-0.141109,-0.657096,0.740428,-0.716663,0.207368,0.127815,1.601519,-0.027751,-0.261800,0.088515,-0.178408,-0.219242,0.419933,-0.365129,-0.028579,0.005302,-0.068008,0.319505,0.075834,0.480292,-0.203506,0.937582,0.471678,-0.007713,0.128222,-0.034377,-0.414660,0.529372,0.981039,-0.491584,0.030479,-0.095296
-0.009272,0.046481,0.782794,0.009033,-0.141030,-0.657719,0.739889,-0.715737,0.208763,0.129077,1.601342,-0.027671,-0.261800,0.090131,-0.178130,-0.218340,0.415135,-0.364747,-0.021661,0.005752,-0.066842,0.318753,0.076247,0.479795,-0.204892,0.938041,0.473484,-0.007419,0.128201,-0.034829,-0.413215,0.530365,0.983930,-0.489023,0.030240,-0.094821
-0.009167,0.046621,0.782856,0.009165,-0.140987,-0.658381,0.739306,-0.714651,0.210464,0.130710,1.601038,-0.027524,-0.261800,0.091811,-0.177946,-0.217333,0.410149,-0.364304,-0.014658,0.006390,-0.065722,0.317964,0.076713,0.479298,-0.206127,0.938411,0.475147,-0.007021,0.128116,-0.035322,-0.411744,0.531530,0.987199,-0.486395,0.030287,-0.094285
-0.009057,0.046749,0.782932,0.009343,-0.140966,-0.659093,0.738673,-0.713386,0.212568,0.132836,1.600597,-0.027273,-0.261800,0.093535,-0.177866,-0.216176,0.404996,-0.363809,-0.007529,0.007333,-0.064623,0.317283,0.077307,0.478945,-0.207166,0.938374,0.476621,-0.006466,0.127838,-0.035411,-0.410769,0.532791,0.990142,-0.483399,0.030707,-0.093436
-0.008892,0.046843,0.783024,0.009574,-0.140969,-0.659844,0.737998,-0.711974,0.214934,0.135329,1.600048,-0.026942,-0.261800,0.095363,-0.177892,-0.214919,0.399570,-0.363287,-0.000065,0.008416,-0.063557,0.316377,0.077773,0.478406,-0.208200,0.938598,0.478218,-0.005687,0.127571,-0.035936,-0.409374,0.534411,0.994198,-0.480109,0.031404,-0.092530
-0.008735,0.046942,0.783113,0.009832,-0.140992,-0.660625,0.737292,-0.710437,0.217449,0.138011,1.599388,-0.026597,-0.261800,0.097293,-0.178009,-0.213631,0.393905,-0.362692,0.007481,0.009505,-0.062525,0.315393,0.078312,0.477792,-0.209051,0.938871,0.479744,-0.004911,0.127340,-0.036746,-0.407713,0.536174,0.998886,-0.477087,0.032225,-0.091797
-0.008596,0.047052,0.783228,0.010121,-0.141054,-0.661421,0.736563,-0.708786,0.219997,0.140706,1.598613,-0.026308,-0.261800,0.099299,-0.178205,-0.212367,0.388093,-0.362004,0.014855,0.010661,-0.061424,0.314643,0.079090,0.477404,-0.209725,0.938731,0.480866,-0.004412,0.127071,-0.036951,-0.406647,0.537555,1.002628,-0.474744,0.032987,-0.091307
-0.008448,0.047135,0.783336,0.010422,-0.141152,-0.662238,0.735805,-0.706929,0.222652,0.143504,1.597683,-0.026060,-0.261800,0.101513,-0.178478,-0.211162,0.381915,-0.361155,0.022115,0.011624,-0.060340,0.313730,0.079988,0.476801,-0.210202,0.938937,0.481628,-0.004202,0.127090,-0.037782,-0.404934,0.539120,1.007436,-0.473510,0.033650,-0.091472
-0.008287,0.047216,0.783469,0.010748,-0.141288,-0.663079,0.735016,-0.704891,0.225442,0.146453,1.596613,-0.025827,-0.261800,0.103887,-0.178834,-0.209974,0.375434,-0.360190,0.029353,0.012575,-0.059269,0.312826,0.081058,0.476210,-0.210476,0.939109,0.482109,-0.004199,0.127221,-0.038744,-0.403047,0.540638,1.012561,-0.473019,0.034279,-0.092005
-0.008124,0.047296,0.783599,0.011102,-0.141440,-0.663932,0.734211,-0.702853,0.228164,0.149327,1.595480,-0.025657,-0.261800,0.106211,-0.179280,-0.208761,0.369000,-0.359170,0.036373,0.013507,-0.058231,0.311922,0.082186,0.475683,-0.210616,0.939224,0.482415,-0.004252,0.127273,-0.039739,-0.401093,0.542127,1.017792,-0.472827,0.035027,-0.092740
-0.007959,0.047362,0.783783,0.011491,-0.141590,-0.664781,0.733408,-0.701013,0.230631,0.151892,1.594368,-0.025604,-0.261800,0.108271,-0.179814,-0.207488,0.362965,-0.358154,0.042981,0.014430,-0.057221,0.311040,0.083243,0.475273,-0.210683,0.939239,0.482671,-0.004212,0.127048,-0.040595,-0.399218,0.543566,1.022795,-0.472478,0.036042,-0.093493
-0.007784,0.047453,0.783994,0.011905,-0.141717,-0.665651,0.732587,-0.699386,0.232845,0.154100,1.593254,-0.025745,-0.261800,0.110031,-0.180412,-0.206110,0.357339,-0.357139,0.049181,0.015364,-0.056223,0.310145,0.084237,0.474954,-0.210614,0.939178,0.482964,-0.003966,0.126353,-0.041446,-0.397325,0.545104,1.027885,-0.471904,0.037490,-0.094408
-0.007571,0.047526,0.784210,0.012339,-0.141831,-0.666543,0.731746,-0.697898,0.234900,0.156063,1.592144,-0.026027,-0.261800,0.111593,-0.181078,-0.204658,0.351978,-0.356105,0.055062,0.016285,-0.055259,0.309229,0.085248,0.474717,-0.210373,0.939047,0.483230,-0.003618,0.125340,-0.042366,-0.395335,0.546730,1.033167,-0.471334,0.039249,-0.095526
-0.007389,0.047580,0.784439,0.012813,-0.141970,-0.667400,0.730929,-0.696563,0.236723,0.157797,1.591058,-0.026320,-0.261800,0.112963,-0.181858,-0.203196,0.346976,-0.355070,0.060552,0.017140,-0.054357,0.308346,0.086204,0.474587,-0.210119,0.938839,0.483323,-0.003337,0.124350,-0.043112,-0.393403,0.548156,1.038051,-0.470776,0.041049,-0.096526
-0.007187,0.047650,0.784596,0.013297,-0.142126,-0.668176,0.730181,-0.695387,0.238235,0.159322,1.590000,-0.026482,-0.261800,0.114151,-0.182795,-0.201786,0.342420,-0.354037,0.065584,0.017853,-0.053554,0.307513,0.087016,0.474570,-0.210001,0.938608,0.483112,-0.003292,0.123736,-0.043588,-0.391585,0.549167,1.042155,-0.470234,0.042620,-0.097109
-0.006987,0.047740,0.784812,0.013838,-0.142341,-0.668842,0.729519,-0.694385,0.239343,0.160649,1.588934,-0.026441,-0.261800,0.115135,-0.183966,-0.200460,0.338349,-0.352997,0.070159,0.018349,-0.053012,0.306646,0.087711,0.474710,-0.210061,0.938401,0.482351,-0.003663,0.123683,-0.044061,-0.389468,0.549691,1.045921,-0.469932,0.043958,-0.097246
-0.006782,0.047836,0.784966,0.014414,-0.142584,-0.669431,0.728920,-0.693548,0.240114,0.161767,1.587855,-0.026282,-0.261800,0.115919,-0.185319,-0.199176,0.334709,-0.351939,0.074307,0.018749,-0.052619,0.305809,0.088283,0.475016,-0.210275,0.938140,0.481158,-0.004326,0.123953,-0.044301,-0.387345,0.549743,1.049099,-0.469782,0.045179,-0.097038
-0.006559,0.047950,0.785143,0.014972,-0.142820,-0.669976,0.728362,-0.692865,0.240716,0.162642,1.586881,-0.026109,-0.261800,0.116541,-0.186714,-0.197900,0.331481,-0.350918,0.078010,0.019085,-0.052243,0.305026,0.088710,0.475443,-0.210555,0.937899,0.480009,-0.004946,0.124342,-0.044326,-0.385321,0.549585,1.051624,-0.469456,0.046222,-0.096597
-0.006300,0.048065,0.785307,0.015483,-0.143039,-0.670506,0.727820,-0.692306,0.241316,0.163250,1.586107,-0.026019,-0.261800,0.117022,-0.188009,-0.196597,0.328692,-0.350006,0.081240,0.019401,-0.051803,0.304283,0.089011,0.475979,-0.210800,0.937760,0.479397,-0.005182,0.124645,-0.044313,-0.383300,0.549521,1.053697,-0.468646,0.047029,-0.096072
-0.006054,0.048146,0.785487,0.015914,-0.143224,-0.671028,0.727293,-0.691912,0.241938,0.163493,1.585617,-0.026046,-0.261800,0.117288,-0.189135,-0.195213,0.326529,-0.349226,0.083768,0.019658,-0.051135,0.303653,0.089155,0.476498,-0.210995,0.937724,0.479671,-0.004796,0.124817,-0.044008,-0.381629,0.549490,1.054807,-0.466999,0.047616,-0.095342
-0.005814,0.048235,0.785651,0.016299,-0.143393,-0.671524,0.726793,-0.691668,0.242493,0.163417,1.585305,-0.026130,-0.261800,0.117372,-0.190188,-0.193782,0.324896,-0.348519,0.085686,0.019843,-0.050374,0.303080,0.089143,0.477068,-0.211195,0.937803,0.480498,-0.004012,0.124973,-0.043590,-0.380065,0.549435,1.055309,-0.464781,0.048007,-0.094420
-0.005573,0.048309,0.785831,0.016664,-0.143550,-0.671999,0.726315,-0.691525,0.243012,0.163198,1.585118,-0.026252,-0.261800,0.117372,-0.191203,-0.192400,0.323483,-0.347892,0.087446,0.019999,-0.049596,0.302532,0.089019,0.477707,-0.211333,0.937931,0.481395,-0.003203,0.125143,-0.043079,-0.378567,0.549453,1.055373,-0.462536,0.048151,-0.093464
-0.005339,0.048374,0.785991,0.017036,-0.143701,-0.672450,0.725859,-0.691404,0.243507,0.163024,1.584929,-0.026397,-0.261800,0.117417,-0.192273,-0.191161,0.321949,-0.347328,0.089510,0.020149,-0.048845,0.301992,0.088818,0.478377,-0.211323,0.938047,0.481914,-0.002740,0.125371,-0.042464,-0.377210,0.549664,1.055086,-0.460778,0.048000,-0.092614
-0.005076,0.048465,0.786119,0.017445,-0.143861,-0.672869,0.725429,-0.691333,0.243900,0.162859,1.584729,-0.026579,-0.261800,0.117510,-0.193439,-0.190116,0.320247,-0.346849,0.092007,0.020274,-0.048110,0.301459,0.088500,0.479000,-0.211121,0.938169,0.481925,-0.002796,0.125756,-0.041642,-0.376139,0.549928,1.054279,-0.459779,0.047403,-0.091897
-0.004846,0.048549,0.786252,0.017868,-0.144022,-0.673258,0.725025,-0.691337,0.244209,0.162639,1.584570,-0.026802,-0.261800,0.117612,-0.194627,-0.189215,0.318492,-0.346427,0.094691,0.020365,-0.047464,0.300927,0.088135,0.479735,-0.210751,0.938259,0.481653,-0.003153,0.126229,-0.040770,-0.375072,0.550281,1.053139,-0.459229,0.046429,-0.091267
-0.004573,0.048628,0.786305,0.018272,-0.144168,-0.673638,0.724633,-0.691328,0.244594,0.162479,1.584430,-0.027026,-0.261800,0.117717,-0.195809,-0.188380,0.316775,-0.346077,0.097450,0.020464,-0.046721,0.300413,0.087638,0.480411,-0.210332,0.938428,0.481263,-0.003575,0.126657,-0.039806,-0.374261,0.550960,1.051683,-0.458736,0.045362,-0.090658
-0.004302,0.048732,0.786383,0.018638,-0.144299,-0.674027,0.724236,-0.691238,0.245217,0.162503,1.584284,-0.027199,-0.261800,0.117797,-0.196900,-0.187550,0.315207,-0.345829,0.100168,0.020601,-0.045877,0.299912,0.087093,0.481098,-0.209905,0.938652,0.480879,-0.003842,0.126866,-0.038943,-0.373587,0.552306,1.050249,-0.457905,0.044483,-0.090052
-0.004017,0.048829,0.786420,0.018968,-0.144404,-0.674436,0.723826,-0.691062,0.246175,0.162807,1.584155,-0.027326,-0.261800,0.117853,-0.197907,-0.186709,0.313742,-0.345679,0.102870,0.020733,-0.045043,0.299408,0.086708,0.481950,-0.209250,0.938743,0.480360,-0.003909,0.126709,-0.038354,-0.372907,0.554541,1.048943,-0.456424,0.043858,-0.089402
-0.003720,0.048875,0.786466,0.019263,-0.144482,-0.674856,0.723411,-0.690843,0.247364,0.163296,1.584057,-0.027427,-0.261800,0.117877,-0.198865,-0.185887,0.312384,-0.345638,0.105602,0.020972,-0.044041,0.298902,0.086080,0.482659,-0.208633,0.939045,0.479745,-0.003865,0.126383,-0.037718,-0.372495,0.557251,1.047433,-0.454611,0.043340,-0.088706
-0.003464,0.048935,0.786512,0.019523,-0.144561,-0.675264,0.723008,-0.690541,0.248645,0.163835,1.583928,-0.027488,-0.261800,0.117958,-0.199725,-0.185109,0.311069,-0.345619,0.108268,0.021133,-0.042941,0.298415,0.085455,0.483362,-0.208023,0.939383,0.479282,-0.003767,0.125989,-0.037219,-0.372208,0.560564,1.046057,-0.452883,0.042892,-0.088118
-0.003202,0.048973,0.786568,0.019704,-0.144628,-0.675645,0.722633,-0.690125,0.249867,0.164276,1.583723,-0.027498,-0.261800,0.118205,-0.200474,-0.184395,0.309711,-0.345530,0.110781,0.021210,-0.041707,0.297955,0.084783,0.484018,-0.207621,0.939836,0.479294,-0.003653,0.125691,-0.036855,-0.372019,0.564309,1.045066,-0.451770,0.042465,-0.087771
-0.002928,0.048983,0.786637,0.019813,-0.144706,-0.675988,0.722293,-0.689593,0.250983,0.164533,1.583442,-0.027422,-0.261800,0.118646,-0.201079,-0.183736,0.308327,-0.345356,0.113080,0.021087,-0.040361,0.297520,0.084228,0.484701,-0.207360,0.940309,0.479957,-0.003544,0.125517,-0.036774,-0.371871,0.568779,1.044619,-0.451385,0.042048,-0.087801
-0.002667,0.049007,0.786671,0.019849,-0.144779,-0.676306,0.721980,-0.688955,0.252069,0.164702,1.583100,-0.027272,-0.261800,0.119215,-0.201541,-0.183128,0.306952,-0.345141,0.115223,0.020968,-0.038853,0.297117,0.083500,0.485319,-0.207360,0.940989,0.481117,-0.003406,0.125417,-0.036794,-0.371776,0.573664,1.044505,-0.451588,0.041657,-0.088095
-0.002391,0.048993,0.786714,0.019848,-0.144847,-0.676607,0.721684,-0.688224,0.253185,0.164910,1.582705,-0.027125,-0.261800,0.119886,-0.201921,-0.182586,0.305529,-0.344886,0.117301,0.020486,-0.037415,0.296671,0.083202,0.486087,-0.207148,0.941435,0.482335,-0.003249,0.125265,-0.037259,-0.371655,0.579442,1.044924,-0.451844,0.041333,-0.088502
-0.002121,0.048986,0.786719,0.019834,-0.144908,-0.676899,0.721399,-0.687402,0.254385,0.165282,1.582254,-0.027047,-0.261800,0.120626,-0.202300,-0.182125,0.304044,-0.344608,0.119408,0.020077,-0.035938,0.296247,0.082722,0.486833,-0.207178,0.941968,0.483345,-0.003016,0.125075,-0.037806,-0.371538,0.585062,1.045675,-0.452293,0.041064,-0.088793
-0.001871,0.048976,0.786724,0.019825,-0.144977,-0.677190,0.721112,-0.686435,0.255745,0.165938,1.581721,-0.027083,-0.261800,0.121454,-0.202689,-0.181761,0.302442,-0.344299,0.121718,0.019534,-0.034517,0.295785,0.082346,0.487692,-0.207323,0.942456,0.484055,-0.002666,0.124768,-0.038634,-0.371389,0.590978,1.046944,-0.452741,0.040859,-0.088965
-0.001604,0.048946,0.786705,0.019803,-0.145049,-0.677474,0.720831,-0.685334,0.257213,0.166784,1.581113,-0.027185,-0.261800,0.122372,-0.203064,-0.181479,0.300765,-0.343963,0.124131,0.018884,-0.033142,0.295323,0.082118,0.488710,-0.207560,0.942822,0.484629,-0.002229,0.124365,-0.039724,-0.371172,0.597212,1.048685,-0.453334,0.040705,-0.089107
-0.001353,0.048930,0.786730,0.019754,-0.145104,-0.677736,0.720576,-0.684223,0.258655,0.167626,1.580494,-0.027296,-0.261800,0.123332,-0.203370,-0.181258,0.299075,-0.343595,0.126329,0.018161,-0.031885,0.294876,0.082021,0.489932,-0.207731,0.942998,0.484965,-0.001833,0.123916,-0.041035,-0.370833,0.603604,1.050752,-0.453976,0.040625,-0.089209
-0.001092,0.048870,0.786777,0.019690,-0.145149,-0.677953,0.720364,-0.683225,0.259945,0.168266,1.579933,-0.027361,-0.261800,0.124271,-0.203566,-0.181071,0.297469,-0.343207,0.127996,0.017549,-0.030620,0.294451,0.081687,0.491123,-0.207974,0.943229,0.485002,-0.001565,0.123561,-0.042339,-0.370418,0.609762,1.052894,-0.454645,0.040645,-0.089250
-0.000857,0.048799,0.786835,0.019594,-0.145148,-0.678146,0.720185,-0.682368,0.261144,0.168713,1.579431,-0.027332,-0.261800,0.125220,-0.203616,-0.180895,0.295772,-0.342724,0.129104,0.017066,-0.029291,0.293984,0.081044,0.492194,-0.208309,0.943648,0.484668,-0.001387,0.123317,-0.043729,-0.370010,0.616036,1.055234,-0.455179,0.040770,-0.089205
-0.000628,0.048734,0.786866,0.019481,-0.145124,-0.678314,0.720035,-0.681582,0.262290,0.169043,1.578954,-0.027248,-0.261800,0.126245,-0.203538,-0.180758,0.293912,-0.342153,0.129805,0.016672,-0.027857,0.293498,0.080115,0.493108,-0.208775,0.944256,0.484054,-0.001257,0.123164,-0.045165,-0.369653,0.622366,1.057737,-0.455686,0.040989,-0.089078
-0.000407,0.048655,0.786898,0.019329,-0.145093,-0.678424,0.719942,-0.680869,0.263223,0.169182,1.578532,-0.027195,-0.261800,0.127199,-0.203410,-0.180678,0.292367,-0.341617,0.130049,0.015958,-0.026610,0.293074,0.079561,0.494150,-0.208793,0.944448,0.483277,-0.001307,0.123041,-0.046869,-0.369133,0.628651,1.060408,-0.456206,0.041316,-0.088949
-0.000178,0.048598,0.786924,0.019141,-0.145101,-0.678437,0.719932,-0.680229,0.263804,0.169026,1.578212,-0.027259,-0.261800,0.128156,-0.203289,-0.180714,0.291213,-0.341125,0.129791,0.015339,-0.025249,0.292809,0.078398,0.494861,-0.209102,0.944919,0.482544,-0.001568,0.123158,-0.048082,-0.368739,0.633355,1.062584,-0.457280,0.041738,-0.088809
-0.000010,0.048495,0.786919,0.018913,-0.145162,-0.678337,0.720020,-0.679609,0.263955,0.168562,1.577946,-0.027518,-0.261800,0.129091,-0.203183,-0.180872,0.290591,-0.340756,0.128997,0.014058,-0.024274,0.292673,0.078015,0.495854,-0.208563,0.944582,0.481700,-0.002251,0.123349,-0.049602,-0.367950,0.637553,1.064882,-0.458618,0.042288,-0.088718
0.000201,0.048429,0.786924,0.018647,-0.145257,-0.678146,0.720188,-0.679021,0.263770,0.167831,1.577722,-0.027900,-0.261800,0.130012,-0.203086,-0.181124,0.290374,-0.340476,0.127701,0.012763,-0.023342,0.292672,0.077377,0.496750,-0.208029,0.944233,0.480787,-0.003219,0.123717,-0.050937,-0.367065,0.640566,1.067052,-0.460452,0.042937,-0.088607
0.000371,0.048363,0.786952,0.018349,-0.145359,-0.677886,0.720419,-0.678573,0.263327,0.166859,1.577647,-0.028294,-0.261800,0.130851,-0.202963,-0.181469,0.290528,-0.340224,0.125952,0.011280,-0.022586,0.292760,0.076818,0.497750,-0.207382,0.943692,0.479854,-0.004255,0.124128,-0.052346,-0.365895,0.642944,1.069228,-0.462422,0.043679,-0.088585
0.000553,0.048318,0.786989,0.018035,-0.145456,-0.677578,0.720698,-0.678367,0.262696,0.165669,1.577805,-0.028580,-0.261800,0.131512,-0.202819,-0.181886,0.291074,-0.339980,0.123801,0.009715,-0.022012,0.292909,0.076233,0.498913,-0.206859,0.943079,0.478994,-0.005117,0.124503,-0.053872,-0.364363,0.644790,1.071450,-0.464324,0.044493,-0.088744
0.000711,0.048276,0.787060,0.017711,-0.145533,-0.677214,0.721033,-0.678520,0.261851,0.164203,1.578262,-0.028682,-0.261800,0.132005,-0.202656,-0.182422,0.291929,-0.339728,0.121349,0.008095,-0.021377,0.293120,0.075265,0.499914,-0.206778,0.942736,0.478271,-0.005761,0.124959,-0.055182,-0.363023,0.646042,1.073227,-0.466357,0.045476,-0.089077
0.000802,0.048201,0.787126,0.017377,-0.145609,-0.676785,0.721428,-0.678944,0.260761,0.162474,1.578958,-0.028683,-0.261800,0.132376,-0.202470,-0.183074,0.293097,-0.339480,0.118538,0.006338,-0.020953,0.293390,0.074312,0.501138,-0.206812,0.942274,0.477560,-0.006330,0.125417,-0.056616,-0.361347,0.646785,1.075062,-0.468535,0.046600,-0.089594
0.000958,0.048161,0.787148,0.017006,-0.145688,-0.676318,0.721859,-0.679452,0.259525,0.160598,1.579804,-0.028687,-0.261800,0.132532,-0.202286,-0.183736,0.294846,-0.339324,0.115178,0.004586,-0.020595,0.293788,0.073241,0.502329,-0.206872,0.941749,0.476921,-0.006771,0.125846,-0.057862,-0.359633,0.646729,1.076533,-0.470402,0.047679,-0.090151
0.001091,0.048124,0.787156,0.016584,-0.145786,-0.675839,0.722297,-0.679852,0.258234,0.158684,1.580705,-0.028802,-0.261800,0.132481,-0.202052,-0.184333,0.297221,-0.339224,0.111074,0.002940,-0.020310,0.294358,0.072090,0.503457,-0.206788,0.941092,0.476361,-0.007043,0.126164,-0.058852,-0.357879,0.645721,1.077563,-0.471469,0.048527,-0.090653
0.001212,0.048081,0.787144,0.016125,-0.145939,-0.675331,0.722751,-0.680097,0.256812,0.156742,1.581679,-0.029091,-0.261800,0.132406,-0.201879,-0.184971,0.299970,-0.339240,0.106579,0.001348,-0.020061,0.295156,0.070887,0.504329,-0.206352,0.940200,0.475903,-0.007087,0.126363,-0.059356,-0.356320,0.643427,1.077805,-0.471397,0.049102,-0.091097
0.001296,0.048038,0.787083,0.015630,-0.146128,-0.674786,0.723233,-0.680276,0.255235,0.154730,1.582744,-0.029479,-0.261800,0.132265,-0.201740,-0.185659,0.303104,-0.339340,0.101662,-0.000119,-0.020028,0.296091,0.069586,0.505292,-0.205830,0.939152,0.475435,-0.006946,0.126443,-0.059711,-0.354365,0.639952,1.077901,-0.470604,0.049489,-0.091597
0.001393,0.048031,0.787031,0.015081,-0.146297,-0.674250,0.723710,-0.680448,0.253707,0.152654,1.583880,-0.029891,-0.261800,0.131613,-0.201480,-0.186140,0.307322,-0.339491,0.095551,-0.001702,-0.019788,0.297196,0.068271,0.505867,-0.205136,0.938084,0.475225,-0.006705,0.126521,-0.059734,-0.353044,0.636275,1.077114,-0.469311,0.049742,-0.091933
0.001482,0.048009,0.786947,0.014459,-0.146396,-0.673763,0.724156,-0.680636,0.252404,0.150564,1.585012,-0.030227,-0.261800,0.129993,-0.200978,-0.186154,0.313341,-0.339688,0.087473,-0.002897,-0.019523,0.298352,0.066573,0.506628,-0.205011,0.937340,0.475186,-0.006463,0.126568,-0.059874,-0.351409,0.632480,1.076460,-0.468320,0.049851,-0.092122
0.001570,0.047986,0.786897,0.013724,-0.146398,-0.673350,0.724555,-0.680847,0.251517,0.148442,1.586187,-0.030457,-0.261800,0.126871,-0.200091,-0.185453,0.322196,-0.339937,0.076089,-0.003989,-0.019029,0.299613,0.064730,0.507370,-0.205219,0.936886,0.475529,-0.006160,0.126508,-0.060092,-0.349950,0.629070,1.075541,-0.467427,0.049858,-0.091968
0.001628,0.047977,0.786816,0.012918,-0.146350,-0.672983,0.724920,-0.681046,0.250878,0.146331,1.587392,-0.030624,-0.261800,0.122669,-0.198986,-0.184269,0.333130,-0.340239,0.062168,-0.004638,-0.018633,0.300928,0.062540,0.508480,-0.206019,0.936698,0.476026,-0.005783,0.126297,-0.060407,-0.347964,0.625281,1.074808,-0.466656,0.049718,-0.091635
0.001678,0.047966,0.786768,0.012142,-0.146300,-0.672632,0.725269,-0.681267,0.250171,0.144281,1.588553,-0.030771,-0.261800,0.118244,-0.197918,-0.183038,0.344403,-0.340712,0.048092,-0.005350,-0.018345,0.302264,0.060498,0.509550,-0.206696,0.936379,0.476559,-0.005493,0.126177,-0.060786,-0.346144,0.621831,1.073819,-0.465804,0.049441,-0.091316
0.001701,0.047948,0.786682,0.011478,-0.146285,-0.672266,0.725622,-0.681548,0.249098,0.142318,1.589610,-0.030939,-0.261800,0.114422,-0.197097,-0.182158,0.354357,-0.341462,0.036255,-0.006215,-0.018214,0.303561,0.058698,0.510369,-0.207028,0.935766,0.476948,-0.005446,0.126385,-0.061098,-0.344779,0.618873,1.072377,-0.464891,0.049004,-0.091238
0.001712,0.047945,0.786539,0.010980,-0.146328,-0.671908,0.725953,-0.681934,0.247511,0.140398,1.590563,-0.031143,-0.261800,0.111158,-0.196663,-0.181526,0.362991,-0.342589,0.027176,-0.006938,-0.018499,0.304731,0.057001,0.511341,-0.207258,0.934824,0.476877,-0.005829,0.126995,-0.061553,-0.343200,0.616075,1.071047,-0.464075,0.048312,-0.091597
0.001699,0.047958,0.786366,0.010567,-0.146386,-0.671563,0.726266,-0.682388,0.245607,0.138489,1.591421,-0.031372,-0.261800,0.108146,-0.196381,-0.180982,0.370945,-0.343986,0.019603,-0.007783,-0.018940,0.305884,0.055572,0.512173,-0.207140,0.933547,0.476652,-0.006508,0.127906,-0.062095,-0.341836,0.613703,1.069458,-0.463174,0.047417,-0.092186
0.001713,0.047968,0.786181,0.010181,-0.146459,-0.671169,0.726622,-0.682837,0.243579,0.136659,1.592198,-0.031591,-0.261800,0.105649,-0.196193,-0.180763,0.377990,-0.345504,0.013346,-0.008665,-0.019557,0.306979,0.054187,0.513025,-0.207064,0.932270,0.476381,-0.007171,0.128925,-0.062696,-0.340437,0.611674,1.067874,-0.462372,0.046458,-0.092898
0.001711,0.047949,0.785949,0.009755,-0.146538,-0.670660,0.727081,-0.683220,0.241619,0.134963,1.592903,-0.031772,-0.261800,0.103949,-0.195987,-0.181108,0.383817,-0.346979,0.008212,-0.009714,-0.020178,0.308037,0.052724,0.513720,-0.207186,0.931294,0.476275,-0.007505,0.129901,-0.063160,-0.339258,0.610128,1.066077,-0.461711,0.045588,-0.093564
0.001746,0.047935,0.785727,0.009269,-0.146641,-0.669994,0.727680,-0.683525,0.239654,0.133370,1.593543,-0.031900,-0.261800,0.103279,-0.195751,-0.182183,0.388155,-0.348434,0.004555,-0.011025,-0.020805,0.309102,0.051086,0.514175,-0.207555,0.930715,0.476395,-0.007343,0.130989,-0.063390,-0.338465,0.609121,1.063870,-0.461141,0.044765,-0.094236
0.001721,0.047903,0.785450,0.008758,-0.146763,-0.669211,0.728382,-0.683788,0.237626,0.131855,1.594116,-0.031992,-0.261800,0.103403,-0.195547,-0.183813,0.391298,-0.349938,0.002364,-0.012488,-0.021501,0.310161,0.049359,0.514495,-0.208093,0.930353,0.476641,-0.006878,0.132204,-0.063462,-0.337901,0.608516,1.061363,-0.460690,0.043936,-0.094967
0.001705,0.047810,0.785226,0.008229,-0.146862,-0.668383,0.729128,-0.684004,0.235750,0.130503,1.594596,-0.032074,-0.261800,0.103951,-0.195276,-0.185764,0.393668,-0.351339,0.000881,-0.013729,-0.022250,0.311066,0.047345,0.514921,-0.209148,0.930383,0.476817,-0.006335,0.133187,-0.063515,-0.337101,0.608046,1.059115,-0.460518,0.043222,-0.095628
0.001704,0.047719,0.785054,0.007684,-0.146886,-0.667581,0.729864,-0.684160,0.234247,0.129383,1.594938,-0.032165,-0.261800,0.104582,-0.194830,-0.187809,0.395633,-0.352454,-0.000650,-0.014904,-0.022859,0.311797,0.045428,0.515273,-0.210320,0.930555,0.476989,-0.005920,0.133626,-0.063677,-0.336315,0.608005,1.057125,-0.460560,0.042791,-0.096002
0.001694,0.047613,0.784920,0.007099,-0.146799,-0.666809,0.730592,-0.684278,0.233230,0.128511,1.595157,-0.032302,-0.261800,0.105251,-0.194150,-0.190001,0.397240,-0.353259,-0.002319,-0.016227,-0.023085,0.312598,0.044013,0.515345,-0.211066,0.930409,0.477450,-0.005718,0.133164,-0.063820,-0.336111,0.608503,1.054728,-0.461019,0.042808,-0.095807
0.001685,0.047481,0.784796,0.006489,-0.146645,-0.666034,0.731336,-0.684347,0.232562,0.127860,1.595250,-0.032457,-0.261800,0.106134,-0.193303,-0.192425,0.398275,-0.353821,-0.003757,-0.017317,-0.023165,0.313032,0.042068,0.515391,-0.212686,0.931144,0.477651,-0.005567,0.132171,-0.063947,-0.335806,0.609596,1.052699,-0.461572,0.043193,-0.095369
0.001669,0.047328,0.784701,0.005875,-0.146446,-0.665271,0.732075,-0.684350,0.232096,0.127395,1.595225,-0.032589,-0.261800,0.107170,-0.192351,-0.194898,0.398864,-0.354181,-0.005035,-0.018337,-0.023214,0.313476,0.040502,0.515348,-0.214050,0.931484,0.478024,-0.005442,0.131030,-0.064038,-0.335619,0.610668,1.050650,-0.462354,0.043581,-0.094824
0.001655,0.047184,0.784585,0.005303,-0.146239,-0.664540,0.732784,-0.684289,0.231682,0.127090,1.595093,-0.032655,-0.261800,0.108272,-0.191367,-0.197227,0.399133,-0.354378,-0.006224,-0.019101,-0.023334,0.313466,0.038485,0.515090,-0.215910,0.932543,0.478123,-0.005300,0.130410,-0.063995,-0.335333,0.611825,1.049135,-0.462677,0.043687,-0.094559
0.001579,0.047041,0.784453,0.004763,-0.146041,-0.663844,0.733458,-0.684067,0.231382,0.127013,1.594824,-0.032620,-0.261800,0.109583,-0.190339,-0.199393,0.398905,-0.354391,-0.007105,-0.019685,-0.023577,0.313409,0.036904,0.514586,-0.217328,0.933066,0.478552,-0.005054,0.130412,-0.063849,-0.335071,0.612680,1.047779,-0.462887,0.043364,-0.094543
0.001505,0.046880,0.784325,0.004242,-0.145829,-0.663174,0.734109,-0.683720,0.231240,0.127157,1.594416,-0.032512,-0.261800,0.111080,-0.189244,-0.201487,0.398197,-0.354215,-0.007719,-0.020181,-0.023963,0.313322,0.035829,0.514107,-0.218356,0.933036,0.479118,-0.004792,0.130670,-0.063578,-0.334948,0.613538,1.046365,-0.462976,0.042791,-0.094623
0.001440,0.046735,0.784214,0.003761,-0.145589,-0.662524,0.734746,-0.683408,0.231088,0.127367,1.593948,-0.032396,-0.261800,0.112508,-0.188115,-0.203493,0.397362,-0.353895,-0.008528,-0.020630,-0.024282,0.312997,0.034676,0.513289,-0.219461,0.933261,0.479562,-0.004563,0.131068,-0.063333,-0.334841,0.614335,1.045356,-0.463010,0.042139,-0.094808
0.001361,0.046601,0.784161,0.003328,-0.145301,-0.661894,0.735373,-0.683271,0.230746,0.127511,1.593461,-0.032324,-0.261800,0.113565,-0.187029,-0.205385,0.396878,-0.353543,-0.009989,-0.021147,-0.024684,0.312719,0.034080,0.512648,-0.220223,0.932798,0.479641,-0.004499,0.131134,-0.063062,-0.334801,0.614784,1.044277,-0.463226,0.041552,-0.094971
0.001330,0.046422,0.784142,0.002953,-0.144955,-0.661293,0.735983,-0.683341,0.230284,0.127567,1.592972,-0.032369,-0.261800,0.114180,-0.185900,-0.207138,0.396782,-0.353064,-0.012466,-0.021714,-0.024806,0.312156,0.033207,0.511469,-0.221175,0.932874,0.479183,-0.004577,0.130998,-0.062950,-0.334788,0.614997,1.043817,-0.463693,0.041050,-0.095166
0.001291,0.046235,0.784166,0.002620,-0.144555,-0.660719,0.736578,-0.683532,0.229741,0.127619,1.592434,-0.032476,-0.261800,0.114496,-0.184754,-0.208772,0.396903,-0.352475,-0.015629,-0.022316,-0.025139,0.311651,0.033092,0.510779,-0.221713,0.932033,0.478174,-0.004840,0.130476,-0.062794,-0.334800,0.614975,1.043231,-0.464339,0.040532,-0.095343
0.001251,0.046048,0.784190,0.002349,-0.144144,-0.660148,0.737171,-0.683864,0.228969,0.127613,1.591899,-0.032538,-0.261800,0.114624,-0.183704,-0.210354,0.397147,-0.351925,-0.018917,-0.022879,-0.025329,0.310971,0.032717,0.509553,-0.222409,0.931539,0.477283,-0.005133,0.130082,-0.062628,-0.334854,0.614567,1.042984,-0.464977,0.040082,-0.095605
0.001236,0.045851,0.784207,0.002168,-0.143762,-0.659550,0.737781,-0.684357,0.227799,0.127507,1.591414,-0.032446,-0.261800,0.114681,-0.182887,-0.211943,0.397420,-0.351553,-0.021763,-0.023445,-0.025598,0.310280,0.032356,0.508080,-0.223035,0.930935,0.476920,-0.005449,0.129891,-0.062355,-0.334982,0.613674,1.042721,-0.465417,0.039735,-0.095950
0.001201,0.045674,0.784206,0.002124,-0.143423,-0.658907,0.738422,-0.685044,0.226059,0.127327,1.590912,-0.032112,-0.261800,0.114585,-0.182414,-0.213540,0.397809,-0.351459,-0.024090,-0.024036,-0.026275,0.309633,0.032442,0.506826,-0.223318,0.929565,0.477247,-0.005872,0.129767,-0.061914,-0.335130,0.612231,1.042204,-0.465562,0.039504,-0.096482
0.001176,0.045471,0.784208,0.002182,-0.143100,-0.658238,0.739081,-0.685914,0.223878,0.127086,1.590401,-0.031612,-0.261800,0.114326,-0.182188,-0.215119,0.398298,-0.351529,-0.026175,-0.024628,-0.027208,0.308981,0.032815,0.505658,-0.223409,0.927687,0.477972,-0.006393,0.129675,-0.061336,-0.335284,0.610274,1.041576,-0.465558,0.039362,-0.097155
0.001115,0.045291,0.784171,0.002279,-0.142796,-0.657570,0.739733,-0.686867,0.221539,0.126739,1.589992,-0.031077,-0.261800,0.114038,-0.182063,-0.216678,0.398814,-0.351689,-0.027984,-0.025205,-0.028265,0.308390,0.033418,0.504671,-0.223431,0.925570,0.478677,-0.006933,0.129650,-0.060724,-0.335431,0.608091,1.040953,-0.465368,0.039274,-0.097746
0.001127,0.045116,0.784115,0.002320,-0.142493,-0.656938,0.740353,-0.687813,0.219340,0.126228,1.589814,-0.030638,-0.261800,0.113898,-0.181858,-0.218232,0.399194,-0.351808,-0.029486,-0.025504,-0.028855,0.307847,0.033269,0.503103,-0.224074,0.924435,0.479167,-0.007330,0.129977,-0.059922,-0.335795,0.605453,1.040435,-0.465192,0.039204,-0.098013
0.001161,0.044964,0.784092,0.002299,-0.142200,-0.656323,0.740955,-0.688771,0.217242,0.125498,1.589931,-0.030290,-0.261800,0.113954,-0.181597,-0.219842,0.399443,-0.351897,-0.030504,-0.025934,-0.029503,0.307476,0.033585,0.502046,-0.224676,0.923050,0.478874,-0.007724,0.130447,-0.059201,-0.336121,0.602951,1.039955,-0.464675,0.039148,-0.097843
0.001144,0.044805,0.784043,0.002236,-0.141901,-0.655720,0.741546,-0.689773,0.215142,0.124583,1.590267,-0.029979,-0.261800,0.114138,-0.181327,-0.221488,0.399571,-0.351968,-0.031113,-0.026086,-0.029826,0.307157,0.033275,0.500658,-0.225940,0.922360,0.478233,-0.008051,0.131259,-0.058136,-0.336693,0.599803,1.039369,-0.464106,0.039122,-0.097348
0.001182,0.044645,0.784025,0.002169,-0.141618,-0.655166,0.742089,-0.690749,0.213163,0.123610,1.590716,-0.029744,-0.261800,0.114326,-0.181027,-0.223024,0.399687,-0.352041,-0.031649,-0.026193,-0.030187,0.306969,0.033214,0.499465,-0.227029,0.921590,0.477601,-0.008294,0.132016,-0.057171,-0.337287,0.596855,1.038836,-0.463381,0.039120,-0.096737
0.001197,0.044448,0.783998,0.002083,-0.141326,-0.654709,0.742549,-0.691640,0.211455,0.122685,1.591186,-0.029637,-0.261800,0.114385,-0.180653,-0.224302,0.399917,-0.352146,-0.032448,-0.025896,-0.030298,0.306881,0.032701,0.497917,-0.228271,0.921442,0.477507,-0.008311,0.132658,-0.056084,-0.338200,0.593989,1.038196,-0.462697,0.039133,-0.096152
0.001231,0.044268,0.784022,0.001981,-0.141028,-0.654366,0.742908,-0.692450,0.210058,0.121789,1.591707,-0.029711,-0.261800,0.114310,-0.180181,-0.225300,0.400235,-0.352280,-0.033677,-0.025476,-0.030511,0.306976,0.032597,0.496577,-0.228905,0.921147,0.478210,-0.008063,0.132910,-0.055322,-0.339049,0.591687,1.037747,-0.461866,0.039109,-0.095580
0.001259,0.044112,0.783984,0.001854,-0.140717,-0.654111,0.743192,-0.693207,0.208905,0.120868,1.592310,-0.029925,-0.261800,0.114155,-0.179624,-0.226089,0.400604,-0.352440,-0.035131,-0.024778,-0.030459,0.307190,0.032165,0.494866,-0.229547,0.921400,0.479498,-0.007563,0.133078,-0.054475,-0.340215,0.589448,1.037199,-0.460963,0.039074,-0.094918
0.001305,0.043960,0.783922,0.001728,-0.140417,-0.653923,0.743414,-0.693865,0.207934,0.120028,1.592883,-0.030182,-0.261800,0.113949,-0.179039,-0.226680,0.400991,-0.352558,-0.036590,-0.024021,-0.030361,0.307487,0.031828,0.493075,-0.230040,0.921768,0.480844,-0.007016,0.133186,-0.053808,-0.341538,0.587685,1.036775,-0.460089,0.039130,-0.094375
0.001343,0.043817,0.783845,0.001621,-0.140140,-0.653777,0.743596,-0.694387,0.207088,0.119366,1.593311,-0.030371,-0.261800,0.113741,-0.178475,-0.227093,0.401330,-0.352561,-0.037836,-0.023301,-0.030277,0.307810,0.031654,0.491248,-0.230480,0.922149,0.481743,-0.006597,0.133344,-0.053398,-0.343004,0.586554,1.036564,-0.459457,0.039381,-0.094138
0.001392,0.043684,0.783801,0.001527,-0.139876,-0.653693,0.743719,-0.694674,0.206492,0.119022,1.593492,-0.030483,-0.261800,0.113549,-0.177913,-0.227237,0.401542,-0.352340,-0.038752,-0.022584,-0.030287,0.308157,0.031733,0.489530,-0.230824,0.922434,0.481959,-0.006380,0.133594,-0.053431,-0.344492,0.586365,1.036775,-0.459019,0.039897,-0.094376
0.001467,0.043554,0.783744,0.001433,-0.139615,-0.653677,0.743782,-0.694790,0.206133,0.118899,1.593524,-0.030570,-0.261800,0.113368,-0.177329,-0.227142,0.401635,-0.351939,-0.039476,-0.021842,-0.030284,0.308552,0.031960,0.487761,-0.231047,0.922756,0.481832,-0.006255,0.133894,-0.053769,-0.346123,0.586922,1.037249,-0.458706,0.040610,-0.094942
0.001508,0.043466,0.783748,0.001360,-0.139386,-0.653680,0.743822,-0.694873,0.205735,0.118770,1.593528,-0.030614,-0.261800,0.113136,-0.176797,-0.226974,0.401834,-0.351588,-0.040162,-0.021170,-0.030332,0.308994,0.032347,0.486026,-0.231255,0.923096,0.481523,-0.006160,0.134115,-0.054257,-0.347806,0.587741,1.037825,-0.458666,0.041403,-0.095596
0.001550,0.043334,0.783745,0.001296,-0.139175,-0.653661,0.743879,-0.695097,0.205028,0.118395,1.593676,-0.030609,-0.261800,0.112806,-0.176396,-0.226901,0.402330,-0.351495,-0.040964,-0.020640,-0.030485,0.309474,0.032881,0.484390,-0.231563,0.923455,0.481208,-0.006026,0.134134,-0.054728,-0.349465,0.588302,1.038372,-0.459069,0.042154,-0.096097
0.001586,0.043204,0.783728,0.001231,-0.138989,-0.653634,0.743937,-0.695493,0.203985,0.117640,1.594043,-0.030505,-0.261800,0.112420,-0.176065,-0.226945,0.403063,-0.351654,-0.041952,-0.020223,-0.030645,0.310015,0.033530,0.482768,-0.232033,0.923914,0.480802,-0.005796,0.133826,-0.055089,-0.351167,0.588570,1.038785,-0.460233,0.042876,-0.096315
0.001646,0.043070,0.783716,0.001167,-0.138824,-0.653615,0.743985,-0.695988,0.202731,0.116652,1.594558,-0.030331,-0.261800,0.111941,-0.175799,-0.227015,0.404058,-0.352027,-0.043038,-0.019868,-0.030790,0.310610,0.034237,0.481107,-0.232644,0.924510,0.480266,-0.005514,0.133303,-0.055398,-0.352984,0.588740,1.039119,-0.461991,0.043618,-0.096390
0.001686,0.042920,0.783681,0.001149,-0.138696,-0.653555,0.744062,-0.696541,0.201239,0.115629,1.595048,-0.030162,-0.261800,0.111388,-0.175714,-0.227147,0.405255,-0.352559,-0.044130,-0.019633,-0.031075,0.311214,0.034979,0.479523,-0.233374,0.925169,0.479836,-0.005268,0.132795,-0.055666,-0.354822,0.588665,1.039386,-0.463747,0.044316,-0.096492
0.001764,0.042771,0.783619,0.001212,-0.138615,-0.653406,0.744207,-0.697120,0.199474,0.114770,1.595353,-0.030070,-0.261800,0.110668,-0.175945,-0.227354,0.406819,-0.353321,-0.045142,-0.019572,-0.031686,0.311783,0.035731,0.478160,-0.234210,0.925806,0.479741,-0.005147,0.132528,-0.055901,-0.356512,0.588182,1.039607,-0.464921,0.044910,-0.096792
0.001808,0.042668,0.783549,0.001426,-0.138627,-0.653133,0.744445,-0.697729,0.197330,0.114156,1.595398,-0.030136,-0.261800,0.109779,-0.176616,-0.227702,0.408744,-0.354341,-0.046061,-0.019697,-0.032630,0.312276,0.036354,0.476833,-0.235220,0.926544,0.480351,-0.005223,0.132690,-0.055931,-0.358329,0.587243,1.039561,-0.465173,0.045436,-0.097359
0.001890,0.042563,0.783446,0.001723,-0.138684,-0.652771,0.744751,-0.698380,0.194852,0.113678,1.595287,-0.030299,-0.261800,0.108723,-0.177641,-0.228152,0.411030,-0.355621,-0.046932,-0.019994,-0.033943,0.312725,0.037046,0.475727,-0.236326,0.927236,0.481397,-0.005445,0.133076,-0.055942,-0.360023,0.585989,1.039487,-0.464878,0.045907,-0.098118
0.001958,0.042454,0.783336,0.002057,-0.138777,-0.652371,0.745083,-0.699057,0.192254,0.113223,1.595108,-0.030433,-0.261800,0.107583,-0.178789,-0.228596,0.413534,-0.357009,-0.047761,-0.020412,-0.035403,0.313197,0.037777,0.474840,-0.237504,0.927916,0.482338,-0.005675,0.133476,-0.055953,-0.361553,0.584312,1.039413,-0.464532,0.046230,-0.098933
0.002057,0.042333,0.783220,0.002348,-0.138863,-0.651992,0.745398,-0.699741,0.189754,0.112686,1.594963,-0.030417,-0.261800,0.106439,-0.179826,-0.228932,0.416112,-0.358345,-0.048550,-0.020861,-0.036723,0.313776,0.038445,0.474082,-0.238788,0.928664,0.482657,-0.005770,0.133702,-0.055830,-0.363013,0.582012,1.039165,-0.464636,0.046310,-0.099638
0.002113,0.042222,0.783167,0.002575,-0.138931,-0.651647,0.745686,-0.700498,0.187379,0.111997,1.594938,-0.030158,-0.261800,0.105176,-0.180713,-0.229047,0.418990,-0.359664,-0.049307,-0.021357,-0.037799,0.314500,0.038953,0.473433,-0.240324,0.929562,0.481977,-0.005667,0.133639,-0.055492,-0.364488,0.578803,1.038648,-0.465654,0.046034,-0.100198
0.002172,0.042113,0.783097,0.002783,-0.139004,-0.651304,0.745972,-0.701306,0.185019,0.111228,1.594948,-0.029735,-0.261800,0.103816,-0.181566,-0.229027,0.422125,-0.361012,-0.050031,-0.021894,-0.038756,0.315329,0.039311,0.472908,-0.242108,0.930583,0.480649,-0.005447,0.133417,-0.054943,-0.365970,0.574827,1.037865,-0.467188,0.045481,-0.100684
0.002198,0.042003,0.783025,0.002975,-0.139086,-0.650959,0.746257,-0.702063,0.182704,0.110466,1.594895,-0.029313,-0.261800,0.102547,-0.182385,-0.229054,0.425146,-0.362324,-0.050708,-0.022308,-0.039620,0.316230,0.039457,0.472437,-0.244051,0.931759,0.479224,-0.005188,0.133225,-0.054064,-0.367600,0.570371,1.036695,-0.468554,0.044845,-0.101074
0.002233,0.041894,0.783010,0.003142,-0.139163,-0.650608,0.746547,-0.702655,0.180451,0.109801,1.594679,-0.029055,-0.261800,0.101590,-0.183167,-0.229316,0.427617,-0.363509,-0.051322,-0.022705,-0.040556,0.317123,0.039698,0.472017,-0.245678,0.932919,0.478303,-0.004969,0.133229,-0.053187,-0.369149,0.566138,1.035504,-0.469017,0.044334,-0.101412
0.002261,0.041805,0.782966,0.003276,-0.139254,-0.650245,0.746846,-0.703013,0.178288,0.109230,1.594283,-0.029073,-0.261800,0.101130,-0.183874,-0.229946,0.429269,-0.364497,-0.051825,-0.023026,-0.041505,0.318058,0.039943,0.471569,-0.247011,0.934128,0.477985,-0.004856,0.133643,-0.052190,-0.370705,0.561990,1.034101,-0.468102,0.043998,-0.101615
0.002306,0.041684,0.782912,0.003377,-0.139352,-0.649875,0.747150,-0.703217,0.176201,0.108709,1.593769,-0.029256,-0.261800,0.100999,-0.184515,-0.230818,0.430404,-0.365361,-0.052235,-0.023256,-0.042354,0.319064,0.040034,0.471031,-0.248259,0.935496,0.477983,-0.004790,0.134342,-0.050913,-0.372472,0.557684,1.032288,-0.466248,0.043729,-0.101677
0.002341,0.041594,0.782857,0.003496,-0.139454,-0.649506,0.747450,-0.703351,0.174142,0.108292,1.593095,-0.029432,-0.261800,0.100944,-0.185162,-0.231733,0.431327,-0.366163,-0.052632,-0.023565,-0.043284,0.319980,0.040262,0.470510,-0.249211,0.936877,0.478344,-0.004655,0.134963,-0.049815,-0.374073,0.553710,1.030757,-0.464237,0.043500,-0.101790
0.002377,0.041524,0.782774,0.003664,-0.139533,-0.649149,0.747745,-0.703518,0.172082,0.108021,1.592237,-0.029422,-0.261800,0.100718,-0.185882,-0.232495,0.432339,-0.366963,-0.053095,-0.023817,-0.044268,0.320726,0.040420,0.469990,-0.250130,0.938409,0.479007,-0.004334,0.135183,-0.048786,-0.375603,0.550128,1.029522,-0.462850,0.043270,-0.102058
0.002411,0.041402,0.782744,0.003892,-0.139597,-0.648786,0.748047,-0.703789,0.169953,0.107843,1.591184,-0.029164,-0.261800,0.100315,-0.186650,-0.233112,0.433434,-0.367763,-0.053691,-0.023993,-0.045211,0.321337,0.040312,0.469419,-0.251166,0.940255,0.480222,-0.003673,0.134812,-0.047678,-0.377265,0.546856,1.028404,-0.462361,0.043016,-0.102523
0.002480,0.041314,0.782696,0.004157,-0.139650,-0.648418,0.748355,-0.704088,0.167793,0.107764,1.589940,-0.028753,-0.261800,0.099849,-0.187447,-0.233670,0.434485,-0.368540,-0.054362,-0.024270,-0.046285,0.321794,0.040313,0.468931,-0.251967,0.942168,0.481946,-0.002785,0.134034,-0.046926,-0.378642,0.544119,1.027867,-0.462309,0.042771,-0.103183
0.002489,0.041194,0.782695,0.004478,-0.139697,-0.648084,0.748634,-0.704324,0.165718,0.107887,1.588544,-0.028267,-0.261800,0.099230,-0.188337,-0.234077,0.435624,-0.369316,-0.055000,-0.024347,-0.047354,0.322109,0.040177,0.468375,-0.252820,0.944214,0.483613,-0.001917,0.133177,-0.045945,-0.380167,0.541531,1.027234,-0.462457,0.042553,-0.103846
0.002507,0.041075,0.782727,0.004892,-0.139761,-0.647818,0.748849,-0.704395,0.163847,0.108337,1.587022,-0.027787,-0.261800,0.098342,-0.189399,-0.234233,0.437040,-0.370151,-0.055499,-0.024239,-0.048507,0.322203,0.040190,0.467759,-0.253531,0.946150,0.484716,-0.001333,0.132526,-0.044874,-0.381784,0.539277,1.026648,-0.462463,0.042399,-0.104425
0.002506,0.040924,0.782769,0.005413,-0.139862,-0.647634,0.748986,-0.704261,0.162175,0.109190,1.585344,-0.027271,-0.261800,0.097091,-0.190705,-0.234072,0.438932,-0.371086,-0.055816,-0.024051,-0.050019,0.322016,0.040728,0.467319,-0.253768,0.947742,0.485021,-0.001217,0.132130,-0.044285,-0.382840,0.537729,1.026901,-0.462302,0.042376,-0.105063
0.002540,0.040779,0.782809,0.006009,-0.139974,-0.647510,0.749067,-0.704000,0.160660,0.110347,1.583554,-0.026700,-0.261800,0.095609,-0.192159,-0.233672,0.441042,-0.372072,-0.056018,-0.023599,-0.051575,0.321663,0.041272,0.466804,-0.253934,0.949334,0.484846,-0.001384,0.131881,-0.043545,-0.384012,0.536439,1.027174,-0.462117,0.042439,-0.105676
0.002521,0.040625,0.782849,0.006679,-0.140076,-0.647437,0.749106,-0.703619,0.159325,0.111723,1.581621,-0.026171,-0.261800,0.093962,-0.193716,-0.233107,0.443212,-0.373056,-0.056148,-0.023032,-0.053063,0.321111,0.041780,0.466097,-0.254121,0.950962,0.484482,-0.001562,0.131709,-0.042460,-0.385565,0.535271,1.027086,-0.461914,0.042477,-0.106125
0.002532,0.040437,0.782897,0.007426,-0.140154,-0.647400,0.749116,-0.703122,0.158176,0.113245,1.579530,-0.025781,-0.261800,0.092260,-0.195319,-0.232460,0.445205,-0.373988,-0.056249,-0.022558,-0.054850,0.320159,0.042576,0.465625,-0.254253,0.952465,0.484158,-0.001487,0.131466,-0.041761,-0.386593,0.534420,1.027661,-0.461809,0.042395,-0.106484
0.002516,0.040272,0.782934,0.008288,-0.140223,-0.647398,0.749096,-0.702441,0.157228,0.115064,1.577167,-0.025625,-0.261800,0.090425,-0.197068,-0.231708,0.447125,-0.374892,-0.056244,-0.022090,-0.056777,0.318873,0.043380,0.465144,-0.254562,0.953980,0.483813,-0.001000,0.131117,-0.040912,-0.387667,0.533525,1.028219,-0.461810,0.042060,-0.106632
0.002473,0.040080,0.783015,0.009254,-0.140285,-0.647438,0.749038,-0.701592,0.156470,0.117164,1.574572,-0.025625,-0.261800,0.088483,-0.198942,-0.230833,0.448943,-0.375755,-0.056140,-0.021544,-0.058780,0.317300,0.044147,0.464607,-0.255039,0.955531,0.483344,-0.000273,0.130733,-0.039822,-0.388920,0.532622,1.028646,-0.461876,0.041560,-0.106593
0.002442,0.039873,0.783088,0.010254,-0.140317,-0.647516,0.748952,-0.700724,0.155876,0.119207,1.571983,-0.025632,-0.261800,0.086517,-0.200741,-0.229886,0.450589,-0.376568,-0.056099,-0.020998,-0.060921,0.315396,0.045124,0.464270,-0.255449,0.957008,0.482979,0.000477,0.130392,-0.038994,-0.389757,0.532045,1.029500,-0.462020,0.041106,-0.106466
0.002417,0.039596,0.783176,0.011179,-0.140255,-0.647635,0.748848,-0.699978,0.155432,0.120846,1.569641,-0.025501,-0.261800,0.084664,-0.202230,-0.228924,0.451867,-0.377260,-0.056287,-0.020262,-0.062753,0.313283,0.045923,0.463852,-0.256028,0.958680,0.482963,0.001047,0.130265,-0.037767,-0.390917,0.531527,1.029780,-0.462209,0.040895,-0.106124
0.002374,0.039329,0.783278,0.012059,-0.140084,-0.647821,0.748705,-0.699456,0.155209,0.121994,1.567579,-0.025119,-0.261800,0.082851,-0.203319,-0.227881,0.452728,-0.377838,-0.056866,-0.019442,-0.064519,0.310762,0.046928,0.463685,-0.256618,0.960370,0.483589,0.001344,0.130359,-0.036976,-0.391521,0.531625,1.030577,-0.462441,0.041065,-0.105547
0.002333,0.039000,0.783401,0.012906,-0.139812,-0.648068,0.748527,-0.699070,0.155204,0.122822,1.565696,-0.024600,-0.261800,0.081055,-0.204113,-0.226757,0.453242,-0.378315,-0.057712,-0.018407,-0.066018,0.307930,0.047747,0.463492,-0.257544,0.962298,0.484588,0.001496,0.130658,-0.035763,-0.392475,0.531950,1.030803,-0.462615,0.041498,-0.104643
0.002274,0.038638,0.783517,0.013719,-0.139538,-0.648312,0.748353,-0.698644,0.155248,0.123424,1.563973,-0.024098,-0.261800,0.079434,-0.204789,-0.225705,0.453539,-0.378707,-0.058544,-0.017385,-0.067469,0.304996,0.048668,0.463335,-0.258226,0.964127,0.485557,0.001598,0.131030,-0.034445,-0.393369,0.532221,1.030867,-0.462954,0.041959,-0.103805
0.002214,0.038311,0.783632,0.014453,-0.139324,-0.648493,0.748223,-0.698029,0.155185,0.123875,1.562441,-0.023790,-0.261800,0.078174,-0.205499,-0.224887,0.453709,-0.379005,-0.059088,-0.016488,-0.068850,0.302209,0.049638,0.463079,-0.258387,0.965775,0.486003,0.001741,0.131397,-0.032654,-0.394585,0.532002,1.030248,-0.463534,0.042248,-0.103308
0.002172,0.037981,0.783770,0.015130,-0.139212,-0.648588,0.748147,-0.697119,0.154957,0.124235,1.561007,-0.023745,-0.261800,0.077342,-0.206314,-0.224364,0.453725,-0.379152,-0.059183,-0.015827,-0.070426,0.299420,0.050832,0.462869,-0.257808,0.967269,0.485712,0.001958,0.131777,-0.031062,-0.395209,0.531354,1.030098,-0.464783,0.042279,-0.103573
0.002126,0.037653,0.783899,0.015754,-0.139152,-0.648634,0.748106,-0.696022,0.154662,0.124439,1.559709,-0.023871,-0.261800,0.076835,-0.207129,-0.224046,0.453558,-0.379168,-0.059006,-0.015298,-0.071964,0.296706,0.052146,0.462545,-0.256650,0.968574,0.485059,0.002211,0.132226,-0.029068,-0.395944,0.530251,1.029397,-0.466542,0.042235,-0.104243
0.002081,0.037313,0.784003,0.016306,-0.139121,-0.648650,0.748086,-0.694869,0.154331,0.124426,1.558668,-0.024057,-0.261800,0.076557,-0.207903,-0.223853,0.453321,-0.379186,-0.058782,-0.014811,-0.073506,0.293945,0.053428,0.462230,-0.255295,0.969932,0.484146,0.002471,0.132666,-0.027115,-0.396513,0.529128,1.028757,-0.468037,0.042126,-0.104970
0.002067,0.036969,0.784094,0.016783,-0.139109,-0.648650,0.748078,-0.693811,0.154018,0.124101,1.558058,-0.024212,-0.261800,0.076417,-0.208559,-0.223711,0.453131,-0.379353,-0.058736,-0.014410,-0.074865,0.291416,0.054762,0.461723,-0.253548,0.971047,0.483511,0.002714,0.133015,-0.024934,-0.397427,0.528009,1.027351,-0.468745,0.042040,-0.105214
0.002037,0.036631,0.784145,0.017170,-0.139112,-0.648627,0.748088,-0.692877,0.153627,0.123342,1.557909,-0.024288,-0.261800,0.076401,-0.209100,-0.223618,0.453055,-0.379745,-0.058963,-0.014036,-0.076043,0.288945,0.055946,0.461058,-0.251654,0.972259,0.482913,0.002952,0.133274,-0.022551,-0.398679,0.527209,1.025325,-0.467975,0.042053,-0.104878
0.001964,0.036226,0.784212,0.017488,-0.139148,-0.648578,0.748116,-0.691989,0.153163,0.122231,1.558142,-0.024340,-0.261800,0.076567,-0.209558,-0.223609,0.453003,-0.380269,-0.059329,-0.013603,-0.077257,0.286474,0.057027,0.460506,-0.249665,0.973516,0.482177,0.003195,0.133455,-0.020161,-0.399721,0.526488,1.023191,-0.466330,0.042114,-0.104275
0.001921,0.035876,0.784241,0.017752,-0.139208,-0.648520,0.748150,-0.691133,0.152835,0.121010,1.558706,-0.024427,-0.261800,0.076870,-0.209928,-0.223653,0.452931,-0.380831,-0.059723,-0.013298,-0.078333,0.284147,0.058225,0.459845,-0.247441,0.974538,0.481578,0.003420,0.133589,-0.017680,-0.401026,0.525807,1.020616,-0.464451,0.042085,-0.103463
0.001870,0.035509,0.784277,0.017963,-0.139265,-0.648474,0.748174,-0.690299,0.152846,0.119933,1.559550,-0.024599,-0.261800,0.077279,-0.210222,-0.223714,0.452776,-0.381325,-0.060026,-0.013052,-0.079271,0.281963,0.059467,0.459113,-0.245339,0.975365,0.481161,0.003623,0.133720,-0.015122,-0.402525,0.524939,1.017778,-0.463123,0.041834,-0.102595
0.001779,0.035122,0.784293,0.018138,-0.139339,-0.648432,0.748192,-0.689474,0.153237,0.119053,1.560706,-0.024852,-0.261800,0.077817,-0.210445,-0.223794,0.452543,-0.381781,-0.060306,-0.012762,-0.080319,0.279790,0.060724,0.458635,-0.243623,0.976082,0.480870,0.003823,0.133837,-0.012818,-0.403483,0.523777,1.015352,-0.462693,0.041261,-0.101736
0.001704,0.034777,0.784259,0.018261,-0.139426,-0.648390,0.748209,-0.688669,0.153903,0.118246,1.562180,-0.025162,-0.261800,0.078410,-0.210620,-0.223888,0.452417,-0.382253,-0.060589,-0.012551,-0.081324,0.277724,0.062085,0.458177,-0.241921,0.976576,0.480775,0.004008,0.133926,-0.010543,-0.404441,0.522447,1.012787,-0.462685,0.040448,-0.100748
0.001637,0.034455,0.784259,0.018339,-0.139515,-0.648366,0.748212,-0.687896,0.154826,0.117483,1.563898,-0.025562,-0.261800,0.079149,-0.210685,-0.224020,0.452089,-0.382628,-0.060712,-0.012383,-0.082056,0.275927,0.063458,0.457511,-0.240151,0.976802,0.480819,0.004156,0.133994,-0.008018,-0.405965,0.521033,1.009584,-0.462763,0.039567,-0.099704
0.001569,0.034143,0.784238,0.018377,-0.139597,-0.648379,0.748184,-0.687161,0.155969,0.116768,1.565760,-0.026066,-0.261800,0.080000,-0.210646,-0.224175,0.451494,-0.382827,-0.060507,-0.012109,-0.082664,0.274274,0.064715,0.456836,-0.238540,0.976956,0.480714,0.004252,0.134034,-0.005732,-0.407519,0.519928,1.006646,-0.462554,0.038783,-0.098897
0.001436,0.033850,0.784238,0.018375,-0.139663,-0.648449,0.748111,-0.686455,0.157389,0.116114,1.567784,-0.026742,-0.261800,0.080958,-0.210483,-0.224340,0.450591,-0.382818,-0.059846,-0.011680,-0.083333,0.272708,0.065953,0.456345,-0.236991,0.976955,0.480262,0.004289,0.133994,-0.004057,-0.408579,0.519236,1.004506,-0.461991,0.038090,-0.098420
0.001365,0.033575,0.784219,0.018319,-0.139713,-0.648561,0.748006,-0.685783,0.159093,0.115504,1.570014,-0.027565,-0.261800,0.082040,-0.210183,-0.224524,0.449414,-0.382634,-0.058849,-0.011425,-0.083641,0.271440,0.067354,0.455494,-0.235067,0.976550,0.479834,0.004260,0.133907,-0.002322,-0.410401,0.518868,1.001773,-0.461093,0.037406,-0.097966
0.001260,0.033338,0.784198,0.018226,-0.139763,-0.648686,0.747891,-0.685144,0.160922,0.114946,1.572355,-0.028396,-0.261800,0.083218,-0.209841,-0.224745,0.448106,-0.382362,-0.057712,-0.010970,-0.084082,0.270209,0.068546,0.454938,-0.233615,0.976272,0.479400,0.004208,0.133826,-0.001082,-0.411534,0.518643,1.000004,-0.460358,0.036831,-0.097846
0.001143,0.033139,0.784210,0.018105,-0.139834,-0.648790,0.747790,-0.684534,0.162753,0.114404,1.574729,-0.029120,-0.261800,0.084483,-0.209483,-0.225035,0.446751,-0.382056,-0.056638,-0.010737,-0.084244,0.269250,0.069725,0.454126,-0.232224,0.975940,0.479523,0.004129,0.133839,0.000246,-0.413259,0.518663,0.998008,-0.459849,0.036438,-0.097894
0.001013,0.032895,0.784212,0.017956,-0.139925,-0.648865,0.747712,-0.683997,0.164537,0.113822,1.577171,-0.029683,-0.261800,0.085880,-0.209119,-0.225435,0.445288,-0.381693,-0.055619,-0.010356,-0.084464,0.268386,0.070555,0.453581,-0.231558,0.975912,0.480390,0.004037,0.133976,0.001282,-0.414512,0.518874,0.996822,-0.459937,0.036295,-0.098432
0.000876,0.032677,0.784183,0.017765,-0.140021,-0.648927,0.747645,-0.683523,0.166361,0.113214,1.579707,-0.030162,-0.261800,0.087435,-0.208693,-0.225933,0.443617,-0.381249,-0.054576,-0.010033,-0.084456,0.267749,0.071242,0.452931,-0.231170,0.975913,0.481877,0.003910,0.134203,0.002395,-0.416162,0.519329,0.995528,-0.460291,0.036338,-0.099242
0.000770,0.032475,0.784138,0.017562,-0.140146,-0.648985,0.747576,-0.683015,0.168228,0.112743,1.582227,-0.030600,-0.261800,0.088999,-0.208298,-0.226423,0.442027,-0.380808,-0.053579,-0.009666,-0.084489,0.267265,0.071847,0.452415,-0.231045,0.975904,0.483134,0.003770,0.134419,0.003272,-0.417523,0.519693,0.994755,-0.460773,0.036473,-0.100160
0.000654,0.032325,0.784115,0.017350,-0.140308,-0.649049,0.747494,-0.682389,0.170162,0.112555,1.584630,-0.031041,-0.261800,0.090498,-0.207975,-0.226826,0.440665,-0.380448,-0.052712,-0.009337,-0.084649,0.266937,0.072536,0.452056,-0.230949,0.975740,0.483377,0.003629,0.134532,0.003776,-0.418400,0.519752,0.994648,-0.461120,0.036603,-0.100947
0.000581,0.032201,0.784098,0.017121,-0.140522,-0.649115,0.747403,-0.681556,0.172237,0.112752,1.586888,-0.031497,-0.261800,0.092011,-0.207722,-0.227163,0.439459,-0.380146,-0.051992,-0.009184,-0.084737,0.266884,0.073366,0.451596,-0.230753,0.975319,0.481987,0.003505,0.134522,0.004250,-0.419315,0.519310,0.994621,-0.461204,0.036709,-0.101455
0.000496,0.032077,0.784051,0.016876,-0.140783,-0.649178,0.747304,-0.680597,0.174428,0.113227,1.589083,-0.031947,-0.261800,0.093546,-0.207506,-0.227469,0.438366,-0.379879,-0.051379,-0.009095,-0.084643,0.267095,0.074083,0.450918,-0.230671,0.974877,0.479557,0.003397,0.134480,0.004812,-0.420459,0.518431,0.994569,-0.461168,0.036832,-0.101800
0.000406,0.031990,0.784057,0.016638,-0.141057,-0.649253,0.747192,-0.679632,0.176578,0.113837,1.591173,-0.032384,-0.261800,0.094941,-0.207359,-0.227670,0.437522,-0.379695,-0.050857,-0.009071,-0.084883,0.267286,0.075020,0.450682,-0.230602,0.974277,0.477007,0.003243,0.134343,0.004657,-0.420775,0.517844,0.995626,-0.461006,0.037009,-0.102193
0.000313,0.031895,0.784017,0.016436,-0.141318,-0.649353,0.747061,-0.678844,0.178579,0.114386,1.593228,-0.032813,-0.261800,0.096047,-0.207237,-0.227706,0.437026,-0.379618,-0.050415,-0.008743,-0.084825,0.267694,0.075598,0.450082,-0.230663,0.973781,0.475869,0.003060,0.134321,0.004957,-0.421524,0.516794,0.996129,-0.460990,0.037223,-0.102379
0.000197,0.031828,0.784009,0.016273,-0.141556,-0.649498,0.746893,-0.678286,0.180392,0.114827,1.595283,-0.033240,-0.261800,0.096739,-0.207154,-0.227485,0.437060,-0.379697,-0.050067,-0.008204,-0.084807,0.268074,0.076005,0.449525,-0.230846,0.973464,0.476583,0.002799,0.134375,0.005123,-0.422191,0.516047,0.996925,-0.460761,0.037567,-0.102480
0.000099,0.031754,0.783974,0.016142,-0.141791,-0.649674,0.746699,-0.677874,0.182092,0.115245,1.597315,-0.033657,-0.261800,0.097145,-0.207090,-0.227075,0.437480,-0.379886,-0.049813,-0.007473,-0.084580,0.268564,0.076068,0.448691,-0.231206,0.973405,0.478514,0.002496,0.134529,0.005495,-0.423158,0.515202,0.997542,-0.460406,0.038008,-0.102418
-0.000020,0.031711,0.783964,0.016033,-0.142023,-0.649849,0.746504,-0.677544,0.183673,0.115726,1.599265,-0.034045,-0.261800,0.097400,-0.207112,-0.226609,0.438081,-0.380151,-0.049606,-0.006908,-0.084709,0.269042,0.076635,0.448382,-0.231356,0.972838,0.480425,0.002124,0.134539,0.005197,-0.423484,0.514786,0.998967,-0.460023,0.038409,-0.102404
-0.000124,0.031675,0.783959,0.015948,-0.142265,-0.649995,0.746333,-0.677208,0.185176,0.116297,1.601003,-0.034406,-0.261800,0.097710,-0.207181,-0.226248,0.438514,-0.380376,-0.049409,-0.006457,-0.084679,0.269601,0.077087,0.447868,-0.231630,0.972253,0.481466,0.001772,0.134557,0.005001,-0.423980,0.514182,1.000180,-0.459899,0.038679,-0.102351
-0.000217,0.031675,0.783951,0.015890,-0.142517,-0.650104,0.746191,-0.676810,0.186638,0.117082,1.602484,-0.034752,-0.261800,0.098074,-0.207363,-0.226013,0.438783,-0.380589,-0.049210,-0.006237,-0.084577,0.270169,0.077450,0.447158,-0.232005,0.971703,0.481062,0.001350,0.134485,0.004837,-0.424640,0.513504,1.001293,-0.460016,0.038738,-0.102281
-0.000289,0.031699,0.783902,0.015863,-0.142779,-0.650193,0.746064,-0.676398,0.188029,0.118026,1.603763,-0.035077,-0.261800,0.098413,-0.207643,-0.225830,0.439015,-0.380813,-0.049032,-0.006261,-0.084549,0.270768,0.078129,0.446550,-0.232271,0.970763,0.479809,0.000874,0.134283,0.004330,-0.425170,0.512999,1.002728,-0.460236,0.038626,-0.102203
-0.000339,0.031702,0.783871,0.015843,-0.143034,-0.650259,0.745958,-0.676086,0.189267,0.118921,1.604936,-0.035348,-0.261800,0.098739,-0.207950,-0.225690,0.439207,-0.381028,-0.048879,-0.006430,-0.084702,0.271381,0.079041,0.446298,-0.232481,0.969560,0.478323,0.000424,0.134054,0.003528,-0.425371,0.512740,1.004418,-0.460525,0.038518,-0.102178
-0.000380,0.031737,0.783816,0.015812,-0.143272,-0.650301,0.745877,-0.675996,0.190281,0.119552,1.606110,-0.035527,-0.261800,0.099081,-0.208186,-0.225593,0.439311,-0.381184,-0.048759,-0.006608,-0.084715,0.272007,0.079718,0.445976,-0.232883,0.968626,0.477365,0.000155,0.134068,0.002782,-0.425610,0.512566,1.005930,-0.460866,0.038578,-0.102184
-0.000414,0.031775,0.783790,0.015751,-0.143468,-0.650322,0.745822,-0.676219,0.191044,0.119813,1.607360,-0.035563,-0.261800,0.099456,-0.208289,-0.225525,0.439263,-0.381255,-0.048712,-0.006717,-0.084493,0.272586,0.079851,0.445519,-0.233770,0.968350,0.477135,0.000155,0.134579,0.002139,-0.425980,0.512664,1.007269,-0.461228,0.038878,-0.102282
-0.000446,0.031817,0.783799,0.015671,-0.143635,-0.650323,0.745790,-0.676671,0.191598,0.119834,1.608608,-0.035484,-0.261800,0.099852,-0.208321,-0.225491,0.439094,-0.381261,-0.048724,-0.006865,-0.084209,0.273170,0.079800,0.445127,-0.234878,0.968293,0.477235,0.000315,0.135365,0.001465,-0.426348,0.513009,1.008527,-0.461661,0.039319,-0.102445
-0.000506,0.031861,0.783811,0.015601,-0.143805,-0.650296,0.745783,-0.677205,0.191971,0.119752,1.609739,-0.035389,-0.261800,0.100248,-0.208376,-0.225517,0.438912,-0.381245,-0.048710,-0.007062,-0.083896,0.273769,0.079737,0.444775,-0.235998,0.968230,0.477440,0.000531,0.136076,0.000863,-0.426696,0.513308,1.009607,-0.462005,0.039822,-0.102568
-0.000548,0.031952,0.783843,0.015545,-0.143994,-0.650238,0.745798,-0.677669,0.192183,0.119703,1.610636,-0.035373,-0.261800,0.100643,-0.208545,-0.225630,0.438787,-0.381221,-0.048587,-0.007388,-0.083650,0.274412,0.079889,0.444471,-0.236780,0.967892,0.477566,0.000680,0.136351,0.000362,-0.426975,0.513295,1.010431,-0.462170,0.040321,-0.102553
-0.000576,0.032009,0.783861,0.015512,-0.144209,-0.650131,0.745850,-0.678041,0.192207,0.119722,1.611250,-0.035482,-0.261800,0.101040,-0.208886,-0.225884,0.438750,-0.381185,-0.048292,-0.007950,-0.083630,0.275031,0.080247,0.444365,-0.237072,0.967404,0.477451,0.000689,0.135899,-0.000045,-0.427039,0.513099,1.011009,-0.461905,0.040881,-0.102388
-0.000606,0.032103,0.783896,0.015477,-0.144433,-0.649986,0.745934,-0.678389,0.192053,0.119714,1.611661,-0.035667,-0.261800,0.101470,-0.209310,-0.226256,0.438731,-0.381122,-0.047885,-0.008223,-0.083278,0.275669,0.080158,0.443892,-0.237915,0.967165,0.477132,0.000838,0.135227,-0.000111,-0.427223,0.512008,1.011426,-0.461600,0.041441,-0.102038
-0.000651,0.032227,0.783919,0.015463,-0.144670,-0.649828,0.746026,-0.678727,0.191778,0.119690,1.611910,-0.035852,-0.261800,0.101874,-0.209783,-0.226637,0.438733,-0.381054,-0.047463,-0.008721,-0.083068,0.276307,0.080338,0.443534,-0.238316,0.966734,0.476971,0.000862,0.134411,-0.000184,-0.427305,0.511064,1.011627,-0.461178,0.041970,-0.101664
-0.000646,0.032313,0.783926,0.015448,-0.144892,-0.649689,0.746104,-0.679051,0.191474,0.119622,1.612031,-0.035958,-0.261800,0.102288,-0.210205,-0.226932,0.438616,-0.380939,-0.047126,-0.009117,-0.082833,0.276945,0.080393,0.443190,-0.238706,0.966454,0.477143,0.000742,0.133892,-0.000085,-0.427336,0.510003,1.011609,-0.461008,0.042330,-0.101312
-0.000661,0.032440,0.783936,0.015436,-0.145116,-0.649564,0.746170,-0.679341,0.191065,0.119483,1.612025,-0.035966,-0.261800,0.102725,-0.210612,-0.227102,0.438418,-0.380812,-0.046868,-0.009420,-0.082573,0.277600,0.080415,0.442766,-0.239090,0.966237,0.477742,0.000367,0.133811,0.000231,-0.427311,0.508642,1.011332,-0.461164,0.042456,-0.100972
-0.000655,0.032546,0.783939,0.015439,-0.145357,-0.649441,0.746230,-0.679597,0.190549,0.119286,1.611870,-0.035912,-0.261800,0.103204,-0.211013,-0.227207,0.438116,-0.380643,-0.046650,-0.009628,-0.082282,0.278252,0.080261,0.442282,-0.239479,0.966238,0.478668,-0.000197,0.133985,0.000759,-0.427204,0.506975,1.010844,-0.461557,0.042417,-0.100623
-0.000653,0.032677,0.783959,0.015444,-0.145565,-0.649337,0.746280,-0.679881,0.190070,0.119092,1.611600,-0.035829,-0.261800,0.103592,-0.211374,-0.227282,0.437817,-0.380463,-0.046510,-0.009911,-0.081998,0.278858,0.080350,0.441889,-0.239755,0.966000,0.479648,-0.000698,0.134203,0.001151,-0.427051,0.505686,1.010368,-0.461891,0.042312,-0.100312
-0.000687,0.032772,0.784000,0.015455,-0.145709,-0.649276,0.746305,-0.680230,0.189802,0.118972,1.611242,-0.035744,-0.261800,0.103783,-0.211635,-0.227349,0.437570,-0.380273,-0.046493,-0.010315,-0.081759,0.279387,0.080524,0.441787,-0.239884,0.965706,0.480447,-0.001013,0.134212,0.001342,-0.426989,0.505373,1.009833,-0.461886,0.042202,-0.100054
-0.000704,0.032888,0.784050,0.015471,-0.145777,-0.649264,0.746302,-0.680706,0.189834,0.118918,1.610808,-0.035642,-0.261800,0.103740,-0.211740,-0.227476,0.437354,-0.380052,-0.046722,-0.010139,-0.081241,0.279959,0.080154,0.441580,-0.240650,0.965631,0.481326,-0.000753,0.134193,0.001737,-0.426837,0.504847,1.009268,-0.462292,0.042132,-0.099851
-0.000723,0.033010,0.784125,0.015491,-0.145775,-0.649291,0.746278,-0.681277,0.190063,0.118912,1.610284,-0.035513,-0.261800,0.103498,-0.211748,-0.227617,0.437178,-0.379819,-0.047135,-0.009822,-0.080626,0.280378,0.079479,0.441402,-0.241823,0.965877,0.482046,-0.000171,0.134143,0.002052,-0.426660,0.504939,1.008800,-0.462522,0.042071,-0.099723
-0.000755,0.033178,0.784180,0.015510,-0.145744,-0.649343,0.746238,-0.681823,0.190352,0.118950,1.609655,-0.035405,-0.261800,0.103191,-0.211707,-0.227698,0.436986,-0.379550,-0.047503,-0.009586,-0.080016,0.280823,0.079021,0.441343,-0.242621,0.965837,0.482793,0.000357,0.134008,0.002293,-0.426561,0.505350,1.008214,-0.462658,0.041926,-0.099623
-0.000773,0.033338,0.784216,0.015536,-0.145728,-0.649397,0.746194,-0.682228,0.190556,0.119023,1.608899,-0.035353,-0.261800,0.102969,-0.211674,-0.227659,0.436682,-0.379206,-0.047593,-0.009272,-0.079381,0.281041,0.078498,0.441263,-0.243589,0.965920,0.483227,0.000643,0.133977,0.002532,-0.426342,0.505972,1.007860,-0.462432,0.041714,-0.099669
-0.000770,0.033507,0.784239,0.015565,-0.145733,-0.649452,0.746145,-0.682405,0.190653,0.119183,1.607949,-0.035414,-0.261800,0.102889,-0.211683,-0.227421,0.436238,-0.378757,-0.047213,-0.009001,-0.078763,0.281486,0.078461,0.441249,-0.243693,0.965147,0.483883,0.000407,0.133843,0.002881,-0.426283,0.506184,1.007108,-0.462104,0.041192,-0.099709
-0.000804,0.033674,0.784251,0.015598,-0.145742,-0.649515,0.746087,-0.682440,0.190721,0.119410,1.606848,-0.035550,-0.261800,0.102868,-0.211685,-0.227040,0.435685,-0.378221,-0.046532,-0.008645,-0.078114,0.281835,0.078494,0.441230,-0.243684,0.964201,0.484467,-0.000066,0.133727,0.003370,-0.426193,0.506488,1.006271,-0.461455,0.040528,-0.099874
-0.000820,0.033851,0.784272,0.015617,-0.145730,-0.649593,0.746021,-0.682445,0.190749,0.119604,1.605694,-0.035670,-0.261800,0.102841,-0.211646,-0.226641,0.435100,-0.377671,-0.045857,-0.008570,-0.077523,0.282022,0.078878,0.441195,-0.243333,0.963150,0.484903,-0.000557,0.133686,0.003591,-0.425916,0.507435,1.005712,-0.460741,0.040016,-0.100189
-0.000833,0.033993,0.784296,0.015631,-0.145693,-0.649681,0.745951,-0.682531,0.190705,0.119675,1.604595,-0.035668,-0.261800,0.102722,-0.211546,-0.226347,0.434572,-0.377184,-0.045490,-0.008689,-0.076909,0.282244,0.079286,0.441196,-0.242943,0.962242,0.484956,-0.000901,0.133737,0.003414,-0.425495,0.508635,1.005467,-0.460482,0.039795,-0.100426
-0.000840,0.034143,0.784326,0.015618,-0.145607,-0.649787,0.745876,-0.682761,0.190558,0.119532,1.603585,-0.035486,-0.261800,0.102470,-0.211362,-0.226221,0.434139,-0.376805,-0.045616,-0.008762,-0.076141,0.282510,0.079442,0.441264,-0.243008,0.961669,0.484297,-0.001011,0.133955,0.003158,-0.425159,0.509919,1.005311,-0.460950,0.040052,-0.100547
-0.000833,0.034325,0.784368,0.015598,-0.145499,-0.649910,0.745791,-0.683052,0.190333,0.119254,1.602588,-0.035187,-0.261800,0.102138,-0.211107,-0.226180,0.433741,-0.376479,-0.046039,-0.008948,-0.075416,0.282632,0.079545,0.441467,-0.243298,0.961412,0.483012,-0.000989,0.134315,0.002620,-0.424605,0.511818,1.005509,-0.461681,0.040724,-0.100712
-0.000838,0.034456,0.784415,0.015573,-0.145372,-0.650036,0.745706,-0.683350,0.190092,0.118969,1.601623,-0.034868,-0.261800,0.101766,-0.210827,-0.226151,0.433363,-0.376162,-0.046492,-0.009050,-0.074656,0.282786,0.079571,0.441749,-0.243713,0.961199,0.481601,-0.000913,0.134677,0.002221,-0.424033,0.513398,1.005582,-0.462536,0.041352,-0.100837
-0.000811,0.034616,0.784439,0.015559,-0.145247,-0.650153,0.745629,-0.683578,0.189901,0.118812,1.600664,-0.034619,-0.261800,0.101401,-0.210564,-0.226056,0.432987,-0.375810,-0.046706,-0.009160,-0.073970,0.282907,0.079712,0.442100,-0.244008,0.960900,0.480474,-0.000832,0.134948,0.001998,-0.423368,0.514537,1.005499,-0.463077,0.041608,-0.100972
-0.000814,0.034770,0.784485,0.015566,-0.145124,-0.650253,0.745566,-0.683732,0.189763,0.118819,1.599697,-0.034452,-0.261800,0.101027,-0.210334,-0.225863,0.432627,-0.375402,-0.046591,-0.009306,-0.073220,0.283044,0.079919,0.442313,-0.244122,0.960489,0.479734,-0.000723,0.135092,0.002214,-0.422953,0.514912,1.004859,-0.463220,0.041245,-0.101108
-0.000795,0.034926,0.784502,0.015599,-0.145011,-0.650341,0.745510,-0.683842,0.189636,0.118933,1.598728,-0.034321,-0.261800,0.100619,-0.210131,-0.225612,0.432307,-0.374978,-0.046293,-0.009508,-0.072781,0.283008,0.080424,0.442882,-0.244127,0.959930,0.479039,-0.000567,0.135118,0.002038,-0.421798,0.515090,1.004930,-0.463202,0.040501,-0.101405
-0.000801,0.035089,0.784523,0.015616,-0.144885,-0.650433,0.745454,-0.683906,0.189554,0.119098,1.597799,-0.034236,-0.261800,0.100244,-0.209903,-0.225351,0.431939,-0.374529,-0.045910,-0.009692,-0.072221,0.283039,0.080832,0.443328,-0.244099,0.959469,0.478582,-0.000429,0.135168,0.002134,-0.420857,0.515012,1.004611,-0.463002,0.039729,-0.101578
-0.000808,0.035261,0.784501,0.015613,-0.144760,-0.650535,0.745390,-0.683918,0.189523,0.119289,1.596933,-0.034186,-0.261800,0.099954,-0.209633,-0.225126,0.431467,-0.374074,-0.045536,-0.009781,-0.071799,0.283071,0.081220,0.444029,-0.244103,0.959121,0.478308,-0.000379,0.135273,0.001858,-0.419417,0.515158,1.004855,-0.462658,0.039266,-0.101656
-0.000792,0.035413,0.784492,0.015573,-0.144624,-0.650656,0.745311,-0.683858,0.189542,0.119466,1.596114,-0.034225,-0.261800,0.099779,-0.209288,-0.224941,0.430829,-0.373590,-0.045149,-0.009817,-0.071055,0.283259,0.081310,0.444427,-0.244143,0.959089,0.478455,-0.000498,0.135630,0.001991,-0.418647,0.515453,1.004370,-0.461802,0.039265,-0.101343
-0.000782,0.035567,0.784474,0.015522,-0.144493,-0.650787,0.745223,-0.683749,0.189592,0.119673,1.595367,-0.034326,-0.261800,0.099673,-0.208917,-0.224768,0.430104,-0.373095,-0.044711,-0.009840,-0.070504,0.283414,0.081572,0.445165,-0.244098,0.959012,0.478811,-0.000737,0.136054,0.001572,-0.417249,0.516043,1.004651,-0.460628,0.039475,-0.100929
-0.000811,0.035723,0.784521,0.015443,-0.144347,-0.650922,0.745135,-0.683619,0.189736,0.119917,1.594702,-0.034419,-0.261800,0.099640,-0.208490,-0.224629,0.429271,-0.372564,-0.044305,-0.009865,-0.069694,0.283675,0.081596,0.445612,-0.244103,0.959170,0.479296,-0.000937,0.136451,0.001601,-0.416427,0.516508,1.004255,-0.459485,0.039795,-0.100385
-0.000809,0.035860,0.784545,0.015356,-0.144203,-0.651047,0.745056,-0.683496,0.190003,0.120243,1.594139,-0.034423,-0.261800,0.099626,-0.208032,-0.224520,0.428437,-0.372038,-0.044010,-0.009970,-0.068897,0.283940,0.081661,0.446088,-0.244106,0.959342,0.479593,-0.000954,0.136557,0.001561,-0.415553,0.516960,1.003988,-0.458860,0.040035,-0.099982
-0.000819,0.036008,0.784594,0.015245,-0.144049,-0.651154,0.744994,-0.683398,0.190427,0.120664,1.593686,-0.034290,-0.261800,0.099641,-0.207528,-0.224477,0.427599,-0.371509,-0.043927,-0.010211,-0.068242,0.284182,0.081831,0.446786,-0.244106,0.959521,0.479552,-0.000672,0.136221,0.001257,-0.414239,0.517345,1.004179,-0.459125,0.040172,-0.099844
-0.000810,0.036146,0.784657,0.015116,-0.143891,-0.651250,0.744943,-0.683311,0.190987,0.121149,1.593343,-0.034078,-0.261800,0.099706,-0.206967,-0.224492,0.426716,-0.370962,-0.043988,-0.010533,-0.067418,0.284489,0.081862,0.447311,-0.244168,0.959877,0.479398,-0.000187,0.135642,0.001158,-0.413238,0.517579,1.004080,-0.459881,0.040278,-0.099756
-0.000801,0.036307,0.784708,0.014989,-0.143737,-0.651350,0.744888,-0.683192,0.191608,0.121714,1.593065,-0.033834,-0.261800,0.099803,-0.206412,-0.224492,0.425773,-0.370400,-0.044013,-0.010785,-0.066874,0.284713,0.082019,0.448178,-0.244231,0.960165,0.479159,0.000296,0.134918,0.000632,-0.411561,0.517967,1.004722,-0.460820,0.040387,-0.099808
-0.000787,0.036436,0.784735,0.014882,-0.143593,-0.651472,0.744811,-0.683005,0.192244,0.122330,1.592825,-0.033624,-0.261800,0.099941,-0.205870,-0.224425,0.424694,-0.369792,-0.043827,-0.010901,-0.066098,0.284986,0.082005,0.448670,-0.244297,0.960510,0.479147,0.000589,0.134325,0.000541,-0.410605,0.518485,1.004712,-0.461253,0.040519,-0.099703
-0.000769,0.036580,0.784767,0.014776,-0.143451,-0.651621,0.744711,-0.682714,0.192909,0.123025,1.592637,-0.033434,-0.261800,0.100174,-0.205339,-0.224277,0.423419,-0.369146,-0.043314,-0.010806,-0.065409,0.285223,0.082018,0.449199,-0.244333,0.960752,0.479300,0.000604,0.133810,0.000346,-0.409574,0.519405,1.004918,-0.461052,0.040685,-0.099571
-0.000739,0.036717,0.784762,0.014683,-0.143327,-0.651785,0.744593,-0.682343,0.193628,0.123793,1.592515,-0.033251,-0.261800,0.100521,-0.204796,-0.224089,0.421918,-0.368428,-0.042590,-0.010573,-0.064705,0.285462,0.082007,0.449655,-0.244339,0.960956,0.479594,0.000456,0.133307,0.000214,-0.408687,0.520533,1.005079,-0.460510,0.040870,-0.099408
-0.000732,0.036839,0.784795,0.014621,-0.143206,-0.651962,0.744462,-0.681960,0.194325,0.124611,1.592398,-0.033088,-0.261800,0.100770,-0.204324,-0.223829,0.420511,-0.367737,-0.041827,-0.010355,-0.064119,0.285624,0.082111,0.450167,-0.244249,0.961097,0.479940,0.000241,0.132841,-0.000098,-0.407671,0.521877,1.005477,-0.459903,0.041073,-0.099242
-0.000725,0.037002,0.784830,0.014619,-0.143086,-0.652149,0.744321,-0.681635,0.194930,0.125453,1.592225,-0.032955,-0.261800,0.100742,-0.203993,-0.223478,0.419466,-0.367146,-0.041191,-0.010190,-0.063629,0.285696,0.082288,0.450684,-0.244094,0.961240,0.480330,0.000057,0.132466,-0.000469,-0.406599,0.523147,1.005929,-0.459570,0.041290,-0.099029
-0.000718,0.037131,0.784882,0.014701,-0.142968,-0.652354,0.744163,-0.681369,0.195446,0.126378,1.591943,-0.032873,-0.261800,0.100327,-0.203853,-0.222998,0.418920,-0.366689,-0.040731,-0.010030,-0.063216,0.285647,0.082441,0.451175,-0.243955,0.961497,0.480874,-0.000082,0.132237,-0.000815,-0.405532,0.524270,1.006364,-0.459645,0.041619,-0.098736
-0.000719,0.037266,0.784951,0.014843,-0.142851,-0.652576,0.743988,-0.681130,0.195899,0.127380,1.591594,-0.032827,-0.261800,0.099648,-0.203859,-0.222410,0.418699,-0.366310,-0.040353,-0.009865,-0.062938,0.285480,0.082651,0.451716,-0.243779,0.961784,0.481547,-0.000226,0.132105,-0.001267,-0.404281,0.525377,1.006993,-0.459985,0.042033,-0.098411
-0.000693,0.037413,0.785020,0.014999,-0.142723,-0.652799,0.743813,-0.680944,0.196278,0.128320,1.591277,-0.032794,-0.261800,0.098870,-0.203917,-0.221788,0.418599,-0.365967,-0.040021,-0.009650,-0.062531,0.285347,0.082675,0.452051,-0.243715,0.962165,0.482111,-0.000353,0.132042,-0.001348,-0.403487,0.526216,1.007073,-0.460358,0.042318,-0.097983
-0.000667,0.037562,0.785074,0.015161,-0.142613,-0.653005,0.743651,-0.680814,0.196550,0.129078,1.591063,-0.032736,-0.261800,0.098150,-0.203977,-0.221199,0.418449,-0.365626,-0.039692,-0.009574,-0.062211,0.285197,0.082871,0.452439,-0.243538,0.962374,0.482283,-0.000455,0.131924,-0.001681,-0.402554,0.527114,1.007408,-0.460595,0.042262,-0.097611
-0.000629,0.037692,0.785123,0.015301,-0.142497,-0.653188,0.743510,-0.680762,0.196669,0.129609,1.590993,-0.032636,-0.261800,0.097513,-0.204030,-0.220650,0.418216,-0.365283,-0.039383,-0.009587,-0.061856,0.285116,0.083098,0.452741,-0.243311,0.962433,0.481894,-0.000495,0.131758,-0.001886,-0.401828,0.527806,1.007472,-0.460662,0.041686,-0.097199
-0.000581,0.037854,0.785161,0.015447,-0.142384,-0.653357,0.743379,-0.680775,0.196655,0.129988,1.591013,-0.032511,-0.261800,0.096876,-0.204118,-0.220106,0.418002,-0.364960,-0.039105,-0.009773,-0.061676,0.284992,0.083568,0.453167,-0.242901,0.962282,0.481086,-0.000498,0.131546,-0.002443,-0.400822,0.528614,1.007930,-0.460632,0.040749,-0.096833
-0.000538,0.037983,0.785194,0.015592,-0.142274,-0.653521,0.743253,-0.680824,0.196611,0.130254,1.591089,-0.032397,-0.261800,0.096274,-0.204195,-0.219581,0.417739,-0.364618,-0.038819,-0.009913,-0.061424,0.284915,0.083930,0.453500,-0.242569,0.962144,0.480213,-0.000520,0.131339,-0.002796,-0.400066,0.529245,1.008047,-0.460574,0.039747,-0.096470
-0.000479,0.038111,0.785226,0.015720,-0.142162,-0.653689,0.743125,-0.680867,0.196629,0.130452,1.591173,-0.032316,-0.261800,0.095734,-0.204230,-0.219087,0.417373,-0.364233,-0.038480,-0.010032,-0.061227,0.284842,0.084329,0.453916,-0.242224,0.961949,0.479584,-0.000636,0.131113,-0.003245,-0.399167,0.529960,1.008192,-0.460535,0.038995,-0.096231
-0.000458,0.038240,0.785290,0.015838,-0.142048,-0.653856,0.742997,-0.680926,0.196676,0.130526,1.591265,-0.032292,-0.261800,0.095270,-0.204206,-0.218640,0.416856,-0.363775,-0.038065,-0.010000,-0.060931,0.284827,0.084479,0.454246,-0.242056,0.961907,0.479344,-0.000883,0.130895,-0.003445,-0.398515,0.530553,1.007912,-0.460518,0.038595,-0.096093
-0.000403,0.038360,0.785329,0.015943,-0.141927,-0.654022,0.742871,-0.681009,0.196716,0.130481,1.591386,-0.032308,-0.261800,0.094863,-0.204147,-0.218230,0.416236,-0.363273,-0.037601,-0.009898,-0.060602,0.284854,0.084546,0.454542,-0.241942,0.961879,0.479316,-0.001223,0.130667,-0.003490,-0.397969,0.531057,1.007334,-0.460525,0.038378,-0.096034
-0.000362,0.038476,0.785397,0.016032,-0.141806,-0.654194,0.742741,-0.681078,0.196870,0.130416,1.591538,-0.032331,-0.261800,0.094518,-0.204047,-0.217831,0.415539,-0.362745,-0.037125,-0.009696,-0.060085,0.284976,0.084432,0.454655,-0.241960,0.961881,0.479376,-0.001564,0.130491,-0.003264,-0.397793,0.531319,1.006293,-0.460552,0.038212,-0.095939
-0.000308,0.038624,0.785457,0.016104,-0.141688,-0.654380,0.742598,-0.681091,0.197237,0.130456,1.591717,-0.032328,-0.261800,0.094230,-0.203923,-0.217418,0.414806,-0.362210,-0.036672,-0.009576,-0.059632,0.284974,0.084347,0.454825,-0.242044,0.961958,0.479189,-0.001859,0.130343,-0.003217,-0.397585,0.531869,1.005484,-0.460388,0.038037,-0.095898
-0.000251,0.038743,0.785542,0.016126,-0.141557,-0.654586,0.742441,-0.681028,0.197948,0.130648,1.591982,-0.032271,-0.261800,0.094057,-0.203730,-0.217001,0.413983,-0.361643,-0.036281,-0.009502,-0.059133,0.284955,0.084338,0.455050,-0.242188,0.961924,0.478747,-0.002066,0.130260,-0.003252,-0.397388,0.532495,1.004679,-0.460143,0.037803,-0.095833
-0.000185,0.038864,0.785612,0.016126,-0.141428,-0.654803,0.742274,-0.680915,0.198899,0.130937,1.592304,-0.032178,-0.261800,0.093958,-0.203498,-0.216588,0.413112,-0.361069,-0.035920,-0.009509,-0.058632,0.284862,0.084460,0.455343,-0.242401,0.961791,0.478049,-0.002240,0.130201,-0.003443,-0.397218,0.533321,1.003995,-0.459710,0.037555,-0.095794
-0.000149,0.039005,0.785663,0.016132,-0.141308,-0.655029,0.742097,-0.680771,0.199895,0.131233,1.592587,-0.032109,-0.261800,0.093867,-0.203271,-0.216149,0.412227,-0.360496,-0.035532,-0.009478,-0.058165,0.284791,0.084582,0.455655,-0.242598,0.961601,0.477382,-0.002394,0.130141,-0.003644,-0.397129,0.534150,1.003293,-0.459259,0.037319,-0.095760
-0.000084,0.039128,0.785706,0.016171,-0.141193,-0.655260,0.741915,-0.680611,0.200720,0.131461,1.592714,-0.032111,-0.261800,0.093700,-0.203112,-0.215658,0.411380,-0.359944,-0.035058,-0.009268,-0.057675,0.284844,0.084453,0.455777,-0.242737,0.961520,0.477054,-0.002533,0.130089,-0.003789,-0.397129,0.534602,1.002592,-0.459058,0.037080,-0.095705
-0.000039,0.039251,0.785754,0.016250,-0.141089,-0.655503,0.741718,-0.680429,0.201349,0.131586,1.592647,-0.032221,-0.261800,0.093445,-0.203021,-0.215093,0.410561,-0.359407,-0.034478,-0.009173,-0.057456,0.284767,0.084520,0.456269,-0.242864,0.961379,0.476622,-0.002672,0.129925,-0.004156,-0.397233,0.535895,1.002079,-0.458229,0.036880,-0.095692
0.000025,0.039364,0.785784,0.016356,-0.140993,-0.655757,0.741509,-0.680213,0.201883,0.131659,1.592446,-0.032402,-0.261800,0.093122,-0.202978,-0.214466,0.409792,-0.358902,-0.033824,-0.008927,-0.057279,0.284850,0.084532,0.456708,-0.242836,0.961108,0.476521,-0.002774,0.129724,-0.004525,-0.397419,0.536889,1.001529,-0.457547,0.036661,-0.095641
0.000115,0.039477,0.785838,0.016483,-0.140900,-0.656008,0.741302,-0.679996,0.202304,0.131710,1.592149,-0.032600,-0.261800,0.092767,-0.202991,-0.213831,0.409030,-0.358404,-0.033116,-0.008605,-0.057085,0.284916,0.084353,0.457023,-0.242852,0.961010,0.476486,-0.002910,0.129562,-0.004919,-0.397617,0.537715,1.001173,-0.457091,0.036468,-0.095637
0.000216,0.039613,0.785893,0.016630,-0.140804,-0.656239,0.741113,-0.679812,0.202583,0.131780,1.591793,-0.032763,-0.261800,0.092398,-0.203080,-0.213233,0.408269,-0.357907,-0.032374,-0.008476,-0.056998,0.284902,0.084468,0.457510,-0.242697,0.960680,0.476159,-0.003216,0.129344,-0.005360,-0.398018,0.538793,1.000889,-0.456747,0.036331,-0.095708
0.000281,0.039694,0.785965,0.016826,-0.140717,-0.656447,0.740941,-0.679651,0.202671,0.131889,1.591303,-0.032873,-0.261800,0.091989,-0.203283,-0.212683,0.407512,-0.357404,-0.031592,-0.008338,-0.056936,0.284802,0.084542,0.457982,-0.242488,0.960404,0.475439,-0.003851,0.129220,-0.005743,-0.398506,0.539695,1.000766,-0.456969,0.036244,-0.095909
0.000379,0.039792,0.786061,0.017054,-0.140630,-0.656640,0.740781,-0.679515,0.202595,0.132014,1.590698,-0.032960,-0.261800,0.091549,-0.203575,-0.212159,0.406744,-0.356891,-0.030766,-0.008179,-0.056903,0.284607,0.084517,0.458404,-0.242285,0.960269,0.474458,-0.004705,0.129176,-0.006140,-0.399051,0.540517,1.000878,-0.457572,0.036202,-0.096223
0.000485,0.039897,0.786170,0.017280,-0.140546,-0.656822,0.740630,-0.679394,0.202455,0.132118,1.590115,-0.033045,-0.261800,0.091128,-0.203886,-0.211653,0.405977,-0.356392,-0.029910,-0.008077,-0.056848,0.284403,0.084431,0.458783,-0.242113,0.960204,0.473694,-0.005444,0.129042,-0.006626,-0.399650,0.541235,1.001221,-0.458279,0.036189,-0.096545
0.000570,0.040041,0.786264,0.017467,-0.140459,-0.656997,0.740487,-0.679291,0.202350,0.132164,1.589681,-0.033139,-0.261800,0.090845,-0.204131,-0.211170,0.405089,-0.355856,-0.029042,-0.007997,-0.056691,0.284214,0.084099,0.458945,-0.242125,0.960407,0.473749,-0.005675,0.128741,-0.007404,-0.399933,0.541592,1.002212,-0.459077,0.036207,-0.096843
0.000672,0.040107,0.786343,0.017608,-0.140382,-0.657161,0.740353,-0.679196,0.202268,0.132109,1.589452,-0.033277,-0.261800,0.090722,-0.204297,-0.210715,0.404118,-0.355320,-0.028120,-0.008243,-0.056492,0.284213,0.084170,0.459332,-0.242044,0.960105,0.474842,-0.005202,0.127863,-0.008117,-0.400718,0.542098,1.002794,-0.459413,0.036263,-0.096919
0.000804,0.040218,0.786392,0.017719,-0.140310,-0.657315,0.740227,-0.679112,0.202167,0.131986,1.589344,-0.033434,-0.261800,0.090701,-0.204423,-0.210280,0.403102,-0.354793,-0.027153,-0.008524,-0.056219,0.284307,0.084151,0.459650,-0.242062,0.959821,0.476840,-0.004212,0.126676,-0.008914,-0.401480,0.542248,1.003605,-0.459872,0.036344,-0.096920
0.000922,0.040325,0.786444,0.017814,-0.140230,-0.657464,0.740107,-0.679065,0.202111,0.131861,1.589326,-0.033572,-0.261800,0.090731,-0.204513,-0.209865,0.402013,-0.354233,-0.026225,-0.008804,-0.055872,0.284476,0.084079,0.459999,-0.242147,0.959467,0.478753,-0.003204,0.125514,-0.009583,-0.402453,0.542141,1.004305,-0.460214,0.036438,-0.096863
0.001043,0.040420,0.786517,0.017904,-0.140129,-0.657614,0.739992,-0.679076,0.202151,0.131810,1.589344,-0.033637,-0.261800,0.090709,-0.204576,-0.209458,0.400931,-0.353658,-0.025424,-0.009069,-0.055505,0.284524,0.083767,0.460200,-0.242283,0.959431,0.479775,-0.002611,0.124852,-0.010659,-0.403011,0.541987,1.005818,-0.460391,0.036538,-0.096940
0.001149,0.040517,0.786585,0.018012,-0.140013,-0.657763,0.739878,-0.679199,0.202340,0.131846,1.589442,-0.033574,-0.261800,0.090612,-0.204594,-0.209040,0.399837,-0.353053,-0.024806,-0.009190,-0.055069,0.284674,0.083371,0.460564,-0.242533,0.959165,0.479221,-0.002667,0.124791,-0.011245,-0.403956,0.541491,1.006723,-0.460200,0.036720,-0.097061
0.001269,0.040602,0.786667,0.018119,-0.139881,-0.657910,0.739770,-0.679408,0.202632,0.131934,1.589626,-0.033422,-0.261800,0.090503,-0.204567,-0.208625,0.398688,-0.352411,-0.024312,-0.009246,-0.054577,0.284846,0.082849,0.460980,-0.242877,0.958884,0.477732,-0.003103,0.125122,-0.011787,-0.404972,0.540738,1.007716,-0.459788,0.036914,-0.097229
0.001395,0.040709,0.786733,0.018217,-0.139740,-0.658056,0.739664,-0.679605,0.202956,0.132059,1.589810,-0.033283,-0.261800,0.090377,-0.204536,-0.208241,0.397571,-0.351775,-0.023861,-0.009269,-0.054075,0.285038,0.082258,0.461413,-0.243214,0.958636,0.476083,-0.003649,0.125540,-0.012348,-0.405979,0.539842,1.008821,-0.459296,0.037080,-0.097343
0.001516,0.040805,0.786822,0.018312,-0.139613,-0.658201,0.739557,-0.679697,0.203241,0.132214,1.589919,-0.033266,-0.261800,0.090264,-0.204545,-0.207920,0.396501,-0.351152,-0.023366,-0.009330,-0.053613,0.285211,0.081677,0.461795,-0.243400,0.958503,0.475076,-0.004042,0.125744,-0.013166,-0.406860,0.538985,1.010309,-0.458861,0.037144,-0.097311
0.001678,0.040902,0.786895,0.018392,-0.139498,-0.658348,0.739446,-0.679611,0.203528,0.132422,1.589914,-0.033451,-0.261800,0.090215,-0.204579,-0.207718,0.395436,-0.350549,-0.022755,-0.009318,-0.053149,0.285548,0.081176,0.462264,-0.243403,0.958233,0.475036,-0.004213,0.125501,-0.013738,-0.408027,0.537893,1.011392,-0.458385,0.037020,-0.096898
0.001815,0.041011,0.786965,0.018453,-0.139382,-0.658497,0.739334,-0.679416,0.203836,0.132682,1.589853,-0.033771,-0.261800,0.090221,-0.204626,-0.207605,0.394333,-0.349929,-0.022090,-0.009364,-0.052679,0.285920,0.080735,0.462688,-0.243188,0.957989,0.475560,-0.004300,0.125054,-0.014463,-0.409229,0.536776,1.012683,-0.457831,0.036746,-0.096265
0.001950,0.041101,0.787016,0.018524,-0.139271,-0.658641,0.739225,-0.679218,0.204057,0.132930,1.589757,-0.034079,-0.261800,0.090156,-0.204715,-0.207478,0.393368,-0.349345,-0.021487,-0.009481,-0.052257,0.286210,0.080257,0.463011,-0.242902,0.957889,0.476152,-0.004362,0.124685,-0.015471,-0.410221,0.535810,1.014399,-0.457412,0.036549,-0.095713
0.002080,0.041221,0.787064,0.018633,-0.139162,-0.658774,0.739123,-0.679140,0.204091,0.133098,1.589677,-0.034256,-0.261800,0.089895,-0.204882,-0.207230,0.392706,-0.348829,-0.021062,-0.009615,-0.051885,0.286423,0.079706,0.463321,-0.242694,0.957814,0.476246,-0.004509,0.124589,-0.016542,-0.411160,0.534977,1.016156,-0.457291,0.036605,-0.095430
0.002212,0.041301,0.787130,0.018790,-0.139053,-0.658902,0.739026,-0.679249,0.203861,0.133139,1.589628,-0.034219,-0.261800,0.089373,-0.205146,-0.206794,0.392418,-0.348381,-0.020874,-0.009698,-0.051581,0.286575,0.079098,0.463670,-0.242615,0.957663,0.475539,-0.004826,0.124958,-0.017473,-0.412191,0.534246,1.017677,-0.457629,0.037065,-0.095504
0.002351,0.041402,0.787196,0.018982,-0.138946,-0.659023,0.738933,-0.679471,0.203437,0.133096,1.589587,-0.034055,-0.261800,0.088642,-0.205483,-0.206232,0.392454,-0.348014,-0.020852,-0.009746,-0.051311,0.286695,0.078428,0.464062,-0.242625,0.957474,0.474324,-0.005257,0.125611,-0.018312,-0.413351,0.533583,1.019024,-0.458254,0.037770,-0.095777
0.002494,0.041488,0.787275,0.019176,-0.138831,-0.659134,0.738851,-0.679705,0.202939,0.133048,1.589531,-0.033869,-0.261800,0.087840,-0.205878,-0.205661,0.392634,-0.347687,-0.020912,-0.009823,-0.051080,0.286783,0.077728,0.464454,-0.242657,0.957284,0.473074,-0.005641,0.126233,-0.019175,-0.414478,0.532938,1.020376,-0.458976,0.038545,-0.096150
0.002637,0.041564,0.787325,0.019375,-0.138743,-0.659224,0.738782,-0.679842,0.202487,0.133069,1.589424,-0.033771,-0.261800,0.087094,-0.206261,-0.205204,0.392799,-0.347380,-0.020980,-0.010053,-0.050900,0.286777,0.076961,0.464748,-0.242658,0.957295,0.472242,-0.005806,0.126538,-0.020374,-0.415195,0.532348,1.022219,-0.459653,0.039208,-0.096565
0.002765,0.041653,0.787398,0.019559,-0.138660,-0.659296,0.738728,-0.679818,0.202104,0.133210,1.589218,-0.033812,-0.261800,0.086412,-0.206688,-0.204878,0.392965,-0.347110,-0.021043,-0.010175,-0.050703,0.287038,0.076278,0.465397,-0.242751,0.956799,0.471716,-0.005690,0.126190,-0.020740,-0.416581,0.531183,1.022763,-0.460192,0.039614,-0.096740
0.002929,0.041728,0.787459,0.019751,-0.138596,-0.659353,0.738685,-0.679697,0.201722,0.133427,1.588933,-0.033920,-0.261800,0.085726,-0.207157,-0.204624,0.393208,-0.346890,-0.021142,-0.010494,-0.050584,0.287147,0.075507,0.465880,-0.242809,0.956589,0.471496,-0.005316,0.125607,-0.021644,-0.417430,0.530226,1.024107,-0.460749,0.039935,-0.097034
0.003091,0.041793,0.787500,0.019930,-0.138526,-0.659391,0.738659,-0.679588,0.201350,0.133626,1.588681,-0.034038,-0.261800,0.085065,-0.207626,-0.204430,0.393463,-0.346681,-0.021263,-0.010790,-0.050486,0.287289,0.074737,0.466472,-0.242885,0.956289,0.471478,-0.004961,0.124852,-0.022382,-0.418294,0.529092,1.025157,-0.461272,0.040279,-0.097320
0.003243,0.041853,0.787518,0.020089,-0.138438,-0.659411,0.738653,-0.679600,0.200991,0.133720,1.588560,-0.034098,-0.261800,0.084437,-0.208019,-0.204289,0.393674,-0.346450,-0.021398,-0.011102,-0.050375,0.287396,0.073967,0.467068,-0.242906,0.956016,0.471691,-0.004847,0.124132,-0.023077,-0.419069,0.527901,1.026076,-0.461721,0.040785,-0.097638
0.003394,0.041929,0.787544,0.020238,-0.138324,-0.659411,0.738670,-0.679794,0.200634,0.133690,1.588602,-0.034063,-0.261800,0.083823,-0.208364,-0.204204,0.393825,-0.346207,-0.021503,-0.011411,-0.050245,0.287440,0.073175,0.467650,-0.242840,0.955795,0.472349,-0.005146,0.123379,-0.023747,-0.419769,0.526665,1.026831,-0.462080,0.041623,-0.098039
0.003512,0.041978,0.787568,0.020378,-0.138195,-0.659394,0.738706,-0.680105,0.200281,0.133580,1.588759,-0.033985,-0.261800,0.083227,-0.208673,-0.204181,0.393937,-0.345962,-0.021598,-0.011743,-0.050101,0.287425,0.072372,0.468182,-0.242690,0.955620,0.473420,-0.005687,0.122552,-0.024388,-0.420369,0.525376,1.027471,-0.462391,0.042694,-0.098511
0.003628,0.042025,0.787600,0.020488,-0.138060,-0.659357,0.738762,-0.680437,0.199956,0.133400,1.588986,-0.033893,-0.261800,0.082694,-0.208918,-0.204198,0.394035,-0.345684,-0.021762,-0.011915,-0.049948,0.287625,0.071606,0.469073,-0.242668,0.955093,0.474290,-0.006267,0.121712,-0.024426,-0.421351,0.523643,1.027166,-0.462605,0.043639,-0.098813
0.003791,0.042101,0.787649,0.020536,-0.137922,-0.659300,0.738836,-0.680698,0.199683,0.133155,1.589246,-0.033837,-0.261800,0.082247,-0.209049,-0.204232,0.394202,-0.345382,-0.022082,-0.012401,-0.049710,0.287719,0.070774,0.469639,-0.242640,0.954960,0.474767,-0.006524,0.121305,-0.025016,-0.421943,0.522386,1.027618,-0.462562,0.044224,-0.099081
0.003905,0.042097,0.787692,0.020495,-0.137786,-0.659223,0.738932,-0.680833,0.199517,0.132814,1.589544,-0.033814,-0.261800,0.081972,-0.208997,-0.204266,0.394378,-0.344970,-0.022632,-0.013011,-0.049368,0.287952,0.069912,0.470251,-0.242779,0.954857,0.474337,-0.006389,0.121336,-0.025585,-0.422521,0.521060,1.028028,-0.462268,0.044241,-0.099130
0.004078,0.042129,0.787727,0.020379,-0.137643,-0.659125,0.739049,-0.680907,0.199428,0.132381,1.589901,-0.033803,-0.261800,0.081808,-0.208800,-0.204314,0.394587,-0.344500,-0.023352,-0.013747,-0.048942,0.288228,0.069009,0.470818,-0.243010,0.954869,0.473383,-0.006001,0.121707,-0.026214,-0.423006,0.519752,1.028515,-0.461759,0.043907,-0.099060
0.004240,0.042191,0.787748,0.020259,-0.137506,-0.659010,0.739181,-0.680979,0.199314,0.131933,1.590278,-0.033822,-0.261800,0.081671,-0.208603,-0.204413,0.394816,-0.344048,-0.024114,-0.014336,-0.048543,0.288606,0.067994,0.471551,-0.243449,0.954808,0.472370,-0.005542,0.122142,-0.026520,-0.423591,0.518296,1.028540,-0.461182,0.043415,-0.098890
0.004406,0.042218,0.787766,0.020175,-0.137361,-0.658881,0.739324,-0.681130,0.199076,0.131536,1.590644,-0.033877,-0.261800,0.081468,-0.208529,-0.204620,0.395058,-0.343697,-0.024792,-0.014658,-0.048275,0.289069,0.066948,0.472638,-0.244056,0.954477,0.471832,-0.005195,0.122380,-0.026290,-0.424462,0.516735,1.027758,-0.460618,0.042973,-0.098659
0.004563,0.042262,0.787759,0.020162,-0.137223,-0.658736,0.739480,-0.681394,0.198682,0.131184,1.591027,-0.033995,-0.261800,0.081156,-0.208629,-0.204973,0.395328,-0.343504,-0.025374,-0.015091,-0.048102,0.289407,0.065931,0.473568,-0.244494,0.954242,0.472415,-0.004885,0.122586,-0.026326,-0.425234,0.515763,1.027141,-0.460003,0.042656,-0.098491
0.004742,0.042296,0.787757,0.020179,-0.137082,-0.658575,0.739649,-0.681732,0.198188,0.130844,1.591439,-0.034164,-0.261800,0.080809,-0.208796,-0.205451,0.395579,-0.343385,-0.025924,-0.015466,-0.048010,0.289789,0.064942,0.474653,-0.244953,0.953848,0.473572,-0.004581,0.122751,-0.026150,-0.426182,0.514951,1.026061,-0.459305,0.042338,-0.098265
0.004886,0.042326,0.787756,0.020208,-0.136942,-0.658399,0.739830,-0.682080,0.197620,0.130557,1.591792,-0.034329,-0.261800,0.080438,-0.209025,-0.205960,0.395872,-0.343313,-0.026415,-0.016104,-0.047882,0.289895,0.063767,0.475085,-0.245195,0.954085,0.475054,-0.004309,0.123022,-0.026752,-0.426557,0.514731,1.026111,-0.458693,0.042026,-0.098219
0.005048,0.042352,0.787765,0.020234,-0.136805,-0.658210,0.740023,-0.682398,0.197001,0.130358,1.592037,-0.034450,-0.261800,0.080100,-0.209276,-0.206430,0.396159,-0.343194,-0.026823,-0.016560,-0.047818,0.290055,0.062621,0.475752,-0.245484,0.954090,0.475849,-0.004301,0.122997,-0.026891,-0.427125,0.514251,1.025628,-0.458194,0.041617,-0.098138
0.005225,0.042397,0.787791,0.020278,-0.136697,-0.657998,0.740230,-0.682670,0.196298,0.130251,1.592114,-0.034529,-0.261800,0.079788,-0.209554,-0.206841,0.396481,-0.343033,-0.027097,-0.016904,-0.047807,0.290229,0.061537,0.476495,-0.245637,0.953894,0.475862,-0.004672,0.122484,-0.026686,-0.427751,0.513495,1.024822,-0.457933,0.041060,-0.098102
0.005378,0.042377,0.787820,0.020315,-0.136581,-0.657769,0.740455,-0.682928,0.195513,0.130217,1.592073,-0.034584,-0.261800,0.079491,-0.209871,-0.207238,0.396820,-0.342858,-0.027265,-0.017233,-0.047830,0.290340,0.060427,0.477149,-0.245670,0.953744,0.475479,-0.005309,0.121669,-0.026472,-0.428286,0.512758,1.024086,-0.457811,0.040396,-0.098133
0.005559,0.042392,0.787844,0.020366,-0.136482,-0.657534,0.740680,-0.683160,0.194715,0.130268,1.591975,-0.034585,-0.261800,0.079196,-0.210218,-0.207616,0.397179,-0.342680,-0.027419,-0.017619,-0.047860,0.290374,0.059283,0.477622,-0.245658,0.953752,0.474950,-0.005962,0.121020,-0.026419,-0.428659,0.512202,1.023613,-0.457766,0.039759,-0.098181
0.005730,0.042404,0.787882,0.020425,-0.136394,-0.657309,0.740895,-0.683372,0.193967,0.130412,1.591885,-0.034496,-0.261800,0.078862,-0.210595,-0.207973,0.397618,-0.342553,-0.027649,-0.018059,-0.047904,0.290398,0.058166,0.478081,-0.245695,0.953841,0.474438,-0.006448,0.120925,-0.026565,-0.429010,0.511886,1.023337,-0.457686,0.039217,-0.098127
0.005903,0.042411,0.787902,0.020502,-0.136324,-0.657097,0.741093,-0.683534,0.193272,0.130704,1.591787,-0.034247,-0.261800,0.078484,-0.211025,-0.208290,0.398143,-0.342474,-0.027993,-0.018425,-0.048061,0.290584,0.057301,0.478754,-0.245845,0.953518,0.473791,-0.006662,0.121685,-0.026314,-0.429549,0.511674,1.022316,-0.457485,0.038929,-0.097870
0.006058,0.042419,0.787932,0.020586,-0.136264,-0.656890,0.741285,-0.683680,0.192602,0.131107,1.591670,-0.033878,-0.261800,0.078053,-0.211502,-0.208577,0.398784,-0.342453,-0.028398,-0.018968,-0.048168,0.290617,0.056328,0.479019,-0.245946,0.953658,0.473247,-0.006726,0.123187,-0.026640,-0.429769,0.511870,1.022100,-0.457349,0.038729,-0.097589
0.006221,0.042433,0.787899,0.020676,-0.136217,-0.656691,0.741468,-0.683790,0.191972,0.131559,1.591542,-0.033513,-0.261800,0.077627,-0.211980,-0.208857,0.399425,-0.342442,-0.028819,-0.019511,-0.048344,0.290717,0.055536,0.479524,-0.246083,0.953520,0.472527,-0.006733,0.124595,-0.026781,-0.430199,0.512231,1.021505,-0.457079,0.038598,-0.097252
0.006369,0.042435,0.787922,0.020746,-0.136165,-0.656502,0.741643,-0.683878,0.191409,0.131977,1.591431,-0.033283,-0.261800,0.077255,-0.212407,-0.209158,0.399998,-0.342422,-0.029215,-0.020040,-0.048450,0.290894,0.054775,0.479946,-0.246122,0.953246,0.471999,-0.006700,0.125367,-0.026974,-0.430537,0.512400,1.021009,-0.457067,0.038443,-0.096994
0.006534,0.042454,0.787901,0.020771,-0.136100,-0.656336,0.741801,-0.683905,0.190938,0.132352,1.591329,-0.033246,-0.261800,0.076968,-0.212753,-0.209487,0.400460,-0.342369,-0.029591,-0.020540,-0.048432,0.291075,0.054050,0.480074,-0.246121,0.952895,0.471719,-0.006470,0.125288,-0.027332,-0.430625,0.512444,1.020896,-0.457392,0.038266,-0.096911
0.006698,0.042452,0.787946,0.020785,-0.136048,-0.656187,0.741942,-0.683866,0.190530,0.132740,1.591220,-0.033325,-0.261800,0.076726,-0.213068,-0.209820,0.400884,-0.342312,-0.029965,-0.020992,-0.048441,0.291412,0.053143,0.480371,-0.246146,0.952552,0.471373,-0.006201,0.124563,-0.027731,-0.430787,0.512468,1.020709,-0.457761,0.038037,-0.096843
0.006891,0.042458,0.787957,0.020786,-0.135984,-0.656039,0.742084,-0.683856,0.190192,0.133071,1.591149,-0.033457,-0.261800,0.076535,-0.213309,-0.210173,0.401211,-0.342235,-0.030317,-0.021459,-0.048354,0.291547,0.052692,0.480425,-0.246149,0.951996,0.471278,-0.005967,0.123865,-0.027942,-0.430810,0.512462,1.020559,-0.458234,0.037947,-0.096852
0.007038,0.042445,0.787969,0.020832,-0.135928,-0.655857,0.742254,-0.683945,0.189769,0.133440,1.591093,-0.033519,-0.261800,0.076227,-0.213700,-0.210518,0.401721,-0.342289,-0.030589,-0.021806,-0.048493,0.292096,0.051707,0.481049,-0.246165,0.951348,0.471065,-0.006000,0.122988,-0.028164,-0.430994,0.512008,1.019967,-0.458729,0.037908,-0.096757
0.007218,0.042451,0.787961,0.020894,-0.135852,-0.655645,0.742453,-0.684156,0.189381,0.133781,1.591085,-0.033516,-0.261800,0.075951,-0.214071,-0.210890,0.402090,-0.342327,-0.030785,-0.022220,-0.048603,0.292369,0.051077,0.481507,-0.246149,0.950697,0.471171,-0.006425,0.122607,-0.028216,-0.431056,0.511473,1.019406,-0.459272,0.038176,-0.096734
0.007388,0.042436,0.787961,0.020980,-0.135776,-0.655412,0.742671,-0.684450,0.189009,0.134126,1.591115,-0.033490,-0.261800,0.075655,-0.214471,-0.211268,0.402455,-0.342409,-0.030916,-0.022520,-0.048758,0.292664,0.050410,0.482033,-0.246189,0.949992,0.471450,-0.007107,0.122316,-0.028052,-0.431049,0.510551,1.018628,-0.459988,0.038638,-0.096735
0.007555,0.042433,0.787940,0.021047,-0.135679,-0.655173,0.742898,-0.684808,0.188639,0.134360,1.591194,-0.033472,-0.261800,0.075396,-0.214823,-0.211667,0.402762,-0.342469,-0.031027,-0.023154,-0.048755,0.292682,0.049943,0.482146,-0.246165,0.949503,0.471846,-0.007733,0.122264,-0.028248,-0.431029,0.510283,1.018379,-0.460333,0.039132,-0.096779
0.007715,0.042429,0.787955,0.021122,-0.135600,-0.654934,0.743120,-0.685210,0.188175,0.134472,1.591296,-0.033468,-0.261800,0.075085,-0.215224,-0.212048,0.403241,-0.342591,-0.031142,-0.023181,-0.048964,0.293206,0.048884,0.482759,-0.246418,0.948912,0.472270,-0.008327,0.122069,-0.028005,-0.430861,0.508897,1.017519,-0.460965,0.039451,-0.096601
0.007875,0.042403,0.787942,0.021152,-0.135498,-0.654705,0.743340,-0.685703,0.187680,0.134324,1.591489,-0.033520,-0.261800,0.074794,-0.215531,-0.212429,0.403772,-0.342680,-0.031290,-0.023394,-0.049084,0.293583,0.048049,0.483256,-0.246734,0.948282,0.472694,-0.008561,0.122016,-0.028051,-0.430679,0.508151,1.017063,-0.460989,0.039561,-0.096305
0.008049,0.042385,0.787956,0.021158,-0.135378,-0.654477,0.743562,-0.686275,0.187148,0.133998,1.591746,-0.033597,-0.261800,0.074500,-0.215798,-0.212810,0.404361,-0.342765,-0.031443,-0.023682,-0.049167,0.293976,0.047219,0.483666,-0.247034,0.947669,0.473231,-0.008632,0.122061,-0.028247,-0.430490,0.507581,1.016749,-0.460745,0.039562,-0.095898
0.008221,0.042362,0.787948,0.021161,-0.135269,-0.654248,0.743784,-0.686862,0.186569,0.133586,1.592015,-0.033685,-0.261800,0.074233,-0.216070,-0.213212,0.404956,-0.342875,-0.031592,-0.024178,-0.049160,0.294343,0.046599,0.483807,-0.247162,0.947012,0.473800,-0.008637,0.122223,-0.028568,-0.430415,0.507360,1.016499,-0.460265,0.039536,-0.095489
0.008400,0.042324,0.787964,0.021168,-0.135188,-0.654019,0.743999,-0.687367,0.185931,0.133195,1.592219,-0.033756,-0.261800,0.074032,-0.216392,-0.213644,0.405495,-0.343037,-0.031722,-0.024660,-0.049187,0.294731,0.046065,0.483918,-0.247306,0.946346,0.474153,-0.008747,0.122407,-0.028844,-0.430349,0.507177,1.016225,-0.459778,0.039504,-0.095177
0.008574,0.042288,0.787955,0.021206,-0.135174,-0.653772,0.744218,-0.687767,0.185119,0.132838,1.592328,-0.033788,-0.261800,0.073910,-0.216863,-0.214155,0.406013,-0.343315,-0.031812,-0.024664,-0.049411,0.295266,0.044936,0.484328,-0.248150,0.946037,0.473844,-0.009043,0.122588,-0.028898,-0.430061,0.506420,1.015928,-0.459255,0.039407,-0.094938
0.008780,0.042265,0.787921,0.021240,-0.135185,-0.653514,0.744442,-0.688112,0.184205,0.132428,1.592396,-0.033809,-0.261800,0.073887,-0.217372,-0.214745,0.406440,-0.343635,-0.031883,-0.024810,-0.049662,0.295755,0.044177,0.484711,-0.248939,0.945529,0.473272,-0.009399,0.122844,-0.028962,-0.429744,0.505897,1.015665,-0.458518,0.039298,-0.094770
0.008950,0.042248,0.787899,0.021290,-0.135214,-0.653270,0.744649,-0.688436,0.183330,0.132060,1.592436,-0.033830,-0.261800,0.073827,-0.217894,-0.215282,0.406930,-0.343992,-0.031953,-0.025024,-0.049900,0.296255,0.043549,0.484980,-0.249562,0.944971,0.472780,-0.009738,0.123120,-0.029131,-0.429496,0.505609,1.015428,-0.457871,0.039222,-0.094690
0.009117,0.042225,0.787844,0.021327,-0.135207,-0.653069,0.744826,-0.688748,0.182648,0.131815,1.592452,-0.033861,-0.261800,0.073633,-0.218382,-0.215656,0.407571,-0.344351,-0.032044,-0.024993,-0.050136,0.296722,0.042773,0.485299,-0.250320,0.944482,0.472512,-0.009959,0.123365,-0.029271,-0.429167,0.505357,1.015197,-0.457658,0.039242,-0.094749
0.009291,0.042195,0.787841,0.021381,-0.135166,-0.652924,0.744958,-0.689081,0.182232,0.131729,1.592447,-0.033934,-0.261800,0.073187,-0.218820,-0.215796,0.408494,-0.344733,-0.032205,-0.025002,-0.050256,0.297223,0.042247,0.485447,-0.250694,0.943718,0.472906,-0.009967,0.123618,-0.029487,-0.429001,0.505392,1.014753,-0.458147,0.039486,-0.094962
0.009472,0.042150,0.787823,0.021455,-0.135115,-0.652822,0.745055,-0.689398,0.181981,0.131781,1.592391,-0.034024,-0.261800,0.072562,-0.219258,-0.215758,0.409624,-0.345148,-0.032408,-0.024764,-0.050457,0.297621,0.041517,0.485736,-0.251314,0.943160,0.473436,-0.009858,0.123868,-0.029794,-0.428632,0.505584,1.014529,-0.459062,0.039864,-0.095372
0.009652,0.042118,0.787830,0.021485,-0.135054,-0.652727,0.745149,-0.689708,0.181843,0.131782,1.592376,-0.034106,-0.261800,0.072054,-0.219577,-0.215735,0.410622,-0.345502,-0.032582,-0.024619,-0.050479,0.298143,0.041097,0.485829,-0.251537,0.942277,0.474232,-0.009786,0.124055,-0.030000,-0.428497,0.505779,1.014011,-0.460107,0.040152,-0.095732
0.009830,0.042084,0.787817,0.021531,-0.135027,-0.652627,0.745240,-0.689986,0.181659,0.131859,1.592382,-0.034113,-0.261800,0.071579,-0.220000,-0.215703,0.411653,-0.345929,-0.032614,-0.024361,-0.050678,0.298665,0.040400,0.485953,-0.251898,0.941635,0.474612,-0.009797,0.124143,-0.030284,-0.428260,0.506110,1.013625,-0.460571,0.040287,-0.096104
0.010005,0.042029,0.787802,0.021513,-0.135018,-0.652503,0.745350,-0.690239,0.181463,0.131784,1.592501,-0.034039,-0.261800,0.071427,-0.220316,-0.215798,0.412355,-0.346277,-0.032457,-0.024056,-0.050846,0.299204,0.039741,0.486038,-0.252072,0.941004,0.474706,-0.010103,0.123950,-0.030497,-0.428002,0.506343,1.013348,-0.460489,0.039993,-0.096387
0.010163,0.041994,0.787758,0.021465,-0.135029,-0.652373,0.745464,-0.690476,0.181295,0.131651,1.592687,-0.033903,-0.261800,0.071445,-0.220573,-0.215932,0.412894,-0.346588,-0.032167,-0.023678,-0.050962,0.299841,0.039275,0.486057,-0.252039,0.940072,0.474703,-0.010534,0.123572,-0.030493,-0.427886,0.506431,1.012800,-0.460148,0.039463,-0.096600
0.010328,0.041959,0.787679,0.021390,-0.135045,-0.652235,0.745583,-0.690685,0.181164,0.131519,1.592882,-0.033754,-0.261800,0.071579,-0.220801,-0.216132,0.413338,-0.346894,-0.031859,-0.023343,-0.051120,0.300575,0.038677,0.486068,-0.251977,0.939304,0.474647,-0.010998,0.123244,-0.030607,-0.427679,0.506593,1.012313,-0.459686,0.038905,-0.096775
0.010492,0.041927,0.787633,0.021284,-0.135054,-0.652081,0.745720,-0.690892,0.181121,0.131384,1.593048,-0.033643,-0.261800,0.071829,-0.220952,-0.216464,0.413641,-0.347165,-0.031661,-0.023179,-0.051261,0.301283,0.038155,0.486070,-0.252189,0.938643,0.474504,-0.011283,0.123302,-0.031082,-0.427262,0.506974,1.012223,-0.459346,0.038537,-0.096875
0.010662,0.041895,0.787563,0.021134,-0.135053,-0.651920,0.745865,-0.691070,0.181225,0.131293,1.593177,-0.033570,-0.261800,0.072240,-0.221015,-0.216955,0.413736,-0.347399,-0.031607,-0.023098,-0.051313,0.302055,0.037516,0.486066,-0.252941,0.938213,0.474045,-0.011415,0.124067,-0.031687,-0.426843,0.507488,1.012154,-0.459115,0.038519,-0.096764
0.010811,0.041831,0.787528,0.020943,-0.135047,-0.651750,0.746020,-0.691229,0.181441,0.131222,1.593297,-0.033510,-0.261800,0.072810,-0.221001,-0.217576,0.413640,-0.347594,-0.031629,-0.023061,-0.051293,0.302934,0.036875,0.486063,-0.253987,0.937804,0.473366,-0.011457,0.125285,-0.032276,-0.426527,0.508013,1.011920,-0.458933,0.038703,-0.096473
0.010963,0.041790,0.787523,0.020734,-0.135033,-0.651557,0.746196,-0.691404,0.181645,0.131093,1.593391,-0.033481,-0.261800,0.073452,-0.220934,-0.218282,0.413471,-0.347750,-0.031699,-0.023102,-0.051227,0.303893,0.036251,0.486055,-0.255109,0.937355,0.472875,-0.011362,0.126370,-0.032823,-0.426293,0.508478,1.011543,-0.458780,0.038821,-0.096165
0.011131,0.041707,0.787519,0.020517,-0.134989,-0.651331,0.746408,-0.691645,0.181722,0.130838,1.593443,-0.033496,-0.261800,0.074061,-0.220844,-0.219019,0.413355,-0.347864,-0.031786,-0.022987,-0.051112,0.304603,0.035119,0.486010,-0.256790,0.937495,0.472685,-0.011003,0.126857,-0.033259,-0.425953,0.508813,1.011480,-0.458503,0.038628,-0.096103
0.011283,0.041606,0.787530,0.020286,-0.134900,-0.651034,0.746690,-0.692004,0.181553,0.130329,1.593414,-0.033592,-0.261800,0.074669,-0.220689,-0.219850,0.413266,-0.347862,-0.031912,-0.023103,-0.050966,0.305408,0.034305,0.485946,-0.258085,0.937177,0.473685,-0.010202,0.126025,-0.033580,-0.425702,0.508877,1.011207,-0.458295,0.037857,-0.096339
