0.007916,0.028421,0.780070,-0.113039,-0.012118,-0.735287,0.668153,0.129169,0.078865,0.212002,0.343899,-0.335207,0.073153,-0.658717,-0.212886,-0.101461,1.486611,-0.021384,0.261800,-0.015302,0.017440,0.294668,-0.007371,0.358371,-0.562272,1.015598,0.442751,0.026561,0.105801,-0.037801,-0.292319,0.630719,1.067102,-0.411860,0.019429,-0.127268
0.007924,0.028416,0.780069,-0.113070,-0.012065,-0.735261,0.668177,0.128850,0.078930,0.212064,0.344155,-0.335300,0.073185,-0.658668,-0.212778,-0.101624,1.486302,-0.021343,0.261800,-0.015919,0.017765,0.295033,-0.007515,0.358716,-0.562873,1.015356,0.441768,0.026198,0.106273,-0.037881,-0.292530,0.630566,1.066682,-0.411965,0.019566,-0.126714
0.008041,0.028529,0.780075,-0.113106,-0.012008,-0.735241,0.668195,0.128546,0.079000,0.212154,0.344384,-0.335392,0.073206,-0.658650,-0.212637,-0.101766,1.486032,-0.021304,0.261800,-0.016614,0.018099,0.295351,-0.007690,0.358858,-0.563324,1.015306,0.440940,0.025842,0.106693,-0.038076,-0.292605,0.630481,1.066440,-0.412228,0.019765,-0.126170
0.008167,0.028663,0.780074,-0.113139,-0.011954,-0.735212,0.668221,0.128217,0.079059,0.212190,0.344658,-0.335481,0.073249,-0.658577,-0.212562,-0.101945,1.485700,-0.021265,0.261800,-0.017230,0.018440,0.295670,-0.007965,0.359030,-0.563938,1.015309,0.439983,0.025489,0.107274,-0.038235,-0.292687,0.630329,1.066230,-0.412243,0.019875,-0.125661
0.008244,0.028796,0.780035,-0.113169,-0.011913,-0.735167,0.668266,0.127834,0.079066,0.212101,0.345030,-0.335557,0.073346,-0.658380,-0.212644,-0.102202,1.485218,-0.021228,0.261800,-0.017437,0.018770,0.296070,-0.008388,0.359464,-0.565015,1.015103,0.438745,0.025171,0.108211,-0.037940,-0.292886,0.629703,1.065638,-0.411753,0.019788,-0.125208
0.008377,0.028929,0.780035,-0.113180,-0.011907,-0.735130,0.668306,0.127455,0.078960,0.211917,0.345410,-0.335546,0.073558,-0.658116,-0.212850,-0.102442,1.484606,-0.021194,0.261800,-0.018130,0.019065,0.296421,-0.008517,0.359503,-0.565069,1.014966,0.437934,0.024824,0.109586,-0.037987,-0.292901,0.629625,1.065584,-0.410519,0.019472,-0.124911
0.008478,0.029069,0.780032,-0.113213,-0.011860,-0.735051,0.668388,0.126819,0.078953,0.211494,0.346208,-0.335664,0.073833,-0.657746,-0.213157,-0.102888,1.483854,-0.021164,0.261800,-0.018923,0.019430,0.297037,-0.008815,0.359585,-0.565179,1.014868,0.436752,0.024335,0.111740,-0.038277,-0.292935,0.629460,1.065620,-0.408532,0.018891,-0.124608
0.008579,0.029206,0.780011,-0.113239,-0.011842,-0.734957,0.668486,0.126224,0.078874,0.211033,0.346973,-0.335755,0.074088,-0.657206,-0.213647,-0.103389,1.482961,-0.021123,0.261800,-0.019627,0.019779,0.297652,-0.009127,0.359676,-0.565266,1.014672,0.435729,0.023966,0.113790,-0.038474,-0.292969,0.629224,1.065629,-0.406421,0.018253,-0.124369
0.008691,0.029353,0.779988,-0.113263,-0.011862,-0.734826,0.668627,0.125736,0.078691,0.210553,0.347587,-0.335824,0.074232,-0.656390,-0.214443,-0.103998,1.481887,-0.021067,0.261800,-0.020353,0.020038,0.298185,-0.009382,0.359772,-0.565298,1.014443,0.435061,0.023837,0.115451,-0.038486,-0.293003,0.628979,1.065490,-0.404581,0.017752,-0.124212
0.008781,0.029480,0.779966,-0.113290,-0.011936,-0.734646,0.668819,0.125379,0.078422,0.210050,0.348059,-0.335892,0.074191,-0.655220,-0.215552,-0.104768,1.480609,-0.021043,0.261800,-0.021063,0.020195,0.298688,-0.009588,0.359901,-0.565215,1.014134,0.434856,0.024073,0.116654,-0.038281,-0.293046,0.628653,1.065119,-0.402771,0.017320,-0.124166
0.008898,0.029651,0.779931,-0.113329,-0.012039,-0.734427,0.669051,0.125097,0.078083,0.209502,0.348484,-0.335978,0.074030,-0.653761,-0.216919,-0.105677,1.479143,-0.021036,0.261800,-0.021762,0.020266,0.299263,-0.009713,0.360076,-0.564917,1.013614,0.435061,0.024569,0.117575,-0.037856,-0.293109,0.628183,1.064429,-0.400971,0.016912,-0.124196
0.008999,0.029747,0.779876,-0.113340,-0.012169,-0.734183,0.669314,0.124828,0.077658,0.208918,0.348827,-0.336031,0.073862,-0.652134,-0.218563,-0.106647,1.477531,-0.020947,0.261800,-0.022589,0.020325,0.299637,-0.009827,0.360116,-0.564794,1.013272,0.435267,0.025110,0.118348,-0.037517,-0.293119,0.628036,1.063990,-0.399479,0.016675,-0.124278
0.009124,0.029882,0.779835,-0.113329,-0.012274,-0.733912,0.669611,0.124413,0.077212,0.208252,0.349284,-0.336113,0.073790,-0.650419,-0.220488,-0.107676,1.475787,-0.020672,0.261800,-0.023483,0.020381,0.300011,-0.009969,0.360183,-0.564772,1.012850,0.435525,0.025418,0.118893,-0.037166,-0.293148,0.627807,1.063466,-0.399201,0.016739,-0.124252
0.009251,0.030010,0.779787,-0.113282,-0.012360,-0.733615,0.669943,0.123841,0.076713,0.207498,0.349839,-0.336196,0.073864,-0.648579,-0.222840,-0.108845,1.473843,-0.020042,0.261800,-0.024423,0.020484,0.300232,-0.010201,0.360258,-0.565375,1.012514,0.435360,0.025405,0.119309,-0.036837,-0.293202,0.627687,1.063008,-0.400705,0.017322,-0.124036
0.009395,0.030162,0.779742,-0.113205,-0.012442,-0.733288,0.670312,0.123161,0.076165,0.206662,0.350456,-0.336277,0.074019,-0.646578,-0.225562,-0.110152,1.471712,-0.019165,0.261800,-0.025314,0.020616,0.300310,-0.010565,0.360316,-0.566538,1.012292,0.434944,0.025228,0.119580,-0.036384,-0.293276,0.627572,1.062492,-0.403492,0.018301,-0.123715
0.009503,0.030316,0.779692,-0.113098,-0.012525,-0.732953,0.670695,0.122427,0.075553,0.205817,0.351073,-0.336342,0.074198,-0.644571,-0.228383,-0.111332,1.469557,-0.018329,0.261800,-0.026102,0.020770,0.300268,-0.011002,0.360344,-0.567992,1.012088,0.434597,0.025023,0.119637,-0.035919,-0.293377,0.627378,1.062132,-0.406279,0.019245,-0.123454
0.009663,0.030426,0.779625,-0.112957,-0.012618,-0.732642,0.671057,0.121821,0.074819,0.205071,0.351352,-0.336317,0.074351,-0.642722,-0.231021,-0.112094,1.467551,-0.017836,0.261800,-0.026414,0.020904,0.300074,-0.011859,0.360316,-0.569899,1.012179,0.434428,0.024910,0.119434,-0.035118,-0.293564,0.626798,1.061733,-0.407766,0.019780,-0.123446
0.009779,0.030589,0.779565,-0.112754,-0.012739,-0.732337,0.671421,0.121312,0.073922,0.204392,0.351309,-0.336188,0.074478,-0.641048,-0.233502,-0.112387,1.465683,-0.017780,0.261800,-0.027023,0.020939,0.299799,-0.012384,0.360271,-0.571152,1.011962,0.435106,0.024935,0.118782,-0.034783,-0.293690,0.626500,1.061980,-0.407157,0.019641,-0.123886
0.009917,0.030705,0.779504,-0.112503,-0.012875,-0.732034,0.671792,0.120852,0.072895,0.203752,0.351041,-0.335986,0.074603,-0.639479,-0.235941,-0.112348,1.463885,-0.017999,0.261800,-0.027454,0.020940,0.299370,-0.013093,0.360200,-0.572656,1.011855,0.436103,0.025036,0.117798,-0.034372,-0.293838,0.626068,1.062402,-0.405288,0.019105,-0.124634
0.010062,0.030814,0.779433,-0.112233,-0.013022,-0.731762,0.672130,0.120472,0.071829,0.203202,0.350608,-0.335735,0.074708,-0.638002,-0.238220,-0.112020,1.462210,-0.018397,0.261800,-0.027503,0.020990,0.298842,-0.013990,0.360056,-0.574456,1.011850,0.437039,0.025146,0.116734,-0.033788,-0.294071,0.625406,1.062863,-0.403245,0.018488,-0.125338
0.010196,0.030933,0.779367,-0.111988,-0.013163,-0.731553,0.672396,0.120192,0.070831,0.202797,0.350107,-0.335475,0.074774,-0.636617,-0.240225,-0.111434,1.460728,-0.018888,0.261800,-0.027285,0.021104,0.298327,-0.014857,0.359817,-0.576087,1.011802,0.437698,0.025154,0.115801,-0.033122,-0.294395,0.624802,1.063239,-0.402030,0.018132,-0.125650
0.010322,0.031051,0.779329,-0.111758,-0.013309,-0.731416,0.672580,0.120052,0.069882,0.202570,0.349476,-0.335203,0.074779,-0.635355,-0.241847,-0.110439,1.459474,-0.019566,0.261800,-0.027100,0.021225,0.297839,-0.015238,0.359601,-0.577126,1.011280,0.438142,0.025045,0.114997,-0.032779,-0.294664,0.624649,1.063929,-0.401894,0.018143,-0.125427
0.010427,0.031158,0.779263,-0.111537,-0.013454,-0.731336,0.672701,0.120034,0.068944,0.202491,0.348685,-0.334900,0.074740,-0.634202,-0.243177,-0.109066,1.458388,-0.020428,0.261800,-0.026725,0.021338,0.297313,-0.015520,0.359379,-0.578031,1.010643,0.438390,0.024850,0.114229,-0.032477,-0.294921,0.624645,1.064743,-0.402308,0.018356,-0.124880
0.010550,0.031303,0.779229,-0.111333,-0.013594,-0.731301,0.672769,0.120063,0.068074,0.202498,0.347886,-0.334582,0.074695,-0.633106,-0.244385,-0.107635,1.457458,-0.021277,0.261800,-0.026093,0.021506,0.296760,-0.015846,0.359063,-0.578826,1.010092,0.438428,0.024606,0.113548,-0.032044,-0.295252,0.624688,1.065451,-0.402955,0.018643,-0.124211
0.010678,0.031393,0.779187,-0.111155,-0.013725,-0.731298,0.672800,0.120070,0.067317,0.202520,0.347216,-0.334259,0.074685,-0.631984,-0.245661,-0.106472,1.456636,-0.021898,0.261800,-0.025435,0.021627,0.296330,-0.015784,0.358946,-0.578951,1.009096,0.438485,0.024344,0.112884,-0.031929,-0.295360,0.624823,1.066426,-0.403681,0.018825,-0.123648
0.010807,0.031529,0.779179,-0.111026,-0.013830,-0.731344,0.672769,0.120064,0.066689,0.202563,0.346687,-0.333889,0.074731,-0.630816,-0.247068,-0.105669,1.455896,-0.022206,0.261800,-0.024701,0.021937,0.295848,-0.015493,0.358575,-0.578616,1.008075,0.438275,0.024122,0.112401,-0.031892,-0.295657,0.625314,1.067496,-0.404030,0.018853,-0.123222
0.010909,0.031695,0.779157,-0.110933,-0.013914,-0.731438,0.672680,0.120042,0.066201,0.202642,0.346295,-0.333517,0.074803,-0.629626,-0.248486,-0.105083,1.455243,-0.022312,0.261800,-0.024085,0.022377,0.295457,-0.015023,0.357874,-0.577381,1.007069,0.438131,0.023831,0.112007,-0.032036,-0.296153,0.626205,1.068557,-0.404312,0.018828,-0.122800
0.011048,0.031795,0.779161,-0.110857,-0.013999,-0.731546,0.672573,0.120057,0.065749,0.202765,0.345885,-0.333127,0.074885,-0.628472,-0.249877,-0.104552,1.454764,-0.022338,0.261800,-0.023461,0.022849,0.295070,-0.014442,0.357083,-0.575899,1.006062,0.438008,0.023547,0.111690,-0.032226,-0.296654,0.627203,1.069614,-0.404814,0.018827,-0.122385
0.011165,0.031946,0.779142,-0.110781,-0.014095,-0.731638,0.672484,0.120167,0.065254,0.202937,0.345295,-0.332700,0.074955,-0.627390,-0.251188,-0.103933,1.454511,-0.022393,0.261800,-0.022856,0.023253,0.294653,-0.013790,0.356312,-0.574497,1.005103,0.438066,0.023304,0.111426,-0.032390,-0.297097,0.628198,1.070605,-0.405773,0.018941,-0.121965
0.011271,0.032076,0.779120,-0.110702,-0.014225,-0.731701,0.672426,0.120468,0.064656,0.203166,0.344352,-0.332215,0.074988,-0.626391,-0.252411,-0.103131,1.454565,-0.022477,0.261800,-0.022375,0.023591,0.294184,-0.013022,0.355425,-0.572963,1.004240,0.438517,0.023100,0.111311,-0.032472,-0.297547,0.629267,1.071444,-0.407431,0.019245,-0.121490
0.011374,0.032214,0.779111,-0.110627,-0.014373,-0.731752,0.672379,0.120845,0.064029,0.203444,0.343312,-0.331707,0.074997,-0.625457,-0.253573,-0.102244,1.454875,-0.022543,0.261800,-0.021703,0.023820,0.293693,-0.012110,0.354767,-0.571547,1.003188,0.439079,0.022946,0.111285,-0.032437,-0.297836,0.630113,1.072215,-0.409713,0.019657,-0.121000
0.011483,0.032346,0.779099,-0.110558,-0.014512,-0.731805,0.672331,0.121216,0.063434,0.203754,0.342263,-0.331191,0.075036,-0.624571,-0.254669,-0.101410,1.455307,-0.022631,0.261800,-0.021360,0.024089,0.293199,-0.011143,0.353874,-0.569935,1.002385,0.439698,0.022787,0.111231,-0.032633,-0.298189,0.631390,1.073034,-0.411943,0.020098,-0.120547
0.011619,0.032484,0.779124,-0.110484,-0.014628,-0.731875,0.672264,0.121497,0.062910,0.204098,0.341314,-0.330668,0.075160,-0.623734,-0.255703,-0.100738,1.455728,-0.022779,0.261800,-0.020893,0.024383,0.292737,-0.010389,0.353112,-0.569032,1.001751,0.439831,0.022681,0.110953,-0.032856,-0.298485,0.632551,1.073803,-0.413851,0.020457,-0.120224
0.011705,0.032649,0.779106,-0.110412,-0.014697,-0.731962,0.672179,0.121602,0.062503,0.204475,0.340591,-0.330170,0.075431,-0.622950,-0.256715,-0.100321,1.456131,-0.023032,0.261800,-0.020338,0.024704,0.292356,-0.009829,0.352625,-0.568953,1.001165,0.439182,0.022634,0.110295,-0.033181,-0.298691,0.633638,1.074515,-0.415183,0.020686,-0.120070
0.011843,0.032807,0.779132,-0.110343,-0.014736,-0.732059,0.672084,0.121600,0.062185,0.204889,0.339996,-0.329683,0.075804,-0.622211,-0.257685,-0.100083,1.456568,-0.023355,0.261800,-0.020004,0.025165,0.291939,-0.009468,0.351845,-0.569224,1.001048,0.438110,0.022631,0.109469,-0.033625,-0.299046,0.635133,1.075167,-0.415995,0.020876,-0.120039
0.011953,0.032958,0.779174,-0.110274,-0.014772,-0.732170,0.671973,0.121617,0.061876,0.205331,0.339352,-0.329160,0.076173,-0.621534,-0.258545,-0.099865,1.457052,-0.023689,0.261800,-0.019493,0.025556,0.291616,-0.009114,0.351350,-0.569870,1.000805,0.437033,0.022645,0.108553,-0.034069,-0.299301,0.636308,1.075746,-0.416990,0.021031,-0.120049
0.012043,0.033139,0.779185,-0.110199,-0.014832,-0.732297,0.671846,0.121696,0.061542,0.205783,0.338625,-0.328630,0.076428,-0.620914,-0.259212,-0.099537,1.457580,-0.023969,0.261800,-0.019036,0.025932,0.291247,-0.008845,0.350674,-0.570579,1.000947,0.436408,0.022621,0.107853,-0.034470,-0.299672,0.637553,1.076231,-0.418280,0.021239,-0.120041
0.012137,0.033301,0.779197,-0.110119,-0.014920,-0.732447,0.671694,0.121955,0.061121,0.206253,0.337606,-0.328006,0.076518,-0.620365,-0.259664,-0.099018,1.458176,-0.024214,0.261800,-0.018475,0.026117,0.290984,-0.008355,0.350291,-0.571164,1.000841,0.436645,0.022540,0.107320,-0.034969,-0.299907,0.638456,1.076721,-0.420464,0.021506,-0.120039
0.012238,0.033476,0.779202,-0.110042,-0.015017,-0.732617,0.671519,0.122290,0.060670,0.206739,0.336463,-0.327349,0.076508,-0.619880,-0.259938,-0.098409,1.458824,-0.024441,0.261800,-0.018003,0.026305,0.290668,-0.007907,0.349714,-0.571845,1.001082,0.437317,0.022426,0.106968,-0.035459,-0.300279,0.639530,1.077092,-0.422942,0.021844,-0.120079
0.012314,0.033674,0.779205,-0.109978,-0.015113,-0.732791,0.671337,0.122644,0.060227,0.207245,0.335307,-0.326678,0.076469,-0.619443,-0.260070,-0.097775,1.459499,-0.024606,0.261800,-0.017510,0.026411,0.290480,-0.007359,0.349345,-0.572533,1.001148,0.438135,0.022321,0.106582,-0.036048,-0.300543,0.640372,1.077538,-0.425556,0.022114,-0.120048
0.012407,0.033861,0.779218,-0.109917,-0.015211,-0.732957,0.671164,0.122902,0.059871,0.207763,0.334352,-0.326074,0.076467,-0.619040,-0.260083,-0.097218,1.460162,-0.024651,0.261800,-0.017112,0.026589,0.290216,-0.006983,0.348837,-0.573527,1.001627,0.438437,0.022277,0.106212,-0.036546,-0.300928,0.641466,1.078015,-0.427392,0.022297,-0.119894
0.012481,0.034058,0.779225,-0.109884,-0.015289,-0.733115,0.670994,0.123068,0.059617,0.208331,0.333616,-0.325528,0.076532,-0.618688,-0.259917,-0.096704,1.460841,-0.024514,0.261800,-0.016721,0.026833,0.290008,-0.006755,0.348278,-0.574791,1.002321,0.438122,0.022298,0.105730,-0.036984,-0.301380,0.642589,1.078555,-0.428440,0.022300,-0.119481
0.012543,0.034275,0.779231,-0.109866,-0.015364,-0.733272,0.670824,0.123175,0.059433,0.208937,0.333032,-0.325027,0.076625,-0.618390,-0.259581,-0.096202,1.461539,-0.024240,0.261800,-0.016342,0.027083,0.289846,-0.006559,0.347775,-0.576274,1.003095,0.437429,0.022378,0.105187,-0.037442,-0.301824,0.643712,1.079215,-0.429013,0.022176,-0.118898
0.012596,0.034496,0.779256,-0.109860,-0.015432,-0.733420,0.670662,0.123228,0.059274,0.209516,0.332552,-0.324563,0.076711,-0.618102,-0.259214,-0.095787,1.462211,-0.023945,0.261800,-0.016023,0.027313,0.289732,-0.006325,0.347356,-0.577782,1.003839,0.436767,0.022485,0.104649,-0.037898,-0.302228,0.644756,1.079873,-0.429440,0.022008,-0.118320
0.012719,0.034676,0.779253,-0.109849,-0.015503,-0.733552,0.670518,0.123242,0.059096,0.210001,0.332117,-0.324124,0.076757,-0.617792,-0.258960,-0.095523,1.462812,-0.023755,0.261800,-0.015806,0.027506,0.289675,-0.005996,0.346997,-0.579110,1.004461,0.436577,0.022600,0.104192,-0.038317,-0.302595,0.645602,1.080394,-0.430083,0.021875,-0.117919
0.012791,0.034893,0.779254,-0.109846,-0.015579,-0.733660,0.670399,0.123200,0.058878,0.210343,0.331794,-0.323753,0.076725,-0.617424,-0.258875,-0.095443,1.463356,-0.023744,0.261800,-0.015797,0.027507,0.289863,-0.005459,0.346873,-0.579758,1.004739,0.437344,0.022702,0.103734,-0.038839,-0.302737,0.646018,1.080779,-0.431338,0.021781,-0.117795
0.012846,0.035151,0.779268,-0.109838,-0.015663,-0.733749,0.670300,0.123115,0.058647,0.210590,0.331550,-0.323425,0.076645,-0.617032,-0.258872,-0.095509,1.463854,-0.023834,0.261800,-0.015767,0.027660,0.289780,-0.005090,0.346483,-0.581106,1.005487,0.437994,0.022942,0.103554,-0.038972,-0.303168,0.646658,1.080899,-0.432214,0.021760,-0.117905
0.012935,0.035360,0.779236,-0.109833,-0.015728,-0.733834,0.670206,0.122954,0.058439,0.210812,0.331383,-0.323122,0.076578,-0.616662,-0.258888,-0.095677,1.464265,-0.023903,0.261800,-0.015859,0.027786,0.289884,-0.004616,0.346177,-0.581988,1.005981,0.439051,0.023093,0.103326,-0.039249,-0.303521,0.646980,1.081000,-0.433326,0.021699,-0.117969
0.013052,0.035588,0.779218,-0.109812,-0.015760,-0.733934,0.670100,0.122724,0.058290,0.211088,0.331180,-0.322777,0.076584,-0.616366,-0.258854,-0.095910,1.464540,-0.023825,0.261800,-0.015838,0.027992,0.289885,-0.004379,0.345799,-0.583108,1.006757,0.439799,0.023075,0.103164,-0.039311,-0.303982,0.647287,1.080866,-0.434116,0.021665,-0.117842
0.013136,0.035848,0.779225,-0.109783,-0.015718,-0.734050,0.669979,0.122323,0.058262,0.211435,0.331049,-0.322430,0.076695,-0.616180,-0.258747,-0.096263,1.464645,-0.023510,0.261800,-0.015819,0.028298,0.289771,-0.004112,0.345483,-0.584303,1.007489,0.440290,0.022801,0.103053,-0.039506,-0.304415,0.647621,1.080873,-0.434593,0.021600,-0.117333
0.013244,0.036097,0.779235,-0.109745,-0.015627,-0.734175,0.669850,0.121806,0.058309,0.211813,0.330951,-0.322072,0.076875,-0.616064,-0.258607,-0.096735,1.464610,-0.023042,0.261800,-0.015881,0.028643,0.289606,-0.003730,0.345273,-0.585424,1.008091,0.440720,0.022343,0.102981,-0.039869,-0.304752,0.647965,1.081034,-0.434901,0.021511,-0.116590
0.013347,0.036334,0.779237,-0.109697,-0.015545,-0.734305,0.669717,0.121306,0.058331,0.212212,0.330791,-0.321676,0.077079,-0.615978,-0.258458,-0.097197,1.464491,-0.022567,0.261800,-0.015774,0.028988,0.289395,-0.003621,0.345029,-0.586855,1.008952,0.440822,0.021897,0.102944,-0.039918,-0.305187,0.648279,1.080906,-0.434949,0.021469,-0.115962
0.013453,0.036590,0.779280,-0.109651,-0.015523,-0.734431,0.669587,0.120990,0.058202,0.212610,0.330440,-0.321195,0.077266,-0.615867,-0.258354,-0.097515,1.464348,-0.022230,0.261800,-0.015676,0.029289,0.289354,-0.003477,0.344794,-0.588161,1.009595,0.440768,0.021683,0.102815,-0.039956,-0.305619,0.648625,1.080807,-0.434935,0.021398,-0.115759
0.013571,0.036822,0.779283,-0.109590,-0.015610,-0.734548,0.669467,0.120958,0.057835,0.212990,0.329772,-0.320571,0.077437,-0.615720,-0.258334,-0.097613,1.464232,-0.022080,0.261800,-0.015666,0.029405,0.289552,-0.003292,0.344651,-0.589251,1.010013,0.440380,0.021794,0.102524,-0.040080,-0.305894,0.649138,1.080855,-0.434773,0.021317,-0.116289
0.013689,0.037097,0.779301,-0.109518,-0.015759,-0.734662,0.669350,0.121103,0.057312,0.213369,0.328879,-0.319841,0.077611,-0.615562,-0.258364,-0.097581,1.464083,-0.022028,0.261800,-0.015571,0.029512,0.289777,-0.003269,0.344427,-0.590658,1.010528,0.439461,0.022147,0.102212,-0.039990,-0.306302,0.649819,1.080799,-0.434250,0.021243,-0.117315
0.013801,0.037361,0.779299,-0.109457,-0.015915,-0.734781,0.669225,0.121264,0.056780,0.213774,0.327997,-0.319119,0.077769,-0.615402,-0.258364,-0.097518,1.463852,-0.022038,0.261800,-0.015433,0.029578,0.290068,-0.003304,0.344216,-0.591848,1.011034,0.438698,0.022518,0.101886,-0.039796,-0.306660,0.650429,1.080604,-0.433797,0.021204,-0.118359
0.013902,0.037646,0.779316,-0.109417,-0.016030,-0.734913,0.669084,0.121323,0.056357,0.214234,0.327277,-0.318480,0.077893,-0.615246,-0.258274,-0.097516,1.463499,-0.022085,0.261800,-0.015333,0.029677,0.290401,-0.003156,0.344080,-0.592516,1.011263,0.438599,0.022749,0.101577,-0.039815,-0.306878,0.650862,1.080599,-0.433739,0.021143,-0.118955
0.014011,0.037927,0.779299,-0.109382,-0.016117,-0.735068,0.668917,0.121230,0.056109,0.214785,0.326829,-0.317979,0.077984,-0.615075,-0.258050,-0.097617,1.462963,-0.022205,0.261800,-0.015085,0.029952,0.290567,-0.003065,0.343822,-0.593132,1.011644,0.439143,0.022844,0.101457,-0.039605,-0.307246,0.651290,1.080368,-0.433996,0.021182,-0.118918
0.014123,0.038222,0.779308,-0.109372,-0.016178,-0.735237,0.668732,0.121061,0.055953,0.215404,0.326544,-0.317562,0.078048,-0.614886,-0.257741,-0.097762,1.462296,-0.022407,0.261800,-0.014795,0.030222,0.290794,-0.002915,0.343622,-0.593298,1.011889,0.440350,0.022832,0.101364,-0.039447,-0.307508,0.651540,1.080141,-0.434707,0.021267,-0.118495
0.014249,0.038522,0.779303,-0.109356,-0.016227,-0.735410,0.668543,0.120860,0.055829,0.216027,0.326254,-0.317146,0.078080,-0.614737,-0.257384,-0.097913,1.461559,-0.022573,0.261800,-0.014539,0.030530,0.291012,-0.002715,0.343416,-0.593244,1.012023,0.441641,0.022764,0.101263,-0.039325,-0.307753,0.651706,1.079941,-0.435303,0.021286,-0.117963
0.014354,0.038814,0.779335,-0.109336,-0.016250,-0.735574,0.668365,0.120588,0.055720,0.216584,0.325975,-0.316747,0.078071,-0.614687,-0.257014,-0.098052,1.460820,-0.022590,0.261800,-0.014337,0.030802,0.291198,-0.002535,0.343289,-0.593103,1.012112,0.442524,0.022648,0.101091,-0.039252,-0.307891,0.651745,1.079808,-0.435328,0.021155,-0.117593
0.014468,0.039136,0.779319,-0.109317,-0.016245,-0.735726,0.668201,0.120290,0.055635,0.217049,0.325608,-0.316321,0.077979,-0.614733,-0.256603,-0.098193,1.460064,-0.022382,0.261800,-0.014210,0.031053,0.291315,-0.002377,0.343257,-0.592981,1.012181,0.442740,0.022470,0.100831,-0.039203,-0.307920,0.651686,1.079718,-0.434436,0.020809,-0.117481
0.014582,0.039459,0.779340,-0.109270,-0.016237,-0.735902,0.668015,0.120078,0.055480,0.217559,0.324917,-0.315744,0.077835,-0.614931,-0.256134,-0.098218,1.459272,-0.022002,0.261800,-0.014211,0.031376,0.291561,-0.002114,0.342998,-0.591967,1.012073,0.443277,0.022110,0.100344,-0.039267,-0.308156,0.651301,1.079515,-0.433030,0.020163,-0.117331
0.014673,0.039786,0.779334,-0.109223,-0.016205,-0.736049,0.667861,0.119731,0.055378,0.217974,0.324413,-0.315259,0.077700,-0.615157,-0.255697,-0.098302,1.458493,-0.021607,0.261800,-0.014285,0.031708,0.291727,-0.001952,0.342756,-0.591199,1.012046,0.443376,0.021825,0.099970,-0.039280,-0.308365,0.650997,1.079330,-0.431500,0.019574,-0.117258
0.014782,0.040100,0.779340,-0.109164,-0.016167,-0.736155,0.667756,0.119258,0.055280,0.218294,0.324091,-0.314845,0.077651,-0.615382,-0.255376,-0.098440,1.457762,-0.021314,0.261800,-0.014495,0.032006,0.291907,-0.001867,0.342500,-0.590529,1.012064,0.443405,0.021671,0.099775,-0.039258,-0.308575,0.650799,1.079106,-0.430448,0.019202,-0.117153
0.014872,0.040445,0.779355,-0.109092,-0.016120,-0.736213,0.667705,0.118627,0.055172,0.218529,0.324010,-0.314522,0.077802,-0.615627,-0.255205,-0.098622,1.457129,-0.021179,0.261800,-0.014676,0.032229,0.292022,-0.001821,0.342432,-0.590393,1.011997,0.443009,0.021769,0.099853,-0.039171,-0.308624,0.650778,1.079060,-0.429847,0.019112,-0.117104
0.014950,0.040729,0.779336,-0.108987,-0.016038,-0.736232,0.667703,0.117765,0.055074,0.218668,0.324159,-0.314282,0.078084,-0.615968,-0.255139,-0.098854,1.456547,-0.021109,0.261800,-0.015104,0.032471,0.292131,-0.001756,0.342265,-0.590083,1.011876,0.442579,0.022031,0.100091,-0.039141,-0.308735,0.650920,1.079017,-0.429534,0.019196,-0.117040
0.015066,0.041050,0.779362,-0.108888,-0.015970,-0.736230,0.667722,0.116947,0.054958,0.218749,0.324272,-0.314029,0.078298,-0.616267,-0.255137,-0.099096,1.455983,-0.021075,0.261800,-0.015542,0.032645,0.292233,-0.001765,0.342196,-0.589996,1.011777,0.441997,0.022304,0.100383,-0.039063,-0.308774,0.651005,1.078969,-0.429512,0.019349,-0.116958
0.015162,0.041351,0.779371,-0.108802,-0.015910,-0.736219,0.667751,0.116229,0.054839,0.218761,0.324235,-0.313718,0.078248,-0.616511,-0.255163,-0.099358,1.455395,-0.021034,0.261800,-0.016099,0.032766,0.292299,-0.001804,0.342150,-0.589925,1.011741,0.441480,0.022477,0.100606,-0.039006,-0.308794,0.651028,1.078846,-0.429762,0.019490,-0.116804
0.015262,0.041665,0.779408,-0.108741,-0.015881,-0.736207,0.667774,0.115676,0.054675,0.218722,0.324027,-0.313300,0.077965,-0.616671,-0.255220,-0.099584,1.454760,-0.020958,0.261800,-0.016758,0.032817,0.292397,-0.001907,0.342078,-0.589845,1.011799,0.441042,0.022478,0.100843,-0.038996,-0.308819,0.650876,1.078644,-0.430714,0.019636,-0.116512
0.015345,0.042003,0.779397,-0.108684,-0.015887,-0.736189,0.667804,0.115243,0.054462,0.218627,0.323687,-0.312801,0.077529,-0.616764,-0.255329,-0.099790,1.454105,-0.020884,0.261800,-0.017432,0.032826,0.292546,-0.002133,0.341984,-0.589837,1.011951,0.440655,0.022379,0.101120,-0.038946,-0.308842,0.650421,1.078322,-0.432307,0.019811,-0.116102
0.015431,0.042352,0.779405,-0.108632,-0.015873,-0.736147,0.667858,0.114844,0.054287,0.218458,0.323218,-0.312305,0.076809,-0.616833,-0.255461,-0.100063,1.453442,-0.020816,0.261800,-0.017952,0.032823,0.292654,-0.002668,0.341900,-0.590089,1.012304,0.440350,0.022275,0.101208,-0.038730,-0.308850,0.649545,1.077850,-0.433896,0.019915,-0.115669
0.015514,0.042671,0.779406,-0.108570,-0.015799,-0.736072,0.667953,0.114406,0.054211,0.218197,0.322601,-0.311892,0.075678,-0.616919,-0.255608,-0.100482,1.452784,-0.020772,0.261800,-0.018345,0.032806,0.292549,-0.003483,0.341850,-0.590689,1.012870,0.440046,0.022266,0.100911,-0.038270,-0.308830,0.648460,1.077222,-0.434601,0.019887,-0.115345
0.015560,0.043005,0.779393,-0.108489,-0.015662,-0.735955,0.668098,0.113905,0.054232,0.217822,0.321829,-0.311577,0.074142,-0.617032,-0.255777,-0.101051,1.452117,-0.020768,0.261800,-0.019270,0.032774,0.292211,-0.003921,0.341866,-0.590905,1.013120,0.439918,0.022436,0.100019,-0.038100,-0.308804,0.648024,1.076817,-0.433590,0.019631,-0.115216
0.015589,0.043288,0.779401,-0.108393,-0.015486,-0.735806,0.668281,0.113373,0.054302,0.217357,0.320921,-0.311330,0.072259,-0.617168,-0.255982,-0.101712,1.451462,-0.020804,0.261800,-0.019882,0.032676,0.291748,-0.004922,0.341970,-0.591625,1.013733,0.439783,0.022655,0.098641,-0.037545,-0.308715,0.647004,1.076089,-0.431814,0.019205,-0.115170
0.015581,0.043635,0.779394,-0.108300,-0.015254,-0.735631,0.668495,0.112837,0.054487,0.216816,0.319885,-0.311137,0.069972,-0.617280,-0.256182,-0.102530,1.450794,-0.020820,0.261800,-0.020371,0.032541,0.291120,-0.005975,0.342215,-0.592601,1.014353,0.439669,0.022907,0.097192,-0.036861,-0.308543,0.645794,1.075339,-0.429999,0.018787,-0.115140
0.015565,0.043938,0.779417,-0.108216,-0.014963,-0.735420,0.668748,0.112287,0.054841,0.216184,0.318765,-0.310997,0.067227,-0.617326,-0.256369,-0.103580,1.450129,-0.020781,0.261800,-0.021615,0.032393,0.290343,-0.006456,0.342301,-0.592744,1.014907,0.439953,0.023054,0.096080,-0.036624,-0.308484,0.645523,1.074816,-0.428612,0.018607,-0.115003
0.015513,0.044236,0.779442,-0.108120,-0.014614,-0.735186,0.669028,0.111568,0.055359,0.215448,0.317825,-0.310984,0.064110,-0.617390,-0.256543,-0.104825,1.449501,-0.020695,0.261800,-0.022172,0.032057,0.289461,-0.007465,0.342727,-0.593606,1.015840,0.440306,0.022987,0.095209,-0.035927,-0.308202,0.644464,1.074042,-0.428549,0.018719,-0.114874
0.015422,0.044507,0.779465,-0.108040,-0.014188,-0.734925,0.669336,0.110773,0.056032,0.214614,0.316901,-0.311046,0.060614,-0.617438,-0.256697,-0.106272,1.448885,-0.020577,0.261800,-0.023069,0.031687,0.288443,-0.008133,0.343221,-0.594121,1.016666,0.440956,0.022817,0.094511,-0.035505,-0.307874,0.643900,1.073481,-0.428877,0.019023,-0.114762
0.015344,0.044758,0.779512,-0.107962,-0.013727,-0.734622,0.669692,0.110105,0.056832,0.213733,0.315652,-0.311145,0.056561,-0.617363,-0.256864,-0.107926,1.448235,-0.020397,0.261800,-0.024164,0.031188,0.287253,-0.008675,0.343786,-0.594480,1.017562,0.441634,0.022659,0.094005,-0.035072,-0.307491,0.643355,1.072895,-0.429511,0.019410,-0.114443
0.015200,0.044986,0.779561,-0.107920,-0.013229,-0.734257,0.670108,0.109928,0.057699,0.212869,0.313425,-0.311073,0.051776,-0.617059,-0.257074,-0.109790,1.447517,-0.020142,0.261800,-0.025301,0.030434,0.285873,-0.009053,0.344706,-0.594935,1.018301,0.441978,0.022672,0.093700,-0.034447,-0.306837,0.642326,1.072210,-0.430370,0.019739,-0.113709
0.015057,0.045225,0.779623,-0.107918,-0.012686,-0.733819,0.670599,0.110281,0.058702,0.212100,0.310131,-0.310930,0.046082,-0.616464,-0.257341,-0.111983,1.446691,-0.019782,0.261800,-0.026540,0.029485,0.284239,-0.009343,0.345798,-0.595367,1.019118,0.441977,0.022915,0.093739,-0.033542,-0.306033,0.640808,1.071259,-0.431288,0.019934,-0.112193
0.014886,0.045421,0.779674,-0.107959,-0.012077,-0.733319,0.671150,0.111028,0.059856,0.211381,0.306015,-0.310743,0.039619,-0.615652,-0.257634,-0.114472,1.445794,-0.019338,0.261800,-0.028026,0.028559,0.282356,-0.009779,0.346521,-0.595659,1.020471,0.441850,0.023296,0.094141,-0.032297,-0.305477,0.639138,1.069849,-0.432275,0.020093,-0.110069
0.014662,0.045579,0.779775,-0.108015,-0.011452,-0.732772,0.671749,0.112061,0.061052,0.210558,0.301331,-0.310403,0.032692,-0.614669,-0.257929,-0.117060,1.444836,-0.018834,0.261800,-0.029432,0.027462,0.280313,-0.010322,0.347391,-0.596278,1.021951,0.441532,0.023716,0.094622,-0.030835,-0.304803,0.636976,1.068403,-0.433699,0.020335,-0.108014
0.014384,0.045731,0.779836,-0.108062,-0.010853,-0.732195,0.672380,0.113299,0.062173,0.209480,0.296286,-0.309783,0.025601,-0.613564,-0.258200,-0.119551,1.443815,-0.018278,0.261800,-0.030752,0.026088,0.278179,-0.010878,0.348602,-0.597347,1.023323,0.441044,0.024065,0.094942,-0.029339,-0.303851,0.634424,1.067248,-0.435767,0.020806,-0.106688
0.014090,0.045858,0.779971,-0.108085,-0.010294,-0.731583,0.673051,0.114719,0.063151,0.207998,0.290902,-0.308805,0.018280,-0.612352,-0.258483,-0.121909,1.442752,-0.017652,0.261800,-0.032157,0.024339,0.275939,-0.011367,0.350155,-0.598775,1.024608,0.440378,0.024346,0.095092,-0.027947,-0.302582,0.631721,1.066565,-0.438784,0.021667,-0.106396
0.013777,0.045973,0.780111,-0.108103,-0.009749,-0.730930,0.673766,0.116365,0.064075,0.206223,0.285080,-0.307564,0.010620,-0.610998,-0.258769,-0.124244,1.441632,-0.016951,0.261800,-0.033705,0.022315,0.273559,-0.011806,0.351903,-0.600406,1.025918,0.439563,0.024602,0.095188,-0.026610,-0.301083,0.628893,1.066195,-0.442509,0.022808,-0.106743
0.013461,0.046072,0.780252,-0.108149,-0.009186,-0.730247,0.674506,0.118248,0.065060,0.204391,0.278862,-0.306197,0.002862,-0.609515,-0.258975,-0.126562,1.440455,-0.016245,0.261800,-0.035351,0.020205,0.271060,-0.012225,0.353712,-0.602123,1.027230,0.438758,0.024779,0.095192,-0.025267,-0.299501,0.625896,1.065962,-0.446252,0.023986,-0.107345
0.013125,0.046071,0.780486,-0.108256,-0.008579,-0.729548,0.675253,0.120351,0.066221,0.202734,0.272339,-0.304854,-0.004751,-0.607901,-0.259018,-0.128870,1.439197,-0.015594,0.261800,-0.037026,0.018159,0.268484,-0.012560,0.355585,-0.603794,1.028358,0.438129,0.024817,0.095039,-0.023892,-0.297896,0.622685,1.065729,-0.449316,0.024946,-0.107828
0.012720,0.046063,0.780693,-0.108429,-0.007914,-0.728823,0.676016,0.122797,0.067586,0.201335,0.265243,-0.303497,-0.012257,-0.606099,-0.258836,-0.131182,1.437811,-0.015043,0.261800,-0.038805,0.016226,0.265797,-0.012818,0.357469,-0.605430,1.029346,0.437688,0.024600,0.094618,-0.022469,-0.296385,0.619345,1.065450,-0.451368,0.025676,-0.108192
0.012322,0.046095,0.780868,-0.108640,-0.007216,-0.728067,0.676804,0.125564,0.069092,0.200061,0.257592,-0.302043,-0.019751,-0.604126,-0.258484,-0.133493,1.436320,-0.014552,0.261800,-0.040626,0.014296,0.263016,-0.012966,0.359531,-0.607143,1.030097,0.437341,0.024194,0.093970,-0.020980,-0.294855,0.615774,1.065163,-0.452863,0.026286,-0.108607
0.011954,0.046058,0.781059,-0.108916,-0.006481,-0.727308,0.677583,0.128363,0.070740,0.198824,0.250009,-0.300626,-0.027089,-0.602108,-0.258049,-0.135779,1.434836,-0.014059,0.261800,-0.042426,0.012414,0.260223,-0.013077,0.361657,-0.608805,1.030667,0.437100,0.023809,0.093333,-0.019377,-0.293384,0.611919,1.064716,-0.454162,0.026728,-0.108918
0.011587,0.046054,0.781235,-0.109222,-0.005760,-0.726573,0.678328,0.131020,0.072492,0.197550,0.242887,-0.299249,-0.034088,-0.600174,-0.257628,-0.138004,1.433478,-0.013510,0.261800,-0.044062,0.010587,0.257497,-0.013218,0.363808,-0.610361,1.031063,0.436973,0.023660,0.092939,-0.017586,-0.291966,0.607599,1.063983,-0.455699,0.026952,-0.108982
0.011205,0.046040,0.781438,-0.109573,-0.005011,-0.725861,0.679039,0.133420,0.074417,0.196187,0.236365,-0.297950,-0.040833,-0.598351,-0.257166,-0.140204,1.432202,-0.012799,0.261800,-0.045566,0.008893,0.254762,-0.013452,0.365880,-0.611887,1.031350,0.437074,0.023877,0.092890,-0.015518,-0.290629,0.602595,1.062902,-0.457794,0.026921,-0.108764
0.010815,0.046003,0.781658,-0.109974,-0.004233,-0.725160,0.679729,0.135688,0.076490,0.194792,0.230201,-0.296693,-0.047353,-0.596573,-0.256643,-0.142374,1.430971,-0.011989,0.261800,-0.046893,0.007257,0.252009,-0.013730,0.368038,-0.613490,1.031434,0.437319,0.024330,0.093037,-0.013220,-0.289262,0.596924,1.061598,-0.460211,0.026661,-0.108348
0.010418,0.045968,0.781877,-0.110409,-0.003501,-0.724484,0.680383,0.137945,0.078577,0.193414,0.224349,-0.295466,-0.053527,-0.594830,-0.256206,-0.144434,1.429920,-0.011267,0.261800,-0.048056,0.005611,0.249396,-0.014068,0.370159,-0.614905,1.031490,0.437536,0.024815,0.093295,-0.010868,-0.287967,0.591169,1.060124,-0.462355,0.026241,-0.107749
0.010040,0.045940,0.782066,-0.110871,-0.002886,-0.723846,0.680990,0.140331,0.080531,0.192111,0.218736,-0.294235,-0.059227,-0.593093,-0.255994,-0.146306,1.429159,-0.010814,0.261800,-0.048984,0.003858,0.247090,-0.014481,0.372225,-0.615949,1.031610,0.437520,0.025137,0.093568,-0.008608,-0.286814,0.585812,1.058516,-0.463659,0.025724,-0.106978
0.009646,0.045925,0.782252,-0.111381,-0.002428,-0.723243,0.681548,0.143019,0.082292,0.190856,0.213194,-0.292928,-0.064496,-0.591244,-0.256071,-0.147964,1.428681,-0.010716,0.261800,-0.049688,0.001932,0.245182,-0.014996,0.374236,-0.616656,1.031883,0.437170,0.025188,0.093848,-0.006393,-0.285839,0.580956,1.056680,-0.464012,0.025127,-0.105846
0.009260,0.045905,0.782425,-0.111926,-0.002092,-0.722673,0.682065,0.145784,0.083962,0.189624,0.208034,-0.291698,-0.069379,-0.589340,-0.256351,-0.149450,1.428450,-0.010870,0.261800,-0.050221,-0.000083,0.243564,-0.015636,0.376125,-0.617067,1.032311,0.436627,0.025089,0.094192,-0.004161,-0.285085,0.576397,1.054585,-0.463669,0.024421,-0.104404
0.008861,0.045909,0.782606,-0.112482,-0.001808,-0.722144,0.682534,0.148513,0.085561,0.188497,0.203176,-0.290465,-0.073750,-0.587598,-0.256774,-0.150775,1.428499,-0.011149,0.261800,-0.050507,-0.002099,0.242158,-0.016229,0.378015,-0.617052,1.032539,0.436019,0.024988,0.094555,-0.001955,-0.284504,0.572009,1.052294,-0.462706,0.023590,-0.103012
0.008480,0.045882,0.782776,-0.113005,-0.001529,-0.721667,0.682952,0.150932,0.087153,0.187542,0.198880,-0.289328,-0.077486,-0.586225,-0.257272,-0.151955,1.428861,-0.011430,0.261800,-0.050602,-0.003986,0.240852,-0.016712,0.379757,-0.616360,1.032506,0.435532,0.025030,0.094934,0.000112,-0.284139,0.567880,1.049913,-0.461095,0.022628,-0.102025
0.008120,0.045908,0.782924,-0.113503,-0.001224,-0.721250,0.683311,0.152948,0.088758,0.186812,0.195244,-0.288300,-0.080474,-0.585315,-0.257864,-0.153013,1.429594,-0.011701,0.261800,-0.050494,-0.005688,0.239582,-0.017173,0.381135,-0.614842,1.032402,0.435220,0.025267,0.095367,0.002036,-0.284031,0.563910,1.047426,-0.458288,0.021456,-0.101548
0.007764,0.045902,0.783044,-0.113981,-0.000935,-0.720884,0.683618,0.154699,0.090338,0.186257,0.192151,-0.287343,-0.082810,-0.584736,-0.258576,-0.153932,1.430668,-0.012026,0.261800,-0.050143,-0.007263,0.238406,-0.017653,0.382208,-0.612682,1.032275,0.434998,0.025621,0.095857,0.003889,-0.284129,0.560081,1.044793,-0.454476,0.020102,-0.101388
0.007415,0.045869,0.783221,-0.114447,-0.000680,-0.720563,0.683878,0.156280,0.091855,0.185796,0.189503,-0.286471,-0.084680,-0.584397,-0.259359,-0.154647,1.431983,-0.012383,0.261800,-0.049610,-0.008750,0.237308,-0.018223,0.382978,-0.610167,1.032267,0.434825,0.026032,0.096396,0.005533,-0.284366,0.556685,1.042357,-0.450735,0.018742,-0.101485
0.007142,0.045828,0.783323,-0.114912,-0.000479,-0.720279,0.684101,0.157837,0.093256,0.185358,0.187103,-0.285642,-0.086266,-0.584214,-0.260158,-0.155082,1.433469,-0.012775,0.261800,-0.048895,-0.010189,0.236465,-0.018660,0.383839,-0.607429,1.031860,0.434746,0.026431,0.096885,0.007065,-0.284849,0.553753,1.039963,-0.448263,0.017520,-0.101709
0.006838,0.045816,0.783449,-0.115374,-0.000335,-0.720031,0.684284,0.159304,0.094523,0.184896,0.185076,-0.284861,-0.087416,-0.584228,-0.260934,-0.155123,1.435165,-0.013192,0.261800,-0.048051,-0.011561,0.235732,-0.019146,0.384454,-0.604499,1.031498,0.434790,0.026845,0.097455,0.008276,-0.285383,0.551661,1.038142,-0.447607,0.016536,-0.102213
0.006573,0.045779,0.783561,-0.115824,-0.000247,-0.719825,0.684424,0.160656,0.095671,0.184463,0.183446,-0.284131,-0.088097,-0.584464,-0.261723,-0.154828,1.437094,-0.013641,0.261800,-0.047115,-0.012876,0.235234,-0.019449,0.385050,-0.601065,1.030758,0.435012,0.027282,0.098033,0.009272,-0.286159,0.550195,1.036478,-0.448120,0.015675,-0.102949
0.006355,0.045786,0.783688,-0.116277,-0.000195,-0.719653,0.684529,0.161983,0.096765,0.184107,0.182029,-0.283494,-0.088690,-0.584803,-0.262586,-0.154431,1.439129,-0.014123,0.261800,-0.045981,-0.014161,0.234729,-0.019897,0.385407,-0.597731,1.030315,0.435124,0.027715,0.098587,0.009969,-0.286870,0.549174,1.035247,-0.448799,0.014865,-0.103828
0.006113,0.045774,0.783779,-0.116748,-0.000157,-0.719508,0.684601,0.163356,0.097881,0.183873,0.180703,-0.283023,-0.089574,-0.585111,-0.263575,-0.154174,1.441133,-0.014639,0.261800,-0.045234,-0.015324,0.234535,-0.019711,0.385983,-0.593709,1.029136,0.435245,0.028036,0.098859,0.010594,-0.288456,0.548840,1.033221,-0.448527,0.013997,-0.104485
0.005886,0.045758,0.783843,-0.117232,-0.000144,-0.719406,0.684625,0.164837,0.099007,0.183818,0.179366,-0.282704,-0.090853,-0.585428,-0.264697,-0.154025,1.443147,-0.015209,0.261800,-0.044089,-0.016447,0.234264,-0.019952,0.386291,-0.590337,1.028613,0.434727,0.028305,0.099111,0.010956,-0.289876,0.548668,1.031538,-0.446744,0.013007,-0.105271
0.005671,0.045749,0.783904,-0.117729,-0.000156,-0.719344,0.684605,0.166372,0.100116,0.183901,0.178110,-0.282510,-0.092323,-0.585790,-0.265926,-0.153896,1.445215,-0.015826,0.261800,-0.042919,-0.017468,0.234117,-0.020131,0.386481,-0.586851,1.028088,0.433935,0.028513,0.099292,0.011135,-0.291663,0.549028,1.029720,-0.444029,0.011957,-0.106114
0.005455,0.045726,0.783953,-0.118228,-0.000191,-0.719291,0.684574,0.167880,0.101248,0.184038,0.177046,-0.282468,-0.093906,-0.586106,-0.267271,-0.153909,1.447224,-0.016456,0.261800,-0.041726,-0.018439,0.233970,-0.020326,0.386529,-0.583502,1.027748,0.433288,0.028671,0.099195,0.011191,-0.293606,0.549559,1.027906,-0.441637,0.010970,-0.106697
0.005233,0.045700,0.783992,-0.118757,-0.000208,-0.719215,0.684563,0.169222,0.102459,0.184131,0.176399,-0.282663,-0.095523,-0.586281,-0.268743,-0.154185,1.449068,-0.017071,0.261800,-0.040603,-0.019438,0.233711,-0.020490,0.386469,-0.580381,1.027658,0.433265,0.028782,0.098597,0.011100,-0.295492,0.549987,1.026296,-0.440817,0.010172,-0.106714
0.005026,0.045671,0.784014,-0.119291,-0.000219,-0.719114,0.684577,0.170352,0.103781,0.184196,0.176226,-0.283145,-0.097200,-0.586330,-0.270418,-0.154845,1.450777,-0.017695,0.261800,-0.039562,-0.020455,0.233337,-0.020565,0.386322,-0.577322,1.027748,0.434366,0.028901,0.097359,0.010857,-0.297369,0.550384,1.024874,-0.442217,0.009596,-0.105805
0.004781,0.045602,0.784067,-0.119843,-0.000223,-0.719003,0.684597,0.171330,0.105172,0.184268,0.176442,-0.283874,-0.098963,-0.586294,-0.272272,-0.155790,1.452386,-0.018331,0.261800,-0.038377,-0.021619,0.232777,-0.020734,0.386162,-0.574634,1.028215,0.436112,0.029025,0.095637,0.010189,-0.298653,0.550677,1.024252,-0.445208,0.009169,-0.104336
0.004552,0.045546,0.784048,-0.120406,-0.000247,-0.718875,0.684632,0.172309,0.106575,0.184308,0.176796,-0.284677,-0.100734,-0.586102,-0.274149,-0.156827,1.453822,-0.018932,0.261800,-0.037683,-0.022668,0.232311,-0.020499,0.385904,-0.571704,1.028465,0.437932,0.028993,0.093576,0.009571,-0.300630,0.551259,1.023030,-0.448552,0.008882,-0.102692
0.004299,0.045460,0.784076,-0.120977,-0.000316,-0.718726,0.684688,0.173438,0.107911,0.184268,0.177031,-0.285370,-0.102432,-0.585697,-0.275907,-0.157755,1.455007,-0.019444,0.261800,-0.037041,-0.023789,0.231796,-0.020283,0.385680,-0.569559,1.028891,0.438748,0.028737,0.091396,0.008984,-0.302568,0.551413,1.021759,-0.451563,0.008703,-0.101573
0.004034,0.045374,0.784090,-0.121564,-0.000436,-0.718536,0.684783,0.174703,0.109157,0.184088,0.177179,-0.285920,-0.104071,-0.585005,-0.277552,-0.158541,1.455890,-0.019887,0.261800,-0.036569,-0.025123,0.231198,-0.020001,0.385572,-0.568113,1.029514,0.438020,0.028090,0.088823,0.008101,-0.304127,0.551374,1.020874,-0.454231,0.008690,-0.101177
0.003779,0.045267,0.784122,-0.122148,-0.000606,-0.718317,0.684909,0.176037,0.110355,0.183804,0.177361,-0.286435,-0.105680,-0.584080,-0.279148,-0.159290,1.456518,-0.020277,0.261800,-0.036326,-0.026535,0.230606,-0.019534,0.385566,-0.567076,1.030107,0.436336,0.027142,0.085842,0.007159,-0.305779,0.551264,1.019865,-0.456874,0.008832,-0.101113
0.003497,0.045174,0.784129,-0.122749,-0.000798,-0.718098,0.685031,0.177538,0.111521,0.183534,0.177370,-0.286871,-0.107210,-0.583040,-0.280627,-0.159998,1.456979,-0.020560,0.261800,-0.036214,-0.027985,0.229976,-0.018910,0.385687,-0.566582,1.030639,0.434514,0.026223,0.083048,0.006190,-0.307398,0.550726,1.018821,-0.459334,0.009032,-0.101319
0.003220,0.045028,0.784152,-0.123376,-0.000981,-0.717912,0.685113,0.179269,0.112686,0.183388,0.177080,-0.287227,-0.108614,-0.582019,-0.281925,-0.160655,1.457374,-0.020685,0.261800,-0.036178,-0.029406,0.229279,-0.018121,0.385935,-0.566678,1.031054,0.433408,0.025645,0.081039,0.005244,-0.308901,0.549441,1.017759,-0.461441,0.009192,-0.101722
0.002948,0.044852,0.784218,-0.124011,-0.001189,-0.717744,0.685174,0.181244,0.113805,0.183321,0.176484,-0.287449,-0.109720,-0.580981,-0.283097,-0.161294,1.457709,-0.020578,0.261800,-0.036409,-0.030877,0.228455,-0.017153,0.386244,-0.567428,1.031462,0.433313,0.025561,0.080072,0.003996,-0.309974,0.547429,1.017165,-0.463258,0.009329,-0.102462
0.002679,0.044656,0.784214,-0.124671,-0.001407,-0.717584,0.685221,0.183413,0.114886,0.183297,0.175675,-0.287566,-0.110607,-0.579878,-0.284154,-0.161908,1.457923,-0.020275,0.261800,-0.036779,-0.032362,0.227596,-0.016034,0.386677,-0.568860,1.031757,0.433745,0.025776,0.079785,0.002761,-0.310980,0.544678,1.016533,-0.464849,0.009474,-0.103478
0.002393,0.044464,0.784280,-0.125347,-0.001611,-0.717476,0.685211,0.185796,0.116021,0.183447,0.174559,-0.287655,-0.111601,-0.578818,-0.284962,-0.162431,1.458059,-0.019939,0.261800,-0.036787,-0.033710,0.226783,-0.014912,0.387420,-0.571085,1.031788,0.434273,0.026088,0.079862,0.002181,-0.312333,0.540942,1.015062,-0.466071,0.009551,-0.104490
0.002134,0.044252,0.784295,-0.126057,-0.001754,-0.717458,0.685099,0.188449,0.117301,0.183899,0.172973,-0.287751,-0.113027,-0.577916,-0.285397,-0.162802,1.458151,-0.019711,0.261800,-0.036726,-0.034937,0.225789,-0.013581,0.388236,-0.573295,1.031868,0.434792,0.026290,0.080072,0.001579,-0.313623,0.537105,1.013643,-0.466640,0.009553,-0.105446
0.001875,0.043999,0.784331,-0.126809,-0.001790,-0.717567,0.684846,0.191269,0.118866,0.184763,0.171103,-0.288104,-0.115171,-0.577204,-0.285249,-0.162999,1.458123,-0.019656,0.261800,-0.036810,-0.035962,0.224349,-0.012012,0.388807,-0.575307,1.032430,0.435424,0.026288,0.080486,0.000504,-0.314416,0.533526,1.012989,-0.466172,0.009515,-0.106488
0.001617,0.043711,0.784342,-0.127582,-0.001767,-0.717771,0.684488,0.194407,0.120604,0.185966,0.168652,-0.288444,-0.117796,-0.576627,-0.284645,-0.163053,1.457983,-0.019686,0.261800,-0.036016,-0.036726,0.222892,-0.010715,0.389767,-0.578531,1.032880,0.435839,0.026219,0.081112,0.000529,-0.315662,0.528532,1.011173,-0.465138,0.009361,-0.107416
0.001372,0.043439,0.784388,-0.128378,-0.001738,-0.718015,0.684083,0.197652,0.122347,0.187283,0.166114,-0.288776,-0.120441,-0.576135,-0.283952,-0.163012,1.457884,-0.019733,0.261800,-0.035449,-0.037493,0.221382,-0.009100,0.390691,-0.581314,1.033294,0.436445,0.026185,0.081897,0.000301,-0.316831,0.523718,1.009536,-0.463874,0.009139,-0.108264
0.001126,0.043175,0.784409,-0.129160,-0.001798,-0.718247,0.683693,0.200911,0.123905,0.188500,0.163730,-0.288969,-0.122647,-0.575677,-0.283527,-0.162915,1.457971,-0.019725,0.261800,-0.035132,-0.038454,0.219973,-0.007323,0.391467,-0.583377,1.033778,0.437224,0.026315,0.082743,-0.000339,-0.317794,0.519191,1.008259,-0.463067,0.008827,-0.108916
0.000856,0.042878,0.784449,-0.129932,-0.001960,-0.718465,0.683317,0.204238,0.125267,0.189601,0.161451,-0.288978,-0.124444,-0.575220,-0.283447,-0.162819,1.458257,-0.019620,0.261800,-0.034683,-0.039597,0.218813,-0.005482,0.392316,-0.585062,1.034069,0.438417,0.026761,0.083670,-0.000903,-0.318861,0.514496,1.006759,-0.462895,0.008320,-0.109199
0.000620,0.042640,0.784483,-0.130716,-0.002169,-0.718694,0.682926,0.207639,0.126528,0.190680,0.159219,-0.288892,-0.126031,-0.574797,-0.283526,-0.162691,1.458667,-0.019460,0.261800,-0.034352,-0.040853,0.217730,-0.003446,0.393113,-0.586242,1.034322,0.439995,0.027414,0.084731,-0.001687,-0.319892,0.509916,1.005408,-0.462977,0.007675,-0.109258
0.000418,0.042404,0.784524,-0.131482,-0.002446,-0.718916,0.682544,0.211005,0.127633,0.191704,0.157154,-0.288733,-0.127183,-0.574463,-0.283739,-0.162415,1.459242,-0.019321,0.261800,-0.034070,-0.042204,0.216831,-0.001262,0.393968,-0.586997,1.034401,0.441205,0.028020,0.085746,-0.002386,-0.321025,0.505219,1.003724,-0.463321,0.007020,-0.109163
0.000188,0.042144,0.784588,-0.132223,-0.002783,-0.719111,0.682194,0.214285,0.128513,0.192649,0.155258,-0.288497,-0.127680,-0.574272,-0.284059,-0.161875,1.460011,-0.019276,0.261800,-0.034067,-0.043677,0.216110,0.001164,0.394798,-0.587039,1.034342,0.441438,0.028317,0.086571,-0.003166,-0.322158,0.500614,1.001799,-0.463858,0.006508,-0.109064
-0.000025,0.041927,0.784643,-0.132922,-0.003232,-0.719272,0.681887,0.217316,0.129128,0.193487,0.153942,-0.288257,-0.127235,-0.574204,-0.284575,-0.161030,1.460999,-0.019303,0.261800,-0.034501,-0.045361,0.215497,0.003861,0.395424,-0.586138,1.034352,0.440182,0.028100,0.087082,-0.004328,-0.323035,0.496286,1.000017,-0.464758,0.006224,-0.108943
-0.000205,0.041707,0.784687,-0.133599,-0.003769,-0.719410,0.681606,0.220214,0.129507,0.194246,0.152986,-0.287970,-0.126042,-0.574244,-0.285270,-0.159937,1.462187,-0.019378,0.261800,-0.034932,-0.047169,0.215236,0.006811,0.396303,-0.584732,1.033840,0.437770,0.027542,0.087305,-0.005105,-0.324273,0.491605,0.997337,-0.466046,0.006030,-0.108605
-0.000395,0.041517,0.784785,-0.134251,-0.004324,-0.719534,0.681343,0.222954,0.129794,0.194915,0.152274,-0.287736,-0.124595,-0.574451,-0.285956,-0.158650,1.463547,-0.019571,0.261800,-0.035608,-0.049020,0.215084,0.009945,0.397163,-0.582793,1.033255,0.435197,0.026984,0.087570,-0.005990,-0.325513,0.487097,0.994534,-0.467269,0.005877,-0.108366
-0.000568,0.041301,0.784797,-0.134877,-0.004827,-0.719653,0.681091,0.225491,0.130130,0.195483,0.151732,-0.287669,-0.123391,-0.574892,-0.286446,-0.157224,1.465057,-0.019962,0.261800,-0.036475,-0.050820,0.214823,0.012892,0.397742,-0.580716,1.033205,0.433330,0.026774,0.088215,-0.007226,-0.326396,0.482855,0.992222,-0.468126,0.005702,-0.108523
-0.000734,0.041091,0.784815,-0.135478,-0.005255,-0.719757,0.680858,0.227889,0.130503,0.195896,0.151130,-0.287687,-0.122507,-0.575604,-0.286688,-0.155595,1.466755,-0.020687,0.261800,-0.037198,-0.052426,0.214934,0.015927,0.398729,-0.578533,1.032472,0.432394,0.027075,0.089292,-0.007701,-0.327916,0.477991,0.988566,-0.468656,0.005465,-0.108900
-0.000925,0.040909,0.784827,-0.136051,-0.005650,-0.719846,0.680647,0.230003,0.130883,0.196153,0.150877,-0.287928,-0.121699,-0.576539,-0.286784,-0.153760,1.468626,-0.021663,0.261800,-0.038169,-0.054020,0.215020,0.018946,0.399529,-0.576003,1.031997,0.431946,0.027702,0.090761,-0.008436,-0.329233,0.473305,0.985129,-0.468932,0.005269,-0.109625
-0.001062,0.040735,0.784840,-0.136607,-0.006011,-0.719938,0.680435,0.231892,0.131326,0.196383,0.150924,-0.288324,-0.120976,-0.577668,-0.286759,-0.151877,1.470625,-0.022646,0.261800,-0.039070,-0.055496,0.215243,0.021880,0.400462,-0.573546,1.031491,0.431646,0.028363,0.092180,-0.008848,-0.330832,0.468597,0.981175,-0.468910,0.004949,-0.110398
-0.001202,0.040587,0.784816,-0.137160,-0.006337,-0.720052,0.680200,0.233397,0.131923,0.196677,0.151665,-0.289037,-0.120344,-0.578951,-0.286649,-0.150098,1.472699,-0.023388,0.261800,-0.039834,-0.056839,0.215463,0.024504,0.401422,-0.571523,1.031392,0.431162,0.028787,0.093221,-0.009070,-0.332540,0.464187,0.977113,-0.468494,0.004396,-0.111113
-0.001392,0.040406,0.784814,-0.137703,-0.006629,-0.720196,0.679935,0.234518,0.132720,0.197088,0.153120,-0.290127,-0.119984,-0.580479,-0.286443,-0.148412,1.474938,-0.023783,0.261800,-0.040422,-0.058052,0.215634,0.026705,0.402388,-0.570111,1.031906,0.430241,0.028820,0.093776,-0.009077,-0.334299,0.460108,0.972909,-0.467575,0.003543,-0.111755
-0.001534,0.040250,0.784798,-0.138245,-0.006875,-0.720357,0.679652,0.235305,0.133660,0.197554,0.155161,-0.291533,-0.119830,-0.582229,-0.286130,-0.146762,1.477323,-0.023972,0.261800,-0.040884,-0.059155,0.215798,0.028583,0.403372,-0.569106,1.032867,0.429113,0.028640,0.094040,-0.008894,-0.336140,0.456234,0.968532,-0.466242,0.002466,-0.112399
-0.001668,0.040113,0.784771,-0.138770,-0.007104,-0.720527,0.679362,0.235732,0.134687,0.198000,0.157824,-0.293149,-0.119524,-0.584027,-0.285729,-0.145219,1.479679,-0.024092,0.261800,-0.041260,-0.060148,0.215978,0.030199,0.404321,-0.568330,1.034142,0.428167,0.028461,0.094138,-0.008678,-0.337986,0.452566,0.964309,-0.464743,0.001262,-0.113049
-0.001835,0.039969,0.784764,-0.139300,-0.007308,-0.720696,0.679073,0.235775,0.135747,0.198353,0.161177,-0.294898,-0.118709,-0.585684,-0.285251,-0.143860,1.481802,-0.024264,0.261800,-0.041531,-0.061005,0.216260,0.031665,0.405274,-0.567611,1.035415,0.427800,0.028502,0.094168,-0.008411,-0.339955,0.449014,0.960291,-0.463305,0.000019,-0.113670
-0.001953,0.039821,0.784754,-0.139843,-0.007473,-0.720865,0.678779,0.235321,0.136965,0.198588,0.165435,-0.296865,-0.117391,-0.587142,-0.284651,-0.142826,1.483601,-0.024503,0.261800,-0.041881,-0.061744,0.216439,0.032765,0.405943,-0.567053,1.037305,0.428285,0.028900,0.094200,-0.008797,-0.341437,0.445866,0.957542,-0.461735,-0.001313,-0.114490
-0.002082,0.039720,0.784755,-0.140394,-0.007596,-0.721038,0.678480,0.234404,0.138333,0.198744,0.170537,-0.299085,-0.115727,-0.588504,-0.283932,-0.142046,1.485196,-0.024750,0.261800,-0.041938,-0.062188,0.216875,0.033618,0.406825,-0.566925,1.038997,0.429255,0.029494,0.094050,-0.008612,-0.343530,0.442481,0.954193,-0.459938,-0.002820,-0.115203
-0.002208,0.039597,0.784772,-0.140916,-0.007725,-0.721204,0.678195,0.233167,0.139637,0.198804,0.176171,-0.301372,-0.113589,-0.589813,-0.283185,-0.141304,1.486692,-0.025019,0.261800,-0.042020,-0.062609,0.217290,0.034380,0.407579,-0.566587,1.040850,0.430417,0.030122,0.093870,-0.008555,-0.345521,0.439471,0.951301,-0.458509,-0.004240,-0.115855
-0.002311,0.039464,0.784783,-0.141360,-0.007929,-0.721355,0.677939,0.232020,0.140583,0.198810,0.181515,-0.303365,-0.110840,-0.591100,-0.282506,-0.140359,1.488190,-0.025328,0.261800,-0.042035,-0.063135,0.217764,0.035251,0.408290,-0.565682,1.042497,0.431390,0.030603,0.093698,-0.008272,-0.347680,0.436745,0.948394,-0.458019,-0.005377,-0.116241
-0.002386,0.039317,0.784760,-0.141713,-0.008244,-0.721478,0.677731,0.231115,0.141056,0.198776,0.186308,-0.304930,-0.107442,-0.592359,-0.281905,-0.139042,1.489719,-0.025737,0.261800,-0.042096,-0.063885,0.218227,0.036245,0.408880,-0.564136,1.044128,0.432095,0.030836,0.093511,-0.007954,-0.349817,0.434590,0.945792,-0.459039,-0.006171,-0.116392
-0.002464,0.039159,0.784744,-0.141995,-0.008635,-0.721582,0.677556,0.230296,0.141207,0.198690,0.190832,-0.306194,-0.103466,-0.593571,-0.281340,-0.137517,1.491228,-0.026221,0.261800,-0.042176,-0.064841,0.218590,0.037168,0.409280,-0.562199,1.046059,0.432727,0.030941,0.093325,-0.007909,-0.351585,0.432963,0.943985,-0.461197,-0.006713,-0.116456
-0.002507,0.039032,0.784723,-0.142219,-0.009040,-0.721688,0.677390,0.229041,0.141255,0.198491,0.196079,-0.307651,-0.098937,-0.594780,-0.280807,-0.136045,1.492680,-0.026657,0.261800,-0.042224,-0.065701,0.219087,0.038252,0.409688,-0.559675,1.047535,0.433315,0.031052,0.093173,-0.007515,-0.353783,0.431426,0.941800,-0.463431,-0.007072,-0.116238
-0.002520,0.038894,0.784725,-0.142416,-0.009380,-0.721818,0.677207,0.227103,0.141385,0.198139,0.202445,-0.309463,-0.093879,-0.596020,-0.280318,-0.134896,1.494061,-0.026936,0.261800,-0.042162,-0.066413,0.219604,0.039345,0.410005,-0.556615,1.048708,0.433846,0.031334,0.093205,-0.007028,-0.356022,0.429724,0.939638,-0.464906,-0.007258,-0.115810
-0.002560,0.038764,0.784701,-0.142551,-0.009673,-0.721964,0.677018,0.224175,0.141553,0.197493,0.210451,-0.311741,-0.087790,-0.597328,-0.279971,-0.134129,1.495364,-0.026952,0.261800,-0.041859,-0.067244,0.219919,0.040175,0.410120,-0.553124,1.050118,0.434420,0.032020,0.093626,-0.006953,-0.357408,0.427686,0.938456,-0.465629,-0.007137,-0.115142
-0.002598,0.038640,0.784662,-0.142640,-0.009924,-0.722119,0.676831,0.220540,0.141734,0.196616,0.219603,-0.314338,-0.080805,-0.598666,-0.279711,-0.133642,1.496588,-0.026790,0.261800,-0.041719,-0.067739,0.220588,0.041442,0.410255,-0.548461,1.050477,0.435200,0.032894,0.094167,-0.006202,-0.359850,0.425543,0.935984,-0.465671,-0.006806,-0.113881
-0.002602,0.038512,0.784569,-0.142735,-0.010089,-0.722295,0.676620,0.216477,0.142134,0.195719,0.229457,-0.317386,-0.073904,-0.599985,-0.279342,-0.133423,1.497737,-0.026606,0.261800,-0.041362,-0.068079,0.221113,0.042523,0.410277,-0.543799,1.050912,0.435611,0.033682,0.094740,-0.005530,-0.361999,0.423405,0.934130,-0.465401,-0.006420,-0.112791
-0.002618,0.038365,0.784492,-0.142871,-0.010150,-0.722510,0.676361,0.212600,0.142864,0.195080,0.238908,-0.320609,-0.068086,-0.601223,-0.278670,-0.133439,1.498803,-0.026562,0.261800,-0.040941,-0.068066,0.221553,0.043670,0.410256,-0.539140,1.051129,0.435480,0.034019,0.095078,-0.004901,-0.364178,0.421596,0.932759,-0.464861,-0.006199,-0.112246
-0.002627,0.038197,0.784347,-0.143052,-0.010084,-0.722782,0.676033,0.208870,0.143959,0.194762,0.248014,-0.324097,-0.063664,-0.602422,-0.277586,-0.133643,1.499780,-0.026748,0.261800,-0.040343,-0.067688,0.221828,0.044842,0.410228,-0.534626,1.051165,0.434284,0.033584,0.095206,-0.004384,-0.366285,0.420189,0.932108,-0.463858,-0.006213,-0.112573
-0.002678,0.038050,0.784175,-0.143260,-0.009915,-0.723102,0.675649,0.205155,0.145297,0.194647,0.257008,-0.327783,-0.060098,-0.603590,-0.276228,-0.134035,1.500681,-0.027068,0.261800,-0.039605,-0.067028,0.222016,0.046094,0.410205,-0.530018,1.050913,0.432347,0.032638,0.095206,-0.003904,-0.368404,0.419068,0.931926,-0.462401,-0.006347,-0.113451
-0.002711,0.037866,0.784017,-0.143493,-0.009701,-0.723440,0.675241,0.201506,0.146829,0.194663,0.265928,-0.331617,-0.057122,-0.604641,-0.274769,-0.134642,1.501520,-0.027389,0.261800,-0.038814,-0.066250,0.222174,0.047318,0.410194,-0.525441,1.050572,0.430453,0.031721,0.094972,-0.003573,-0.370274,0.418078,0.932330,-0.461018,-0.006524,-0.114472
-0.002715,0.037688,0.783820,-0.143772,-0.009475,-0.723768,0.674834,0.198019,0.148480,0.194760,0.274692,-0.335482,-0.054470,-0.605482,-0.273388,-0.135490,1.502328,-0.027582,0.261800,-0.037910,-0.065576,0.222274,0.048194,0.410192,-0.521338,1.050594,0.429256,0.031397,0.094444,-0.003525,-0.371408,0.416980,0.933660,-0.460286,-0.006652,-0.115282
-0.002735,0.037454,0.783625,-0.144080,-0.009249,-0.724105,0.674409,0.194771,0.150283,0.195051,0.283187,-0.339392,-0.052353,-0.606155,-0.272006,-0.136554,1.503109,-0.027587,0.261800,-0.037649,-0.064678,0.222788,0.049718,0.410263,-0.516135,1.049615,0.429545,0.032035,0.093576,-0.003502,-0.373285,0.416422,0.934509,-0.459922,-0.006817,-0.115524
-0.002704,0.037249,0.783424,-0.144436,-0.008984,-0.724457,0.673958,0.191701,0.152208,0.195541,0.291465,-0.343369,-0.050835,-0.606692,-0.270586,-0.137807,1.503868,-0.027491,0.261800,-0.037240,-0.063713,0.223352,0.051038,0.410360,-0.511185,1.048630,0.430395,0.033316,0.092507,-0.003453,-0.375007,0.415839,0.935723,-0.459932,-0.007013,-0.115611
-0.002713,0.037056,0.783210,-0.144818,-0.008727,-0.724781,0.673531,0.188657,0.154190,0.195985,0.299837,-0.347396,-0.049437,-0.606967,-0.269310,-0.139337,1.504555,-0.027347,0.261800,-0.036916,-0.062717,0.223929,0.052282,0.410484,-0.506531,1.047726,0.431563,0.034488,0.090948,-0.003458,-0.376440,0.415166,0.937353,-0.460306,-0.007127,-0.115495
-0.002708,0.036820,0.782972,-0.145237,-0.008484,-0.725031,0.673174,0.185424,0.156195,0.196116,0.308725,-0.351514,-0.047670,-0.606853,-0.268366,-0.141231,1.505134,-0.027217,0.261800,-0.036809,-0.061697,0.224476,0.053519,0.410647,-0.502423,1.047010,0.432705,0.034812,0.088630,-0.003402,-0.377575,0.414268,0.939247,-0.460964,-0.007049,-0.115110
-0.002695,0.036597,0.782727,-0.145695,-0.008246,-0.725183,0.672916,0.181791,0.158279,0.195800,0.318514,-0.355826,-0.045398,-0.606300,-0.267832,-0.143632,1.505586,-0.027109,0.261800,-0.036918,-0.060627,0.224906,0.054641,0.410809,-0.498977,1.046687,0.433922,0.033842,0.085070,-0.003285,-0.378278,0.413009,0.941623,-0.462258,-0.006684,-0.114335
-0.002657,0.036303,0.782464,-0.146202,-0.007995,-0.725264,0.672721,0.177864,0.160456,0.195184,0.329008,-0.360321,-0.042887,-0.605379,-0.267596,-0.146462,1.505946,-0.027004,0.261800,-0.037443,-0.059449,0.225425,0.056046,0.411085,-0.495538,1.046131,0.435486,0.032022,0.080484,-0.003110,-0.378977,0.411673,0.944055,-0.464005,-0.006135,-0.113142
-0.002620,0.036029,0.782221,-0.146735,-0.007778,-0.725309,0.672559,0.174184,0.162543,0.194474,0.339174,-0.364641,-0.040234,-0.604144,-0.267552,-0.149461,1.506211,-0.026874,0.261800,-0.037999,-0.058271,0.225927,0.057283,0.411373,-0.492853,1.045841,0.436755,0.030039,0.075867,-0.002843,-0.379448,0.410209,0.946661,-0.465597,-0.005525,-0.111893
-0.002560,0.035734,0.781914,-0.147295,-0.007614,-0.725350,0.672394,0.171035,0.164451,0.193822,0.348525,-0.368622,-0.037574,-0.602633,-0.267584,-0.152402,1.506365,-0.026694,0.261800,-0.038573,-0.057146,0.226547,0.058487,0.411738,-0.490824,1.045567,0.437438,0.028542,0.072097,-0.002476,-0.379861,0.408706,0.949089,-0.466428,-0.005010,-0.110824
-0.002462,0.035420,0.781660,-0.147921,-0.007491,-0.725365,0.672241,0.168537,0.166240,0.193200,0.356873,-0.372196,-0.034963,-0.600700,-0.267676,-0.155410,1.506334,-0.026448,0.261800,-0.039185,-0.056003,0.227230,0.059490,0.412045,-0.489800,1.045577,0.436954,0.027712,0.069310,-0.002077,-0.380112,0.407191,0.951550,-0.466125,-0.004584,-0.110049
-0.002355,0.035051,0.781378,-0.148600,-0.007403,-0.725350,0.672109,0.166478,0.167956,0.192538,0.364590,-0.375500,-0.032338,-0.598372,-0.267877,-0.158555,1.506136,-0.026145,0.261800,-0.039712,-0.054824,0.228212,0.060402,0.412610,-0.489557,1.045381,0.435728,0.027167,0.066958,-0.001235,-0.380453,0.405120,0.953450,-0.465258,-0.004243,-0.109279
-0.002303,0.034694,0.781127,-0.149261,-0.007367,-0.725351,0.671962,0.164768,0.169452,0.191971,0.371769,-0.378559,-0.029520,-0.595973,-0.268188,-0.161509,1.505960,-0.025837,0.261800,-0.040122,-0.053740,0.229132,0.061181,0.413214,-0.490029,1.045397,0.434492,0.026848,0.065267,-0.000224,-0.380727,0.403160,0.955242,-0.464002,-0.003936,-0.108609
-0.002220,0.034282,0.780852,-0.149826,-0.007409,-0.725419,0.671762,0.163306,0.170597,0.191631,0.378530,-0.381424,-0.026331,-0.593828,-0.268615,-0.163950,1.505971,-0.025559,0.261800,-0.040492,-0.052886,0.229848,0.061942,0.413679,-0.490675,1.045737,0.434253,0.026656,0.064406,0.000656,-0.380900,0.401775,0.957157,-0.462735,-0.003666,-0.108044
-0.002125,0.033813,0.780608,-0.150289,-0.007543,-0.725566,0.671499,0.162065,0.171377,0.191550,0.384998,-0.384117,-0.022528,-0.591973,-0.269129,-0.165785,1.506201,-0.025252,0.261800,-0.040379,-0.052315,0.230556,0.062538,0.414412,-0.492049,1.046095,0.435409,0.026626,0.064654,0.002127,-0.381160,0.400389,0.958321,-0.461364,-0.003492,-0.107426
-0.002036,0.033351,0.780376,-0.150690,-0.007749,-0.725761,0.671196,0.161054,0.171886,0.191644,0.391169,-0.386666,-0.018266,-0.590248,-0.269742,-0.167203,1.506558,-0.024916,0.261800,-0.040584,-0.051914,0.231097,0.063264,0.414877,-0.493380,1.046793,0.437724,0.026763,0.065925,0.003146,-0.381317,0.399884,0.959818,-0.459615,-0.003379,-0.106894
-0.001891,0.032855,0.780149,-0.151010,-0.008016,-0.726012,0.670849,0.160398,0.172079,0.191927,0.396637,-0.388945,-0.013953,-0.588700,-0.270516,-0.168248,1.507062,-0.024698,0.261800,-0.040320,-0.051684,0.231553,0.063884,0.415523,-0.495261,1.047453,0.439949,0.027023,0.067457,0.004719,-0.381531,0.399248,0.960814,-0.458139,-0.003252,-0.106480
-0.001757,0.032319,0.779934,-0.151239,-0.008325,-0.726319,0.670461,0.160171,0.171924,0.192385,0.401095,-0.390856,-0.009998,-0.587343,-0.271521,-0.168994,1.507715,-0.024749,0.261800,-0.039943,-0.051606,0.231865,0.064672,0.416183,-0.496827,1.047992,0.441489,0.027291,0.068589,0.006350,-0.381724,0.398780,0.961770,-0.457475,-0.003012,-0.106324
-0.001575,0.031740,0.779741,-0.151349,-0.008733,-0.726692,0.670027,0.160596,0.171220,0.193022,0.404178,-0.392272,-0.006388,-0.586203,-0.272903,-0.169315,1.508616,-0.025166,0.261800,-0.039758,-0.051771,0.232000,0.065671,0.416426,-0.497559,1.048730,0.442511,0.027532,0.069109,0.007569,-0.381789,0.398882,0.963086,-0.458273,-0.002493,-0.106720
-0.001426,0.031163,0.779560,-0.151344,-0.009233,-0.727126,0.669550,0.161492,0.170059,0.193829,0.406278,-0.393332,-0.002946,-0.585271,-0.274591,-0.169225,1.509729,-0.025853,0.261800,-0.039020,-0.052183,0.231823,0.066715,0.417033,-0.499117,1.049328,0.442484,0.027840,0.069333,0.009435,-0.381925,0.399099,0.963984,-0.459765,-0.001784,-0.107509
-0.001273,0.030585,0.779410,-0.151293,-0.009705,-0.727605,0.669034,0.162628,0.168806,0.194838,0.407703,-0.394201,0.000162,-0.584501,-0.276313,-0.168962,1.510864,-0.026657,0.261800,-0.038334,-0.052621,0.231630,0.067926,0.417477,-0.499880,1.049815,0.442453,0.028194,0.069612,0.011171,-0.381983,0.399355,0.964959,-0.461415,-0.001169,-0.108207
-0.001087,0.030010,0.779254,-0.151234,-0.010052,-0.728119,0.668484,0.163715,0.167830,0.196082,0.408838,-0.395081,0.002771,-0.583876,-0.277795,-0.168767,1.511864,-0.027441,0.261800,-0.037603,-0.052799,0.231376,0.069141,0.417623,-0.499887,1.050274,0.442439,0.028646,0.070307,0.012882,-0.381965,0.399400,0.966109,-0.462197,-0.000905,-0.108383
-0.000911,0.029436,0.779123,-0.151161,-0.010226,-0.728693,0.667871,0.164731,0.167207,0.197711,0.409601,-0.395984,0.004798,-0.583467,-0.278935,-0.168621,1.512688,-0.028217,0.261800,-0.036626,-0.052700,0.230910,0.070540,0.417722,-0.499312,1.050450,0.442286,0.029268,0.071499,0.014879,-0.381891,0.399135,0.967305,-0.461565,-0.001161,-0.107764
-0.000731,0.028835,0.779019,-0.151049,-0.010305,-0.729326,0.667204,0.165797,0.166744,0.199661,0.409886,-0.396831,0.006340,-0.583260,-0.279887,-0.168417,1.513429,-0.029050,0.261800,-0.035696,-0.052575,0.230543,0.072470,0.417880,-0.497287,1.049933,0.442494,0.029968,0.072908,0.016807,-0.381543,0.398510,0.968519,-0.460491,-0.001812,-0.106581
-0.000535,0.028244,0.778941,-0.150928,-0.010319,-0.729954,0.666545,0.166878,0.166377,0.201649,0.409888,-0.397596,0.007511,-0.583105,-0.280780,-0.168279,1.514088,-0.029854,0.261800,-0.034853,-0.052389,0.230068,0.074394,0.417876,-0.494896,1.049492,0.442423,0.030719,0.074585,0.018511,-0.381011,0.398062,0.970069,-0.459154,-0.002486,-0.105383
-0.000363,0.027659,0.778873,-0.150814,-0.010318,-0.730512,0.665958,0.167947,0.166040,0.203393,0.409776,-0.398267,0.008421,-0.582837,-0.281741,-0.168321,1.514627,-0.030530,0.261800,-0.034230,-0.052259,0.229611,0.076237,0.417727,-0.492250,1.049191,0.442118,0.031451,0.076461,0.020057,-0.380345,0.397816,0.971690,-0.458236,-0.002834,-0.104612
-0.000200,0.027090,0.778788,-0.150711,-0.010324,-0.730992,0.665454,0.169021,0.165701,0.204834,0.409612,-0.398815,0.009021,-0.582422,-0.282845,-0.168562,1.515099,-0.031065,0.261800,-0.034047,-0.052287,0.229158,0.078204,0.417393,-0.488985,1.048967,0.441632,0.032200,0.078641,0.021095,-0.379289,0.398093,0.973761,-0.457882,-0.002690,-0.104558
-0.000067,0.026538,0.778759,-0.150617,-0.010306,-0.731425,0.665000,0.170150,0.165389,0.206125,0.409202,-0.399239,0.009278,-0.581944,-0.284012,-0.168939,1.515499,-0.031504,0.261800,-0.033985,-0.052350,0.228693,0.080126,0.416925,-0.485422,1.048824,0.440848,0.032986,0.081114,0.022051,-0.378060,0.398506,0.975933,-0.457767,-0.002272,-0.104885
0.000072,0.025961,0.778714,-0.150512,-0.010241,-0.731809,0.664603,0.171157,0.165174,0.207271,0.408765,-0.399624,0.009331,-0.581424,-0.285128,-0.169468,1.515742,-0.031857,0.261800,-0.034110,-0.052409,0.228232,0.081960,0.416355,-0.481625,1.048767,0.439925,0.033714,0.083652,0.022877,-0.376688,0.398969,0.978130,-0.457892,-0.001780,-0.105273
0.000230,0.025449,0.778713,-0.150399,-0.010090,-0.732140,0.664266,0.171892,0.165122,0.208275,0.408454,-0.400039,0.009319,-0.580904,-0.286085,-0.170154,1.515751,-0.032134,0.261800,-0.034419,-0.052408,0.227795,0.083573,0.415732,-0.477835,1.048856,0.438912,0.034290,0.086030,0.023651,-0.375212,0.399313,0.980165,-0.458259,-0.001421,-0.105394
0.000373,0.024948,0.778692,-0.150281,-0.009841,-0.732414,0.663994,0.172344,0.165238,0.209167,0.408262,-0.400469,0.009283,-0.580362,-0.286890,-0.171035,1.515473,-0.032351,0.261800,-0.034777,-0.052268,0.227477,0.084953,0.415191,-0.474201,1.048907,0.437814,0.034643,0.088298,0.024831,-0.373949,0.399192,0.981452,-0.459105,-0.001275,-0.104989
0.000494,0.024473,0.778691,-0.150159,-0.009513,-0.732635,0.663783,0.172588,0.165487,0.209934,0.408124,-0.400890,0.009147,-0.579792,-0.287588,-0.172091,1.514953,-0.032495,0.261800,-0.035565,-0.052198,0.227087,0.086292,0.414475,-0.470126,1.049207,0.436796,0.034850,0.090599,0.025430,-0.372176,0.399296,0.983242,-0.460412,-0.001181,-0.104455
0.000603,0.024012,0.778701,-0.150030,-0.009114,-0.732806,0.663629,0.172623,0.165878,0.210532,0.408027,-0.401327,0.008878,-0.579231,-0.288130,-0.173257,1.514287,-0.032539,0.261800,-0.036297,-0.052021,0.226800,0.087355,0.413865,-0.466342,1.049450,0.435443,0.034994,0.092604,0.026345,-0.370592,0.399113,0.984454,-0.461595,-0.001148,-0.103829
0.000725,0.023585,0.778727,-0.149910,-0.008635,-0.732930,0.663525,0.172425,0.166428,0.210909,0.408034,-0.401801,0.008442,-0.578717,-0.288465,-0.174464,1.513556,-0.032449,0.261800,-0.037094,-0.051783,0.226560,0.088189,0.413296,-0.462758,1.049674,0.433698,0.035170,0.094073,0.027199,-0.369026,0.398997,0.985505,-0.462130,-0.001117,-0.103392
0.000825,0.023187,0.778773,-0.149813,-0.008035,-0.733007,0.663470,0.171893,0.167226,0.211021,0.408276,-0.402364,0.007798,-0.578242,-0.288487,-0.175768,1.512694,-0.032184,0.261800,-0.037844,-0.051335,0.226396,0.088819,0.412837,-0.459395,1.049683,0.431065,0.035436,0.094830,0.028335,-0.367761,0.398712,0.985930,-0.461593,-0.001076,-0.103230
0.000932,0.022778,0.778808,-0.149716,-0.007343,-0.733036,0.663468,0.171135,0.168215,0.210915,0.408545,-0.402968,0.006977,-0.577796,-0.288258,-0.177165,1.511682,-0.031769,0.261800,-0.038858,-0.050860,0.226186,0.089323,0.412312,-0.455876,1.049779,0.427901,0.035743,0.095102,0.029045,-0.366247,0.398643,0.986622,-0.460436,-0.001011,-0.103341
0.001005,0.022411,0.778857,-0.149611,-0.006624,-0.733016,0.663521,0.170239,0.169256,0.210643,0.408839,-0.403551,0.006044,-0.577388,-0.287966,-0.178554,1.510678,-0.031278,0.261800,-0.039845,-0.050394,0.226089,0.089498,0.411863,-0.452812,1.049936,0.424911,0.035992,0.095059,0.029824,-0.364812,0.398602,0.987048,-0.459179,-0.001001,-0.103383
0.001060,0.022066,0.778908,-0.149498,-0.005936,-0.732946,0.663630,0.169322,0.170197,0.210262,0.409085,-0.404049,0.005068,-0.577029,-0.287797,-0.179812,1.509816,-0.030778,0.261800,-0.040834,-0.050114,0.226165,0.089258,0.411504,-0.450428,1.050300,0.422921,0.036090,0.094917,0.030499,-0.363329,0.398813,0.987452,-0.458429,-0.001084,-0.103136
0.001105,0.021734,0.778949,-0.149361,-0.005308,-0.732827,0.663798,0.168371,0.171032,0.209775,0.409333,-0.404464,0.004053,-0.576773,-0.287672,-0.180814,1.509178,-0.030241,0.261800,-0.041687,-0.049975,0.226533,0.088532,0.411311,-0.448913,1.050818,0.422317,0.035938,0.094577,0.031415,-0.362064,0.399168,0.987371,-0.458233,-0.001366,-0.102343
0.001149,0.021439,0.778995,-0.149212,-0.004697,-0.732659,0.664022,0.167323,0.171838,0.209150,0.409638,-0.404848,0.002965,-0.576590,-0.287527,-0.181655,1.508659,-0.029639,0.261800,-0.042482,-0.049898,0.227138,0.087411,0.411245,-0.448052,1.051414,0.422610,0.035603,0.093969,0.032532,-0.361041,0.399626,0.986818,-0.458307,-0.001798,-0.101173
0.001186,0.021171,0.779074,-0.149052,-0.004096,-0.732441,0.664301,0.166270,0.172560,0.208406,0.409791,-0.405122,0.001819,-0.576391,-0.287607,-0.182555,1.508195,-0.029070,0.261800,-0.043393,-0.050120,0.227748,0.086013,0.411317,-0.447681,1.052198,0.423230,0.035264,0.093350,0.033057,-0.359487,0.400421,0.986926,-0.458769,-0.002176,-0.100108
0.001202,0.020947,0.779143,-0.148853,-0.003516,-0.732178,0.664639,0.165264,0.173182,0.207553,0.409662,-0.405246,0.000626,-0.576067,-0.288132,-0.183756,1.507694,-0.028613,0.261800,-0.044299,-0.050414,0.228447,0.084349,0.411569,-0.448021,1.052817,0.423430,0.035057,0.092878,0.033618,-0.358147,0.401173,0.986829,-0.459502,-0.002387,-0.099253
0.001184,0.020725,0.779225,-0.148619,-0.002952,-0.731848,0.665058,0.164348,0.173662,0.206556,0.409117,-0.405183,-0.000720,-0.575578,-0.289279,-0.185376,1.507169,-0.028283,0.261800,-0.045325,-0.050978,0.229135,0.082462,0.412137,-0.449295,1.053285,0.422762,0.035060,0.092672,0.033830,-0.356609,0.402022,0.987037,-0.460901,-0.002307,-0.098752
0.001183,0.020506,0.779299,-0.148342,-0.002417,-0.731458,0.665551,0.163498,0.174026,0.205424,0.408228,-0.404946,-0.002185,-0.574977,-0.290884,-0.187275,1.506658,-0.028041,0.261800,-0.046411,-0.051718,0.229918,0.080354,0.412997,-0.451393,1.053544,0.421671,0.035174,0.092582,0.033963,-0.355126,0.402925,0.987140,-0.462810,-0.002057,-0.098391
0.001152,0.020309,0.779398,-0.148057,-0.001880,-0.731048,0.666066,0.162600,0.174348,0.204220,0.407317,-0.404656,-0.003560,-0.574328,-0.292685,-0.189288,1.506111,-0.027882,0.261800,-0.047429,-0.052460,0.230836,0.078032,0.413938,-0.453749,1.053677,0.420871,0.035302,0.092463,0.034148,-0.353896,0.403835,0.987021,-0.464534,-0.001792,-0.098142
0.001118,0.020120,0.779519,-0.147766,-0.001345,-0.730661,0.666557,0.161606,0.174681,0.203025,0.406562,-0.404357,-0.004633,-0.573701,-0.294441,-0.191237,1.505504,-0.027813,0.261800,-0.048105,-0.053279,0.231876,0.075539,0.415120,-0.455969,1.053668,0.420958,0.035361,0.092133,0.034255,-0.352549,0.404624,0.987044,-0.465507,-0.001660,-0.098082
0.001089,0.019940,0.779605,-0.147509,-0.000783,-0.730290,0.667021,0.160487,0.175074,0.201805,0.406073,-0.404116,-0.005343,-0.573028,-0.296187,-0.193235,1.504807,-0.027868,0.261800,-0.048635,-0.053847,0.233124,0.072723,0.415957,-0.457640,1.053826,0.422796,0.035426,0.091885,0.034525,-0.351672,0.405354,0.986798,-0.465083,-0.001714,-0.098305
0.001060,0.019779,0.779744,-0.147232,-0.000241,-0.729921,0.667487,0.159293,0.175468,0.200541,0.405689,-0.403859,-0.005805,-0.572297,-0.298027,-0.195311,1.504037,-0.028031,0.261800,-0.048811,-0.054592,0.234480,0.069679,0.417155,-0.459393,1.053870,0.425630,0.035526,0.091641,0.034661,-0.350440,0.405879,0.986872,-0.463905,-0.001856,-0.098892
0.001046,0.019628,0.779873,-0.146951,0.000316,-0.729574,0.667927,0.158015,0.175822,0.199313,0.405373,-0.403542,-0.006073,-0.571683,-0.299788,-0.197210,1.503262,-0.028243,0.261800,-0.048858,-0.055372,0.235876,0.066549,0.418407,-0.461076,1.053802,0.428494,0.035451,0.090943,0.034571,-0.349277,0.406603,0.987072,-0.462669,-0.002041,-0.099390
0.001024,0.019509,0.780028,-0.146614,0.000854,-0.729274,0.668328,0.156652,0.176097,0.198200,0.405071,-0.403095,-0.006200,-0.571351,-0.301293,-0.198677,1.502525,-0.028435,0.261800,-0.048807,-0.056063,0.237213,0.063294,0.419494,-0.462890,1.053741,0.430259,0.034999,0.089337,0.034296,-0.348458,0.407753,0.987198,-0.462087,-0.002223,-0.099366
0.001002,0.019376,0.780177,-0.146218,0.001379,-0.729017,0.668694,0.155190,0.176235,0.197206,0.404743,-0.402440,-0.006155,-0.571381,-0.302556,-0.199607,1.501880,-0.028597,0.261800,-0.048547,-0.056878,0.238452,0.060073,0.420903,-0.465112,1.053358,0.430151,0.033881,0.086090,0.033750,-0.347669,0.409326,0.987459,-0.462454,-0.002460,-0.098649
0.000957,0.019273,0.780282,-0.145778,0.001900,-0.728793,0.669034,0.153636,0.176279,0.196294,0.404424,-0.401629,-0.005925,-0.571666,-0.303647,-0.200155,1.501279,-0.028761,0.261800,-0.048171,-0.057666,0.239664,0.056751,0.422329,-0.467519,1.052865,0.428964,0.032287,0.081681,0.033044,-0.347155,0.411264,0.987688,-0.463293,-0.002758,-0.097442
0.000955,0.019197,0.780418,-0.145313,0.002412,-0.728619,0.669323,0.152028,0.176289,0.195496,0.404142,-0.400792,-0.005590,-0.572125,-0.304498,-0.200418,1.500644,-0.028922,0.261800,-0.047606,-0.058446,0.240916,0.053454,0.423789,-0.469814,1.052128,0.427652,0.030731,0.077253,0.032199,-0.346857,0.413407,0.987783,-0.464426,-0.002985,-0.096056
0.000932,0.019148,0.780541,-0.144848,0.002926,-0.728508,0.669542,0.150424,0.176332,0.194842,0.403892,-0.400030,-0.005231,-0.572687,-0.305045,-0.200491,1.499917,-0.029091,0.261800,-0.046839,-0.059166,0.242234,0.050188,0.425035,-0.471629,1.051281,0.427279,0.029720,0.074001,0.031175,-0.346780,0.415634,0.987734,-0.465685,-0.003002,-0.094805
0.000934,0.019102,0.780633,-0.144376,0.003434,-0.728485,0.669667,0.148814,0.176414,0.194377,0.403720,-0.399420,-0.004823,-0.573371,-0.305233,-0.200338,1.499076,-0.029297,0.261800,-0.045762,-0.059824,0.243599,0.046894,0.425999,-0.472935,1.050355,0.428339,0.029471,0.072180,0.029915,-0.346883,0.417980,0.987626,-0.467193,-0.002659,-0.093615
0.000887,0.019088,0.780744,-0.143896,0.003944,-0.728533,0.669715,0.147200,0.176497,0.194073,0.403557,-0.398860,-0.004338,-0.574215,-0.305114,-0.199922,1.498168,-0.029534,0.261800,-0.044427,-0.060456,0.244988,0.043588,0.426824,-0.473913,1.049303,0.430179,0.029683,0.071175,0.028426,-0.347127,0.420510,0.987492,-0.468991,-0.002069,-0.092380
0.000847,0.019072,0.780847,-0.143410,0.004449,-0.728617,0.669725,0.145555,0.176604,0.193849,0.403461,-0.398326,-0.003853,-0.575118,-0.304759,-0.199366,1.497169,-0.029721,0.261800,-0.043143,-0.061146,0.246475,0.040733,0.427898,-0.474384,1.047675,0.432083,0.030079,0.070820,0.026722,-0.347630,0.423340,0.987129,-0.470633,-0.001472,-0.091360
0.000804,0.019095,0.780963,-0.142936,0.004956,-0.728698,0.669734,0.143863,0.176761,0.193613,0.403467,-0.397782,-0.003444,-0.575995,-0.304239,-0.198787,1.496081,-0.029780,0.261800,-0.041894,-0.061815,0.248089,0.037926,0.428917,-0.474533,1.046053,0.433520,0.030400,0.071094,0.024911,-0.348290,0.425954,0.986552,-0.472062,-0.001120,-0.090830
0.000751,0.019101,0.781066,-0.142485,0.005493,-0.728775,0.669742,0.142025,0.177039,0.193318,0.403724,-0.397258,-0.003134,-0.576853,-0.303472,-0.198183,1.494854,-0.029641,0.261800,-0.040620,-0.062426,0.249741,0.034899,0.429716,-0.474591,1.044846,0.434404,0.030655,0.072334,0.022882,-0.348961,0.428339,0.986033,-0.473092,-0.001144,-0.091042
0.000717,0.019128,0.781176,-0.142038,0.006042,-0.728865,0.669734,0.140086,0.177397,0.193020,0.404157,-0.396754,-0.002878,-0.577736,-0.302452,-0.197497,1.493518,-0.029362,0.261800,-0.039473,-0.063027,0.251529,0.032225,0.430668,-0.474165,1.043252,0.435013,0.030941,0.074379,0.020709,-0.349951,0.430840,0.985183,-0.473743,-0.001394,-0.091736
0.000679,0.019203,0.781267,-0.141601,0.006566,-0.728962,0.669717,0.138207,0.177725,0.192780,0.404539,-0.396232,-0.002665,-0.578582,-0.301366,-0.196788,1.492143,-0.029060,0.261800,-0.038294,-0.063646,0.253439,0.029643,0.431591,-0.473404,1.041554,0.435280,0.031198,0.076683,0.018512,-0.351141,0.433129,0.984044,-0.474441,-0.001671,-0.092619
0.000633,0.019279,0.781393,-0.141157,0.007014,-0.729062,0.669697,0.136540,0.177904,0.192661,0.404677,-0.395684,-0.002477,-0.579324,-0.300393,-0.196115,1.490811,-0.028854,0.261800,-0.036987,-0.064340,0.255370,0.026899,0.432254,-0.472485,1.040155,0.435101,0.031371,0.078729,0.016220,-0.352228,0.435065,0.982947,-0.475561,-0.001754,-0.093449
0.000568,0.019379,0.781441,-0.140713,0.007361,-0.729162,0.669678,0.135142,0.177887,0.192700,0.404524,-0.395121,-0.002325,-0.579959,-0.299584,-0.195443,1.489562,-0.028790,0.261800,-0.035589,-0.065178,0.257394,0.024156,0.432742,-0.471166,1.038807,0.434277,0.031448,0.080431,0.013851,-0.353236,0.436679,0.981810,-0.477355,-0.001527,-0.094195
0.000499,0.019493,0.781506,-0.140270,0.007635,-0.729264,0.669656,0.133951,0.177738,0.192865,0.404124,-0.394518,-0.002213,-0.580512,-0.298842,-0.194760,1.488344,-0.028796,0.261800,-0.034321,-0.066104,0.259591,0.021786,0.433251,-0.469166,1.037061,0.432944,0.031442,0.082005,0.011418,-0.354543,0.438267,0.980302,-0.479433,-0.001128,-0.094931
0.000460,0.019577,0.781561,-0.139829,0.007885,-0.729376,0.669624,0.132818,0.177536,0.193081,0.403689,-0.393928,-0.002116,-0.580996,-0.298128,-0.194143,1.487121,-0.028828,0.261800,-0.033169,-0.066981,0.261925,0.019740,0.433807,-0.466762,1.034974,0.431492,0.031331,0.083360,0.009121,-0.356310,0.439736,0.978170,-0.481359,-0.000738,-0.095549
0.000418,0.019688,0.781632,-0.139378,0.008142,-0.729502,0.669577,0.131619,0.177342,0.193281,0.403367,-0.393375,-0.002006,-0.581434,-0.297418,-0.193658,1.485892,-0.028856,0.261800,-0.031764,-0.067841,0.264062,0.017299,0.434149,-0.464841,1.033601,0.430274,0.031154,0.084543,0.006683,-0.357694,0.440732,0.976383,-0.482984,-0.000494,-0.096163
0.000376,0.019815,0.781677,-0.138910,0.008420,-0.729643,0.669518,0.130337,0.177160,0.193429,0.403142,-0.392831,-0.001916,-0.581813,-0.296718,-0.193346,1.484616,-0.028899,0.261800,-0.030597,-0.068529,0.266244,0.015322,0.434516,-0.462498,1.031866,0.429521,0.030763,0.085263,0.004464,-0.359742,0.441643,0.973780,-0.483811,-0.000466,-0.096514
0.000346,0.019953,0.781697,-0.138436,0.008700,-0.729793,0.669448,0.129034,0.176956,0.193565,0.402954,-0.392298,-0.001846,-0.582130,-0.296048,-0.193159,1.483319,-0.028969,0.261800,-0.029281,-0.069171,0.268343,0.013197,0.434737,-0.460286,1.030467,0.428899,0.030233,0.085700,0.002281,-0.361775,0.442127,0.971071,-0.484316,-0.000550,-0.096779
0.000326,0.020055,0.781716,-0.137970,0.008975,-0.729961,0.669359,0.127701,0.176756,0.193742,0.402885,-0.391829,-0.001726,-0.582404,-0.295359,-0.193047,1.482038,-0.028995,0.261800,-0.027847,-0.069859,0.270299,0.010834,0.434833,-0.458432,1.029618,0.428351,0.029755,0.086162,-0.000239,-0.363389,0.442415,0.968861,-0.484731,-0.000707,-0.097128
0.000298,0.020183,0.781726,-0.137521,0.009233,-0.730148,0.669243,0.126305,0.176610,0.194004,0.403055,-0.391508,-0.001487,-0.582654,-0.294593,-0.192980,1.480824,-0.028911,0.261800,-0.026577,-0.070324,0.272411,0.008679,0.434883,-0.456603,1.028606,0.427960,0.029463,0.086839,-0.002576,-0.365675,0.442806,0.965982,-0.484920,-0.000954,-0.097420
0.000255,0.020310,0.781717,-0.137095,0.009478,-0.730352,0.669104,0.124801,0.176529,0.194358,0.403556,-0.391413,-0.001122,-0.582862,-0.293818,-0.193022,1.479675,-0.028673,0.261800,-0.025248,-0.070729,0.274536,0.006302,0.434864,-0.455317,1.027991,0.427530,0.029482,0.087951,-0.005045,-0.367915,0.443030,0.963169,-0.485230,-0.001316,-0.097694
0.000218,0.020466,0.781705,-0.136689,0.009716,-0.730572,0.668945,0.123219,0.176494,0.194784,0.404303,-0.391481,-0.000665,-0.583028,-0.293026,-0.193169,1.478575,-0.028328,0.261800,-0.023931,-0.071007,0.276718,0.003877,0.434774,-0.454299,1.027547,0.427158,0.029686,0.089292,-0.007498,-0.370418,0.443115,0.960088,-0.485456,-0.001799,-0.097889
0.000212,0.020619,0.781675,-0.136296,0.009939,-0.730817,0.668753,0.121638,0.176475,0.195277,0.405159,-0.391583,-0.000103,-0.583188,-0.292098,-0.193264,1.477528,-0.027934,0.261800,-0.022530,-0.071212,0.278868,0.001368,0.434618,-0.453604,1.027347,0.426919,0.029963,0.090669,-0.009996,-0.372960,0.443223,0.957040,-0.485444,-0.002286,-0.098278
0.000187,0.020752,0.781662,-0.135914,0.010148,-0.731100,0.668518,0.120172,0.176433,0.195847,0.405920,-0.391584,0.000578,-0.583367,-0.290903,-0.193143,1.476525,-0.027545,0.261800,-0.020981,-0.071352,0.280943,-0.001133,0.434398,-0.453139,1.027317,0.426987,0.030194,0.091871,-0.012515,-0.375549,0.443550,0.954117,-0.484978,-0.002673,-0.099094
0.000122,0.020904,0.781640,-0.135552,0.010365,-0.731421,0.668238,0.118763,0.176461,0.196456,0.406663,-0.391495,0.001146,-0.583572,-0.289355,-0.192854,1.475551,-0.027113,0.261800,-0.019273,-0.071364,0.282911,-0.003717,0.434128,-0.453066,1.027547,0.427454,0.030346,0.092854,-0.015066,-0.378201,0.444227,0.951337,-0.483646,-0.002899,-0.100632
0.000099,0.021034,0.781609,-0.135209,0.010586,-0.731774,0.667917,0.117443,0.176524,0.197131,0.407325,-0.391364,0.001674,-0.583783,-0.287543,-0.192446,1.474615,-0.026631,0.261800,-0.017446,-0.071275,0.284806,-0.006362,0.433815,-0.453338,1.028010,0.428230,0.030484,0.093725,-0.017672,-0.380928,0.445141,0.948652,-0.481666,-0.003032,-0.102687
0.000092,0.021161,0.781594,-0.134864,0.010756,-0.732163,0.667558,0.116179,0.176486,0.197899,0.408062,-0.391150,0.002627,-0.584009,-0.285587,-0.191797,1.473748,-0.026213,0.261800,-0.015534,-0.071188,0.286678,-0.008884,0.433430,-0.453625,1.028505,0.429133,0.030628,0.094495,-0.020288,-0.383701,0.446115,0.946026,-0.479793,-0.003164,-0.104745
0.000099,0.021308,0.781581,-0.134487,0.010813,-0.732595,0.667159,0.114966,0.176191,0.198801,0.408979,-0.390803,0.004474,-0.584251,-0.283611,-0.190782,1.472988,-0.025971,0.261800,-0.013588,-0.071246,0.288547,-0.011136,0.432966,-0.453655,1.028907,0.429922,0.030805,0.095190,-0.022983,-0.386380,0.447008,0.943593,-0.478800,-0.003377,-0.106318
0.000082,0.021425,0.781570,-0.134064,0.010690,-0.733059,0.666736,0.113895,0.175490,0.199855,0.410060,-0.390227,0.007582,-0.584430,-0.281710,-0.189280,1.472351,-0.026012,0.261800,-0.011618,-0.071514,0.290514,-0.013091,0.432355,-0.453326,1.029205,0.430601,0.031023,0.095852,-0.025623,-0.389152,0.447751,0.941151,-0.479050,-0.003750,-0.107178
0.000061,0.021588,0.781536,-0.133613,0.010434,-0.733557,0.666283,0.112931,0.174501,0.201041,0.411277,-0.389485,0.011625,-0.584572,-0.279804,-0.187384,1.471823,-0.026248,0.261800,-0.009594,-0.071974,0.292489,-0.014855,0.431653,-0.452837,1.029543,0.431250,0.031273,0.096466,-0.028389,-0.391793,0.448456,0.938984,-0.480133,-0.004212,-0.107666
0.000106,0.021708,0.781519,-0.133151,0.010168,-0.734109,0.665771,0.111920,0.173477,0.202350,0.412649,-0.388762,0.016018,-0.584830,-0.277727,-0.185309,1.471369,-0.026516,0.261800,-0.007545,-0.072372,0.294369,-0.016366,0.430838,-0.452141,1.029771,0.431912,0.031533,0.096944,-0.031251,-0.394431,0.449201,0.936985,-0.481440,-0.004637,-0.107974
0.000127,0.021775,0.781459,-0.132697,0.010009,-0.734734,0.665175,0.110689,0.172672,0.203758,0.414240,-0.388263,0.020184,-0.585365,-0.275312,-0.183270,1.470955,-0.026639,0.261800,-0.005486,-0.072485,0.296040,-0.017553,0.429882,-0.451160,1.029760,0.432679,0.031778,0.097211,-0.034197,-0.397163,0.450065,0.935080,-0.482384,-0.004897,-0.108301
0.000152,0.021897,0.781441,-0.132250,0.010000,-0.735429,0.664496,0.109126,0.172118,0.205197,0.416122,-0.387999,0.024249,-0.586213,-0.272558,-0.181368,1.470565,-0.026576,0.261800,-0.003428,-0.072276,0.297421,-0.018376,0.428823,-0.449848,1.029440,0.433712,0.032051,0.097108,-0.037352,-0.399876,0.451147,0.933476,-0.482919,-0.004833,-0.108705
0.000205,0.022004,0.781376,-0.131799,0.010072,-0.736186,0.663745,0.107366,0.171683,0.206704,0.418210,-0.387878,0.028439,-0.587282,-0.269538,-0.179478,1.470208,-0.026412,0.261800,-0.001378,-0.071864,0.298591,-0.018874,0.427666,-0.448239,1.028895,0.434910,0.032346,0.096723,-0.040696,-0.402583,0.452408,0.932142,-0.483310,-0.004556,-0.109076
0.000255,0.022092,0.781243,-0.131362,0.010187,-0.737017,0.662907,0.105550,0.171395,0.208394,0.420458,-0.388032,0.032323,-0.588560,-0.266199,-0.177469,1.469941,-0.026192,0.261800,0.000696,-0.071307,0.299637,-0.019065,0.426423,-0.446448,1.028168,0.435946,0.032576,0.096326,-0.044143,-0.405264,0.453681,0.930912,-0.483511,-0.004336,-0.109413
0.000301,0.022200,0.781139,-0.130964,0.010321,-0.737933,0.661964,0.103808,0.171289,0.210379,0.422824,-0.388555,0.035464,-0.590030,-0.262489,-0.175207,1.469808,-0.025955,0.261800,0.002834,-0.070678,0.300637,-0.018967,0.425121,-0.444584,1.027309,0.436509,0.032651,0.096186,-0.047637,-0.407904,0.454794,0.929677,-0.483471,-0.004446,-0.109717
0.000366,0.022323,0.780942,-0.130592,0.010474,-0.738962,0.660887,0.102140,0.171418,0.212726,0.425292,-0.389520,0.037627,-0.591837,-0.258212,-0.172496,1.469899,-0.025695,0.261800,0.005114,-0.069974,0.301560,-0.018517,0.423756,-0.442490,1.026254,0.436514,0.032511,0.096433,-0.051126,-0.410477,0.455655,0.928360,-0.483152,-0.005084,-0.109914
0.000438,0.022468,0.780753,-0.130241,0.010659,-0.740086,0.659694,0.100464,0.171753,0.215351,0.427940,-0.390858,0.039088,-0.593947,-0.253456,-0.169456,1.470171,-0.025401,0.261800,0.007564,-0.069324,0.302341,-0.017713,0.422537,-0.440292,1.024970,0.436027,0.032222,0.096884,-0.054869,-0.412648,0.456344,0.927410,-0.482679,-0.006060,-0.110089
0.000476,0.022573,0.780542,-0.129919,0.010837,-0.741264,0.658431,0.098896,0.172205,0.218168,0.430624,-0.392381,0.040168,-0.596041,-0.248593,-0.166442,1.470450,-0.025086,0.261800,0.009862,-0.068440,0.303166,-0.016674,0.421035,-0.438033,1.023608,0.435325,0.031862,0.097402,-0.058509,-0.415208,0.457088,0.926137,-0.481905,-0.007078,-0.110260
0.000539,0.022661,0.780331,-0.129633,0.010969,-0.742450,0.657147,0.097447,0.172686,0.221061,0.433417,-0.393899,0.041177,-0.597816,-0.244003,-0.163797,1.470570,-0.024782,0.261800,0.012131,-0.067534,0.304085,-0.015553,0.419555,-0.436303,1.022255,0.434420,0.031545,0.097786,-0.062144,-0.417637,0.457713,0.924963,-0.481101,-0.007837,-0.110643
0.000598,0.022802,0.780101,-0.129397,0.011079,-0.743669,0.655813,0.096035,0.173318,0.224095,0.436497,-0.395488,0.042082,-0.599276,-0.239627,-0.161585,1.470480,-0.024460,0.261800,0.014348,-0.066551,0.305104,-0.014282,0.418123,-0.435073,1.020795,0.433036,0.031283,0.097971,-0.065952,-0.419946,0.458365,0.924002,-0.480084,-0.008254,-0.111408
0.000702,0.022854,0.779883,-0.129212,0.011187,-0.744932,0.654412,0.094662,0.174096,0.227295,0.439806,-0.397189,0.042747,-0.600560,-0.235320,-0.159626,1.470274,-0.024122,0.261800,0.016544,-0.065501,0.306186,-0.012771,0.416735,-0.434144,1.019154,0.431247,0.031025,0.098048,-0.069871,-0.422124,0.458990,0.923168,-0.478868,-0.008489,-0.112433
0.000849,0.022956,0.779685,-0.129032,0.011206,-0.746173,0.653032,0.093578,0.174718,0.230523,0.442842,-0.398776,0.043335,-0.601564,-0.231348,-0.157896,1.469996,-0.023822,0.261800,0.018601,-0.064546,0.307342,-0.011184,0.415402,-0.433669,1.017626,0.429518,0.030776,0.098089,-0.073769,-0.424167,0.459530,0.922441,-0.477796,-0.008613,-0.113444
0.000952,0.023044,0.779445,-0.128835,0.011070,-0.747328,0.651751,0.093064,0.174881,0.233645,0.445042,-0.399985,0.044009,-0.602177,-0.227979,-0.156369,1.469675,-0.023619,0.261800,0.020417,-0.063864,0.308583,-0.009669,0.414177,-0.433831,1.016467,0.428293,0.030540,0.098158,-0.077510,-0.425997,0.459907,0.921810,-0.477210,-0.008695,-0.114172
0.001080,0.023081,0.779277,-0.128633,0.010733,-0.748377,0.650593,0.093313,0.174414,0.236642,0.446173,-0.400699,0.044834,-0.602341,-0.225331,-0.154967,1.469376,-0.023561,0.261800,0.021936,-0.063498,0.310006,-0.008293,0.412982,-0.434730,1.015796,0.427634,0.030269,0.098281,-0.080969,-0.427734,0.460020,0.921127,-0.477580,-0.008677,-0.114402
0.001215,0.023142,0.779099,-0.128413,0.010221,-0.749357,0.649515,0.094154,0.173498,0.239586,0.446523,-0.401050,0.045712,-0.602133,-0.223252,-0.153721,1.469067,-0.023607,0.261800,0.023241,-0.063419,0.311562,-0.006932,0.411923,-0.436273,1.015410,0.427292,0.029980,0.098410,-0.084341,-0.429240,0.459940,0.920589,-0.478621,-0.008549,-0.114347
0.001346,0.023185,0.778956,-0.128193,0.009654,-0.750280,0.648501,0.095260,0.172371,0.242456,0.446425,-0.401217,0.046564,-0.601636,-0.221594,-0.152780,1.468643,-0.023684,0.261800,0.024270,-0.063676,0.313091,-0.005263,0.411323,-0.438087,1.014933,0.427320,0.029757,0.098470,-0.088003,-0.430083,0.459971,0.920623,-0.479549,-0.008447,-0.114372
0.001509,0.023199,0.778805,-0.127979,0.009141,-0.751156,0.647535,0.096305,0.171297,0.245232,0.446212,-0.401380,0.047313,-0.600927,-0.220199,-0.152313,1.467980,-0.023713,0.261800,0.025288,-0.063756,0.314441,-0.003876,0.410616,-0.440450,1.014922,0.427744,0.029702,0.098561,-0.091268,-0.431002,0.459939,0.920486,-0.479383,-0.008510,-0.114664
0.001707,0.023225,0.778690,-0.127765,0.008677,-0.751987,0.646620,0.097352,0.170245,0.247942,0.445729,-0.401497,0.047911,-0.599956,-0.219041,-0.152330,1.467015,-0.023728,0.261800,0.026462,-0.063419,0.315595,-0.003291,0.409358,-0.443800,1.015957,0.428747,0.029910,0.098762,-0.093653,-0.432446,0.459543,0.919719,-0.477356,-0.008857,-0.115385
0.001907,0.023261,0.778561,-0.127540,0.008206,-0.752766,0.645763,0.098534,0.169089,0.250587,0.444852,-0.401487,0.048409,-0.598715,-0.218213,-0.152738,1.465833,-0.023763,0.261800,0.027204,-0.063358,0.316645,-0.002215,0.408559,-0.447119,1.016760,0.430357,0.030280,0.098863,-0.096461,-0.433302,0.459537,0.919547,-0.474196,-0.009378,-0.116500
0.002099,0.023298,0.778418,-0.127337,0.007792,-0.753500,0.644952,0.099592,0.168015,0.253106,0.444063,-0.401520,0.048873,-0.597318,-0.217683,-0.153600,1.464515,-0.023704,0.261800,0.028004,-0.063091,0.317552,-0.001481,0.407629,-0.450987,1.018027,0.432072,0.030700,0.099019,-0.098856,-0.434192,0.459362,0.919213,-0.471062,-0.009911,-0.117535
0.002302,0.023311,0.778280,-0.127154,0.007471,-0.754200,0.644172,0.100263,0.167199,0.255440,0.443841,-0.401761,0.049372,-0.595900,-0.217432,-0.154960,1.463178,-0.023452,0.261800,0.028746,-0.062591,0.318355,-0.000833,0.406689,-0.454883,1.019376,0.433593,0.031014,0.099206,-0.101066,-0.435028,0.459220,0.918789,-0.469159,-0.010276,-0.118124
0.002532,0.023327,0.778159,-0.127014,0.007279,-0.754866,0.643422,0.100412,0.166770,0.257563,0.444445,-0.402317,0.049944,-0.594406,-0.217543,-0.157080,1.461748,-0.022884,0.261800,0.029505,-0.061652,0.319011,-0.000516,0.405562,-0.459187,1.021104,0.434821,0.031200,0.099474,-0.102923,-0.435982,0.458989,0.918149,-0.469115,-0.010387,-0.118016
0.002782,0.023346,0.778018,-0.126923,0.007204,-0.755492,0.642706,0.100190,0.166618,0.259507,0.445595,-0.403085,0.050546,-0.592790,-0.217986,-0.159858,1.460193,-0.022083,0.261800,0.030330,-0.060245,0.319533,-0.000732,0.404031,-0.464043,1.023480,0.435965,0.031335,0.099848,-0.104217,-0.437224,0.458527,0.917097,-0.470183,-0.010349,-0.117421
0.003037,0.023340,0.777900,-0.126821,0.007164,-0.756085,0.642029,0.099806,0.166528,0.261313,0.446889,-0.403890,0.051127,-0.591204,-0.218601,-0.162781,1.458697,-0.021263,0.261800,0.030900,-0.058905,0.319996,-0.000497,0.402762,-0.468277,1.025375,0.437144,0.031406,0.100171,-0.105640,-0.438223,0.458408,0.916168,-0.471447,-0.010277,-0.116765
0.003298,0.023384,0.777767,-0.126685,0.007114,-0.756650,0.641390,0.099449,0.166317,0.263014,0.447972,-0.404584,0.051635,-0.589767,-0.219205,-0.165360,1.457400,-0.020614,0.261800,0.031690,-0.057472,0.320360,-0.000591,0.401104,-0.472190,1.027548,0.438294,0.031461,0.100581,-0.106488,-0.439443,0.458096,0.914851,-0.472050,-0.010287,-0.116319
0.003556,0.023414,0.777633,-0.126508,0.007048,-0.757181,0.640799,0.099136,0.165936,0.264578,0.448809,-0.405152,0.052022,-0.588489,-0.219836,-0.167557,1.456364,-0.020178,0.261800,0.032412,-0.056201,0.320637,-0.000358,0.399452,-0.475113,1.029379,0.439589,0.031469,0.101021,-0.107165,-0.440569,0.457960,0.913386,-0.471625,-0.010374,-0.116210
0.003836,0.023434,0.777512,-0.126321,0.007003,-0.757677,0.640249,0.098778,0.165487,0.265999,0.449575,-0.405673,0.052327,-0.587313,-0.220563,-0.169605,1.455507,-0.019856,0.261800,0.033104,-0.054974,0.320813,0.000008,0.397767,-0.477443,1.031082,0.440930,0.031427,0.101500,-0.107622,-0.441626,0.457915,0.911786,-0.470696,-0.010489,-0.116257
0.004074,0.023431,0.777418,-0.126097,0.006950,-0.758152,0.639731,0.098402,0.164976,0.267359,0.450212,-0.406108,0.052629,-0.586270,-0.221272,-0.171398,1.454767,-0.019643,0.261800,0.033719,-0.053955,0.321001,0.000813,0.396498,-0.479078,1.032047,0.442172,0.031364,0.101852,-0.108174,-0.442377,0.458087,0.910370,-0.469680,-0.010676,-0.116445
0.004329,0.023469,0.777324,-0.125863,0.006911,-0.758617,0.639226,0.098010,0.164451,0.268731,0.450721,-0.406454,0.053001,-0.585384,-0.221834,-0.172854,1.454071,-0.019533,0.261800,0.034428,-0.052691,0.321174,0.001123,0.394710,-0.480578,1.033291,0.443201,0.031332,0.102188,-0.108419,-0.443406,0.458287,0.908866,-0.468905,-0.010964,-0.116654
0.004590,0.023526,0.777248,-0.125593,0.006854,-0.759086,0.638724,0.097647,0.163883,0.270191,0.451038,-0.406692,0.053490,-0.584674,-0.222195,-0.173880,1.453409,-0.019568,0.261800,0.035152,-0.051290,0.321418,0.001260,0.392646,-0.481563,1.034361,0.444088,0.031316,0.102341,-0.108510,-0.444607,0.458605,0.907319,-0.468477,-0.011454,-0.116916
0.004788,0.023588,0.777154,-0.125291,0.006789,-0.759548,0.638234,0.097302,0.163242,0.271684,0.451167,-0.406822,0.054049,-0.584130,-0.222448,-0.174534,1.452827,-0.019742,0.261800,0.035873,-0.050182,0.321771,0.001918,0.391277,-0.481867,1.034346,0.444734,0.031289,0.102208,-0.108754,-0.445422,0.459092,0.906020,-0.468273,-0.012109,-0.117313
0.005027,0.023679,0.777079,-0.124971,0.006741,-0.759985,0.637778,0.096866,0.162605,0.273085,0.451281,-0.406899,0.054611,-0.583735,-0.222649,-0.174962,1.452340,-0.019975,0.261800,0.036590,-0.049187,0.322165,0.002765,0.390266,-0.481886,1.033729,0.445096,0.031279,0.102034,-0.108965,-0.446015,0.459678,0.904862,-0.468233,-0.012747,-0.117754
0.005252,0.023787,0.776994,-0.124658,0.006749,-0.760379,0.637368,0.096248,0.162067,0.274269,0.451528,-0.406970,0.055111,-0.583436,-0.222842,-0.175332,1.451923,-0.020171,0.261800,0.037029,-0.047725,0.322402,0.003009,0.388213,-0.481856,1.033928,0.445371,0.031319,0.102243,-0.108970,-0.447209,0.460684,0.903641,-0.468060,-0.013154,-0.118099
0.005488,0.023891,0.776958,-0.124343,0.006834,-0.760745,0.636992,0.095363,0.161650,0.275230,0.452000,-0.407064,0.055551,-0.583334,-0.222994,-0.175605,1.451632,-0.020324,0.261800,0.037548,-0.046289,0.322588,0.003283,0.386437,-0.481934,1.033715,0.445182,0.031460,0.102731,-0.108816,-0.448223,0.461725,0.902533,-0.468028,-0.013269,-0.118428
0.005710,0.023990,0.776905,-0.124012,0.006965,-0.761086,0.636648,0.094282,0.161312,0.276025,0.452604,-0.407153,0.055958,-0.583408,-0.223097,-0.175729,1.451443,-0.020474,0.261800,0.038046,-0.044883,0.322737,0.003656,0.384869,-0.481879,1.033077,0.444632,0.031669,0.103387,-0.108635,-0.449092,0.462957,0.901603,-0.468096,-0.013200,-0.118774
0.005923,0.024102,0.776886,-0.123680,0.007102,-0.761368,0.636374,0.093135,0.160965,0.276638,0.453190,-0.407177,0.056315,-0.583492,-0.223279,-0.175775,1.451313,-0.020633,0.261800,0.038420,-0.043544,0.322913,0.004024,0.383474,-0.481786,1.032214,0.443903,0.031843,0.104034,-0.108426,-0.449811,0.464264,0.900882,-0.468276,-0.013074,-0.119078
0.006102,0.024242,0.776842,-0.123358,0.007204,-0.761557,0.636209,0.092047,0.160519,0.277049,0.453612,-0.407079,0.056605,-0.583429,-0.223676,-0.175803,1.451213,-0.020817,0.261800,0.038699,-0.042477,0.323238,0.004474,0.382652,-0.481807,1.030934,0.443110,0.031874,0.104420,-0.108182,-0.450181,0.465357,0.900438,-0.468662,-0.013036,-0.119290
0.006281,0.024409,0.776813,-0.123046,0.007253,-0.761640,0.636170,0.091027,0.159980,0.277249,0.453878,-0.406852,0.056822,-0.583174,-0.224275,-0.175781,1.451126,-0.021018,0.261800,0.038582,-0.041380,0.323604,0.004690,0.381581,-0.481747,1.029965,0.442357,0.031700,0.104618,-0.108028,-0.450562,0.466664,0.900370,-0.469191,-0.013099,-0.119356
0.006459,0.024590,0.776797,-0.122743,0.007279,-0.761637,0.636232,0.090016,0.159379,0.277249,0.454045,-0.406517,0.056976,-0.582823,-0.225022,-0.175685,1.451088,-0.021241,0.261800,0.038327,-0.040344,0.324043,0.004738,0.380589,-0.481744,1.028999,0.441512,0.031392,0.104678,-0.107803,-0.450801,0.467899,0.900553,-0.469948,-0.013210,-0.119310
0.006587,0.024776,0.776787,-0.122435,0.007281,-0.761561,0.636382,0.089026,0.158715,0.277064,0.454090,-0.406096,0.057069,-0.582362,-0.225971,-0.175645,1.451050,-0.021470,0.261800,0.037966,-0.039438,0.324538,0.004653,0.379801,-0.481929,1.027986,0.440689,0.031050,0.104663,-0.107481,-0.450876,0.469009,0.900911,-0.470686,-0.013326,-0.119232
0.006724,0.024976,0.776805,-0.122131,0.007275,-0.761423,0.636605,0.088097,0.157978,0.276711,0.453942,-0.405584,0.057101,-0.581767,-0.227175,-0.175796,1.450945,-0.021689,0.261800,0.037593,-0.038767,0.325242,0.004583,0.379520,-0.482308,1.026528,0.440113,0.030770,0.104568,-0.106838,-0.450846,0.469656,0.901013,-0.471276,-0.013422,-0.119138
0.006829,0.025177,0.776807,-0.121809,0.007245,-0.761226,0.636902,0.087242,0.157165,0.276194,0.453563,-0.404970,0.057115,-0.581042,-0.228676,-0.176169,1.450766,-0.021886,0.261800,0.036988,-0.038116,0.325655,0.004053,0.378941,-0.483292,1.025843,0.439674,0.030636,0.104703,-0.106401,-0.450622,0.470681,0.901843,-0.471083,-0.013467,-0.119333
0.006932,0.025397,0.776859,-0.121481,0.007191,-0.760964,0.637279,0.086451,0.156278,0.275506,0.452988,-0.404255,0.057096,-0.580186,-0.230439,-0.176691,1.450548,-0.022075,0.261800,0.036380,-0.037604,0.326142,0.003174,0.378438,-0.484624,1.025324,0.439479,0.030562,0.104870,-0.105820,-0.450172,0.471352,0.902850,-0.470700,-0.013527,-0.119621
0.006992,0.025608,0.776877,-0.121146,0.007124,-0.760636,0.637735,0.085684,0.155346,0.274639,0.452270,-0.403459,0.056962,-0.579203,-0.232382,-0.177364,1.450279,-0.022265,0.261800,0.035697,-0.037232,0.326667,0.002144,0.378154,-0.486190,1.024819,0.439320,0.030475,0.104942,-0.105044,-0.449586,0.471808,0.903851,-0.470403,-0.013505,-0.119745
0.007019,0.025843,0.776924,-0.120802,0.007055,-0.760247,0.638265,0.084860,0.154413,0.273577,0.451554,-0.402643,0.056627,-0.578094,-0.234427,-0.178195,1.449959,-0.022475,0.261800,0.034966,-0.037007,0.327125,0.000903,0.378032,-0.488009,1.024556,0.439027,0.030304,0.104839,-0.104153,-0.448749,0.472110,0.904995,-0.470570,-0.013313,-0.119487
0.007048,0.026064,0.776954,-0.120457,0.006987,-0.759780,0.638886,0.083990,0.153431,0.272288,0.450810,-0.401777,0.056084,-0.576858,-0.236603,-0.179156,1.449626,-0.022743,0.261800,0.034056,-0.036953,0.327580,-0.000467,0.378111,-0.489978,1.024423,0.438519,0.029975,0.104430,-0.103094,-0.447804,0.472297,0.906103,-0.471377,-0.012891,-0.118542
0.007029,0.026308,0.777018,-0.120088,0.006895,-0.759243,0.639594,0.083098,0.152398,0.270787,0.449998,-0.400850,0.055374,-0.575493,-0.238935,-0.180253,1.449274,-0.023052,0.261800,0.033062,-0.037081,0.328009,-0.002008,0.378391,-0.492194,1.024436,0.437913,0.029553,0.103803,-0.101904,-0.446626,0.472317,0.907332,-0.472601,-0.012298,-0.117135
0.006995,0.026586,0.777061,-0.119736,0.006828,-0.758656,0.640357,0.082190,0.151412,0.269145,0.449119,-0.399904,0.054482,-0.573999,-0.241335,-0.181547,1.448811,-0.023318,0.261800,0.031991,-0.037288,0.328408,-0.003671,0.378863,-0.494552,1.024536,0.437290,0.029122,0.103143,-0.100600,-0.445287,0.472255,0.908585,-0.473952,-0.011632,-0.115718
0.006929,0.026839,0.777155,-0.119396,0.006795,-0.758045,0.641144,0.081275,0.150559,0.267426,0.448171,-0.398977,0.053395,-0.572375,-0.243713,-0.183091,1.448158,-0.023459,0.261800,0.030988,-0.037564,0.328713,-0.005415,0.379616,-0.497041,1.024685,0.436767,0.028784,0.102629,-0.099318,-0.443569,0.472118,0.910085,-0.475195,-0.010987,-0.114794
0.006822,0.027118,0.777209,-0.119090,0.006819,-0.757403,0.641960,0.080368,0.149881,0.265633,0.447105,-0.398077,0.052024,-0.570579,-0.246160,-0.185067,1.447270,-0.023407,0.261800,0.029936,-0.037930,0.328941,-0.007143,0.380715,-0.499536,1.024796,0.436408,0.028537,0.102283,-0.098170,-0.441439,0.471999,0.911869,-0.476345,-0.010313,-0.114575
0.006735,0.027413,0.777293,-0.118806,0.006888,-0.756720,0.642816,0.079433,0.149333,0.263728,0.445991,-0.397213,0.050407,-0.568624,-0.248680,-0.187395,1.446206,-0.023222,0.261800,0.028757,-0.038306,0.329148,-0.008879,0.382027,-0.502012,1.024867,0.436175,0.028332,0.102012,-0.096976,-0.439184,0.471910,0.913638,-0.477429,-0.009582,-0.114738
0.006609,0.027686,0.777347,-0.118534,0.006978,-0.756017,0.643692,0.078496,0.148871,0.261744,0.444834,-0.396345,0.048716,-0.566581,-0.251046,-0.189738,1.444987,-0.022995,0.261800,0.027434,-0.038429,0.329367,-0.010780,0.383062,-0.504341,1.025122,0.436152,0.028175,0.101872,-0.095339,-0.437566,0.471910,0.914753,-0.478139,-0.008921,-0.114910
0.006446,0.027947,0.777443,-0.118268,0.007076,-0.755312,0.644567,0.077574,0.148400,0.259717,0.443631,-0.395425,0.047127,-0.564544,-0.253070,-0.191728,1.443660,-0.022833,0.261800,0.026459,-0.038893,0.329415,-0.012704,0.384749,-0.507099,1.025255,0.435871,0.028129,0.101775,-0.093885,-0.435072,0.471739,0.916588,-0.478766,-0.008466,-0.115061
0.006268,0.028217,0.777545,-0.118014,0.007190,-0.754592,0.645455,0.076646,0.147935,0.257585,0.442411,-0.394436,0.045670,-0.562451,-0.254631,-0.193305,1.442130,-0.022773,0.261800,0.025354,-0.039370,0.329382,-0.014567,0.386508,-0.509749,1.025340,0.435624,0.028209,0.101787,-0.092415,-0.432656,0.471910,0.918451,-0.478923,-0.008299,-0.114966
0.006113,0.028476,0.777629,-0.117758,0.007313,-0.753854,0.646362,0.075709,0.147503,0.255353,0.441161,-0.393402,0.044257,-0.560298,-0.255863,-0.194645,1.440425,-0.022759,0.261800,0.024245,-0.039835,0.329276,-0.016525,0.388343,-0.512487,1.025487,0.435381,0.028399,0.101911,-0.090796,-0.430289,0.472197,0.920264,-0.478730,-0.008335,-0.114768
0.005935,0.028714,0.777731,-0.117520,0.007450,-0.753128,0.647250,0.074795,0.147103,0.253147,0.439895,-0.392365,0.042883,-0.558192,-0.256900,-0.195774,1.438685,-0.022734,0.261800,0.023226,-0.040238,0.329117,-0.018550,0.390176,-0.515132,1.025673,0.435205,0.028601,0.102105,-0.088971,-0.428034,0.472412,0.921877,-0.478294,-0.008435,-0.114549
0.005787,0.028987,0.777839,-0.117278,0.007569,-0.752443,0.648088,0.073960,0.146720,0.251092,0.438574,-0.391330,0.041544,-0.556242,-0.257880,-0.196715,1.437058,-0.022636,0.261800,0.022417,-0.040639,0.328913,-0.020524,0.392134,-0.517538,1.025751,0.435091,0.028722,0.102298,-0.087070,-0.425687,0.472412,0.923401,-0.477733,-0.008458,-0.114436
0.005599,0.029259,0.777958,-0.117047,0.007696,-0.751794,0.648880,0.073194,0.146393,0.249190,0.437198,-0.390344,0.040166,-0.554467,-0.258827,-0.197518,1.435551,-0.022376,0.261800,0.021790,-0.040954,0.328623,-0.022514,0.394133,-0.519746,1.025838,0.435096,0.028718,0.102475,-0.085032,-0.423364,0.472197,0.924744,-0.476894,-0.008390,-0.114406
0.005417,0.029505,0.778026,-0.116826,0.007834,-0.751171,0.649640,0.072477,0.146112,0.247382,0.435773,-0.389375,0.038774,-0.552815,-0.259675,-0.198156,1.434100,-0.022015,0.261800,0.021322,-0.041205,0.328253,-0.024551,0.396177,-0.521827,1.025957,0.435198,0.028645,0.102669,-0.082849,-0.421070,0.471823,0.925939,-0.475784,-0.008301,-0.114418
0.005208,0.029789,0.778122,-0.116598,0.007936,-0.750595,0.650345,0.071826,0.145809,0.245713,0.434347,-0.388386,0.037516,-0.551290,-0.260420,-0.198539,1.432741,-0.021707,0.261800,0.021018,-0.041461,0.327897,-0.026517,0.398239,-0.523547,1.025946,0.435350,0.028557,0.102918,-0.080562,-0.418772,0.471296,0.926987,-0.474700,-0.008165,-0.114519
0.004981,0.030032,0.778203,-0.116347,0.007965,-0.750090,0.650972,0.071261,0.145408,0.244228,0.432939,-0.387322,0.036539,-0.549887,-0.261064,-0.198588,1.431498,-0.021603,0.261800,0.020873,-0.041816,0.327626,-0.028258,0.400280,-0.524600,1.025652,0.435589,0.028509,0.103262,-0.078295,-0.416451,0.470654,0.927990,-0.473954,-0.007954,-0.114765
0.004790,0.030313,0.778305,-0.116085,0.007915,-0.749672,0.651501,0.070834,0.144853,0.242970,0.431493,-0.386122,0.035918,-0.548656,-0.261557,-0.198138,1.430423,-0.021777,0.261800,0.020925,-0.042306,0.327463,-0.029803,0.402276,-0.524988,1.025102,0.436067,0.028524,0.103832,-0.076039,-0.414065,0.469912,0.928963,-0.473703,-0.007628,-0.115326
0.004572,0.030598,0.778375,-0.115803,0.007793,-0.749328,0.651948,0.070518,0.144191,0.241909,0.430020,-0.384831,0.035564,-0.547569,-0.261915,-0.197286,1.429452,-0.022140,0.261800,0.021155,-0.042886,0.327350,-0.031201,0.404227,-0.524815,1.024385,0.436752,0.028571,0.104571,-0.073801,-0.411601,0.469072,0.929938,-0.473764,-0.007209,-0.116131
0.004334,0.030911,0.778442,-0.115519,0.007644,-0.749026,0.652347,0.070214,0.143522,0.240968,0.428648,-0.383553,0.035369,-0.546557,-0.262234,-0.196314,1.428555,-0.022598,0.261800,0.021452,-0.043499,0.327261,-0.032403,0.406130,-0.524012,1.023488,0.437284,0.028623,0.105242,-0.071643,-0.409080,0.468171,0.930939,-0.473902,-0.006769,-0.116862
0.004103,0.031228,0.778525,-0.115261,0.007517,-0.748736,0.652728,0.069816,0.142939,0.240077,0.427515,-0.382395,0.035226,-0.545563,-0.262613,-0.195498,1.427711,-0.023067,0.261800,0.021704,-0.044068,0.327186,-0.033342,0.407980,-0.522493,1.022359,0.437315,0.028645,0.105604,-0.069617,-0.406529,0.467256,0.931950,-0.473845,-0.006384,-0.117192
0.003857,0.031530,0.778582,-0.115019,0.007434,-0.748443,0.653107,0.069221,0.142510,0.239195,0.426745,-0.381409,0.035142,-0.544539,-0.263103,-0.194980,1.426853,-0.023590,0.261800,0.021847,-0.044531,0.327090,-0.034040,0.409792,-0.520191,1.020951,0.436497,0.028650,0.105382,-0.067710,-0.403970,0.466296,0.932935,-0.473673,-0.006055,-0.116871
0.003627,0.031851,0.778652,-0.114790,0.007366,-0.748165,0.653466,0.068519,0.142167,0.238370,0.426211,-0.380513,0.035163,-0.543535,-0.263647,-0.194582,1.426027,-0.024193,0.261800,0.021958,-0.044939,0.327002,-0.034447,0.411563,-0.517082,1.019230,0.435184,0.028648,0.104770,-0.065884,-0.401407,0.465279,0.933875,-0.473462,-0.005751,-0.116123
0.003411,0.032135,0.778681,-0.114574,0.007271,-0.747922,0.653784,0.067857,0.141816,0.237654,0.425780,-0.379684,0.035239,-0.542599,-0.264159,-0.194137,1.425305,-0.024750,0.261800,0.022094,-0.045383,0.326981,-0.034636,0.413282,-0.513460,1.017399,0.433732,0.028603,0.104242,-0.064174,-0.398846,0.464290,0.934809,-0.472988,-0.005489,-0.115335
0.003155,0.032455,0.778693,-0.114368,0.007094,-0.747733,0.654038,0.067385,0.141361,0.237098,0.425314,-0.378888,0.035324,-0.541799,-0.264566,-0.193468,1.424796,-0.025146,0.261800,0.022334,-0.045944,0.327089,-0.034626,0.414912,-0.509548,1.015624,0.432590,0.028475,0.104272,-0.062587,-0.396284,0.463397,0.935756,-0.472018,-0.005292,-0.114894
0.002928,0.032767,0.778689,-0.114162,0.006799,-0.747605,0.654223,0.067200,0.140731,0.236733,0.424701,-0.378081,0.035392,-0.541171,-0.264928,-0.192526,1.424586,-0.025315,0.261800,0.022721,-0.046697,0.327384,-0.034376,0.416393,-0.505115,1.013903,0.431999,0.028193,0.105191,-0.061142,-0.393709,0.462545,0.936734,-0.470142,-0.005204,-0.114994
0.002705,0.033088,0.778680,-0.113969,0.006427,-0.747526,0.654350,0.067173,0.140000,0.236519,0.424100,-0.377322,0.035475,-0.540676,-0.265258,-0.191405,1.424611,-0.025337,0.261800,0.023202,-0.047567,0.327807,-0.033948,0.417713,-0.500179,1.012243,0.431655,0.027798,0.106689,-0.059833,-0.391124,0.461722,0.937753,-0.467609,-0.005199,-0.115400
0.002492,0.033405,0.778695,-0.113785,0.006019,-0.747491,0.654427,0.067257,0.139256,0.236428,0.423484,-0.376588,0.035602,-0.540256,-0.265403,-0.190141,1.424699,-0.025286,0.261800,0.023740,-0.048435,0.328248,-0.033448,0.418905,-0.495233,1.010754,0.431305,0.027420,0.108272,-0.058650,-0.388557,0.461057,0.938828,-0.465144,-0.005199,-0.115861
0.002263,0.033734,0.778682,-0.113617,0.005624,-0.747492,0.654458,0.067381,0.138591,0.236423,0.422865,-0.375871,0.035805,-0.539855,-0.265210,-0.188778,1.424687,-0.025249,0.261800,0.024302,-0.049171,0.328605,-0.033026,0.420029,-0.490853,1.009557,0.430623,0.027188,0.109451,-0.057540,-0.386046,0.460645,0.939932,-0.463497,-0.005121,-0.116116
0.002006,0.034053,0.778663,-0.113482,0.005276,-0.747524,0.654448,0.067517,0.138055,0.236470,0.422249,-0.375191,0.036054,-0.539447,-0.264576,-0.187316,1.424502,-0.025236,0.261800,0.024905,-0.049706,0.328860,-0.032772,0.421145,-0.487279,1.008650,0.429264,0.027137,0.110016,-0.056421,-0.383618,0.460508,0.940963,-0.463178,-0.004913,-0.116018
0.001792,0.034351,0.778675,-0.113363,0.004935,-0.747593,0.654392,0.067695,0.137593,0.236595,0.421644,-0.374548,0.036344,-0.539066,-0.263602,-0.185740,1.424239,-0.025204,0.261800,0.025599,-0.050092,0.329088,-0.032613,0.422215,-0.484225,1.007955,0.427474,0.027196,0.110253,-0.055230,-0.381364,0.460527,0.941813,-0.463677,-0.004634,-0.115707
0.001577,0.034653,0.778659,-0.113261,0.004577,-0.747703,0.654287,0.067974,0.137124,0.236858,0.421008,-0.373896,0.036749,-0.538731,-0.262450,-0.184054,1.423990,-0.025163,0.261800,0.026329,-0.050498,0.329305,-0.032323,0.423295,-0.481362,1.007363,0.425806,0.027341,0.110386,-0.054191,-0.379093,0.460712,0.942782,-0.464232,-0.004360,-0.115416
0.001386,0.034926,0.778661,-0.113152,0.004162,-0.747859,0.654130,0.068378,0.136574,0.237321,0.420361,-0.373213,0.037341,-0.538482,-0.261272,-0.182264,1.423860,-0.025128,0.261800,0.027115,-0.050959,0.329552,-0.031855,0.424265,-0.478491,1.006926,0.424807,0.027546,0.110664,-0.053254,-0.376888,0.460944,0.943829,-0.464042,-0.004172,-0.115330
0.001183,0.035187,0.778632,-0.113047,0.003678,-0.748068,0.653913,0.069004,0.135904,0.238069,0.419580,-0.372442,0.038141,-0.538303,-0.260099,-0.180346,1.423858,-0.025088,0.261800,0.027992,-0.051503,0.329844,-0.031176,0.425024,-0.475430,1.006700,0.424886,0.027843,0.111183,-0.052409,-0.374799,0.461235,0.944966,-0.462606,-0.004143,-0.115583
0.000999,0.035460,0.778617,-0.112948,0.003145,-0.748325,0.653637,0.069802,0.135164,0.239043,0.418710,-0.371617,0.039109,-0.538192,-0.258852,-0.178304,1.423946,-0.025047,0.261800,0.028887,-0.052128,0.330123,-0.030323,0.425635,-0.472299,1.006721,0.425657,0.028234,0.111809,-0.051819,-0.372659,0.461715,0.946396,-0.460460,-0.004209,-0.116076
0.000811,0.035722,0.778589,-0.112853,0.002592,-0.748618,0.653321,0.070605,0.134397,0.240101,0.417971,-0.370843,0.040229,-0.538155,-0.257523,-0.176196,1.424102,-0.025011,0.261800,0.029829,-0.052670,0.330404,-0.029475,0.426045,-0.469444,1.006986,0.426588,0.028648,0.112463,-0.051185,-0.370717,0.462169,0.947705,-0.458295,-0.004255,-0.116542
0.000668,0.035984,0.778572,-0.112765,0.002050,-0.748933,0.652978,0.071298,0.133640,0.241108,0.417469,-0.370161,0.041484,-0.538212,-0.256109,-0.174072,1.424321,-0.024992,0.261800,0.030667,-0.053152,0.330614,-0.028544,0.426378,-0.466960,1.007366,0.427179,0.029014,0.113039,-0.050765,-0.368631,0.462669,0.949202,-0.456872,-0.004152,-0.116825
0.000528,0.036229,0.778525,-0.112692,0.001525,-0.749267,0.652608,0.071821,0.132878,0.241990,0.417326,-0.369609,0.042987,-0.538363,-0.254575,-0.171882,1.424627,-0.025009,0.261800,0.031563,-0.053334,0.330899,-0.027825,0.426547,-0.465308,1.007921,0.427109,0.029330,0.113541,-0.049818,-0.367091,0.462808,0.949901,-0.456524,-0.003813,-0.116631
0.000381,0.036494,0.778447,-0.112613,0.000984,-0.749627,0.652209,0.072271,0.132089,0.242837,0.417397,-0.369131,0.044711,-0.538611,-0.252938,-0.169612,1.425028,-0.025058,0.261800,0.032386,-0.053461,0.331168,-0.027070,0.426657,-0.464090,1.008628,0.426741,0.029630,0.114003,-0.048970,-0.365536,0.462938,0.950631,-0.456863,-0.003312,-0.116223
0.000289,0.036715,0.778406,-0.112548,0.000467,-0.750016,0.651773,0.072649,0.131357,0.243735,0.417672,-0.368784,0.046424,-0.538938,-0.251254,-0.167399,1.425455,-0.025099,0.261800,0.033236,-0.053526,0.331390,-0.026180,0.426696,-0.463058,1.009328,0.426394,0.029882,0.114389,-0.048198,-0.363996,0.463074,0.951369,-0.457299,-0.002824,-0.115825
0.000157,0.036939,0.778334,-0.112502,-0.000009,-0.750439,0.651295,0.072998,0.130759,0.244769,0.418028,-0.368556,0.047893,-0.539333,-0.249568,-0.165374,1.425841,-0.025102,0.261800,0.034172,-0.053514,0.331564,-0.025091,0.426648,-0.461981,1.009876,0.426341,0.030058,0.114677,-0.047409,-0.362595,0.463271,0.951946,-0.457209,-0.002513,-0.115647
0.000032,0.037166,0.778243,-0.112444,-0.000449,-0.750900,0.650773,0.073252,0.130316,0.245959,0.418537,-0.368484,0.049070,-0.539872,-0.247861,-0.163508,1.426221,-0.025057,0.261800,0.035046,-0.053618,0.331473,-0.023595,0.426451,-0.460386,1.010402,0.427010,0.030106,0.114866,-0.047416,-0.360609,0.463884,0.953508,-0.456462,-0.002488,-0.115898
-0.000085,0.037363,0.778148,-0.112405,-0.000839,-0.751394,0.650209,0.073408,0.130003,0.247256,0.419240,-0.368561,0.050075,-0.540534,-0.246101,-0.161759,1.426592,-0.024969,0.261800,0.036126,-0.053504,0.331437,-0.021947,0.426193,-0.458874,1.010641,0.427962,0.030044,0.114927,-0.046887,-0.359278,0.464337,0.954169,-0.455203,-0.002653,-0.116198
-0.000148,0.037562,0.778014,-0.112376,-0.001226,-0.751916,0.649609,0.073587,0.129780,0.248651,0.420014,-0.368738,0.050934,-0.541173,-0.244392,-0.160211,1.426925,-0.024880,0.261800,0.036924,-0.053461,0.331231,-0.020023,0.425699,-0.457181,1.011029,0.429003,0.029987,0.114964,-0.047149,-0.357418,0.465278,0.955739,-0.453867,-0.002805,-0.116767
-0.000228,0.037746,0.777942,-0.112391,-0.001612,-0.752456,0.648980,0.073871,0.129631,0.250125,0.420810,-0.369005,0.051668,-0.541661,-0.242820,-0.158955,1.427180,-0.024817,0.261800,0.037719,-0.053313,0.331076,-0.018149,0.425143,-0.456107,1.011463,0.429437,0.030027,0.114971,-0.047343,-0.355689,0.466179,0.957138,-0.452685,-0.002812,-0.117420
-0.000305,0.037939,0.777827,-0.112454,-0.002016,-0.753032,0.648300,0.074295,0.129576,0.251742,0.421659,-0.369405,0.052259,-0.541959,-0.241409,-0.158041,1.427374,-0.024813,0.261800,0.038468,-0.053077,0.330978,-0.016313,0.424507,-0.455732,1.012021,0.429002,0.030216,0.114963,-0.047700,-0.353913,0.467132,0.958648,-0.451667,-0.002587,-0.118295
-0.000367,0.038087,0.777734,-0.112569,-0.002408,-0.753642,0.647569,0.074817,0.129622,0.253486,0.422552,-0.369917,0.052699,-0.542136,-0.240108,-0.157418,1.427497,-0.024834,0.261800,0.039317,-0.052641,0.331137,-0.014309,0.424054,-0.455909,1.012101,0.427925,0.030467,0.114827,-0.047507,-0.352809,0.467867,0.959134,-0.450591,-0.002265,-0.119207
-0.000421,0.038269,0.777589,-0.112692,-0.002806,-0.754246,0.646843,0.075362,0.129715,0.255228,0.423487,-0.370480,0.053037,-0.542224,-0.238908,-0.156999,1.427544,-0.024849,0.261800,0.040059,-0.052192,0.331248,-0.012224,0.423517,-0.456296,1.012187,0.426772,0.030740,0.114660,-0.047416,-0.351648,0.468698,0.959690,-0.449646,-0.001910,-0.120111
-0.000517,0.038417,0.777492,-0.112822,-0.003185,-0.754801,0.646171,0.075829,0.129807,0.256837,0.424500,-0.371056,0.053318,-0.542256,-0.237798,-0.156708,1.427497,-0.024819,0.261800,0.040665,-0.051790,0.331227,-0.010082,0.422845,-0.456684,1.012331,0.426005,0.030978,0.114482,-0.047382,-0.350373,0.469608,0.960350,-0.448938,-0.001622,-0.120809
-0.000575,0.038575,0.777353,-0.112938,-0.003558,-0.755307,0.645557,0.076211,0.129872,0.258296,0.425582,-0.371621,0.053551,-0.542283,-0.236714,-0.156437,1.427379,-0.024725,0.261800,0.041068,-0.051529,0.330816,-0.008042,0.421706,-0.456948,1.013065,0.425817,0.031218,0.114375,-0.047897,-0.348465,0.470908,0.961938,-0.448812,-0.001406,-0.121332
-0.000649,0.038739,0.777239,-0.113060,-0.003918,-0.755785,0.644974,0.076544,0.129940,0.259668,0.426747,-0.372218,0.053712,-0.542275,-0.235681,-0.156259,1.427189,-0.024590,0.261800,0.041391,-0.051269,0.330372,-0.005800,0.420533,-0.457166,1.013570,0.425909,0.031447,0.114202,-0.048226,-0.346774,0.472285,0.963163,-0.448998,-0.001244,-0.121608
-0.000663,0.038864,0.777111,-0.113196,-0.004261,-0.756219,0.644439,0.076826,0.130050,0.260946,0.427971,-0.372841,0.053799,-0.542137,-0.234823,-0.156359,1.426867,-0.024440,0.261800,0.041630,-0.050903,0.330190,-0.003261,0.419717,-0.457549,1.013338,0.426049,0.031584,0.113889,-0.047898,-0.345759,0.473324,0.963236,-0.448957,-0.001137,-0.121624
-0.000696,0.039033,0.776974,-0.113358,-0.004581,-0.756598,0.643963,0.077120,0.130218,0.262131,0.429124,-0.373433,0.053810,-0.541759,-0.234262,-0.156924,1.426329,-0.024292,0.261800,0.041519,-0.050431,0.329902,-0.001017,0.418449,-0.458252,1.013745,0.426381,0.031624,0.113692,-0.048039,-0.344286,0.474215,0.964128,-0.448392,-0.000996,-0.121774
-0.000717,0.039163,0.776867,-0.113572,-0.004852,-0.756931,0.643532,0.077352,0.130535,0.263268,0.430359,-0.374073,0.053714,-0.541164,-0.233815,-0.157883,1.425544,-0.024167,0.261800,0.041178,-0.049783,0.329978,0.001451,0.417586,-0.459366,1.013511,0.426736,0.031454,0.113423,-0.047799,-0.343309,0.474510,0.964212,-0.446901,-0.000866,-0.121835
-0.000719,0.039334,0.776751,-0.113819,-0.005089,-0.757223,0.643143,0.077565,0.130950,0.264351,0.431596,-0.374716,0.053518,-0.540391,-0.233490,-0.159175,1.424554,-0.024049,0.261800,0.040706,-0.049001,0.329913,0.003409,0.416249,-0.461150,1.014110,0.427246,0.031185,0.113308,-0.047925,-0.341799,0.474460,0.965080,-0.444983,-0.000710,-0.121999
-0.000700,0.039505,0.776651,-0.114076,-0.005319,-0.757448,0.642831,0.077802,0.131305,0.265273,0.432714,-0.375299,0.053291,-0.539367,-0.233692,-0.160999,1.423414,-0.023903,0.261800,0.040070,-0.048203,0.329858,0.005263,0.414817,-0.463098,1.014803,0.427824,0.030883,0.113152,-0.048017,-0.340199,0.474136,0.966058,-0.442945,-0.000578,-0.122146
-0.000697,0.039641,0.776541,-0.114299,-0.005583,-0.757585,0.642627,0.078130,0.131436,0.265936,0.433549,-0.375740,0.053096,-0.538013,-0.234827,-0.163558,1.422180,-0.023707,0.261800,0.039296,-0.047486,0.329808,0.007151,0.413362,-0.464866,1.015348,0.428437,0.030644,0.112841,-0.047875,-0.338639,0.473627,0.966959,-0.441132,-0.000503,-0.122235
-0.000632,0.039763,0.776451,-0.114480,-0.005898,-0.757609,0.642563,0.078605,0.131280,0.266267,0.433982,-0.375992,0.052921,-0.536157,-0.237264,-0.167259,1.420810,-0.023485,0.261800,0.038272,-0.046877,0.329832,0.009257,0.412052,-0.466506,1.015440,0.429093,0.030499,0.112269,-0.047291,-0.337295,0.472887,0.967460,-0.439782,-0.000496,-0.122257
-0.000616,0.039886,0.776356,-0.114645,-0.006235,-0.757539,0.642613,0.079167,0.130932,0.266337,0.434143,-0.376114,0.052743,-0.533874,-0.240688,-0.171884,1.419281,-0.023240,0.261800,0.037142,-0.046287,0.329678,0.010913,0.410304,-0.468486,1.016183,0.429817,0.030430,0.111662,-0.046739,-0.335582,0.471814,0.968523,-0.438815,-0.000517,-0.122345
-0.000555,0.039952,0.776308,-0.114788,-0.006581,-0.757422,0.642723,0.079747,0.130458,0.266265,0.434145,-0.376138,0.052611,-0.531503,-0.244488,-0.176683,1.417744,-0.022909,0.261800,0.035866,-0.045763,0.329696,0.012976,0.408858,-0.469863,1.016181,0.430541,0.030329,0.110898,-0.045888,-0.334241,0.470744,0.969044,-0.437518,-0.000598,-0.122257
-0.000494,0.040034,0.776238,-0.114909,-0.006924,-0.757301,0.642840,0.080282,0.129933,0.266161,0.434115,-0.376109,0.052574,-0.529385,-0.248065,-0.180907,1.416348,-0.022437,0.261800,0.034783,-0.045230,0.329583,0.014677,0.406983,-0.470678,1.016671,0.431280,0.030194,0.110267,-0.045255,-0.332627,0.469686,0.970116,-0.435662,-0.000722,-0.122072
-0.000396,0.040133,0.776173,-0.115009,-0.007268,-0.757146,0.643001,0.080778,0.129293,0.265928,0.434010,-0.375973,0.052675,-0.527510,-0.251506,-0.184551,1.415098,-0.021662,0.261800,0.033615,-0.044738,0.329382,0.016247,0.404721,-0.470580,1.017416,0.432158,0.029902,0.109616,-0.044948,-0.330834,0.468844,0.971733,-0.432523,-0.000972,-0.121666
-0.000321,0.040244,0.776132,-0.115081,-0.007622,-0.756947,0.643218,0.081251,0.128525,0.265548,0.433811,-0.375737,0.052880,-0.525741,-0.255057,-0.187947,1.413942,-0.020675,0.261800,0.032411,-0.044354,0.329480,0.018458,0.403094,-0.469603,1.016896,0.432999,0.029466,0.108692,-0.044119,-0.329632,0.467958,0.972384,-0.428342,-0.001361,-0.120901
-0.000249,0.040356,0.776076,-0.115144,-0.007959,-0.756781,0.643399,0.081710,0.127788,0.265250,0.433575,-0.375485,0.053115,-0.524177,-0.258346,-0.190859,1.412857,-0.019748,0.261800,0.031268,-0.043873,0.329228,0.019952,0.400411,-0.468095,1.017749,0.433904,0.029166,0.108209,-0.044071,-0.327785,0.467420,0.974422,-0.424545,-0.001634,-0.120317
-0.000164,0.040465,0.776043,-0.115213,-0.008249,-0.756722,0.643451,0.082157,0.127224,0.265261,0.433369,-0.375297,0.053309,-0.522934,-0.261010,-0.193034,1.411830,-0.019160,0.261800,0.030568,-0.043282,0.328941,0.021218,0.397586,-0.466180,1.018828,0.434388,0.029170,0.108248,-0.044083,-0.326005,0.467111,0.976507,-0.422092,-0.001653,-0.119945
-0.000094,0.040590,0.776013,-0.115280,-0.008475,-0.756797,0.643348,0.082555,0.126897,0.265661,0.433227,-0.375214,0.053442,-0.522135,-0.262835,-0.194278,1.410860,-0.019046,0.261800,0.030431,-0.042556,0.328651,0.022251,0.394692,-0.463867,1.020113,0.434259,0.029622,0.109022,-0.044093,-0.324373,0.466976,0.978507,-0.421574,-0.001292,-0.119776
-0.000031,0.040683,0.775991,-0.115350,-0.008649,-0.756961,0.643141,0.082916,0.126717,0.266316,0.433114,-0.375187,0.053551,-0.521689,-0.264061,-0.194766,1.409958,-0.019239,0.261800,0.030702,-0.041731,0.328356,0.023094,0.391682,-0.461085,1.021554,0.433705,0.030383,0.110328,-0.044094,-0.322864,0.466978,0.980461,-0.422308,-0.000677,-0.119715
0.000042,0.040804,0.775973,-0.115423,-0.008812,-0.757192,0.642854,0.083307,0.126616,0.267153,0.432998,-0.375178,0.053657,-0.521414,-0.265004,-0.194790,1.409120,-0.019567,0.261800,0.031227,-0.040837,0.328076,0.023850,0.388559,-0.457777,1.022962,0.433042,0.031220,0.111795,-0.044138,-0.321468,0.467233,0.982397,-0.423454,-0.000005,-0.119813
0.000087,0.040939,0.775924,-0.115506,-0.009002,-0.757464,0.642515,0.083762,0.126534,0.268086,0.432920,-0.375183,0.053776,-0.521113,-0.265983,-0.194648,1.408331,-0.019854,0.261800,0.031854,-0.039926,0.327834,0.024704,0.385356,-0.453797,1.024065,0.432658,0.031904,0.113041,-0.044264,-0.320189,0.467823,0.984323,-0.424205,0.000522,-0.120117
0.000138,0.041071,0.775907,-0.115627,-0.009202,-0.757801,0.642093,0.084312,0.126495,0.269161,0.432876,-0.375194,0.053916,-0.520821,-0.266902,-0.194236,1.407615,-0.020074,0.261800,0.032691,-0.038987,0.327681,0.025801,0.382172,-0.448865,1.024591,0.432754,0.032411,0.114034,-0.044395,-0.319055,0.468890,0.986123,-0.424474,0.000835,-0.120699
0.000212,0.041202,0.775853,-0.115755,-0.009420,-0.758206,0.641588,0.084927,0.126519,0.270399,0.432864,-0.375225,0.054068,-0.520606,-0.267648,-0.193454,1.406953,-0.020304,0.261800,0.033654,-0.037991,0.327522,0.026961,0.378754,-0.443003,1.024958,0.433189,0.032856,0.114997,-0.044736,-0.317982,0.470493,0.988100,-0.424653,0.001058,-0.121551
0.000279,0.041335,0.775828,-0.115885,-0.009650,-0.758627,0.641064,0.085595,0.126526,0.271689,0.432813,-0.375237,0.054221,-0.520350,-0.268528,-0.192620,1.406333,-0.020559,0.261800,0.034623,-0.037013,0.327402,0.028133,0.375315,-0.436863,1.025121,0.433546,0.033196,0.115769,-0.045146,-0.317009,0.472210,0.990014,-0.424604,0.001240,-0.122483
0.000324,0.041469,0.775808,-0.116003,-0.009903,-0.759012,0.640583,0.086330,0.126420,0.272919,0.432589,-0.375162,0.054370,-0.519926,-0.269842,-0.192047,1.405716,-0.020836,0.261800,0.035399,-0.036125,0.327316,0.029226,0.371944,-0.431010,1.025197,0.433461,0.033394,0.116220,-0.045614,-0.316111,0.473698,0.991809,-0.424211,0.001438,-0.123331
0.000393,0.041610,0.775798,-0.116100,-0.010189,-0.759370,0.640136,0.087178,0.126179,0.274139,0.432126,-0.374976,0.054515,-0.519284,-0.271809,-0.191899,1.405127,-0.021108,0.261800,0.036130,-0.035403,0.327361,0.030377,0.368890,-0.425388,1.024871,0.432577,0.033390,0.116101,-0.046019,-0.315314,0.474764,0.993284,-0.423315,0.001631,-0.124057
0.000420,0.041748,0.775758,-0.116197,-0.010489,-0.759722,0.639696,0.088139,0.125853,0.275383,0.431466,-0.374699,0.054657,-0.518498,-0.274217,-0.191991,1.404575,-0.021385,0.261800,0.036674,-0.034738,0.327399,0.031469,0.365659,-0.419593,1.024587,0.431310,0.033232,0.115634,-0.046694,-0.314483,0.475848,0.994939,-0.422017,0.001821,-0.124805
0.000492,0.041856,0.775730,-0.116270,-0.010814,-0.760034,0.639306,0.089083,0.125453,0.276515,0.430771,-0.374386,0.054794,-0.517618,-0.276745,-0.192085,1.403980,-0.021719,0.261800,0.037095,-0.034160,0.327442,0.032447,0.362622,-0.414315,1.024190,0.429963,0.033010,0.115102,-0.047359,-0.313720,0.476721,0.996462,-0.420639,0.002022,-0.125504
0.000550,0.041997,0.775718,-0.116334,-0.011135,-0.760270,0.639008,0.089892,0.124986,0.277401,0.430186,-0.374083,0.054927,-0.516705,-0.279069,-0.191940,1.403291,-0.022171,0.261800,0.037338,-0.033699,0.327502,0.033358,0.360102,-0.410088,1.023487,0.428897,0.032806,0.114790,-0.047797,-0.313093,0.477274,0.997566,-0.419484,0.002255,-0.126085
0.000625,0.042152,0.775685,-0.116372,-0.011478,-0.760409,0.638830,0.090555,0.124398,0.277966,0.429721,-0.373779,0.055060,-0.515753,-0.281224,-0.191479,1.402532,-0.022833,0.261800,0.037220,-0.033361,0.327545,0.034188,0.357914,-0.406789,1.022621,0.428313,0.032635,0.114879,-0.048200,-0.312554,0.477627,0.998498,-0.418596,0.002564,-0.126570
0.000675,0.042272,0.775666,-0.116396,-0.011839,-0.760471,0.638745,0.091131,0.123704,0.278290,0.429315,-0.373458,0.055193,-0.514736,-0.283343,-0.190839,1.401714,-0.023646,0.261800,0.036700,-0.033057,0.327474,0.034759,0.355597,-0.404124,1.022047,0.428098,0.032469,0.115272,-0.048808,-0.312006,0.477931,0.999643,-0.417842,0.002943,-0.127026
0.000724,0.042447,0.775653,-0.116410,-0.012179,-0.760497,0.638706,0.091601,0.123030,0.278492,0.428969,-0.373151,0.055310,-0.513670,-0.285246,-0.190099,1.400760,-0.024440,0.261800,0.036174,-0.032837,0.327420,0.035253,0.353880,-0.402544,1.021153,0.427895,0.032294,0.115640,-0.049108,-0.311607,0.477912,1.000257,-0.417174,0.003302,-0.127369
0.000751,0.042597,0.775614,-0.116429,-0.012452,-0.760522,0.638667,0.091938,0.122517,0.278680,0.428714,-0.372899,0.055398,-0.512567,-0.286750,-0.189345,1.399581,-0.025042,0.261800,0.035564,-0.032556,0.327209,0.035408,0.352361,-0.402096,1.020518,0.427702,0.032134,0.115911,-0.049360,-0.311264,0.477879,1.000718,-0.416526,0.003611,-0.127663
0.000768,0.042768,0.775595,-0.116447,-0.012639,-0.760553,0.638623,0.092089,0.122245,0.278872,0.428588,-0.372732,0.055463,-0.511403,-0.287752,-0.188610,1.398073,-0.025442,0.261800,0.034942,-0.032206,0.326819,0.035232,0.351235,-0.403071,1.020001,0.427359,0.032004,0.116017,-0.049424,-0.311021,0.477709,1.000778,-0.415694,0.003825,-0.127887
0.000773,0.042924,0.775571,-0.116459,-0.012764,-0.760573,0.638595,0.092064,0.122135,0.279011,0.428611,-0.372644,0.055509,-0.510182,-0.288369,-0.187845,1.396311,-0.025719,0.261800,0.034236,-0.031823,0.326303,0.034815,0.350452,-0.405245,1.019519,0.427005,0.031889,0.116042,-0.049332,-0.310859,0.477393,1.000482,-0.414776,0.003980,-0.128038
0.000781,0.043092,0.775544,-0.116471,-0.012868,-0.760582,0.638579,0.091990,0.122057,0.279100,0.428644,-0.372555,0.055519,-0.508946,-0.288730,-0.187005,1.394466,-0.025834,0.261800,0.033717,-0.031362,0.325655,0.033747,0.349699,-0.408688,1.019658,0.426685,0.031785,0.116088,-0.049043,-0.310737,0.476795,1.000154,-0.414232,0.004133,-0.128139
0.000752,0.043280,0.775530,-0.116480,-0.012998,-0.760583,0.638574,0.091951,0.121886,0.279133,0.428641,-0.372437,0.055479,-0.507743,-0.288978,-0.186046,1.392724,-0.025759,0.261800,0.032685,-0.031133,0.325205,0.033297,0.349441,-0.411810,1.019086,0.426826,0.031599,0.115957,-0.049145,-0.310717,0.476837,0.999961,-0.414286,0.004340,-0.128158
0.000736,0.043456,0.775511,-0.116463,-0.013177,-0.760578,0.638579,0.091950,0.121596,0.279088,0.428600,-0.372276,0.055369,-0.506592,-0.289054,-0.184880,1.391088,-0.025386,0.261800,0.032061,-0.030898,0.324678,0.032023,0.349278,-0.416320,1.019377,0.427074,0.031361,0.115859,-0.048912,-0.310747,0.476622,0.999848,-0.415567,0.004679,-0.128120
0.000721,0.043646,0.775471,-0.116445,-0.013365,-0.760561,0.638599,0.091947,0.121248,0.278963,0.428552,-0.372100,0.055202,-0.505461,-0.288928,-0.183560,1.389474,-0.024760,0.261800,0.031023,-0.030783,0.324237,0.030945,0.349365,-0.421017,1.019455,0.427781,0.031072,0.115660,-0.049027,-0.310837,0.476850,0.999955,-0.417676,0.005104,-0.127999
0.000689,0.043802,0.775439,-0.116417,-0.013570,-0.760542,0.638623,0.091971,0.120865,0.278833,0.428462,-0.371902,0.055009,-0.504336,-0.288725,-0.182237,1.387934,-0.024090,0.261800,0.030019,-0.030732,0.323803,0.029724,0.349655,-0.426127,1.019632,0.428531,0.030750,0.115410,-0.049077,-0.310982,0.477138,1.000055,-0.419743,0.005473,-0.127857
0.000665,0.043993,0.775430,-0.116390,-0.013790,-0.760528,0.638640,0.092061,0.120467,0.278776,0.428293,-0.371684,0.054820,-0.503188,-0.288575,-0.181075,1.386480,-0.023560,0.261800,0.029134,-0.030734,0.323394,0.028449,0.350103,-0.431257,1.019805,0.429157,0.030405,0.115111,-0.048944,-0.311171,0.477402,1.000016,-0.420909,0.005635,-0.127731
0.000612,0.044175,0.775409,-0.116368,-0.014017,-0.760521,0.638646,0.092196,0.120100,0.278809,0.428104,-0.371481,0.054624,-0.502011,-0.288486,-0.180148,1.385121,-0.023202,0.261800,0.028153,-0.030772,0.322997,0.027242,0.350622,-0.436141,1.019943,0.429736,0.029986,0.114717,-0.048884,-0.311375,0.477907,1.000063,-0.420826,0.005498,-0.127632
0.000592,0.044335,0.775394,-0.116351,-0.014249,-0.760522,0.638644,0.092361,0.119738,0.278903,0.427899,-0.371288,0.054410,-0.500824,-0.288396,-0.179348,1.383827,-0.022905,0.261800,0.027896,-0.030830,0.322610,0.025492,0.351624,-0.442187,1.020270,0.429826,0.029535,0.114244,-0.047919,-0.311769,0.477795,0.999371,-0.420053,0.005175,-0.127512
0.000561,0.044530,0.775380,-0.116320,-0.014512,-0.760520,0.638646,0.092605,0.119306,0.279023,0.427564,-0.371041,0.054209,-0.499636,-0.288330,-0.178599,1.382652,-0.022713,0.261800,0.026741,-0.031013,0.322262,0.024281,0.352255,-0.446762,1.020498,0.430522,0.029069,0.113789,-0.047934,-0.312016,0.478656,0.999489,-0.418840,0.004787,-0.127446
0.000521,0.044717,0.775355,-0.116266,-0.014811,-0.760516,0.638653,0.092941,0.118719,0.279165,0.427033,-0.370704,0.054048,-0.498484,-0.288317,-0.177787,1.381631,-0.022647,0.261800,0.026393,-0.031259,0.321952,0.022612,0.353285,-0.452307,1.020830,0.430662,0.028776,0.113457,-0.047029,-0.312404,0.478717,0.998854,-0.417592,0.004461,-0.127382
0.000476,0.044889,0.775318,-0.116172,-0.015195,-0.760503,0.638677,0.093457,0.117879,0.279334,0.426211,-0.370262,0.053943,-0.497328,-0.288456,-0.176877,1.380819,-0.022783,0.261800,0.026197,-0.031725,0.321888,0.021085,0.354624,-0.457557,1.020780,0.430880,0.028640,0.113216,-0.045879,-0.312912,0.478399,0.997792,-0.416226,0.004140,-0.127341
0.000423,0.045048,0.775288,-0.116051,-0.015642,-0.760484,0.638710,0.094126,0.116858,0.279536,0.425138,-0.369722,0.053875,-0.496163,-0.288698,-0.175931,1.380172,-0.023074,0.261800,0.025482,-0.032316,0.321780,0.019650,0.355479,-0.461924,1.021112,0.431449,0.028611,0.113168,-0.045334,-0.313227,0.478689,0.997359,-0.414482,0.003843,-0.127452
0.000380,0.045236,0.775259,-0.115927,-0.016072,-0.760468,0.638742,0.094766,0.115834,0.279732,0.424039,-0.369142,0.053823,-0.495073,-0.288857,-0.174994,1.379617,-0.023405,0.261800,0.025084,-0.032886,0.321664,0.018009,0.356428,-0.466483,1.021547,0.431841,0.028644,0.113153,-0.044486,-0.313565,0.478683,0.996754,-0.412948,0.003613,-0.127480
0.000312,0.045439,0.775207,-0.115795,-0.016438,-0.760465,0.638760,0.095203,0.114995,0.279885,0.423140,-0.368574,0.053766,-0.494133,-0.288746,-0.174120,1.379078,-0.023649,0.261800,0.024415,-0.033335,0.321453,0.016462,0.357139,-0.470349,1.022090,0.432343,0.028632,0.113090,-0.043992,-0.313807,0.479082,0.996570,-0.412051,0.003554,-0.127322
0.000254,0.045667,0.775205,-0.115665,-0.016694,-0.760478,0.638761,0.095360,0.114391,0.279972,0.422475,-0.368002,0.053693,-0.493402,-0.288310,-0.173319,1.378531,-0.023780,0.261800,0.024240,-0.033610,0.321127,0.014642,0.358193,-0.474860,1.022624,0.432241,0.028557,0.112848,-0.043016,-0.314140,0.479182,0.996127,-0.412318,0.003794,-0.126758
0.000162,0.045883,0.775226,-0.115519,-0.016896,-0.760504,0.638752,0.095340,0.113934,0.280015,0.421943,-0.367413,0.053617,-0.492818,-0.287644,-0.172572,1.378013,-0.023860,0.261800,0.023739,-0.033810,0.320741,0.012954,0.359081,-0.478676,1.023207,0.432226,0.028421,0.112513,-0.042429,-0.314397,0.479726,0.996087,-0.413369,0.004258,-0.125943
0.000092,0.046092,0.775243,-0.115382,-0.017065,-0.760535,0.638735,0.095233,0.113554,0.280054,0.421524,-0.366846,0.053554,-0.492321,-0.286817,-0.171850,1.377559,-0.023907,0.261800,0.023533,-0.033987,0.320361,0.011326,0.360207,-0.482443,1.023540,0.432093,0.028367,0.112229,-0.041528,-0.314684,0.480054,0.995804,-0.414286,0.004681,-0.125167
-0.000003,0.046295,0.775246,-0.115266,-0.017238,-0.760566,0.638714,0.095132,0.113202,0.280119,0.421208,-0.366355,0.053518,-0.491838,-0.285894,-0.171138,1.377203,-0.023938,0.261800,0.023148,-0.034159,0.319988,0.009990,0.361039,-0.485158,1.023786,0.432454,0.028472,0.112219,-0.040852,-0.314861,0.480597,0.995735,-0.414133,0.004820,-0.124778
-0.000105,0.046512,0.775231,-0.115165,-0.017427,-0.760603,0.638683,0.095046,0.112889,0.280233,0.421016,-0.365953,0.053502,-0.491363,-0.284849,-0.170426,1.376944,-0.023938,0.261800,0.022957,-0.034350,0.319630,0.008878,0.361819,-0.487221,1.023821,0.433338,0.028893,0.112617,-0.040027,-0.314986,0.480988,0.995567,-0.412059,0.004499,-0.125034
-0.000190,0.046717,0.775225,-0.115083,-0.017608,-0.760645,0.638643,0.094940,0.112638,0.280377,0.420929,-0.365607,0.053502,-0.490920,-0.283665,-0.169731,1.376766,-0.023901,0.261800,0.022906,-0.034532,0.319263,0.007908,0.362551,-0.488757,1.023734,0.434560,0.029537,0.113300,-0.039089,-0.315067,0.481294,0.995348,-0.408765,0.003889,-0.125704
-0.000259,0.046917,0.775215,-0.115008,-0.017787,-0.760684,0.638606,0.094813,0.112395,0.280514,0.420915,-0.365301,0.053539,-0.490519,-0.282406,-0.169052,1.376669,-0.023865,0.261800,0.022816,-0.034679,0.318900,0.007060,0.363124,-0.489690,1.023622,0.435778,0.030162,0.114033,-0.038207,-0.315095,0.481684,0.995221,-0.405667,0.003253,-0.126357
-0.000344,0.047111,0.775200,-0.114923,-0.017981,-0.760713,0.638580,0.094688,0.112107,0.280616,0.420898,-0.365000,0.053632,-0.490164,-0.281149,-0.168383,1.376669,-0.023876,0.261800,0.022724,-0.034839,0.318565,0.006450,0.363741,-0.490232,1.023226,0.436468,0.030579,0.114549,-0.037283,-0.315093,0.482190,0.995067,-0.404131,0.002885,-0.126594
-0.000429,0.047289,0.775189,-0.114838,-0.018179,-0.760728,0.638573,0.094523,0.111791,0.280650,0.420946,-0.364736,0.053800,-0.489823,-0.279899,-0.167775,1.376743,-0.023941,0.261800,0.022594,-0.034880,0.318237,0.005745,0.364028,-0.490300,1.023041,0.436573,0.030667,0.114856,-0.036406,-0.315082,0.482759,0.995087,-0.405043,0.002870,-0.126256
-0.000511,0.047479,0.775170,-0.114754,-0.018380,-0.760732,0.638577,0.094340,0.111458,0.280639,0.421034,-0.364492,0.054028,-0.489519,-0.278626,-0.167207,1.376909,-0.024045,0.261800,0.022445,-0.034917,0.317893,0.005275,0.364339,-0.489940,1.022629,0.436167,0.030571,0.115029,-0.035486,-0.315060,0.483551,0.995122,-0.407335,0.003072,-0.125609
-0.000583,0.047670,0.775137,-0.114667,-0.018591,-0.760732,0.638586,0.094175,0.111077,0.280634,0.421109,-0.364255,0.054286,-0.489278,-0.277329,-0.166600,1.377160,-0.024162,0.261800,0.022061,-0.035055,0.317608,0.005299,0.364783,-0.488877,1.021732,0.435624,0.030383,0.115045,-0.034709,-0.315002,0.484666,0.995129,-0.409955,0.003371,-0.124762
-0.000650,0.047861,0.775104,-0.114566,-0.018831,-0.760733,0.638597,0.094081,0.110625,0.280691,0.421084,-0.363986,0.054546,-0.489139,-0.276000,-0.165879,1.377525,-0.024283,0.261800,0.021950,-0.035164,0.317306,0.005049,0.365034,-0.487982,1.021148,0.435055,0.030252,0.115034,-0.033658,-0.314945,0.485368,0.994874,-0.412034,0.003638,-0.123820
-0.000725,0.048045,0.775072,-0.114448,-0.019106,-0.760731,0.638612,0.094084,0.110045,0.280833,0.420908,-0.363662,0.054808,-0.489148,-0.274660,-0.164966,1.378073,-0.024427,0.261800,0.021847,-0.035378,0.317024,0.004998,0.365238,-0.486772,1.020388,0.434469,0.030185,0.114891,-0.032490,-0.314868,0.485944,0.994286,-0.413315,0.003950,-0.122616
-0.000783,0.048220,0.775030,-0.114310,-0.019419,-0.760726,0.638632,0.094164,0.109371,0.281036,0.420618,-0.363296,0.055085,-0.489276,-0.273297,-0.163921,1.378774,-0.024596,0.261800,0.021666,-0.035710,0.316785,0.005203,0.365462,-0.485016,1.019408,0.433845,0.030104,0.114599,-0.031335,-0.314739,0.486550,0.993518,-0.414330,0.004329,-0.121153
-0.000860,0.048385,0.774968,-0.114175,-0.019731,-0.760726,0.638648,0.094253,0.108695,0.281242,0.420351,-0.362958,0.055366,-0.489447,-0.271891,-0.162872,1.379493,-0.024735,0.261800,0.021735,-0.035969,0.316507,0.005167,0.365569,-0.483609,1.018700,0.433193,0.030048,0.114337,-0.029936,-0.314625,0.486909,0.992625,-0.415027,0.004621,-0.119837
-0.000909,0.048545,0.774925,-0.114068,-0.020007,-0.760734,0.638649,0.094291,0.108104,0.281394,0.420233,-0.362709,0.055643,-0.489571,-0.270418,-0.161948,1.380090,-0.024789,0.261800,0.021866,-0.036099,0.316209,0.005071,0.365623,-0.482536,1.018100,0.432819,0.030025,0.114184,-0.028565,-0.314500,0.487293,0.991944,-0.415289,0.004652,-0.119079
-0.000977,0.048707,0.774871,-0.113973,-0.020226,-0.760748,0.638642,0.094162,0.107670,0.281407,0.420405,-0.362611,0.055912,-0.489656,-0.268842,-0.161238,1.380511,-0.024690,0.261800,0.021781,-0.036077,0.315891,0.005256,0.365654,-0.481464,1.017278,0.433109,0.030088,0.114212,-0.027493,-0.314358,0.487994,0.991677,-0.414874,0.004323,-0.119241
-0.001039,0.048841,0.774845,-0.113886,-0.020410,-0.760771,0.638624,0.093926,0.107343,0.281346,0.420771,-0.362610,0.056177,-0.489743,-0.267174,-0.160651,1.380837,-0.024482,0.261800,0.021771,-0.035930,0.315532,0.005370,0.365660,-0.480696,1.016556,0.433667,0.030196,0.114358,-0.026407,-0.314224,0.488721,0.991551,-0.413866,0.003721,-0.120022
-0.001088,0.048964,0.774780,-0.113811,-0.020624,-0.760799,0.638597,0.093820,0.106969,0.281327,0.421041,-0.362600,0.056446,-0.489797,-0.265526,-0.160060,1.381155,-0.024301,0.261800,0.021914,-0.035731,0.315220,0.005422,0.365648,-0.480253,1.015903,0.434191,0.030284,0.114484,-0.025213,-0.314123,0.489260,0.991394,-0.412802,0.003047,-0.120802
-0.001126,0.049064,0.774736,-0.113752,-0.020925,-0.760832,0.638558,0.094055,0.106401,0.281470,0.420981,-0.362485,0.056729,-0.489793,-0.264012,-0.159331,1.381551,-0.024273,0.261800,0.021588,-0.035789,0.314847,0.005997,0.365576,-0.479306,1.015218,0.434576,0.030259,0.114456,-0.024460,-0.313822,0.490481,0.991674,-0.411950,0.002602,-0.121137
-0.001165,0.049157,0.774671,-0.113707,-0.021362,-0.760865,0.638512,0.094783,0.105553,0.281838,0.420406,-0.362201,0.057007,-0.489685,-0.262692,-0.158394,1.382073,-0.024503,0.261800,0.021817,-0.035849,0.314798,0.006156,0.365550,-0.479126,1.014709,0.434334,0.030090,0.114176,-0.023329,-0.313753,0.490692,0.991507,-0.411790,0.002261,-0.120456
-0.001173,0.049236,0.774628,-0.113672,-0.021898,-0.760901,0.638458,0.095906,0.104476,0.282375,0.419382,-0.361759,0.057285,-0.489503,-0.261509,-0.157306,1.382657,-0.024896,0.261800,0.022003,-0.036103,0.314747,0.006498,0.365509,-0.478933,1.014282,0.433922,0.029828,0.113730,-0.021993,-0.313671,0.490931,0.991173,-0.411901,0.002069,-0.119320
-0.001191,0.049314,0.774560,-0.113648,-0.022467,-0.760953,0.638380,0.097152,0.103338,0.282980,0.418304,-0.361321,0.057599,-0.489340,-0.260371,-0.156171,1.383292,-0.025314,0.261800,0.021929,-0.036492,0.314454,0.007249,0.365306,-0.478522,1.013962,0.433578,0.029548,0.113297,-0.020664,-0.313327,0.491757,0.991035,-0.412098,0.002077,-0.118227
-0.001198,0.049363,0.774508,-0.113658,-0.022959,-0.761022,0.638279,0.098156,0.102428,0.283496,0.417693,-0.361103,0.057974,-0.489245,-0.259125,-0.155214,1.383917,-0.025597,0.261800,0.021851,-0.036618,0.314081,0.007868,0.364986,-0.478482,1.013871,0.433108,0.029278,0.113032,-0.019927,-0.312842,0.492846,0.991653,-0.412235,0.002093,-0.117486
-0.001188,0.049425,0.774451,-0.113697,-0.023377,-0.761121,0.638139,0.098882,0.101785,0.283911,0.417633,-0.361148,0.058437,-0.489245,-0.257712,-0.154417,1.384517,-0.025677,0.261800,0.021946,-0.036436,0.313650,0.008430,0.364733,-0.479122,1.013745,0.432290,0.028998,0.112951,-0.019007,-0.312489,0.494113,0.992125,-0.412356,0.002236,-0.117246
-0.001159,0.049459,0.774398,-0.113776,-0.023741,-0.761240,0.637970,0.099475,0.101293,0.284285,0.417910,-0.361365,0.058967,-0.489310,-0.256210,-0.153709,1.385140,-0.025655,0.261800,0.022036,-0.036084,0.313023,0.008994,0.364391,-0.480230,1.013851,0.431173,0.028693,0.113023,-0.018246,-0.312063,0.495809,0.992975,-0.412404,0.002501,-0.117349
-0.001145,0.049474,0.774332,-0.113864,-0.024084,-0.761369,0.637786,0.099987,0.100876,0.284644,0.418358,-0.361670,0.059525,-0.489413,-0.254723,-0.153109,1.385750,-0.025595,0.261800,0.022155,-0.035658,0.312322,0.009626,0.363945,-0.481370,1.014037,0.430270,0.028447,0.113124,-0.017542,-0.311596,0.497578,0.993946,-0.412472,0.002770,-0.117484
-0.001137,0.049515,0.774266,-0.113947,-0.024417,-0.761499,0.637605,0.100483,0.100451,0.285018,0.418790,-0.361959,0.060071,-0.489544,-0.253358,-0.152632,1.386346,-0.025586,0.261800,0.022504,-0.035244,0.312005,0.010557,0.363806,-0.481920,1.013480,0.430222,0.028278,0.112964,-0.016422,-0.311479,0.498502,0.994018,-0.412853,0.002835,-0.117163
-0.001100,0.049525,0.774182,-0.114016,-0.024740,-0.761632,0.637421,0.100951,0.100001,0.285404,0.419182,-0.362213,0.060604,-0.489733,-0.252108,-0.152266,1.386937,-0.025638,0.261800,0.022648,-0.034912,0.311170,0.011825,0.363304,-0.482237,1.013345,0.430869,0.028384,0.112871,-0.015532,-0.311173,0.500318,0.994671,-0.412726,0.002859,-0.116656
-0.001056,0.049525,0.774107,-0.114096,-0.025043,-0.761769,0.637231,0.101380,0.099567,0.285790,0.419620,-0.362478,0.061141,-0.489964,-0.250931,-0.152010,1.387522,-0.025707,0.261800,0.022698,-0.034565,0.310424,0.013245,0.362497,-0.481723,1.013250,0.432615,0.028587,0.112690,-0.014931,-0.310806,0.502003,0.995507,-0.412828,0.002748,-0.115865
-0.000990,0.049532,0.774035,-0.114173,-0.025328,-0.761905,0.637043,0.101746,0.099174,0.286184,0.420153,-0.362801,0.061676,-0.490206,-0.249867,-0.151893,1.388086,-0.025810,0.261800,0.022798,-0.034166,0.309691,0.014745,0.361718,-0.481251,1.013025,0.434362,0.028828,0.112444,-0.014176,-0.310528,0.503402,0.996099,-0.412900,0.002566,-0.115029
-0.000921,0.049516,0.773963,-0.114252,-0.025589,-0.762028,0.636871,0.102056,0.098833,0.286597,0.420754,-0.363184,0.062204,-0.490385,-0.248954,-0.151962,1.388561,-0.025932,0.261800,0.022648,-0.033641,0.308782,0.016119,0.360620,-0.481032,1.013167,0.435430,0.029018,0.112252,-0.013628,-0.310191,0.504829,0.996980,-0.412714,0.002371,-0.114464
-0.000850,0.049522,0.773872,-0.114344,-0.025807,-0.762141,0.636711,0.102264,0.098589,0.287076,0.421503,-0.363682,0.062745,-0.490494,-0.248217,-0.152274,1.388949,-0.026131,0.261800,0.022564,-0.033022,0.307828,0.017501,0.359779,-0.481509,1.013063,0.435254,0.029128,0.112016,-0.012848,-0.309949,0.505736,0.997585,-0.412181,0.002104,-0.114207
-0.000771,0.049505,0.773796,-0.114433,-0.026001,-0.762247,0.636560,0.102379,0.098422,0.287601,0.422387,-0.364279,0.063294,-0.490566,-0.247634,-0.152787,1.389280,-0.026389,0.261800,0.022446,-0.032389,0.306939,0.019159,0.359326,-0.482203,1.012411,0.434364,0.029186,0.111665,-0.011912,-0.309811,0.506291,0.997827,-0.411410,0.001750,-0.114091
-0.000677,0.049475,0.773709,-0.114521,-0.026187,-0.762339,0.636427,0.102503,0.098237,0.288082,0.423217,-0.364852,0.063809,-0.490609,-0.247170,-0.153399,1.389535,-0.026604,0.261800,0.022329,-0.031595,0.305709,0.020240,0.358167,-0.483442,1.012862,0.433272,0.029287,0.111474,-0.011121,-0.309470,0.506873,0.998624,-0.410623,0.001442,-0.114138
-0.000583,0.049440,0.773638,-0.114594,-0.026390,-0.762409,0.636322,0.102723,0.097930,0.288425,0.423844,-0.365300,0.064246,-0.490657,-0.246806,-0.153983,1.389747,-0.026692,0.261800,0.022165,-0.030918,0.304670,0.021539,0.357291,-0.484437,1.012943,0.432692,0.029375,0.111124,-0.010244,-0.309232,0.507334,0.999067,-0.410295,0.001174,-0.114013
-0.000475,0.049398,0.773583,-0.114649,-0.026628,-0.762451,0.636251,0.103058,0.097446,0.288551,0.424247,-0.365586,0.064613,-0.490719,-0.246561,-0.154536,1.389937,-0.026597,0.261800,0.021934,-0.030348,0.303794,0.023047,0.356586,-0.485183,1.012704,0.432784,0.029573,0.110601,-0.009253,-0.309059,0.507797,0.999148,-0.410608,0.000994,-0.113674
-0.000373,0.049365,0.773512,-0.114695,-0.026880,-0.762471,0.636207,0.103461,0.096843,0.288529,0.424502,-0.365769,0.064927,-0.490780,-0.246443,-0.155111,1.390094,-0.026377,0.261800,0.021653,-0.029970,0.303227,0.024591,0.356353,-0.485593,1.012164,0.433259,0.029664,0.109802,-0.008293,-0.308999,0.508078,0.998873,-0.411352,0.000754,-0.113132
-0.000240,0.049294,0.773462,-0.114727,-0.027129,-0.762478,0.636183,0.103922,0.096216,0.288487,0.424581,-0.365876,0.065157,-0.490822,-0.246388,-0.155693,1.390139,-0.026101,0.261800,0.021302,-0.029318,0.301969,0.025720,0.355025,-0.486780,1.013003,0.433661,0.029852,0.109390,-0.007354,-0.308721,0.508770,0.999357,-0.411944,0.000702,-0.112822
-0.000099,0.049219,0.773404,-0.114772,-0.027350,-0.762476,0.636168,0.104478,0.095616,0.288563,0.424429,-0.365926,0.065280,-0.490818,-0.246357,-0.156243,1.390022,-0.025849,0.261800,0.020859,-0.028694,0.300926,0.026850,0.353867,-0.487872,1.013682,0.434061,0.029767,0.109004,-0.006538,-0.308508,0.509185,0.999702,-0.412417,0.000666,-0.112559
0.000045,0.049151,0.773326,-0.114812,-0.027550,-0.762473,0.636156,0.105168,0.095051,0.288859,0.423920,-0.365881,0.065260,-0.490773,-0.246337,-0.156758,1.389692,-0.025643,0.261800,0.020325,-0.028109,0.299864,0.028261,0.352976,-0.489173,1.014083,0.434186,0.029308,0.108804,-0.005764,-0.308364,0.509621,0.999990,-0.412552,0.000762,-0.112531
0.000182,0.049061,0.773289,-0.114847,-0.027733,-0.762466,0.636150,0.105963,0.094494,0.289282,0.423131,-0.365753,0.065121,-0.490698,-0.246352,-0.157254,1.389192,-0.025442,0.261800,0.019756,-0.027502,0.298729,0.029638,0.352064,-0.490766,1.014651,0.434161,0.028589,0.108771,-0.005019,-0.308230,0.510042,1.000323,-0.412509,0.000967,-0.112669
0.000349,0.048971,0.773273,-0.114879,-0.027915,-0.762437,0.636171,0.106805,0.093933,0.289672,0.422217,-0.365576,0.064925,-0.490580,-0.246419,-0.157728,1.388598,-0.025227,0.261800,0.018976,-0.027003,0.297776,0.031443,0.351550,-0.492099,1.014578,0.434217,0.027847,0.108578,-0.004304,-0.308153,0.510361,1.000406,-0.412352,0.001116,-0.112695
0.000481,0.048917,0.773247,-0.114932,-0.028084,-0.762374,0.636229,0.107611,0.093384,0.289869,0.421374,-0.365400,0.064728,-0.490391,-0.246536,-0.158193,1.387929,-0.024949,0.261800,0.018332,-0.026376,0.296659,0.032647,0.350695,-0.494010,1.015334,0.434161,0.027411,0.108302,-0.003437,-0.308026,0.510303,1.000669,-0.412007,0.001106,-0.112503
0.000643,0.048837,0.773243,-0.115017,-0.028259,-0.762268,0.636333,0.108431,0.092820,0.289816,0.420596,-0.365212,0.064507,-0.490091,-0.246721,-0.158643,1.387196,-0.024582,0.261800,0.017681,-0.025669,0.295656,0.033467,0.349551,-0.496047,1.016481,0.434281,0.027395,0.107735,-0.002467,-0.307856,0.509544,1.000885,-0.411679,0.000817,-0.111829
0.000788,0.048779,0.773236,-0.115118,-0.028442,-0.762129,0.636473,0.109281,0.092241,0.289606,0.419803,-0.364995,0.064243,-0.489716,-0.246971,-0.159071,1.386391,-0.024159,0.261800,0.016831,-0.025006,0.294783,0.034413,0.348531,-0.497926,1.017438,0.434522,0.027614,0.106915,-0.001507,-0.307696,0.508518,1.000984,-0.411216,0.000346,-0.110825
0.000950,0.048702,0.773273,-0.115220,-0.028595,-0.761964,0.636646,0.110060,0.091697,0.289293,0.419036,-0.364782,0.064007,-0.489321,-0.247257,-0.159497,1.385511,-0.023726,0.261800,0.015961,-0.024327,0.293897,0.035272,0.347559,-0.499921,1.018447,0.434755,0.027876,0.106028,-0.000526,-0.307544,0.507411,1.001083,-0.410624,-0.000174,-0.109813
0.001111,0.048621,0.773270,-0.115309,-0.028685,-0.761779,0.636847,0.110692,0.091227,0.288936,0.418285,-0.364579,0.063869,-0.488992,-0.247555,-0.159932,1.384597,-0.023351,0.261800,0.015069,-0.023633,0.292929,0.036129,0.346734,-0.501956,1.019389,0.434938,0.027969,0.105201,0.000445,-0.307425,0.506598,1.001198,-0.409857,-0.000611,-0.109089
0.001271,0.048569,0.773288,-0.115384,-0.028694,-0.761571,0.637081,0.111116,0.090875,0.288542,0.417604,-0.364411,0.063893,-0.488725,-0.247839,-0.160429,1.383578,-0.023013,0.261800,0.014196,-0.022855,0.291813,0.036857,0.345953,-0.504159,1.020477,0.434982,0.027814,0.104452,0.001447,-0.307326,0.506097,1.001362,-0.408785,-0.000947,-0.108826
0.001419,0.048453,0.773311,-0.115455,-0.028643,-0.761338,0.637349,0.111394,0.090604,0.288081,0.416972,-0.364262,0.064027,-0.488487,-0.248133,-0.160959,1.382482,-0.022702,0.261800,0.012728,-0.022268,0.291014,0.038267,0.345783,-0.505190,1.020556,0.435390,0.027420,0.103469,0.002012,-0.307301,0.506123,1.001393,-0.407544,-0.001283,-0.108745
0.001590,0.048388,0.773346,-0.115514,-0.028553,-0.761089,0.637640,0.111599,0.090349,0.287564,0.416302,-0.364097,0.064164,-0.488311,-0.248472,-0.161435,1.381395,-0.022445,0.261800,0.012176,-0.021380,0.289511,0.038721,0.345142,-0.508372,1.021906,0.435019,0.027187,0.102907,0.003356,-0.307228,0.505848,1.001603,-0.406092,-0.001508,-0.108849
0.001773,0.048298,0.773361,-0.115550,-0.028472,-0.760835,0.637941,0.111833,0.090039,0.286994,0.415530,-0.363894,0.064196,-0.488201,-0.248900,-0.161762,1.380434,-0.022293,0.261800,0.011569,-0.020539,0.288229,0.038970,0.344401,-0.511109,1.023215,0.435170,0.026971,0.102431,0.004504,-0.307182,0.505500,1.001783,-0.405142,-0.001724,-0.108681
0.001947,0.048226,0.773393,-0.115551,-0.028415,-0.760576,0.638251,0.112145,0.089602,0.286381,0.414548,-0.363601,0.064125,-0.488188,-0.249490,-0.161915,1.379631,-0.022293,0.261800,0.010810,-0.019827,0.287014,0.039458,0.343751,-0.513442,1.024102,0.435870,0.026821,0.102129,0.005410,-0.307189,0.505510,1.002040,-0.404474,-0.001893,-0.108179
0.002103,0.048139,0.773450,-0.115528,-0.028354,-0.760311,0.638574,0.112469,0.089098,0.285722,0.413443,-0.363256,0.063999,-0.488267,-0.250199,-0.161938,1.378947,-0.022414,0.261800,0.010050,-0.019173,0.285793,0.039912,0.343130,-0.515723,1.024902,0.436857,0.026687,0.101979,0.006288,-0.307244,0.505721,1.002275,-0.403972,-0.002015,-0.107494
0.002241,0.048074,0.773507,-0.115512,-0.028265,-0.760030,0.638915,0.112749,0.088629,0.284996,0.412359,-0.362932,0.063779,-0.488370,-0.250904,-0.161863,1.378307,-0.022563,0.261800,0.009253,-0.018513,0.284585,0.040365,0.342545,-0.517936,1.025564,0.437857,0.026621,0.101875,0.007084,-0.307350,0.506067,1.002544,-0.403677,-0.002095,-0.106781
0.002406,0.047987,0.773554,-0.115509,-0.028150,-0.759726,0.639282,0.112908,0.088306,0.284185,0.411479,-0.362722,0.063428,-0.488452,-0.251491,-0.161710,1.377675,-0.022656,0.261800,0.008345,-0.017809,0.283440,0.040835,0.342051,-0.520019,1.026034,0.438577,0.026654,0.101686,0.007794,-0.307485,0.506507,1.002799,-0.403631,-0.002145,-0.106182
0.002574,0.047904,0.773616,-0.115548,-0.027972,-0.759405,0.639664,0.112907,0.088192,0.283301,0.410882,-0.362662,0.062946,-0.488529,-0.251842,-0.161415,1.377018,-0.022659,0.261800,0.007200,-0.017123,0.282478,0.041451,0.341840,-0.521585,1.026062,0.439109,0.026825,0.101282,0.008215,-0.307568,0.507069,1.003103,-0.404137,-0.002147,-0.105696
0.002721,0.047853,0.773679,-0.115607,-0.027746,-0.759068,0.640063,0.112757,0.088231,0.282343,0.410508,-0.362726,0.062349,-0.488626,-0.252048,-0.160994,1.376367,-0.022622,0.261800,0.006479,-0.016159,0.281150,0.041401,0.341325,-0.524476,1.026823,0.438751,0.027263,0.101050,0.009054,-0.307826,0.507706,1.003408,-0.404655,-0.002025,-0.105389
0.002877,0.047778,0.773734,-0.115670,-0.027516,-0.758702,0.640495,0.112599,0.088300,0.281297,0.410132,-0.362807,0.061624,-0.488663,-0.252294,-0.160581,1.375741,-0.022573,0.261800,0.005627,-0.015242,0.280045,0.041343,0.340844,-0.526797,1.027410,0.438564,0.027595,0.100743,0.009835,-0.308135,0.508176,1.003528,-0.405381,-0.001956,-0.105081
0.003000,0.047699,0.773757,-0.115739,-0.027305,-0.758293,0.640976,0.112549,0.088279,0.280149,0.409530,-0.362805,0.060758,-0.488583,-0.252777,-0.160309,1.375156,-0.022538,0.261800,0.004547,-0.014561,0.279116,0.041596,0.340609,-0.528422,1.027613,0.438550,0.027635,0.100397,0.010411,-0.308335,0.508656,1.003673,-0.405850,-0.002004,-0.104832
0.003117,0.047640,0.773814,-0.115812,-0.027128,-0.757839,0.641507,0.112674,0.088145,0.278903,0.408608,-0.362701,0.059681,-0.488329,-0.253552,-0.160228,1.374591,-0.022522,0.261800,0.003662,-0.013975,0.278212,0.041629,0.340325,-0.530147,1.028085,0.438345,0.027296,0.100149,0.011329,-0.308635,0.508835,1.003504,-0.405812,-0.002229,-0.104689
0.003217,0.047568,0.773844,-0.115886,-0.026982,-0.757345,0.642084,0.112906,0.087955,0.277564,0.407493,-0.362547,0.058424,-0.487965,-0.254526,-0.160253,1.374094,-0.022506,0.261800,0.002458,-0.013649,0.277616,0.041963,0.340260,-0.530810,1.028133,0.438481,0.026629,0.099803,0.011849,-0.308727,0.508952,1.003444,-0.405749,-0.002614,-0.104595
0.003326,0.047511,0.773883,-0.115953,-0.026824,-0.756815,0.642703,0.113121,0.087729,0.276114,0.406319,-0.362357,0.057123,-0.487542,-0.255617,-0.160354,1.373606,-0.022496,0.261800,0.001691,-0.013193,0.276729,0.041844,0.340061,-0.532562,1.028693,0.438044,0.025995,0.099637,0.013061,-0.309098,0.508891,1.003023,-0.405280,-0.002937,-0.104589
0.003417,0.047434,0.773948,-0.115994,-0.026652,-0.756254,0.643362,0.113200,0.087499,0.274538,0.405276,-0.362169,0.055913,-0.487123,-0.256754,-0.160490,1.373149,-0.022516,0.261800,0.000584,-0.012865,0.276008,0.041847,0.339962,-0.533578,1.028993,0.438075,0.025447,0.099393,0.013851,-0.309347,0.508915,1.002856,-0.405007,-0.003130,-0.104528
0.003515,0.047367,0.774007,-0.115992,-0.026461,-0.755653,0.644076,0.113043,0.087268,0.272769,0.404514,-0.362011,0.054892,-0.486694,-0.257965,-0.160693,1.372688,-0.022583,0.261800,-0.000396,-0.012431,0.275182,0.041501,0.339811,-0.535089,1.029502,0.438006,0.025098,0.099224,0.014972,-0.309837,0.508855,1.002450,-0.404611,-0.003071,-0.104465
0.003637,0.047296,0.774080,-0.115968,-0.026256,-0.755011,0.644841,0.112751,0.087008,0.270833,0.403886,-0.361843,0.053969,-0.486234,-0.259285,-0.160965,1.372248,-0.022692,0.261800,-0.001636,-0.012069,0.274388,0.041249,0.339706,-0.536232,1.029857,0.438176,0.024803,0.099044,0.015823,-0.310293,0.508942,1.002277,-0.404188,-0.002876,-0.104423
0.003685,0.047234,0.774138,-0.115927,-0.026043,-0.754353,0.645627,0.112451,0.086745,0.268859,0.403180,-0.361657,0.052989,-0.485770,-0.260606,-0.161243,1.371835,-0.022787,0.261800,-0.003082,-0.011834,0.273615,0.041090,0.339679,-0.536961,1.030120,0.438516,0.024578,0.098837,0.016304,-0.310519,0.509143,1.002511,-0.403894,-0.002664,-0.104356
0.003774,0.047146,0.774216,-0.115886,-0.025814,-0.753700,0.646405,0.112312,0.086488,0.266975,0.402077,-0.361384,0.051800,-0.485330,-0.261818,-0.161468,1.371439,-0.022802,0.261800,-0.004475,-0.011604,0.272807,0.040848,0.339677,-0.537731,1.030475,0.438710,0.024466,0.098640,0.016842,-0.310709,0.509322,1.002761,-0.403688,-0.002549,-0.104175
0.003828,0.047070,0.774319,-0.115846,-0.025557,-0.753057,0.647172,0.112428,0.086228,0.265238,0.400353,-0.360994,0.050268,-0.484948,-0.262890,-0.161593,1.371071,-0.022708,0.261800,-0.005770,-0.011381,0.271912,0.040482,0.339695,-0.538667,1.030995,0.438578,0.024509,0.098456,0.017497,-0.310895,0.509426,1.003018,-0.403621,-0.002543,-0.103794
0.003886,0.046994,0.774411,-0.115799,-0.025278,-0.752412,0.647942,0.112688,0.085975,0.263565,0.398223,-0.360530,0.048505,-0.484600,-0.263876,-0.161669,1.370724,-0.022542,0.261800,-0.006451,-0.011004,0.270915,0.039590,0.339781,-0.540684,1.031819,0.437832,0.024729,0.098333,0.019005,-0.311481,0.508936,1.002591,-0.403588,-0.002593,-0.103214
0.003971,0.046921,0.774516,-0.115757,-0.024992,-0.751766,0.648709,0.112966,0.085741,0.261895,0.396055,-0.360039,0.046733,-0.484225,-0.264817,-0.161751,1.370399,-0.022351,0.261800,-0.007717,-0.010793,0.270075,0.039100,0.339829,-0.541394,1.032371,0.437783,0.024933,0.098123,0.019611,-0.311659,0.508837,1.002951,-0.403817,-0.002745,-0.102652
0.004023,0.046822,0.774587,-0.115725,-0.024711,-0.751120,0.649473,0.113125,0.085547,0.260162,0.394194,-0.359557,0.045173,-0.483786,-0.265745,-0.161904,1.370069,-0.022163,0.261800,-0.008188,-0.010421,0.269307,0.038052,0.340046,-0.543104,1.033056,0.437636,0.025136,0.097939,0.021275,-0.312386,0.507976,1.002267,-0.404000,-0.002967,-0.102182
0.004062,0.046734,0.774681,-0.115706,-0.024449,-0.750470,0.650237,0.113149,0.085410,0.258315,0.392745,-0.359087,0.043844,-0.483224,-0.266677,-0.162157,1.369735,-0.021980,0.261800,-0.009249,-0.010186,0.268637,0.037381,0.340159,-0.543555,1.033612,0.438695,0.025252,0.097662,0.021961,-0.312695,0.507716,1.002555,-0.404283,-0.003337,-0.102042
0.004116,0.046664,0.774780,-0.115709,-0.024180,-0.749819,0.650998,0.113109,0.085316,0.256407,0.391498,-0.358604,0.042641,-0.482580,-0.267581,-0.162472,1.369394,-0.021779,0.261800,-0.010128,-0.009921,0.268079,0.036586,0.340337,-0.543986,1.034111,0.440209,0.025363,0.097333,0.022889,-0.313109,0.507244,1.002556,-0.404644,-0.003822,-0.102026
0.004172,0.046589,0.774883,-0.115701,-0.023920,-0.749173,0.651752,0.112979,0.085238,0.254498,0.390434,-0.358142,0.041592,-0.481941,-0.268466,-0.162812,1.369094,-0.021604,0.261800,-0.011026,-0.009702,0.267550,0.035794,0.340499,-0.544142,1.034602,0.441685,0.025442,0.097058,0.023621,-0.313444,0.506836,1.002769,-0.404989,-0.004314,-0.102046
0.004216,0.046509,0.774980,-0.115672,-0.023668,-0.748542,0.652491,0.112728,0.085142,0.252654,0.389535,-0.357733,0.040728,-0.481396,-0.269317,-0.163139,1.368879,-0.021491,0.261800,-0.011791,-0.009526,0.267080,0.034971,0.340725,-0.544217,1.034950,0.442427,0.025471,0.096911,0.024397,-0.313866,0.506323,1.002840,-0.405239,-0.004709,-0.101912
0.004273,0.046450,0.775075,-0.115630,-0.023405,-0.747925,0.653215,0.112293,0.085049,0.250883,0.388899,-0.357408,0.040155,-0.480974,-0.270139,-0.163464,1.368794,-0.021470,0.261800,-0.012425,-0.009373,0.266671,0.034166,0.341051,-0.544212,1.035070,0.442024,0.025419,0.096950,0.025266,-0.314434,0.505685,1.002693,-0.405282,-0.005019,-0.101526
0.004309,0.046415,0.775141,-0.115565,-0.023152,-0.747319,0.653929,0.111689,0.084962,0.249153,0.388527,-0.357156,0.039822,-0.480631,-0.270930,-0.163797,1.368800,-0.021508,0.261800,-0.012995,-0.009257,0.266288,0.033374,0.341418,-0.544033,1.035074,0.440938,0.025299,0.097119,0.026089,-0.315029,0.505010,1.002559,-0.405183,-0.005294,-0.101008
0.004348,0.046363,0.775216,-0.115499,-0.022896,-0.746728,0.654625,0.111067,0.084842,0.247466,0.388169,-0.356897,0.039527,-0.480336,-0.271698,-0.164105,1.368847,-0.021580,0.261800,-0.013518,-0.009216,0.265914,0.032516,0.341745,-0.543735,1.035134,0.439693,0.025173,0.097353,0.026708,-0.315518,0.504416,1.002638,-0.405112,-0.005472,-0.100515
0.004383,0.046336,0.775274,-0.115404,-0.022670,-0.746159,0.655298,0.110513,0.084668,0.245816,0.387703,-0.356631,0.039065,-0.480078,-0.272442,-0.164357,1.368895,-0.021664,0.261800,-0.013963,-0.009240,0.265589,0.031575,0.342040,-0.543366,1.035239,0.438835,0.025086,0.097545,0.027177,-0.315924,0.503920,1.002819,-0.405210,-0.005520,-0.100146
0.004416,0.046294,0.775325,-0.115291,-0.022469,-0.745613,0.655946,0.110071,0.084395,0.244187,0.387036,-0.356322,0.038351,-0.479870,-0.273178,-0.164501,1.368953,-0.021776,0.261800,-0.014303,-0.009367,0.265310,0.030495,0.342290,-0.542944,1.035437,0.438507,0.025058,0.097698,0.027482,-0.316243,0.503531,1.003132,-0.405565,-0.005334,-0.099961
0.004423,0.046251,0.775362,-0.115164,-0.022285,-0.745088,0.656571,0.109678,0.084055,0.242587,0.386280,-0.356001,0.037504,-0.479718,-0.273899,-0.164571,1.369040,-0.021921,0.261800,-0.014542,-0.009560,0.265225,0.029489,0.342684,-0.542351,1.035260,0.438461,0.025074,0.097799,0.027888,-0.316722,0.503117,1.003057,-0.406094,-0.004953,-0.099820
0.004458,0.046205,0.775422,-0.115022,-0.022114,-0.744580,0.657177,0.109312,0.083710,0.241046,0.385485,-0.355675,0.036626,-0.479575,-0.274578,-0.164650,1.369110,-0.022057,0.261800,-0.014752,-0.009783,0.265247,0.028637,0.343287,-0.541645,1.034767,0.438488,0.025093,0.097831,0.028357,-0.317414,0.502786,1.002693,-0.406622,-0.004572,-0.099671
0.004495,0.046170,0.775449,-0.114894,-0.021928,-0.744087,0.657764,0.108930,0.083431,0.239596,0.384757,-0.355383,0.035818,-0.479397,-0.275187,-0.164822,1.369092,-0.022128,0.261800,-0.014886,-0.010022,0.265063,0.027469,0.343543,-0.541112,1.034999,0.438466,0.025135,0.097923,0.028406,-0.317693,0.502580,1.003090,-0.407158,-0.004338,-0.099616
0.004508,0.046124,0.775496,-0.114769,-0.021736,-0.743609,0.658332,0.108559,0.083237,0.238273,0.384043,-0.355108,0.035093,-0.479177,-0.275678,-0.165084,1.368981,-0.022124,0.261800,-0.015085,-0.010263,0.265046,0.026673,0.344090,-0.540282,1.034684,0.438456,0.025203,0.097894,0.028542,-0.318273,0.502449,1.003053,-0.407758,-0.004317,-0.099422
0.004518,0.046078,0.775532,-0.114663,-0.021521,-0.743148,0.658879,0.108159,0.083109,0.237046,0.383420,-0.354867,0.034400,-0.478939,-0.276080,-0.165399,1.368807,-0.022066,0.261800,-0.015219,-0.010510,0.264989,0.025840,0.344614,-0.539474,1.034508,0.438419,0.025296,0.097846,0.028561,-0.318807,0.502420,1.003166,-0.408406,-0.004427,-0.099221
0.004548,0.046020,0.775582,-0.114546,-0.021321,-0.742701,0.659409,0.107769,0.082991,0.235864,0.382800,-0.354637,0.033751,-0.478678,-0.276475,-0.165803,1.368580,-0.021980,0.261800,-0.015268,-0.010779,0.264853,0.024775,0.344985,-0.538829,1.034738,0.438376,0.025377,0.097817,0.028374,-0.319176,0.502412,1.003603,-0.408946,-0.004578,-0.099125
0.004525,0.045973,0.775657,-0.114431,-0.021130,-0.742261,0.659930,0.107329,0.082864,0.234662,0.382341,-0.354444,0.033154,-0.478359,-0.276947,-0.166342,1.368299,-0.021882,0.261800,-0.015398,-0.011075,0.264855,0.023919,0.345480,-0.538119,1.034592,0.438428,0.025448,0.097739,0.028216,-0.319649,0.502462,1.003690,-0.409115,-0.004637,-0.099143
0.004514,0.045947,0.775688,-0.114311,-0.020959,-0.741835,0.660435,0.106808,0.082723,0.233424,0.382111,-0.354303,0.032606,-0.477988,-0.277516,-0.167031,1.367979,-0.021761,0.261800,-0.015499,-0.011409,0.264941,0.023100,0.346159,-0.537494,1.034251,0.438526,0.025434,0.097572,0.028108,-0.320276,0.502562,1.003487,-0.408722,-0.004619,-0.099371
0.004532,0.045896,0.775724,-0.114193,-0.020797,-0.741422,0.660925,0.106240,0.082583,0.232179,0.382036,-0.354198,0.032101,-0.477575,-0.278144,-0.167848,1.367626,-0.021618,0.261800,-0.015495,-0.011759,0.264986,0.022044,0.346692,-0.537093,1.034228,0.438663,0.025392,0.097406,0.027865,-0.320757,0.502655,1.003463,-0.407995,-0.004556,-0.099810
0.004547,0.045845,0.775725,-0.114077,-0.020633,-0.741017,0.661404,0.105630,0.082449,0.230952,0.382053,-0.354114,0.031652,-0.477126,-0.278799,-0.168768,1.367197,-0.021468,0.261800,-0.015487,-0.012117,0.264993,0.020844,0.347158,-0.536861,1.034490,0.438739,0.025305,0.097278,0.027448,-0.321161,0.502707,1.003639,-0.407159,-0.004535,-0.100251
0.004536,0.045800,0.775757,-0.113951,-0.020468,-0.740615,0.661880,0.105013,0.082321,0.229764,0.382058,-0.354012,0.031269,-0.476643,-0.279463,-0.169772,1.366659,-0.021328,0.261800,-0.015613,-0.012507,0.265184,0.020058,0.347911,-0.536591,1.034132,0.438717,0.025346,0.097201,0.027198,-0.321794,0.502637,1.003247,-0.406477,-0.004447,-0.100489
0.004536,0.045746,0.775771,-0.113825,-0.020285,-0.740209,0.662362,0.104353,0.082217,0.228600,0.382084,-0.353893,0.030985,-0.476114,-0.280173,-0.170923,1.366006,-0.021206,0.261800,-0.015845,-0.012896,0.265279,0.019033,0.348482,-0.536634,1.034355,0.438514,0.025502,0.097293,0.026580,-0.322244,0.502420,1.003417,-0.405995,-0.004499,-0.100498
0.004509,0.045705,0.775822,-0.113696,-0.020095,-0.739804,0.662842,0.103637,0.082128,0.227459,0.382187,-0.353782,0.030784,-0.475547,-0.280927,-0.172207,1.365257,-0.021092,0.261800,-0.016106,-0.013303,0.265449,0.018063,0.349185,-0.536933,1.034477,0.438135,0.025785,0.097461,0.025967,-0.322763,0.502008,1.003452,-0.405586,-0.004585,-0.100342
0.004524,0.045634,0.775832,-0.113557,-0.019908,-0.739415,0.663305,0.102951,0.082028,0.226370,0.382232,-0.353654,0.030604,-0.474979,-0.281638,-0.173486,1.364436,-0.020987,0.261800,-0.016261,-0.013737,0.265706,0.017247,0.350170,-0.537329,1.034285,0.437603,0.025920,0.097608,0.025537,-0.323443,0.501378,1.003071,-0.405266,-0.004649,-0.100084
0.004550,0.045572,0.775875,-0.113412,-0.019730,-0.739063,0.663728,0.102385,0.081887,0.225371,0.382077,-0.353486,0.030382,-0.474448,-0.282216,-0.174625,1.363552,-0.020880,0.261800,-0.016386,-0.014190,0.265830,0.016318,0.350879,-0.537548,1.034479,0.437050,0.025676,0.097795,0.024855,-0.323911,0.500869,1.002949,-0.405072,-0.004581,-0.099934
0.004549,0.045518,0.775882,-0.113239,-0.019568,-0.738744,0.664117,0.101960,0.081668,0.224450,0.381638,-0.353258,0.030080,-0.473982,-0.282642,-0.175577,1.362615,-0.020811,0.261800,-0.016338,-0.014699,0.265979,0.015568,0.351813,-0.537608,1.034342,0.436541,0.025031,0.097809,0.024386,-0.324512,0.500239,1.002289,-0.404956,-0.004316,-0.099809
0.004538,0.045456,0.775904,-0.113056,-0.019409,-0.738454,0.664476,0.101645,0.081400,0.223596,0.380986,-0.352976,0.029738,-0.473544,-0.282959,-0.176423,1.361597,-0.020760,0.261800,-0.016293,-0.015225,0.266008,0.014718,0.352497,-0.537531,1.034555,0.436102,0.024108,0.097808,0.023710,-0.324945,0.499700,1.001795,-0.404912,-0.003900,-0.099743
0.004553,0.045391,0.775931,-0.112877,-0.019257,-0.738196,0.664797,0.101372,0.081141,0.222840,0.380322,-0.352709,0.029415,-0.473129,-0.283186,-0.177191,1.360545,-0.020680,0.261800,-0.016166,-0.015748,0.266030,0.013899,0.353148,-0.537395,1.034818,0.435400,0.022845,0.097945,0.022966,-0.325355,0.499155,1.001319,-0.405027,-0.003479,-0.099711
0.004544,0.045307,0.775975,-0.112717,-0.019116,-0.737978,0.665070,0.101102,0.080954,0.222213,0.379809,-0.352503,0.029169,-0.472719,-0.283338,-0.177916,1.359490,-0.020523,0.261800,-0.015918,-0.016245,0.266160,0.013257,0.353965,-0.537234,1.034822,0.434109,0.021192,0.098371,0.022291,-0.325865,0.498563,1.000681,-0.405386,-0.003179,-0.099688
0.004564,0.045217,0.776003,-0.112592,-0.018961,-0.737805,0.665288,0.100769,0.080888,0.221746,0.379553,-0.352398,0.029025,-0.472336,-0.283373,-0.178608,1.358405,-0.020235,0.261800,-0.015572,-0.016673,0.266309,0.012588,0.354732,-0.537100,1.035017,0.431942,0.018968,0.099094,0.021458,-0.326335,0.498097,1.000291,-0.406157,-0.003064,-0.099702
0.004562,0.045114,0.776028,-0.112478,-0.018810,-0.737672,0.665459,0.100420,0.080897,0.221413,0.379429,-0.352355,0.028949,-0.471979,-0.283299,-0.179247,1.357285,-0.019855,0.261800,-0.015100,-0.017097,0.266594,0.012182,0.355837,-0.536923,1.034804,0.429085,0.016248,0.099952,0.020728,-0.326991,0.497628,0.999612,-0.407221,-0.003064,-0.099691
0.004539,0.045056,0.776032,-0.112391,-0.018675,-0.737570,0.665590,0.100150,0.080912,0.221166,0.379332,-0.352322,0.028910,-0.471604,-0.283201,-0.179826,1.356185,-0.019464,0.261800,-0.014634,-0.017469,0.266728,0.011529,0.356364,-0.536685,1.035246,0.426204,0.013380,0.101272,0.019643,-0.327296,0.497236,0.999547,-0.408294,-0.003073,-0.099823
0.004525,0.044966,0.776054,-0.112316,-0.018593,-0.737487,0.665697,0.100040,0.080863,0.220953,0.379179,-0.352271,0.028877,-0.471169,-0.283175,-0.180339,1.355168,-0.019149,0.261800,-0.014161,-0.017884,0.266955,0.011154,0.356960,-0.536269,1.035213,0.423709,0.010660,0.103052,0.018641,-0.327632,0.496636,0.999241,-0.408994,-0.003049,-0.100013
0.004513,0.044883,0.776056,-0.112259,-0.018589,-0.737427,0.665774,0.100139,0.080741,0.220767,0.378972,-0.352200,0.028842,-0.470658,-0.283224,-0.180740,1.354276,-0.018940,0.261800,-0.013714,-0.018357,0.267325,0.011205,0.357650,-0.535561,1.034502,0.421787,0.008051,0.105565,0.017787,-0.327994,0.495756,0.998536,-0.409106,-0.002927,-0.100250
0.004516,0.044797,0.776083,-0.112231,-0.018627,-0.737392,0.665816,0.100378,0.080578,0.220633,0.378782,-0.352144,0.028824,-0.470076,-0.283301,-0.181054,1.353446,-0.018781,0.261800,-0.013272,-0.018875,0.267785,0.011543,0.358398,-0.534623,1.033379,0.420156,0.005403,0.108664,0.016961,-0.328351,0.494713,0.997653,-0.408839,-0.002773,-0.100533
0.004494,0.044710,0.776088,-0.112208,-0.018691,-0.737375,0.665837,0.100721,0.080376,0.220549,0.378494,-0.352042,0.028824,-0.469489,-0.283439,-0.181352,1.352665,-0.018652,0.261800,-0.012831,-0.019376,0.268180,0.011859,0.358894,-0.533673,1.032351,0.418650,0.002969,0.111922,0.016020,-0.328570,0.493699,0.996958,-0.408517,-0.002630,-0.100944
0.004491,0.044589,0.776108,-0.112161,-0.018763,-0.737368,0.665850,0.101149,0.080117,0.220516,0.377948,-0.351794,0.028852,-0.468944,-0.283667,-0.181706,1.351904,-0.018526,0.261800,-0.012372,-0.019871,0.268560,0.012186,0.359345,-0.532743,1.031217,0.417121,0.000960,0.114783,0.015031,-0.328767,0.492743,0.996307,-0.408507,-0.002577,-0.101465
0.004523,0.044523,0.776128,-0.112104,-0.018840,-0.737371,0.665854,0.101737,0.079747,0.220544,0.377031,-0.351359,0.028892,-0.468419,-0.284058,-0.182143,1.351159,-0.018387,0.261800,-0.011891,-0.020383,0.268967,0.012615,0.359835,-0.531841,1.029739,0.415462,-0.000480,0.117140,0.014002,-0.328999,0.491912,0.995656,-0.408964,-0.002655,-0.102183
0.004529,0.044418,0.776163,-0.112032,-0.018945,-0.737387,0.665846,0.102478,0.079290,0.220629,0.375826,-0.350776,0.028944,-0.467892,-0.284575,-0.182626,1.350438,-0.018251,0.261800,-0.011409,-0.020908,0.269431,0.013266,0.360385,-0.530879,1.027799,0.413787,-0.001494,0.119243,0.013008,-0.329283,0.491162,0.994857,-0.409654,-0.002815,-0.103045
0.004534,0.044313,0.776187,-0.111958,-0.019022,-0.737416,0.665823,0.103167,0.078858,0.220753,0.374620,-0.350175,0.029043,-0.467441,-0.285078,-0.183121,1.349737,-0.018140,0.261800,-0.010903,-0.021395,0.269752,0.013694,0.360762,-0.530074,1.026258,0.412095,-0.002305,0.121171,0.011920,-0.329498,0.490465,0.994273,-0.410317,-0.003007,-0.103926
0.004534,0.044204,0.776239,-0.111875,-0.019057,-0.737458,0.665791,0.103653,0.078548,0.220892,0.373633,-0.349645,0.029223,-0.467112,-0.285425,-0.183598,1.349039,-0.018071,0.261800,-0.010440,-0.021804,0.270170,0.014306,0.361163,-0.529073,1.024450,0.410746,-0.002995,0.122864,0.010975,-0.329739,0.489527,0.993285,-0.410941,-0.003102,-0.104584
0.004537,0.044135,0.776263,-0.111784,-0.019024,-0.737515,0.665743,0.103907,0.078387,0.221076,0.372855,-0.349228,0.029436,-0.466881,-0.285598,-0.184091,1.348255,-0.018071,0.261800,-0.009955,-0.022150,0.270508,0.014837,0.361583,-0.528065,1.022866,0.409510,-0.003680,0.124349,0.010138,-0.329995,0.488365,0.992132,-0.411445,-0.003097,-0.104949
0.004564,0.044073,0.776313,-0.111687,-0.018942,-0.737587,0.665682,0.104017,0.078323,0.221302,0.372176,-0.348863,0.029683,-0.466733,-0.285663,-0.184603,1.347424,-0.018125,0.261800,-0.009443,-0.022428,0.270696,0.015226,0.361845,-0.527142,1.021635,0.408347,-0.004251,0.125667,0.009302,-0.330153,0.487132,0.991052,-0.411855,-0.003030,-0.105172
0.004536,0.044030,0.776351,-0.111590,-0.018828,-0.737668,0.665612,0.103927,0.078348,0.221514,0.371776,-0.348547,0.030070,-0.466740,-0.285615,-0.185059,1.346701,-0.018176,0.261800,-0.008906,-0.022641,0.270998,0.015586,0.362112,-0.526205,1.020330,0.407507,-0.004673,0.126745,0.008566,-0.330317,0.485662,0.989681,-0.412213,-0.002975,-0.105308
0.004535,0.044008,0.776387,-0.111493,-0.018689,-0.737749,0.665542,0.103558,0.078474,0.221645,0.371851,-0.348294,0.030703,-0.466996,-0.285452,-0.185397,1.346241,-0.018165,0.261800,-0.008453,-0.022787,0.271254,0.015731,0.362290,-0.525508,1.019395,0.406895,-0.004974,0.127641,0.007616,-0.330441,0.484396,0.988523,-0.412099,-0.003027,-0.105554
0.004546,0.043968,0.776443,-0.111412,-0.018515,-0.737831,0.665470,0.102841,0.078703,0.221647,0.372560,-0.348092,0.031727,-0.467459,-0.285134,-0.185593,1.345989,-0.018061,0.261800,-0.008047,-0.022863,0.271596,0.015742,0.362425,-0.524979,1.018565,0.406757,-0.005143,0.128267,0.006577,-0.330560,0.483154,0.987278,-0.411537,-0.003206,-0.105864
0.004553,0.043967,0.776488,-0.111323,-0.018319,-0.737915,0.665397,0.101818,0.079037,0.221559,0.373786,-0.347958,0.033048,-0.468114,-0.284679,-0.185688,1.345908,-0.017908,0.261800,-0.007652,-0.022853,0.272001,0.015613,0.362544,-0.524602,1.017846,0.406963,-0.005202,0.128636,0.005518,-0.330696,0.481843,0.985904,-0.410614,-0.003487,-0.106164
0.004551,0.043975,0.776545,-0.111243,-0.018094,-0.738004,0.665318,0.100662,0.079451,0.221473,0.375179,-0.347876,0.034409,-0.469040,-0.284150,-0.185694,1.346129,-0.017732,0.261800,-0.007353,-0.022800,0.272393,0.015407,0.362610,-0.524318,1.017319,0.407306,-0.005079,0.128880,0.004357,-0.330801,0.480737,0.984606,-0.409464,-0.003786,-0.106574
0.004540,0.044014,0.776582,-0.111182,-0.017840,-0.738097,0.665231,0.099457,0.079948,0.221462,0.376586,-0.347863,0.035552,-0.470310,-0.283611,-0.185639,1.346788,-0.017561,0.261800,-0.006949,-0.022644,0.272996,0.015034,0.362687,-0.523996,1.016817,0.407806,-0.004765,0.129028,0.003313,-0.330977,0.479272,0.983105,-0.408582,-0.004138,-0.107027
0.004557,0.044061,0.776625,-0.111121,-0.017543,-0.738196,0.665140,0.098218,0.080544,0.221574,0.377852,-0.347960,0.036368,-0.472052,-0.282983,-0.185443,1.347979,-0.017350,0.261800,-0.006753,-0.022413,0.273492,0.014701,0.362708,-0.523657,1.016491,0.408240,-0.004168,0.129181,0.002044,-0.331105,0.478245,0.981957,-0.407499,-0.004531,-0.107797
0.004557,0.044148,0.776651,-0.111081,-0.017199,-0.738299,0.665041,0.096891,0.081246,0.221757,0.379160,-0.348158,0.037007,-0.474173,-0.282254,-0.185123,1.349602,-0.017096,0.261800,-0.006518,-0.022056,0.274184,0.014184,0.362682,-0.523250,1.016218,0.408943,-0.003345,0.129213,0.000888,-0.331301,0.476950,0.980553,-0.406538,-0.005004,-0.108679
0.004558,0.044210,0.776676,-0.111037,-0.016870,-0.738410,0.664934,0.095568,0.081969,0.221956,0.380458,-0.348342,0.037605,-0.476494,-0.281625,-0.184834,1.351532,-0.016910,0.261800,-0.006494,-0.021749,0.274781,0.013775,0.362645,-0.522864,1.016125,0.409515,-0.002390,0.129205,-0.000562,-0.331368,0.476216,0.979542,-0.405457,-0.005382,-0.109617
0.004576,0.044322,0.776701,-0.111019,-0.016590,-0.738532,0.664808,0.094346,0.082643,0.222117,0.381751,-0.348429,0.038301,-0.478780,-0.281272,-0.184737,1.353603,-0.016884,0.261800,-0.006339,-0.021456,0.275803,0.013169,0.362502,-0.522146,1.016081,0.410409,-0.001477,0.129034,-0.001965,-0.331525,0.474935,0.978222,-0.405125,-0.005652,-0.110134
0.004584,0.044437,0.776761,-0.111021,-0.016370,-0.738673,0.664657,0.093223,0.083252,0.222194,0.383078,-0.348373,0.039163,-0.480962,-0.281326,-0.184955,1.355807,-0.017116,0.261800,-0.006199,-0.021289,0.276908,0.012630,0.362368,-0.521437,1.016168,0.411222,-0.000531,0.128804,-0.003449,-0.331629,0.473868,0.976954,-0.405185,-0.005626,-0.110141
0.004589,0.044588,0.776796,-0.111050,-0.016188,-0.738827,0.664485,0.092167,0.083843,0.222228,0.384449,-0.348241,0.040107,-0.483142,-0.281655,-0.185377,1.358213,-0.017531,0.261800,-0.006022,-0.021217,0.278221,0.012037,0.362266,-0.520629,1.016353,0.412158,0.000468,0.128467,-0.004934,-0.331693,0.472746,0.975555,-0.405728,-0.005400,-0.109772
0.004581,0.044760,0.776828,-0.111081,-0.016038,-0.738985,0.664308,0.091199,0.084396,0.222292,0.385703,-0.348052,0.041038,-0.485451,-0.282091,-0.185795,1.360814,-0.017977,0.261800,-0.005823,-0.021142,0.279794,0.011367,0.362098,-0.519596,1.016520,0.413192,0.001435,0.127984,-0.006459,-0.331787,0.471421,0.974076,-0.406568,-0.005189,-0.109451
0.004575,0.044939,0.776880,-0.111120,-0.015900,-0.739133,0.664140,0.090339,0.084917,0.222459,0.386722,-0.347845,0.041861,-0.488007,-0.282451,-0.186005,1.363618,-0.018312,0.261800,-0.005657,-0.021118,0.281360,0.010683,0.361983,-0.518773,1.016734,0.413881,0.002339,0.127404,-0.008027,-0.331858,0.470553,0.972729,-0.407095,-0.005065,-0.109785
0.004571,0.045128,0.776914,-0.111151,-0.015797,-0.739266,0.663989,0.089661,0.085335,0.222775,0.387356,-0.347602,0.042545,-0.490881,-0.282765,-0.185936,1.366709,-0.018468,0.261800,-0.005518,-0.021124,0.283243,0.009957,0.361803,-0.517493,1.016788,0.414526,0.003087,0.126555,-0.009669,-0.331971,0.469692,0.971322,-0.407556,-0.005173,-0.110991
0.004605,0.045341,0.776964,-0.111188,-0.015720,-0.739390,0.663846,0.089135,0.085673,0.223191,0.387702,-0.347310,0.043143,-0.493989,-0.283103,-0.185705,1.370048,-0.018528,0.261800,-0.005510,-0.021182,0.285274,0.009282,0.361548,-0.515933,1.016807,0.415047,0.003753,0.125530,-0.011428,-0.332151,0.469190,0.969960,-0.407880,-0.005365,-0.112818
0.004612,0.045601,0.777009,-0.111241,-0.015640,-0.739513,0.663703,0.088617,0.086072,0.223640,0.388038,-0.347029,0.043684,-0.497243,-0.283335,-0.185377,1.373480,-0.018579,0.261800,-0.005809,-0.021159,0.287365,0.008684,0.361160,-0.514241,1.016868,0.415632,0.004381,0.124500,-0.013388,-0.332463,0.469110,0.968671,-0.408107,-0.005571,-0.114705
0.004608,0.045872,0.777054,-0.111324,-0.015520,-0.739640,0.663550,0.087989,0.086643,0.224056,0.388580,-0.346794,0.044197,-0.500563,-0.283350,-0.185015,1.376838,-0.018684,0.261800,-0.005949,-0.021080,0.289277,0.007859,0.360989,-0.513598,1.017184,0.415986,0.005066,0.123648,-0.015283,-0.332644,0.468949,0.967558,-0.408391,-0.005717,-0.116177
0.004603,0.046144,0.777103,-0.111467,-0.015331,-0.739765,0.663391,0.087176,0.087473,0.224422,0.389467,-0.346653,0.044660,-0.503893,-0.283045,-0.184637,1.380017,-0.018898,0.261800,-0.006396,-0.020769,0.291273,0.006874,0.360736,-0.513235,1.017722,0.416706,0.005714,0.122954,-0.017400,-0.333000,0.468826,0.966396,-0.408716,-0.005838,-0.116818
0.004576,0.046433,0.777135,-0.111642,-0.015103,-0.739888,0.663229,0.086254,0.088465,0.224781,0.390538,-0.346567,0.045069,-0.507314,-0.282514,-0.184197,1.383134,-0.019163,0.261800,-0.006785,-0.020346,0.293198,0.005657,0.360559,-0.513652,1.018511,0.417301,0.006378,0.122380,-0.019476,-0.333397,0.468664,0.965254,-0.408993,-0.005935,-0.117066
0.004566,0.046705,0.777184,-0.111846,-0.014859,-0.740021,0.663053,0.085337,0.089546,0.225119,0.391649,-0.346477,0.045473,-0.510799,-0.281888,-0.183740,1.386264,-0.019427,0.261800,-0.007192,-0.019893,0.295105,0.004394,0.360483,-0.514425,1.019346,0.417856,0.007067,0.121884,-0.021537,-0.333736,0.468512,0.964201,-0.409559,-0.006002,-0.117243
0.004533,0.047020,0.777226,-0.112070,-0.014627,-0.740166,0.662858,0.084480,0.090642,0.225416,0.392760,-0.346387,0.045921,-0.514316,-0.281303,-0.183310,1.389454,-0.019632,0.261800,-0.007602,-0.019410,0.296978,0.003197,0.360456,-0.515398,1.020114,0.418305,0.007819,0.121455,-0.023543,-0.334101,0.468391,0.963321,-0.410673,-0.006061,-0.117674
0.004486,0.047307,0.777285,-0.112310,-0.014410,-0.740333,0.662636,0.083731,0.091756,0.225662,0.393789,-0.346238,0.046454,-0.517817,-0.280797,-0.182995,1.392659,-0.019725,0.261800,-0.007885,-0.018858,0.298840,0.001906,0.360476,-0.516868,1.020912,0.418407,0.008688,0.121191,-0.025146,-0.334655,0.468176,0.962253,-0.412713,-0.006099,-0.118510
0.004468,0.047559,0.777402,-0.112575,-0.014193,-0.740510,0.662397,0.083038,0.092907,0.225863,0.394796,-0.346060,0.047039,-0.521326,-0.280309,-0.182746,1.395866,-0.019753,0.261800,-0.008406,-0.018320,0.300678,0.000808,0.360554,-0.518351,1.021616,0.418448,0.009625,0.121041,-0.027028,-0.335093,0.468211,0.961644,-0.415467,-0.006140,-0.119596
0.004447,0.047858,0.777459,-0.112864,-0.013982,-0.740699,0.662142,0.082384,0.094092,0.226056,0.395834,-0.345905,0.047606,-0.524938,-0.279781,-0.182406,1.399194,-0.019789,0.261800,-0.008827,-0.017743,0.302478,-0.000301,0.360695,-0.520038,1.022283,0.418543,0.010560,0.120856,-0.028678,-0.335592,0.468216,0.960939,-0.418153,-0.006115,-0.120656
0.004412,0.048148,0.777543,-0.113174,-0.013784,-0.740893,0.661876,0.081764,0.095293,0.226281,0.396938,-0.345818,0.048087,-0.528731,-0.279153,-0.181824,1.402731,-0.019899,0.261800,-0.009153,-0.017132,0.304268,-0.001308,0.360901,-0.521568,1.022749,0.419024,0.011407,0.120462,-0.030141,-0.336206,0.468172,0.960071,-0.420061,-0.005998,-0.121422
0.004386,0.048439,0.777599,-0.113508,-0.013600,-0.741088,0.661603,0.081136,0.096493,0.226523,0.398169,-0.345806,0.048493,-0.532767,-0.278382,-0.180874,1.406542,-0.020144,0.261800,-0.009463,-0.016493,0.306077,-0.002119,0.361161,-0.522701,1.022904,0.420151,0.012148,0.119718,-0.031489,-0.336950,0.468202,0.959003,-0.420913,-0.005689,-0.121706
0.004335,0.048733,0.777649,-0.113866,-0.013423,-0.741289,0.661321,0.080502,0.097707,0.226767,0.399528,-0.345869,0.048853,-0.536992,-0.277499,-0.179661,1.410562,-0.020464,0.261800,-0.009831,-0.015832,0.307887,-0.002738,0.361453,-0.523527,1.022821,0.421742,0.012824,0.118745,-0.032778,-0.337781,0.468365,0.957847,-0.421121,-0.005233,-0.121695
0.004285,0.049025,0.777697,-0.114240,-0.013265,-0.741501,0.661021,0.079973,0.098962,0.227062,0.400820,-0.345956,0.049121,-0.541302,-0.276583,-0.178395,1.414710,-0.020786,0.261800,-0.010264,-0.015200,0.309569,-0.003310,0.361652,-0.524166,1.022879,0.423527,0.013428,0.117781,-0.034321,-0.338306,0.468675,0.957243,-0.421018,-0.004820,-0.121745
0.004242,0.049324,0.777734,-0.114655,-0.013106,-0.741729,0.660697,0.079674,0.100284,0.227450,0.401819,-0.346035,0.049255,-0.545605,-0.275705,-0.177276,1.418919,-0.021022,0.261800,-0.010645,-0.014428,0.311266,-0.003709,0.362042,-0.524957,1.022613,0.424983,0.013935,0.116955,-0.035368,-0.339270,0.468945,0.956164,-0.420632,-0.004657,-0.121997
0.004161,0.049628,0.777813,-0.115108,-0.012926,-0.741982,0.660337,0.079558,0.101741,0.227965,0.402590,-0.346114,0.049194,-0.549868,-0.274901,-0.176453,1.423068,-0.021072,0.261800,-0.010997,-0.013566,0.312847,-0.004078,0.362445,-0.525856,1.022376,0.426283,0.014352,0.116340,-0.036375,-0.340149,0.469236,0.955356,-0.419855,-0.004920,-0.122734
0.004107,0.049887,0.777866,-0.115592,-0.012739,-0.742256,0.659949,0.079606,0.103289,0.228576,0.403165,-0.346204,0.048978,-0.554149,-0.274128,-0.175781,1.427245,-0.021014,0.261800,-0.011282,-0.012614,0.314375,-0.004357,0.362969,-0.526863,1.021984,0.427488,0.014684,0.115820,-0.037163,-0.341155,0.469512,0.954499,-0.418615,-0.005465,-0.123731
0.004052,0.050165,0.777922,-0.116110,-0.012581,-0.742531,0.659552,0.079824,0.104849,0.229224,0.403645,-0.346300,0.048703,-0.558463,-0.273349,-0.175052,1.431627,-0.021007,0.261800,-0.011621,-0.011704,0.315805,-0.004628,0.363395,-0.527775,1.021801,0.428513,0.014934,0.115436,-0.038077,-0.341875,0.469794,0.954098,-0.417650,-0.005993,-0.124766
0.003990,0.050430,0.777993,-0.116666,-0.012485,-0.742791,0.659162,0.080193,0.106348,0.229855,0.404171,-0.346428,0.048468,-0.562827,-0.272512,-0.174060,1.436378,-0.021211,0.261800,-0.011988,-0.010863,0.317291,-0.004774,0.363868,-0.528538,1.021576,0.429136,0.015091,0.115143,-0.038789,-0.342618,0.469907,0.953609,-0.417533,-0.006226,-0.125470
0.003936,0.050705,0.778035,-0.117266,-0.012483,-0.743034,0.658782,0.080773,0.107738,0.230462,0.404750,-0.346587,0.048296,-0.567216,-0.271560,-0.172637,1.441536,-0.021719,0.261800,-0.012348,-0.010103,0.319023,-0.004653,0.364576,-0.529128,1.020940,0.429119,0.015125,0.114940,-0.038979,-0.343689,0.469742,0.952435,-0.418776,-0.005982,-0.125643
0.003878,0.050928,0.778100,-0.117908,-0.012546,-0.743268,0.658402,0.081542,0.109067,0.231077,0.405334,-0.346778,0.048138,-0.571622,-0.270530,-0.170939,1.447007,-0.022431,0.261800,-0.012789,-0.009438,0.320762,-0.004484,0.365192,-0.529535,1.020475,0.428694,0.015050,0.114889,-0.039211,-0.344591,0.469528,0.951519,-0.421002,-0.005446,-0.125574
0.003817,0.051185,0.778147,-0.118570,-0.012634,-0.743492,0.658028,0.082398,0.110408,0.231680,0.405924,-0.346986,0.047973,-0.576148,-0.269522,-0.169216,1.452863,-0.023211,0.261800,-0.013268,-0.008755,0.322470,-0.004223,0.365832,-0.529813,1.019989,0.428160,0.014922,0.114878,-0.039252,-0.345500,0.469168,0.950583,-0.423258,-0.004878,-0.125382
0.003734,0.051398,0.778206,-0.119251,-0.012685,-0.743702,0.657667,0.083221,0.111824,0.232255,0.406539,-0.347212,0.047782,-0.580902,-0.268643,-0.167713,1.459185,-0.023929,0.261800,-0.013771,-0.007945,0.324141,-0.003776,0.366675,-0.529970,1.019210,0.427814,0.014791,0.114777,-0.038878,-0.346655,0.468554,0.949316,-0.424604,-0.004547,-0.125172
0.003669,0.051613,0.778241,-0.119938,-0.012685,-0.743891,0.657328,0.083953,0.113326,0.232786,0.407202,-0.347465,0.047555,-0.585962,-0.267935,-0.166503,1.466065,-0.024590,0.261800,-0.014406,-0.007055,0.325492,-0.003403,0.367255,-0.529911,1.018875,0.427814,0.014616,0.114706,-0.038670,-0.347409,0.467840,0.948746,-0.424853,-0.004544,-0.125048
0.003622,0.051822,0.778290,-0.120637,-0.012664,-0.744066,0.657002,0.084669,0.114880,0.233287,0.407885,-0.347733,0.047304,-0.591251,-0.267331,-0.165451,1.473428,-0.025250,0.261800,-0.015088,-0.006088,0.326715,-0.002980,0.367826,-0.529717,1.018593,0.427910,0.014381,0.114642,-0.038291,-0.348103,0.466911,0.948275,-0.424455,-0.004732,-0.124873
0.003521,0.052019,0.778344,-0.121359,-0.012644,-0.744234,0.656679,0.085418,0.116503,0.233774,0.408630,-0.348019,0.047040,-0.596654,-0.266796,-0.164508,1.481146,-0.025869,0.261800,-0.015782,-0.005046,0.327907,-0.002462,0.368513,-0.529486,1.018203,0.428124,0.014225,0.114510,-0.037654,-0.348881,0.465858,0.947700,-0.423657,-0.004962,-0.124756
0.003425,0.052228,0.778396,-0.122133,-0.012632,-0.744407,0.656340,0.086310,0.118189,0.234265,0.409340,-0.348332,0.046780,-0.602046,-0.266286,-0.163616,1.489081,-0.026398,0.261800,-0.016602,-0.003981,0.328879,-0.002085,0.368866,-0.529253,1.018416,0.428613,0.014304,0.114368,-0.037361,-0.349257,0.465136,0.947965,-0.422737,-0.005059,-0.124977
0.003330,0.052409,0.778457,-0.122953,-0.012617,-0.744595,0.655974,0.087244,0.120023,0.234770,0.410172,-0.348697,0.046542,-0.607456,-0.265777,-0.162839,1.497243,-0.026739,0.261800,-0.017339,-0.002797,0.329975,-0.001583,0.369505,-0.529145,1.018270,0.429431,0.014740,0.114053,-0.036568,-0.349919,0.464285,0.947674,-0.421599,-0.004949,-0.125508
0.003244,0.052565,0.778567,-0.123829,-0.012577,-0.744788,0.655590,0.088209,0.121978,0.235278,0.411100,-0.349106,0.046313,-0.612938,-0.265295,-0.162182,1.505703,-0.026954,0.261800,-0.018108,-0.001512,0.331096,-0.000898,0.370375,-0.529063,1.017850,0.430464,0.015411,0.113606,-0.035496,-0.350809,0.463485,0.947133,-0.420044,-0.004745,-0.126267
0.003149,0.052709,0.778647,-0.124733,-0.012586,-0.744973,0.655209,0.089406,0.123900,0.235774,0.411876,-0.349494,0.046057,-0.618362,-0.264876,-0.161517,1.514357,-0.027212,0.261800,-0.018981,-0.000238,0.332023,-0.000335,0.370904,-0.528900,1.017997,0.431569,0.016137,0.113176,-0.034653,-0.351329,0.462856,0.947337,-0.418546,-0.004542,-0.127115
0.003047,0.052843,0.778723,-0.125671,-0.012678,-0.745132,0.654847,0.091025,0.125637,0.236242,0.412279,-0.349805,0.045737,-0.623624,-0.264551,-0.160701,1.523145,-0.027707,0.261800,-0.019830,0.000965,0.332978,0.000385,0.371505,-0.528630,1.018049,0.432363,0.016700,0.112684,-0.033525,-0.351886,0.462057,0.947537,-0.417447,-0.004492,-0.127649
0.002947,0.052941,0.778814,-0.126629,-0.012897,-0.745251,0.654523,0.093189,0.127083,0.236630,0.412134,-0.349950,0.045343,-0.628702,-0.264366,-0.159657,1.532142,-0.028541,0.261800,-0.020667,0.002025,0.334008,0.001330,0.372215,-0.528135,1.017921,0.432687,0.017065,0.112054,-0.032086,-0.352470,0.461031,0.947748,-0.416978,-0.004651,-0.127740
0.002850,0.052983,0.778878,-0.127622,-0.013201,-0.745341,0.654221,0.095753,0.128346,0.236961,0.411643,-0.350000,0.044894,-0.633650,-0.264285,-0.158467,1.541356,-0.029599,0.261800,-0.021550,0.002995,0.334986,0.002323,0.372819,-0.527503,1.017984,0.432729,0.017339,0.111354,-0.030589,-0.352881,0.459956,0.948334,-0.416915,-0.004931,-0.127615
0.002753,0.053007,0.778989,-0.128653,-0.013541,-0.745425,0.653917,0.098578,0.129567,0.237342,0.410960,-0.350064,0.044398,-0.638460,-0.264224,-0.157233,1.550578,-0.030723,0.261800,-0.022442,0.003962,0.335859,0.003353,0.373347,-0.526863,1.018228,0.432755,0.017530,0.110717,-0.029059,-0.353174,0.458927,0.949201,-0.416886,-0.005264,-0.127428
0.002650,0.053009,0.779067,-0.129714,-0.013876,-0.745528,0.653582,0.101506,0.130897,0.237872,0.410284,-0.350264,0.043860,-0.643118,-0.264103,-0.156067,1.559606,-0.031754,0.261800,-0.023322,0.005034,0.336587,0.004447,0.373854,-0.526336,1.018592,0.433016,0.017637,0.110264,-0.027481,-0.353418,0.458044,0.950199,-0.416504,-0.005585,-0.127327
0.002543,0.052991,0.779144,-0.130826,-0.014196,-0.745655,0.653208,0.104607,0.132364,0.238635,0.409516,-0.350615,0.043228,-0.647614,-0.263958,-0.155023,1.568458,-0.032652,0.261800,-0.024209,0.006238,0.337181,0.005588,0.374319,-0.525981,1.019172,0.433634,0.017597,0.110142,-0.025899,-0.353642,0.457384,0.951307,-0.415508,-0.005916,-0.127439
0.002416,0.052930,0.779202,-0.131977,-0.014528,-0.745796,0.652809,0.107936,0.133888,0.239564,0.408583,-0.351046,0.042514,-0.651955,-0.263815,-0.154037,1.577218,-0.033501,0.261800,-0.025106,0.007525,0.337663,0.006760,0.374798,-0.525738,1.019959,0.434426,0.017394,0.110228,-0.024289,-0.353879,0.456877,0.952567,-0.414124,-0.006308,-0.127633
0.002297,0.052821,0.779279,-0.133147,-0.014862,-0.745942,0.652396,0.111304,0.135455,0.240529,0.407756,-0.351572,0.041829,-0.656155,-0.263590,-0.153033,1.585782,-0.034337,0.261800,-0.025895,0.008853,0.338224,0.008400,0.375648,-0.525459,1.019883,0.435231,0.017275,0.110208,-0.022120,-0.354314,0.456184,0.953184,-0.412822,-0.006610,-0.127652
0.002157,0.052718,0.779339,-0.134317,-0.015177,-0.746091,0.651979,0.114497,0.137071,0.241384,0.407319,-0.352216,0.041281,-0.660230,-0.263189,-0.151957,1.594041,-0.035188,0.261800,-0.026698,0.010234,0.338423,0.009814,0.376188,-0.525204,1.020286,0.435878,0.017293,0.110030,-0.020088,-0.354562,0.455624,0.954491,-0.411920,-0.006786,-0.127440
0.002022,0.052591,0.779413,-0.135489,-0.015500,-0.746238,0.651561,0.117568,0.138708,0.242109,0.407249,-0.352947,0.040861,-0.664131,-0.262686,-0.150831,1.601996,-0.036095,0.261800,-0.027356,0.011598,0.338522,0.011372,0.376969,-0.525032,1.020213,0.436203,0.017577,0.109440,-0.017703,-0.354859,0.454964,0.955725,-0.411590,-0.006751,-0.126774
0.001881,0.052416,0.779463,-0.136677,-0.015821,-0.746388,0.651132,0.120592,0.140378,0.242768,0.407422,-0.353764,0.040523,-0.667861,-0.262099,-0.149678,1.609693,-0.037029,0.261800,-0.027956,0.012970,0.338408,0.012939,0.377697,-0.524912,1.020155,0.436400,0.018026,0.108642,-0.015235,-0.355061,0.454384,0.957273,-0.411592,-0.006565,-0.125835
0.001746,0.052247,0.779507,-0.137856,-0.016103,-0.746542,0.650701,0.123416,0.142129,0.243374,0.407953,-0.354727,0.040327,-0.671537,-0.261255,-0.148415,1.617105,-0.037922,0.261800,-0.028542,0.014426,0.338085,0.014549,0.378375,-0.524715,1.020059,0.436561,0.018517,0.107820,-0.012673,-0.355181,0.453654,0.958980,-0.411879,-0.006335,-0.124814
0.001613,0.052044,0.779525,-0.139011,-0.016301,-0.746698,0.650271,0.125889,0.144008,0.243937,0.408939,-0.355887,0.040334,-0.675280,-0.259985,-0.146963,1.624198,-0.038705,0.261800,-0.029070,0.015979,0.337621,0.016400,0.379295,-0.524249,1.019542,0.436824,0.018896,0.107083,-0.009891,-0.355260,0.452396,0.960512,-0.412421,-0.006203,-0.123857
0.001490,0.051793,0.779524,-0.140138,-0.016415,-0.746859,0.649841,0.127952,0.146080,0.244455,0.410514,-0.357291,0.040644,-0.679138,-0.258077,-0.145188,1.630985,-0.039386,0.261800,-0.029704,0.017782,0.336845,0.018222,0.379893,-0.523477,1.019287,0.437422,0.019147,0.106628,-0.007105,-0.355240,0.450790,0.962263,-0.413365,-0.006214,-0.123102
0.001366,0.051529,0.779521,-0.141252,-0.016455,-0.747026,0.649407,0.129697,0.148302,0.244923,0.412570,-0.358892,0.041198,-0.683034,-0.255673,-0.143177,1.637455,-0.039982,0.261800,-0.030284,0.019759,0.335885,0.020105,0.380464,-0.522536,1.018927,0.438202,0.019342,0.106285,-0.004099,-0.355155,0.448703,0.963965,-0.414747,-0.006308,-0.122391
0.001207,0.051283,0.779485,-0.142337,-0.016427,-0.747194,0.648978,0.131189,0.150588,0.245339,0.414883,-0.360623,0.041817,-0.686910,-0.253120,-0.141191,1.643615,-0.040465,0.261800,-0.030835,0.021800,0.334716,0.022025,0.381006,-0.521404,1.018503,0.438874,0.019487,0.105960,-0.001016,-0.355015,0.446353,0.965728,-0.416097,-0.006374,-0.121658
0.001079,0.050979,0.779488,-0.143353,-0.016354,-0.747360,0.648565,0.132495,0.152850,0.245710,0.417228,-0.362415,0.042324,-0.690708,-0.250766,-0.139492,1.649461,-0.040803,0.261800,-0.031552,0.023882,0.333150,0.023961,0.381259,-0.520138,1.018311,0.439020,0.019615,0.105646,0.001937,-0.354887,0.444442,0.967783,-0.416638,-0.006257,-0.120894
0.000964,0.050674,0.779463,-0.144288,-0.016217,-0.747530,0.648165,0.133544,0.155053,0.246014,0.419643,-0.364260,0.042766,-0.694470,-0.248715,-0.138154,1.654995,-0.040932,0.261800,-0.032050,0.025865,0.331656,0.026023,0.381741,-0.518151,1.017489,0.439038,0.019654,0.105072,0.005097,-0.354615,0.441612,0.969488,-0.417007,-0.005990,-0.119777
0.000823,0.050341,0.779450,-0.145152,-0.016019,-0.747702,0.647777,0.134312,0.157258,0.246254,0.422237,-0.366204,0.043207,-0.698217,-0.246782,-0.137041,1.660217,-0.040885,0.261800,-0.032668,0.027852,0.329738,0.028256,0.382152,-0.515986,1.016638,0.438506,0.019671,0.104489,0.008172,-0.354301,0.439105,0.971456,-0.416629,-0.005533,-0.118592
0.000722,0.050009,0.779446,-0.145985,-0.015792,-0.747868,0.647404,0.135045,0.159441,0.246478,0.424737,-0.368166,0.043496,-0.701825,-0.244907,-0.136046,1.665119,-0.040786,0.261800,-0.033321,0.029647,0.327880,0.030815,0.382952,-0.513349,1.015223,0.437979,0.019623,0.103772,0.011022,-0.353647,0.436374,0.973615,-0.416335,-0.005101,-0.117445
0.000584,0.049674,0.779388,-0.146815,-0.015563,-0.748018,0.647049,0.135906,0.161635,0.246717,0.426994,-0.370122,0.043482,-0.705161,-0.243005,-0.135105,1.669667,-0.040746,0.261800,-0.034112,0.031553,0.325853,0.033106,0.383409,-0.510959,1.014447,0.437337,0.019532,0.103191,0.013815,-0.353154,0.434032,0.975981,-0.415846,-0.004770,-0.116577
0.000480,0.049319,0.779365,-0.147661,-0.015344,-0.748156,0.646703,0.137017,0.163843,0.247015,0.428903,-0.372076,0.043046,-0.708196,-0.240937,-0.134108,1.673841,-0.040781,0.261800,-0.034903,0.033430,0.323911,0.035365,0.383960,-0.508534,1.013760,0.436721,0.019347,0.102643,0.016462,-0.352499,0.431718,0.978570,-0.415378,-0.004646,-0.116097
0.000384,0.048918,0.779350,-0.148511,-0.015106,-0.748286,0.646363,0.138226,0.166067,0.247343,0.430645,-0.374077,0.042293,-0.711006,-0.238785,-0.133118,1.677665,-0.040830,0.261800,-0.035711,0.035360,0.321895,0.037470,0.384419,-0.506218,1.013352,0.435912,0.019090,0.102158,0.019092,-0.351870,0.429542,0.981277,-0.414684,-0.004623,-0.115879
0.000253,0.048523,0.779357,-0.149320,-0.014866,-0.748393,0.646058,0.139471,0.168222,0.247650,0.432167,-0.376000,0.041412,-0.713602,-0.236807,-0.132305,1.681166,-0.040908,0.261800,-0.036624,0.037263,0.319831,0.039509,0.384807,-0.503872,1.013097,0.435242,0.018821,0.101669,0.021685,-0.351258,0.427298,0.984034,-0.414249,-0.004650,-0.115669
0.000122,0.048146,0.779347,-0.150072,-0.014609,-0.748463,0.645808,0.140665,0.170227,0.247884,0.433463,-0.377740,0.040591,-0.716022,-0.235275,-0.131813,1.684404,-0.041026,0.261800,-0.037724,0.039005,0.317742,0.041520,0.385211,-0.501416,1.012903,0.434957,0.018595,0.101108,0.024167,-0.350561,0.424801,0.986850,-0.414565,-0.004667,-0.115238
0.000021,0.047752,0.779357,-0.150746,-0.014360,-0.748494,0.645621,0.141833,0.172042,0.248057,0.434478,-0.379270,0.039799,-0.718245,-0.234336,-0.131725,1.687394,-0.041263,0.261800,-0.038988,0.040336,0.315625,0.043742,0.385949,-0.498594,1.012490,0.435170,0.018388,0.100410,0.026222,-0.349291,0.421925,0.990236,-0.416234,-0.004729,-0.114597
-0.000052,0.047330,0.779363,-0.151367,-0.014105,-0.748492,0.645483,0.142976,0.173732,0.248184,0.435287,-0.380676,0.038962,-0.720269,-0.233817,-0.131948,1.690105,-0.041583,0.261800,-0.040437,0.041571,0.313418,0.045922,0.386586,-0.495689,1.012250,0.435629,0.018195,0.099691,0.028245,-0.348077,0.418950,0.993689,-0.418618,-0.004831,-0.113802
-0.000141,0.046906,0.779427,-0.151931,-0.013833,-0.748461,0.645393,0.144095,0.175300,0.248234,0.435846,-0.381928,0.038211,-0.722136,-0.233535,-0.132347,1.692534,-0.041855,0.261800,-0.042003,0.042681,0.311163,0.047999,0.387308,-0.492963,1.012125,0.436302,0.018071,0.098921,0.030106,-0.346703,0.415828,0.997221,-0.421125,-0.004863,-0.112921
-0.000208,0.046458,0.779480,-0.152453,-0.013514,-0.748399,0.645349,0.145036,0.176813,0.248142,0.436415,-0.383067,0.037670,-0.723889,-0.233290,-0.132813,1.694671,-0.041943,0.261800,-0.043690,0.043897,0.308869,0.049732,0.387946,-0.490845,1.012316,0.437053,0.018082,0.098137,0.032076,-0.345579,0.412639,1.000308,-0.422916,-0.004709,-0.111935
-0.000245,0.046001,0.779540,-0.152898,-0.013156,-0.748306,0.645359,0.145762,0.178255,0.247883,0.436963,-0.384077,0.037405,-0.725529,-0.233123,-0.133400,1.696467,-0.041789,0.261800,-0.045414,0.045076,0.306494,0.051149,0.388772,-0.489502,1.012729,0.437843,0.018300,0.097231,0.034005,-0.344373,0.409255,1.003200,-0.423880,-0.004223,-0.110822
-0.000309,0.045520,0.779602,-0.153286,-0.012754,-0.748181,0.645419,0.146294,0.179621,0.247481,0.437516,-0.384967,0.037337,-0.727035,-0.233110,-0.134148,1.697946,-0.041472,0.261800,-0.047171,0.046196,0.304059,0.052354,0.389832,-0.488781,1.013237,0.438666,0.018672,0.096216,0.035943,-0.343094,0.405658,1.005892,-0.424382,-0.003508,-0.109578
-0.000381,0.045064,0.779698,-0.153637,-0.012340,-0.748030,0.645519,0.146835,0.180894,0.247001,0.437834,-0.385720,0.037382,-0.728430,-0.233117,-0.134877,1.699212,-0.041075,0.261800,-0.048983,0.047331,0.301684,0.053378,0.390931,-0.488367,1.013817,0.439669,0.019075,0.095246,0.037979,-0.341993,0.401926,1.008151,-0.424626,-0.002821,-0.108319
-0.000411,0.044570,0.779795,-0.153983,-0.011928,-0.747859,0.645642,0.147452,0.182093,0.246479,0.437965,-0.386381,0.037451,-0.729735,-0.233019,-0.135414,1.700372,-0.040681,0.261800,-0.050674,0.048427,0.299484,0.054273,0.392169,-0.488119,1.014285,0.440931,0.019399,0.094435,0.040175,-0.340984,0.397909,1.009896,-0.424942,-0.002422,-0.107198
-0.000424,0.044000,0.779890,-0.154310,-0.011538,-0.747655,0.645807,0.148251,0.183170,0.245891,0.437721,-0.386889,0.037497,-0.730933,-0.232753,-0.135672,1.701453,-0.040285,0.261800,-0.052345,0.049516,0.297445,0.055086,0.393423,-0.487935,1.014689,0.442702,0.019624,0.093864,0.042667,-0.340138,0.393497,1.010949,-0.425400,-0.002392,-0.106198
-0.000453,0.043527,0.780009,-0.154631,-0.011133,-0.747418,0.646012,0.149124,0.184152,0.245219,0.437227,-0.387279,0.037573,-0.732020,-0.232395,-0.135764,1.702390,-0.039851,0.261800,-0.054218,0.050672,0.295476,0.055750,0.394421,-0.487767,1.015315,0.444938,0.019808,0.093505,0.045252,-0.339586,0.389039,1.011525,-0.425742,-0.002571,-0.105270
-0.000493,0.043019,0.780108,-0.154926,-0.010738,-0.747180,0.646223,0.149965,0.185106,0.244543,0.436719,-0.387604,0.037749,-0.733046,-0.232023,-0.135792,1.703194,-0.039420,0.261800,-0.055657,0.051796,0.293724,0.056079,0.395772,-0.488114,1.015782,0.447054,0.019945,0.093169,0.048065,-0.339039,0.384135,1.011598,-0.426129,-0.002927,-0.104448
-0.000492,0.042509,0.780245,-0.155228,-0.010322,-0.746970,0.646401,0.150642,0.186117,0.243938,0.436490,-0.387951,0.038093,-0.734056,-0.231714,-0.135868,1.703855,-0.039029,0.261800,-0.056835,0.052832,0.292259,0.056322,0.397665,-0.488701,1.015767,0.448593,0.020018,0.092734,0.050646,-0.338568,0.379556,1.011510,-0.426290,-0.003368,-0.103812
-0.000487,0.042029,0.780375,-0.155544,-0.009894,-0.746797,0.646531,0.151147,0.187229,0.243443,0.436618,-0.388348,0.038639,-0.734998,-0.231466,-0.136048,1.704317,-0.038692,0.261800,-0.058178,0.053940,0.291037,0.056399,0.399417,-0.489124,1.015831,0.449707,0.020014,0.092312,0.052609,-0.338418,0.375999,1.011534,-0.425859,-0.003975,-0.103439
-0.000458,0.041524,0.780483,-0.155866,-0.009458,-0.746646,0.646635,0.151552,0.188382,0.243014,0.436917,-0.388728,0.039349,-0.735864,-0.231248,-0.136260,1.704591,-0.038384,0.261800,-0.059358,0.055043,0.290102,0.056368,0.401463,-0.489707,1.015589,0.450487,0.019939,0.091861,0.054449,-0.338553,0.372740,1.011199,-0.425082,-0.004776,-0.103229
-0.000444,0.041066,0.780596,-0.156164,-0.009006,-0.746505,0.646732,0.151783,0.189557,0.242584,0.437432,-0.389131,0.040171,-0.736783,-0.231082,-0.136460,1.704820,-0.038106,0.261800,-0.060525,0.056200,0.289365,0.056202,0.403615,-0.490276,1.015139,0.450984,0.019817,0.091390,0.056083,-0.338927,0.369826,1.010709,-0.424271,-0.005509,-0.103113
-0.000411,0.040598,0.780687,-0.156433,-0.008518,-0.746361,0.646840,0.151788,0.190727,0.242089,0.438142,-0.389562,0.041056,-0.737883,-0.230989,-0.136594,1.705137,-0.037863,0.261800,-0.061837,0.057479,0.288604,0.055634,0.405295,-0.490661,1.015120,0.451401,0.019695,0.091007,0.057201,-0.339346,0.367353,1.010696,-0.423784,-0.005882,-0.103104
-0.000359,0.040175,0.780778,-0.156638,-0.007997,-0.746208,0.646973,0.151459,0.191891,0.241482,0.439165,-0.390056,0.042041,-0.739228,-0.231064,-0.136713,1.705612,-0.037690,0.261800,-0.062832,0.058760,0.288139,0.055216,0.407900,-0.491340,1.013865,0.451211,0.019568,0.090373,0.058672,-0.340087,0.364620,1.009891,-0.423817,-0.005811,-0.102966
-0.000297,0.039687,0.780833,-0.156816,-0.007431,-0.746051,0.647118,0.150871,0.193065,0.240807,0.440435,-0.390579,0.043135,-0.740730,-0.231265,-0.136822,1.706152,-0.037571,0.261800,-0.063921,0.060046,0.287792,0.054781,0.410677,-0.491909,1.012263,0.450714,0.019433,0.089675,0.059770,-0.340925,0.362322,1.009182,-0.424083,-0.005405,-0.102903
-0.000228,0.039234,0.780897,-0.156976,-0.006852,-0.745906,0.647252,0.150180,0.194214,0.240136,0.441790,-0.391107,0.044254,-0.742335,-0.231428,-0.136787,1.706690,-0.037445,0.261800,-0.064959,0.061317,0.287603,0.054250,0.413512,-0.492225,1.010523,0.450158,0.019234,0.089003,0.060571,-0.341820,0.360188,1.008624,-0.424506,-0.004931,-0.102925
-0.000145,0.038774,0.780937,-0.157132,-0.006292,-0.745785,0.647360,0.149583,0.195304,0.239542,0.442988,-0.391576,0.045313,-0.743971,-0.231384,-0.136475,1.707143,-0.037240,0.261800,-0.065868,0.062525,0.287646,0.053658,0.416391,-0.492077,1.008703,0.449759,0.018907,0.088420,0.061116,-0.342751,0.358032,1.008251,-0.424959,-0.004655,-0.103034
-0.000071,0.038354,0.781016,-0.157286,-0.005758,-0.745684,0.647444,0.149093,0.196320,0.239011,0.444028,-0.391959,0.046297,-0.745632,-0.231141,-0.135856,1.707538,-0.036911,0.261800,-0.066637,0.063625,0.287953,0.053019,0.419316,-0.491336,1.006785,0.449590,0.018370,0.087925,0.061386,-0.343708,0.355877,1.008100,-0.425492,-0.004690,-0.103290
0.000015,0.037927,0.781098,-0.157434,-0.005232,-0.745599,0.647510,0.148620,0.197287,0.238515,0.445008,-0.392291,0.047248,-0.747347,-0.230767,-0.135001,1.707890,-0.036497,0.261800,-0.067304,0.064643,0.288480,0.052303,0.422303,-0.490151,1.004753,0.449518,0.017679,0.087487,0.061364,-0.344702,0.353787,1.008156,-0.426158,-0.004876,-0.103673
0.000137,0.037481,0.781158,-0.157572,-0.004706,-0.745544,0.647544,0.148185,0.198213,0.238108,0.445898,-0.392625,0.048170,-0.749112,-0.230200,-0.133927,1.708144,-0.036088,0.261800,-0.067860,0.065662,0.289176,0.051534,0.425332,-0.488676,1.002648,0.449500,0.016976,0.087136,0.061088,-0.345727,0.351680,1.008364,-0.426795,-0.005084,-0.104071
0.000275,0.037025,0.781227,-0.157699,-0.004170,-0.745533,0.647529,0.147836,0.199111,0.237845,0.446612,-0.392992,0.049066,-0.750910,-0.229373,-0.132654,1.708222,-0.035766,0.261800,-0.068299,0.066763,0.289979,0.050669,0.428368,-0.487112,1.000585,0.449459,0.016408,0.086907,0.060613,-0.346777,0.349439,1.008681,-0.427296,-0.005179,-0.104373
0.000430,0.036586,0.781284,-0.157812,-0.003637,-0.745558,0.647476,0.147586,0.199947,0.237714,0.447146,-0.393419,0.049944,-0.752738,-0.228213,-0.131063,1.708088,-0.035563,0.261800,-0.068646,0.067949,0.290900,0.049666,0.431389,-0.485549,0.998603,0.449436,0.016032,0.086823,0.059939,-0.347863,0.346982,1.009069,-0.427638,-0.005110,-0.104604
0.000605,0.036144,0.781367,-0.157926,-0.003094,-0.745614,0.647387,0.147438,0.200721,0.237697,0.447473,-0.393851,0.050800,-0.754598,-0.226772,-0.129187,1.707784,-0.035433,0.261800,-0.068882,0.069200,0.291959,0.048509,0.434390,-0.483913,0.996683,0.449439,0.015770,0.086868,0.059069,-0.348980,0.344376,1.009539,-0.427876,-0.004954,-0.104799
0.000785,0.035712,0.781422,-0.158024,-0.002533,-0.745724,0.647239,0.147312,0.201518,0.237834,0.447734,-0.394324,0.051618,-0.756500,-0.225178,-0.127263,1.707372,-0.035336,0.261800,-0.068930,0.070538,0.293091,0.047221,0.437347,-0.482109,0.994882,0.449383,0.015548,0.087020,0.057996,-0.350137,0.341701,1.010211,-0.428032,-0.004767,-0.104889
0.000983,0.035247,0.781504,-0.158106,-0.001928,-0.745908,0.647008,0.147136,0.202424,0.238158,0.448042,-0.394865,0.052388,-0.758456,-0.223557,-0.125529,1.706903,-0.035232,0.261800,-0.068723,0.071997,0.294232,0.045796,0.440230,-0.480075,0.993271,0.449144,0.015296,0.087261,0.056714,-0.351346,0.339051,1.011189,-0.428123,-0.004602,-0.104797
0.001226,0.034799,0.781592,-0.158201,-0.001248,-0.746186,0.646666,0.146945,0.203472,0.238729,0.448351,-0.395460,0.053046,-0.760473,-0.221844,-0.124004,1.706356,-0.035176,0.261800,-0.068170,0.073646,0.295254,0.043900,0.442625,-0.477848,0.992450,0.448723,0.014996,0.087720,0.055040,-0.352467,0.336463,1.012932,-0.427980,-0.004510,-0.104554
0.001470,0.034343,0.781681,-0.158286,-0.000525,-0.746544,0.646233,0.146745,0.204617,0.239505,0.448658,-0.396119,0.053620,-0.762545,-0.220007,-0.122575,1.705713,-0.035167,0.261800,-0.067319,0.075398,0.296480,0.042241,0.445413,-0.475267,0.991085,0.448020,0.014645,0.088176,0.053422,-0.353885,0.333753,1.014485,-0.427573,-0.004504,-0.104021
0.001775,0.033910,0.781745,-0.158360,0.000235,-0.746942,0.645755,0.146487,0.205805,0.240399,0.448997,-0.396823,0.054228,-0.764672,-0.218218,-0.121283,1.705055,-0.035084,0.261800,-0.066378,0.077244,0.297688,0.040445,0.448040,-0.472493,0.989988,0.447320,0.014325,0.088702,0.051553,-0.355324,0.331151,1.016284,-0.427347,-0.004408,-0.103392
0.002058,0.033459,0.781823,-0.158410,0.001021,-0.747348,0.645272,0.146087,0.206998,0.241313,0.449496,-0.397610,0.054990,-0.766870,-0.216649,-0.120169,1.704481,-0.034810,0.261800,-0.065510,0.079151,0.298875,0.038631,0.450550,-0.469536,0.989033,0.446814,0.014086,0.089214,0.049513,-0.356791,0.328722,1.018075,-0.427700,-0.004098,-0.102720
0.002356,0.033006,0.781914,-0.158456,0.001868,-0.747753,0.644790,0.145465,0.208278,0.242218,0.450266,-0.398527,0.055967,-0.769142,-0.215298,-0.119298,1.703955,-0.034183,0.261800,-0.064748,0.081181,0.299977,0.036716,0.452905,-0.466477,0.988385,0.446490,0.013923,0.089750,0.047238,-0.358239,0.326515,1.019969,-0.429114,-0.003439,-0.101895
0.002699,0.032537,0.781998,-0.158491,0.002764,-0.748175,0.644288,0.144668,0.209633,0.243165,0.451241,-0.399556,0.057086,-0.771489,-0.214094,-0.118628,1.703455,-0.033309,0.261800,-0.064013,0.083308,0.301086,0.034899,0.455306,-0.463185,0.987689,0.446263,0.013805,0.090279,0.044817,-0.359779,0.324464,1.021829,-0.431227,-0.002548,-0.100884
0.003016,0.032040,0.782085,-0.158493,0.003654,-0.748616,0.643770,0.143872,0.210888,0.244185,0.452159,-0.400575,0.058267,-0.773894,-0.213093,-0.118045,1.703058,-0.032474,0.261800,-0.063285,0.085404,0.302244,0.033085,0.457628,-0.459662,0.987021,0.446180,0.013770,0.090760,0.042240,-0.361329,0.322539,1.023653,-0.433236,-0.001638,-0.099981
0.003403,0.031516,0.782133,-0.158429,0.004466,-0.749080,0.643241,0.143243,0.211852,0.245312,0.452759,-0.401458,0.059428,-0.776360,-0.212360,-0.117431,1.702872,-0.031967,0.261800,-0.062515,0.087332,0.303470,0.031228,0.459709,-0.455838,0.986444,0.446410,0.013862,0.091157,0.039474,-0.362816,0.320702,1.025484,-0.434333,-0.000915,-0.099489
0.003790,0.031032,0.782215,-0.158294,0.005166,-0.749566,0.642703,0.142864,0.212411,0.246562,0.452944,-0.402172,0.060588,-0.778883,-0.211932,-0.116664,1.702947,-0.031963,0.261800,-0.061759,0.088993,0.304977,0.029734,0.461873,-0.451296,0.985268,0.447194,0.014154,0.091325,0.036684,-0.364477,0.318909,1.026887,-0.433972,-0.000494,-0.099392
0.004220,0.030500,0.782264,-0.158106,0.005798,-0.750074,0.642151,0.142646,0.212677,0.247924,0.452841,-0.402775,0.061777,-0.781468,-0.211767,-0.115833,1.703226,-0.032278,0.261800,-0.060987,0.090495,0.306608,0.028286,0.463895,-0.446307,0.984018,0.448402,0.014617,0.091380,0.033748,-0.366138,0.317189,1.028183,-0.432729,-0.000229,-0.099607
0.004690,0.029979,0.782293,-0.157879,0.006421,-0.750602,0.641584,0.142441,0.212844,0.249358,0.452628,-0.403326,0.062928,-0.784112,-0.211807,-0.115143,1.703619,-0.032655,0.261800,-0.060178,0.091972,0.308177,0.026616,0.465624,-0.441434,0.983175,0.449470,0.015073,0.091447,0.030600,-0.367691,0.315637,1.029636,-0.431311,-0.000007,-0.100126
0.005096,0.029485,0.782353,-0.157629,0.007102,-0.751150,0.640996,0.142134,0.213087,0.250839,0.452427,-0.403861,0.063978,-0.786804,-0.211996,-0.114797,1.704030,-0.032848,0.261800,-0.059537,0.093551,0.309831,0.025309,0.467584,-0.436751,0.981919,0.449709,0.015292,0.091450,0.027537,-0.369559,0.314451,1.030606,-0.430252,0.000224,-0.100727
0.005570,0.028945,0.782399,-0.157356,0.007866,-0.751734,0.640370,0.141700,0.213439,0.252391,0.452236,-0.404375,0.064937,-0.789593,-0.212374,-0.114882,1.704477,-0.032752,0.261800,-0.058716,0.095305,0.311105,0.023278,0.469048,-0.433132,0.981832,0.448623,0.015195,0.091549,0.024213,-0.371074,0.313546,1.032134,-0.429990,0.000580,-0.101726
0.006042,0.028418,0.782446,-0.157045,0.008668,-0.752346,0.639717,0.141192,0.213820,0.254014,0.452013,-0.404864,0.065830,-0.792455,-0.212950,-0.115282,1.704983,-0.032512,0.261800,-0.058160,0.097164,0.312685,0.022173,0.471140,-0.429247,0.980453,0.446584,0.014802,0.091352,0.021190,-0.373345,0.313072,1.032596,-0.429792,0.000882,-0.102717
0.006512,0.027817,0.782489,-0.156727,0.009498,-0.752959,0.639062,0.140631,0.214203,0.255657,0.451790,-0.405328,0.066620,-0.795326,-0.213633,-0.115873,1.705514,-0.032252,0.261800,-0.057398,0.099011,0.313967,0.020127,0.472590,-0.426213,0.980478,0.444553,0.014481,0.091494,0.017845,-0.374999,0.312567,1.033743,-0.429903,0.001215,-0.104032
0.006996,0.027265,0.782518,-0.156398,0.010315,-0.753548,0.638434,0.140021,0.214588,0.257259,0.451621,-0.405779,0.067263,-0.798121,-0.214316,-0.116542,1.706003,-0.032097,0.261800,-0.057045,0.100807,0.315836,0.019165,0.474737,-0.422482,0.978925,0.443366,0.014317,0.091683,0.014983,-0.377462,0.312148,1.033415,-0.429624,0.001365,-0.104976
0.007464,0.026709,0.782533,-0.156043,0.011108,-0.754127,0.637824,0.139390,0.214905,0.258866,0.451424,-0.406183,0.067794,-0.800869,-0.214959,-0.117223,1.706435,-0.032144,0.261800,-0.056675,0.102468,0.317802,0.017885,0.476745,-0.419032,0.977749,0.443422,0.014511,0.092503,0.012080,-0.379717,0.311512,1.032970,-0.429271,0.001443,-0.105922
0.007928,0.026153,0.782534,-0.155671,0.011901,-0.754700,0.637222,0.138731,0.215182,0.260490,0.451194,-0.406538,0.068222,-0.803590,-0.215623,-0.117987,1.706833,-0.032306,0.261800,-0.056351,0.104028,0.319855,0.016513,0.478672,-0.415721,0.976740,0.444267,0.014917,0.093749,0.009097,-0.381836,0.310841,1.032403,-0.428917,0.001465,-0.106914
0.008413,0.025644,0.782552,-0.155314,0.012701,-0.755237,0.636657,0.137988,0.215537,0.262024,0.451116,-0.406923,0.068467,-0.806226,-0.216362,-0.118918,1.707242,-0.032425,0.261800,-0.056148,0.105542,0.321944,0.014937,0.480430,-0.412622,0.976103,0.445336,0.015411,0.094978,0.006047,-0.383730,0.310249,1.031818,-0.428564,0.001408,-0.107910
0.008901,0.025109,0.782539,-0.155027,0.013539,-0.755703,0.636157,0.137100,0.216097,0.263358,0.451383,-0.407422,0.068449,-0.808700,-0.217231,-0.120104,1.707699,-0.032350,0.261800,-0.056223,0.107063,0.324217,0.013643,0.482299,-0.409428,0.975196,0.446100,0.015835,0.095619,0.003225,-0.385720,0.309842,1.030707,-0.428099,0.001211,-0.108726
0.009355,0.024580,0.782510,-0.154843,0.014447,-0.756093,0.635718,0.136038,0.217010,0.264480,0.452099,-0.408068,0.068034,-0.810988,-0.218153,-0.121643,1.708173,-0.031943,0.261800,-0.056560,0.108671,0.326584,0.012421,0.484061,-0.406124,0.974402,0.446412,0.016227,0.095602,0.000523,-0.387590,0.309630,1.029294,-0.427443,0.000789,-0.109411
0.009882,0.024058,0.782476,-0.154722,0.015398,-0.756427,0.635329,0.134835,0.218174,0.265444,0.453146,-0.408810,0.067300,-0.813123,-0.219131,-0.123468,1.708657,-0.031317,0.261800,-0.057135,0.110316,0.329053,0.011272,0.485728,-0.402745,0.973695,0.446569,0.016640,0.095182,-0.002116,-0.389360,0.309591,1.027618,-0.426649,0.000188,-0.110003
0.010385,0.023551,0.782418,-0.154624,0.016339,-0.756697,0.635007,0.133534,0.219321,0.266240,0.454392,-0.409618,0.066490,-0.815147,-0.220338,-0.125396,1.709227,-0.030694,0.261800,-0.057777,0.111863,0.331427,0.009558,0.487031,-0.399987,0.973829,0.446732,0.017013,0.094576,-0.004861,-0.390740,0.309643,1.026248,-0.426091,-0.000356,-0.110629
0.010889,0.023058,0.782347,-0.154478,0.017189,-0.756905,0.634772,0.132173,0.220202,0.266859,0.455707,-0.410459,0.065846,-0.817103,-0.221948,-0.127246,1.709968,-0.030298,0.261800,-0.058628,0.113170,0.333935,0.007837,0.488469,-0.397734,0.973885,0.447025,0.017201,0.093722,-0.007495,-0.392224,0.309885,1.024671,-0.425862,-0.000697,-0.111131
0.011433,0.022573,0.782227,-0.154262,0.017922,-0.757037,0.634647,0.130695,0.220688,0.267275,0.457145,-0.411368,0.065422,-0.819024,-0.224113,-0.128964,1.710939,-0.030192,0.261800,-0.059685,0.114174,0.336684,0.006247,0.490373,-0.396135,0.973501,0.447348,0.017142,0.092311,-0.009773,-0.394078,0.310251,1.022471,-0.426174,-0.000722,-0.111319
0.011963,0.022096,0.782088,-0.154014,0.018587,-0.757099,0.634614,0.129102,0.220932,0.267503,0.458748,-0.412351,0.065089,-0.820872,-0.226703,-0.130643,1.712079,-0.030259,0.261800,-0.060789,0.114945,0.339476,0.004316,0.492341,-0.395348,0.973407,0.447685,0.016933,0.090504,-0.011884,-0.395884,0.310627,1.020143,-0.426969,-0.000526,-0.111364
0.012478,0.021654,0.782004,-0.153767,0.019207,-0.757114,0.634637,0.127491,0.221100,0.267585,0.460406,-0.413344,0.064821,-0.822599,-0.229476,-0.132340,1.713301,-0.030439,0.261800,-0.061908,0.115593,0.342318,0.002108,0.494235,-0.395111,0.973569,0.448072,0.016621,0.088801,-0.013862,-0.397528,0.311010,1.017751,-0.427770,-0.000324,-0.111471
0.012961,0.021232,0.781904,-0.153576,0.019830,-0.757105,0.634676,0.125988,0.221350,0.267571,0.461958,-0.414295,0.064592,-0.824152,-0.232185,-0.134100,1.714512,-0.030674,0.261800,-0.062993,0.116223,0.345027,-0.000799,0.495453,-0.395355,0.974775,0.448651,0.016283,0.087845,-0.016107,-0.398549,0.311456,1.016039,-0.428230,-0.000294,-0.111988
0.013449,0.020840,0.781823,-0.153446,0.020464,-0.757064,0.634736,0.124569,0.221713,0.267429,0.463463,-0.415189,0.064419,-0.825490,-0.234881,-0.136000,1.715701,-0.031028,0.261800,-0.064079,0.116874,0.348016,-0.003477,0.496838,-0.395704,0.975427,0.449226,0.015757,0.087515,-0.017801,-0.399667,0.311690,1.013513,-0.427888,-0.000584,-0.112733
0.013915,0.020456,0.781725,-0.153344,0.021079,-0.756984,0.634836,0.123190,0.222104,0.267149,0.464959,-0.416066,0.064310,-0.826657,-0.237654,-0.137990,1.716913,-0.031505,0.261800,-0.065142,0.117467,0.351323,-0.005888,0.498606,-0.396236,0.975391,0.449759,0.015018,0.087482,-0.018900,-0.401024,0.311682,1.010083,-0.427009,-0.001115,-0.113531
0.014364,0.020082,0.781656,-0.153275,0.021685,-0.756888,0.634946,0.121850,0.222556,0.266790,0.466465,-0.416928,0.064215,-0.827701,-0.240325,-0.139963,1.718137,-0.031963,0.261800,-0.066164,0.117995,0.354725,-0.008393,0.500396,-0.397108,0.975340,0.450246,0.014359,0.087748,-0.019830,-0.402321,0.311819,1.006543,-0.425909,-0.001738,-0.114372
0.014800,0.019711,0.781566,-0.153241,0.022292,-0.756801,0.635037,0.120537,0.223110,0.266408,0.468023,-0.417784,0.064083,-0.828677,-0.242708,-0.141806,1.719368,-0.032266,0.261800,-0.067086,0.118447,0.358093,-0.011026,0.502119,-0.398328,0.975419,0.450693,0.014038,0.088211,-0.020725,-0.403513,0.312397,1.003228,-0.424819,-0.002345,-0.115142
0.015217,0.019389,0.781486,-0.153257,0.022902,-0.756735,0.635090,0.119286,0.223806,0.266025,0.469638,-0.418645,0.063846,-0.829589,-0.244729,-0.143522,1.720601,-0.032334,0.261800,-0.067797,0.118828,0.361704,-0.013314,0.504520,-0.399982,0.974632,0.450860,0.014173,0.088711,-0.021121,-0.405088,0.313316,0.999291,-0.423419,-0.003030,-0.115640
0.015585,0.019045,0.781448,-0.153320,0.023513,-0.756677,0.635122,0.118092,0.224618,0.265607,0.471288,-0.419503,0.063548,-0.830418,-0.246495,-0.145162,1.721844,-0.032252,0.261800,-0.068519,0.119178,0.365239,-0.015976,0.506532,-0.402077,0.974432,0.451122,0.014676,0.089593,-0.021803,-0.406332,0.314774,0.995966,-0.421914,-0.003726,-0.116230
0.015949,0.018747,0.781416,-0.153394,0.024116,-0.756603,0.635170,0.116861,0.225462,0.265129,0.473020,-0.420363,0.063310,-0.831162,-0.248097,-0.146683,1.723094,-0.032139,0.261800,-0.069174,0.119386,0.368779,-0.018537,0.508680,-0.404302,0.974023,0.451202,0.015243,0.090563,-0.022231,-0.407587,0.316532,0.992542,-0.420490,-0.004398,-0.116710
0.016299,0.018459,0.781383,-0.153444,0.024707,-0.756490,0.635270,0.115486,0.226275,0.264561,0.474897,-0.421231,0.063252,-0.831833,-0.249629,-0.148050,1.724352,-0.032103,0.261800,-0.069945,0.119435,0.372017,-0.021470,0.510087,-0.406368,0.974491,0.451328,0.015670,0.091713,-0.022921,-0.408388,0.318735,0.989954,-0.419692,-0.004891,-0.117233
0.016614,0.018164,0.781337,-0.153459,0.025282,-0.756317,0.635450,0.113884,0.227026,0.263868,0.477022,-0.422132,0.063458,-0.832423,-0.251181,-0.149261,1.725655,-0.032214,0.261800,-0.070757,0.119129,0.375275,-0.023765,0.512185,-0.408173,0.974047,0.450751,0.015802,0.092673,-0.022993,-0.409507,0.321389,0.986805,-0.419152,-0.005222,-0.117429
0.016889,0.017871,0.781296,-0.153449,0.025835,-0.756103,0.635684,0.112134,0.227761,0.263078,0.479328,-0.423052,0.063847,-0.832919,-0.252675,-0.150342,1.726984,-0.032393,0.261800,-0.071672,0.118636,0.378388,-0.026214,0.513839,-0.409750,0.974054,0.450167,0.015836,0.093775,-0.023146,-0.410330,0.324454,0.984155,-0.419144,-0.005386,-0.117565
0.017116,0.017631,0.781256,-0.153434,0.026379,-0.755877,0.635934,0.110361,0.228484,0.262237,0.481630,-0.423944,0.064293,-0.833376,-0.253979,-0.151249,1.728298,-0.032563,0.261800,-0.072680,0.117916,0.381538,-0.028015,0.515948,-0.411063,0.973233,0.449342,0.015780,0.094784,-0.023076,-0.411270,0.327919,0.981234,-0.419215,-0.005556,-0.117617
0.017357,0.017371,0.781243,-0.153427,0.026918,-0.755669,0.636160,0.108693,0.229219,0.261402,0.483753,-0.424770,0.064668,-0.833827,-0.254956,-0.151954,1.729527,-0.032640,0.261800,-0.073606,0.117176,0.384550,-0.029812,0.517846,-0.412464,0.972449,0.448662,0.015731,0.095850,-0.022982,-0.412024,0.331410,0.978464,-0.419503,-0.005827,-0.117817
0.017566,0.017122,0.781208,-0.153453,0.027462,-0.755480,0.636356,0.107163,0.229974,0.260537,0.485696,-0.425535,0.064964,-0.834283,-0.255468,-0.152379,1.730685,-0.032563,0.261800,-0.074345,0.116598,0.387288,-0.032212,0.518844,-0.414249,0.972565,0.448381,0.015719,0.097137,-0.022904,-0.412428,0.334685,0.976134,-0.420461,-0.006189,-0.118282
0.017755,0.016900,0.781197,-0.153486,0.027997,-0.755297,0.636541,0.105698,0.230729,0.259632,0.487543,-0.426258,0.065243,-0.834731,-0.255631,-0.152559,1.731800,-0.032396,0.261800,-0.075217,0.115796,0.389950,-0.033738,0.520531,-0.416011,0.971664,0.447675,0.015646,0.098299,-0.022669,-0.413048,0.338660,0.973539,-0.421271,-0.006626,-0.118781
0.017949,0.016693,0.781196,-0.153507,0.028528,-0.755127,0.636715,0.104287,0.231493,0.258766,0.489211,-0.426904,0.065482,-0.835156,-0.255648,-0.152651,1.732830,-0.032217,0.261800,-0.075864,0.115065,0.392517,-0.035683,0.521671,-0.417835,0.971185,0.447302,0.015587,0.099575,-0.022269,-0.413444,0.342251,0.971067,-0.422284,-0.007137,-0.119334
0.018104,0.016487,0.781205,-0.153504,0.029076,-0.754976,0.636870,0.102846,0.232271,0.258009,0.490764,-0.427521,0.065659,-0.835578,-0.255744,-0.152797,1.733792,-0.032126,0.261800,-0.076362,0.114287,0.394958,-0.037696,0.522723,-0.419680,0.970675,0.446967,0.015560,0.100875,-0.021750,-0.413794,0.345799,0.968677,-0.422694,-0.007733,-0.119875
0.018250,0.016299,0.781189,-0.153469,0.029642,-0.754859,0.636990,0.101428,0.233083,0.257450,0.492070,-0.428081,0.065729,-0.836064,-0.255894,-0.152983,1.734722,-0.032118,0.261800,-0.076607,0.113491,0.397307,-0.039851,0.523685,-0.421513,0.970106,0.446725,0.015584,0.102256,-0.021026,-0.414095,0.349156,0.966255,-0.422135,-0.008528,-0.120443
0.018375,0.016147,0.781192,-0.153408,0.030219,-0.754769,0.637084,0.100031,0.233923,0.257026,0.493193,-0.428603,0.065718,-0.836599,-0.256012,-0.153144,1.735618,-0.032153,0.261800,-0.076715,0.112568,0.399592,-0.041733,0.524984,-0.423344,0.968994,0.446309,0.015638,0.103626,-0.020122,-0.414440,0.352629,0.963700,-0.420745,-0.009481,-0.121033
0.018507,0.015988,0.781237,-0.153328,0.030796,-0.754678,0.637184,0.098612,0.234733,0.256599,0.494225,-0.429042,0.065704,-0.837020,-0.256214,-0.153365,1.736368,-0.032265,0.261800,-0.076698,0.111648,0.401806,-0.043845,0.525967,-0.425164,0.968079,0.446106,0.015681,0.104961,-0.019066,-0.414666,0.355813,0.961229,-0.419591,-0.010389,-0.121521
0.018625,0.015890,0.781282,-0.153228,0.031355,-0.754554,0.637327,0.097119,0.235460,0.256032,0.495277,-0.429367,0.065769,-0.837186,-0.256617,-0.153716,1.736873,-0.032488,0.261800,-0.076737,0.110693,0.403919,-0.045965,0.526700,-0.426929,0.967250,0.446053,0.015669,0.106115,-0.017915,-0.414806,0.358936,0.958917,-0.419228,-0.011041,-0.121778
0.018735,0.015776,0.781332,-0.153109,0.031887,-0.754394,0.637519,0.095605,0.236045,0.255321,0.496271,-0.429514,0.065963,-0.837007,-0.257339,-0.154234,1.737082,-0.032882,0.261800,-0.076918,0.109620,0.405928,-0.048035,0.527319,-0.428697,0.966475,0.446087,0.015569,0.107059,-0.016693,-0.414884,0.362219,0.956763,-0.419925,-0.011355,-0.121741
0.018853,0.015660,0.781409,-0.152959,0.032391,-0.754213,0.637744,0.094063,0.236538,0.254523,0.497208,-0.429530,0.066233,-0.836582,-0.258284,-0.154868,1.737056,-0.033412,0.261800,-0.077191,0.108442,0.407840,-0.050024,0.527872,-0.430442,0.965665,0.446175,0.015415,0.107850,-0.015408,-0.414893,0.365639,0.954745,-0.421253,-0.011445,-0.121498
0.018917,0.015564,0.781428,-0.152796,0.032903,-0.754010,0.637996,0.092404,0.237017,0.253621,0.498214,-0.429506,0.066506,-0.836027,-0.259275,-0.155592,1.736863,-0.033971,0.261800,-0.077491,0.107208,0.409646,-0.051840,0.528331,-0.432022,0.964709,0.446287,0.015247,0.108457,-0.014126,-0.414828,0.369008,0.952933,-0.422753,-0.011405,-0.121129
0.019033,0.015504,0.781508,-0.152619,0.033442,-0.753789,0.638272,0.090627,0.237534,0.252616,0.499233,-0.429432,0.066709,-0.835463,-0.260125,-0.156364,1.736577,-0.034458,0.261800,-0.077833,0.105973,0.411315,-0.053432,0.528705,-0.433421,0.963562,0.446200,0.015108,0.108858,-0.012990,-0.414664,0.372291,0.951471,-0.423880,-0.011324,-0.120728
0.019109,0.015459,0.781540,-0.152438,0.034020,-0.753535,0.638584,0.088444,0.238168,0.251405,0.500829,-0.429616,0.066810,-0.834892,-0.260859,-0.157197,1.736204,-0.034895,0.261800,-0.078028,0.104829,0.413006,-0.054963,0.528871,-0.434506,0.962162,0.446092,0.014994,0.108982,-0.011657,-0.414503,0.374862,0.949950,-0.424782,-0.011239,-0.120145
0.019193,0.015429,0.781626,-0.152232,0.034609,-0.753256,0.638931,0.086116,0.238812,0.250060,0.502491,-0.429755,0.066858,-0.834255,-0.261548,-0.158096,1.735699,-0.035319,0.261800,-0.078371,0.103582,0.414382,-0.056253,0.528948,-0.435538,0.960778,0.445651,0.014909,0.108915,-0.010668,-0.414165,0.377857,0.949118,-0.425177,-0.011048,-0.119525
0.019265,0.015416,0.781701,-0.152017,0.035216,-0.752971,0.639285,0.083714,0.239504,0.248671,0.504150,-0.429866,0.066863,-0.833601,-0.262082,-0.159051,1.735089,-0.035645,0.261800,-0.078711,0.102356,0.415702,-0.057412,0.528853,-0.436333,0.959280,0.445327,0.014834,0.108716,-0.009717,-0.413683,0.380586,0.948472,-0.425664,-0.010774,-0.118944
0.019334,0.015451,0.781751,-0.151812,0.035856,-0.752700,0.639617,0.081367,0.240261,0.247347,0.505610,-0.429881,0.066842,-0.832966,-0.262350,-0.160060,1.734379,-0.035783,0.261800,-0.078794,0.101330,0.417264,-0.058544,0.528766,-0.437017,0.957301,0.445262,0.014749,0.108393,-0.008103,-0.413480,0.382280,0.946975,-0.426666,-0.010455,-0.118383
0.019362,0.015459,0.781841,-0.151610,0.036554,-0.752443,0.639928,0.079056,0.241128,0.246089,0.506795,-0.429770,0.066804,-0.832387,-0.262206,-0.161114,1.733500,-0.035654,0.261800,-0.079186,0.100211,0.418156,-0.059633,0.528391,-0.437987,0.956051,0.444961,0.014798,0.108137,-0.007091,-0.412898,0.385198,0.946575,-0.427452,-0.009738,-0.118360
0.019398,0.015500,0.781955,-0.151396,0.037285,-0.752191,0.640233,0.076727,0.242090,0.244842,0.507834,-0.429578,0.066739,-0.831829,-0.261747,-0.162217,1.732465,-0.035319,0.261800,-0.079482,0.099197,0.419119,-0.060587,0.527913,-0.438605,0.954494,0.444980,0.014893,0.107730,-0.005876,-0.412298,0.387491,0.945971,-0.428791,-0.008851,-0.118432
0.019449,0.015548,0.782077,-0.151179,0.037997,-0.751952,0.640522,0.074468,0.243050,0.243646,0.508760,-0.429327,0.066634,-0.831256,-0.261228,-0.163374,1.731424,-0.034912,0.261800,-0.079834,0.098180,0.419958,-0.061567,0.527241,-0.439436,0.953135,0.444923,0.014908,0.107368,-0.004883,-0.411542,0.389808,0.945773,-0.429842,-0.008071,-0.118644
0.019446,0.015622,0.782203,-0.150986,0.038653,-0.751734,0.640784,0.072362,0.243907,0.242536,0.509618,-0.429036,0.066477,-0.830623,-0.260901,-0.164585,1.730521,-0.034562,0.261800,-0.080131,0.097125,0.420741,-0.062749,0.526397,-0.440901,0.952081,0.444639,0.014700,0.107170,-0.004102,-0.410634,0.391989,0.945995,-0.430121,-0.007735,-0.118909
0.019488,0.015668,0.782305,-0.150813,0.039236,-0.751542,0.641016,0.070440,0.244665,0.241522,0.510414,-0.428706,0.066232,-0.829883,-0.260781,-0.165892,1.729751,-0.034260,0.261800,-0.080292,0.096082,0.421475,-0.064277,0.525463,-0.443441,0.951381,0.443683,0.014092,0.107165,-0.003420,-0.409603,0.393772,0.946637,-0.429266,-0.008108,-0.119238
0.019525,0.015767,0.782411,-0.150655,0.039773,-0.751369,0.641222,0.068714,0.245349,0.240598,0.511005,-0.428255,0.065921,-0.829066,-0.260749,-0.167280,1.729043,-0.033944,0.261800,-0.080366,0.095050,0.422328,-0.065630,0.524774,-0.446484,0.950264,0.442276,0.013183,0.107179,-0.002512,-0.408798,0.395140,0.947023,-0.427556,-0.008983,-0.119548
0.019537,0.015852,0.782491,-0.150497,0.040260,-0.751211,0.641413,0.066962,0.245972,0.239721,0.511772,-0.427920,0.065601,-0.828270,-0.260865,-0.168672,1.728477,-0.033691,0.261800,-0.080339,0.093952,0.423262,-0.066896,0.524197,-0.449693,0.948912,0.441021,0.012275,0.107203,-0.001477,-0.408115,0.396383,0.947142,-0.425607,-0.009958,-0.119781
0.019553,0.016005,0.782585,-0.150324,0.040690,-0.751065,0.641598,0.065373,0.246441,0.238951,0.512276,-0.427455,0.065342,-0.827540,-0.261180,-0.169990,1.728073,-0.033564,0.261800,-0.080323,0.092693,0.424504,-0.067576,0.523862,-0.452075,0.946713,0.440786,0.011635,0.107118,-0.000276,-0.407760,0.397646,0.946488,-0.424115,-0.010669,-0.119774
0.019573,0.016138,0.782681,-0.150107,0.041042,-0.750933,0.641782,0.063879,0.246721,0.238296,0.512594,-0.426911,0.065173,-0.826933,-0.261767,-0.171209,1.727896,-0.033589,0.261800,-0.079966,0.091238,0.425583,-0.068566,0.523398,-0.454577,0.944820,0.441678,0.011450,0.107033,0.001082,-0.407373,0.399121,0.945577,-0.422918,-0.010931,-0.119660
0.019613,0.016293,0.782778,-0.149883,0.041346,-0.750811,0.641957,0.062480,0.246852,0.237740,0.512774,-0.426312,0.065057,-0.826390,-0.262579,-0.172376,1.727897,-0.033729,0.261800,-0.079466,0.089667,0.426628,-0.069587,0.522727,-0.456967,0.942974,0.443511,0.011562,0.106977,0.002459,-0.406959,0.400692,0.944506,-0.421879,-0.010953,-0.119469
0.019633,0.016462,0.782876,-0.149662,0.041601,-0.750702,0.642119,0.061198,0.246914,0.237249,0.512862,-0.425673,0.064954,-0.825860,-0.263486,-0.173512,1.728000,-0.033950,0.261800,-0.078908,0.088091,0.427597,-0.071002,0.521676,-0.459545,0.941816,0.445482,0.011726,0.107078,0.003584,-0.406502,0.402422,0.943777,-0.421100,-0.010918,-0.119232
0.019678,0.016654,0.782963,-0.149473,0.041816,-0.750602,0.642267,0.060031,0.246984,0.236775,0.512962,-0.425054,0.064825,-0.825280,-0.264371,-0.174637,1.728133,-0.034236,0.261800,-0.078448,0.086540,0.428832,-0.071970,0.520824,-0.461967,0.940172,0.446884,0.011843,0.107316,0.004610,-0.406273,0.404189,0.942914,-0.420764,-0.010939,-0.118882
0.019707,0.016826,0.783062,-0.149338,0.041989,-0.750512,0.642392,0.059066,0.247054,0.236338,0.513004,-0.424410,0.064657,-0.824636,-0.265239,-0.175728,1.728327,-0.034632,0.261800,-0.078004,0.085070,0.430164,-0.073085,0.519933,-0.464998,0.938839,0.447203,0.011925,0.107925,0.005434,-0.406159,0.406042,0.942334,-0.420944,-0.011065,-0.118347
0.019714,0.017024,0.783139,-0.149228,0.042110,-0.750435,0.642499,0.058267,0.247094,0.235952,0.512980,-0.423734,0.064470,-0.823955,-0.266139,-0.176792,1.728590,-0.035127,0.261800,-0.077398,0.083737,0.431507,-0.074653,0.518751,-0.468736,0.938095,0.446902,0.012051,0.108859,0.006288,-0.406172,0.407790,0.941858,-0.421572,-0.011215,-0.117659
0.019722,0.017251,0.783221,-0.149145,0.042218,-0.750360,0.642599,0.057507,0.247136,0.235566,0.512985,-0.423096,0.064282,-0.823258,-0.267024,-0.177854,1.728867,-0.035630,0.261800,-0.077021,0.082150,0.433420,-0.074904,0.518416,-0.471047,0.935656,0.446818,0.012033,0.109502,0.006868,-0.406258,0.409448,0.940987,-0.422710,-0.011409,-0.116951
0.019698,0.017491,0.783275,-0.149053,0.042336,-0.750281,0.642705,0.056616,0.247239,0.235124,0.513166,-0.422590,0.064108,-0.822567,-0.267830,-0.178976,1.729068,-0.036036,0.261800,-0.076241,0.080679,0.434606,-0.075967,0.517655,-0.474502,0.934578,0.446108,0.011937,0.110112,0.007636,-0.406510,0.411902,0.940464,-0.423006,-0.011458,-0.116766
0.019663,0.017715,0.783328,-0.148973,0.042477,-0.750192,0.642818,0.055577,0.247427,0.234597,0.513563,-0.422247,0.063950,-0.821864,-0.268583,-0.180206,1.729213,-0.036334,0.261800,-0.075298,0.079230,0.435863,-0.076796,0.516785,-0.476909,0.933309,0.445945,0.011457,0.110262,0.008479,-0.406857,0.414344,0.939686,-0.423324,-0.011421,-0.117062
0.019644,0.017975,0.783341,-0.148898,0.042619,-0.750099,0.642934,0.054461,0.247678,0.234018,0.514112,-0.422025,0.063799,-0.821151,-0.269300,-0.181503,1.729329,-0.036574,0.261800,-0.074323,0.077793,0.437069,-0.077373,0.515813,-0.478740,0.931972,0.445917,0.010750,0.110172,0.009209,-0.407317,0.417147,0.938948,-0.423550,-0.011298,-0.117736
0.019601,0.018226,0.783367,-0.148825,0.042770,-0.750007,0.643048,0.053295,0.247956,0.233430,0.514721,-0.421850,0.063657,-0.820440,-0.269898,-0.182803,1.729348,-0.036733,0.261800,-0.073617,0.076613,0.438070,-0.078234,0.513928,-0.480418,0.931593,0.446070,0.010108,0.110184,0.009760,-0.408300,0.420479,0.938306,-0.423477,-0.011146,-0.118519
0.019544,0.018517,0.783356,-0.148736,0.042917,-0.749921,0.643159,0.052109,0.248197,0.232883,0.515300,-0.421654,0.063529,-0.819773,-0.270314,-0.183995,1.729233,-0.036806,0.261800,-0.072902,0.075383,0.439115,-0.079059,0.512209,-0.482302,0.931223,0.446172,0.009808,0.110279,0.010215,-0.409373,0.423509,0.937555,-0.423506,-0.011113,-0.119107
0.019524,0.018804,0.783363,-0.148621,0.043055,-0.749842,0.643269,0.050922,0.248399,0.232411,0.515804,-0.421393,0.063402,-0.819153,-0.270509,-0.185084,1.728959,-0.036761,0.261800,-0.072276,0.074082,0.440152,-0.079794,0.510566,-0.484445,0.930920,0.446213,0.010053,0.110569,0.010426,-0.410594,0.426578,0.936799,-0.423255,-0.011328,-0.119516
0.019448,0.019090,0.783401,-0.148497,0.043195,-0.749765,0.643378,0.049717,0.248582,0.231981,0.516289,-0.421117,0.063281,-0.818574,-0.270530,-0.186105,1.728562,-0.036620,0.261800,-0.071694,0.072675,0.441176,-0.080396,0.509105,-0.486718,0.930600,0.446135,0.010646,0.110932,0.010381,-0.411881,0.429741,0.936103,-0.422815,-0.011703,-0.119882
0.019385,0.019409,0.783416,-0.148358,0.043334,-0.749696,0.643481,0.048500,0.248725,0.231555,0.516727,-0.420827,0.063186,-0.818016,-0.270428,-0.187030,1.728043,-0.036419,0.261800,-0.071135,0.071281,0.442138,-0.080965,0.507651,-0.489052,0.930459,0.446055,0.011297,0.111280,0.010291,-0.413288,0.432682,0.935359,-0.422668,-0.011974,-0.120114
0.019322,0.019723,0.783438,-0.148188,0.043460,-0.749639,0.643578,0.047281,0.248808,0.231090,0.517088,-0.420536,0.063139,-0.817468,-0.270250,-0.187827,1.727397,-0.036188,0.261800,-0.070516,0.069886,0.443008,-0.081461,0.506327,-0.491383,0.930456,0.446020,0.011719,0.111485,0.010233,-0.414573,0.435056,0.934644,-0.423370,-0.011880,-0.120155
0.019259,0.020042,0.783454,-0.147986,0.043588,-0.749600,0.643662,0.046100,0.248797,0.230560,0.517234,-0.420147,0.063158,-0.816969,-0.269900,-0.188411,1.726581,-0.035873,0.261800,-0.069804,0.068544,0.443727,-0.082095,0.504978,-0.493855,0.930887,0.446021,0.011776,0.111522,0.010276,-0.415812,0.436787,0.933964,-0.425590,-0.011167,-0.119811
0.019207,0.020344,0.783449,-0.147762,0.043720,-0.749572,0.643736,0.044770,0.248757,0.229943,0.517569,-0.419891,0.063222,-0.816529,-0.269391,-0.188828,1.725635,-0.035480,0.261800,-0.069005,0.067262,0.444306,-0.082900,0.503542,-0.496520,0.931769,0.446043,0.011646,0.111469,0.010388,-0.417029,0.437995,0.933311,-0.428891,-0.010035,-0.119177
0.019136,0.020653,0.783446,-0.147520,0.043834,-0.749550,0.643810,0.043553,0.248655,0.229384,0.517667,-0.419552,0.063312,-0.816024,-0.268930,-0.189232,1.724587,-0.035126,0.261800,-0.068183,0.065984,0.444795,-0.083639,0.502122,-0.499131,0.932826,0.446156,0.011505,0.111383,0.010421,-0.418128,0.438781,0.932785,-0.432067,-0.008901,-0.118628
0.019084,0.020961,0.783444,-0.147301,0.043940,-0.749519,0.643889,0.042445,0.248526,0.228948,0.517639,-0.419225,0.063400,-0.815352,-0.268722,-0.189789,1.723498,-0.034933,0.261800,-0.067386,0.064819,0.445219,-0.084401,0.500509,-0.501660,0.934160,0.446376,0.011529,0.111375,0.010471,-0.419245,0.439130,0.932235,-0.433899,-0.008170,-0.118518
0.019012,0.021277,0.783417,-0.147085,0.043999,-0.749475,0.643986,0.041540,0.248345,0.228700,0.517354,-0.418898,0.063486,-0.814430,-0.268921,-0.190600,1.722395,-0.035004,0.261800,-0.066728,0.063611,0.445621,-0.084758,0.499013,-0.503856,0.935320,0.446902,0.011781,0.111392,0.010290,-0.420176,0.439080,0.931873,-0.433764,-0.007991,-0.119128
0.018938,0.021608,0.783403,-0.146872,0.044035,-0.749422,0.644094,0.040770,0.248118,0.228574,0.516881,-0.418575,0.063579,-0.813327,-0.269384,-0.191565,1.721241,-0.035245,0.261800,-0.066100,0.062534,0.445938,-0.085184,0.497276,-0.506065,0.936844,0.447627,0.012168,0.111468,0.010140,-0.421137,0.438503,0.931504,-0.432387,-0.008128,-0.120180
0.018886,0.021945,0.783412,-0.146656,0.044062,-0.749377,0.644193,0.040003,0.247884,0.228495,0.516415,-0.418257,0.063676,-0.812186,-0.269874,-0.192526,1.720012,-0.035509,0.261800,-0.065452,0.061470,0.446185,-0.085487,0.495519,-0.507999,0.938467,0.448338,0.012607,0.111569,0.009890,-0.422014,0.437714,0.931231,-0.430643,-0.008433,-0.121315
0.018834,0.022256,0.783411,-0.146432,0.044105,-0.749354,0.644268,0.039118,0.247674,0.228386,0.516113,-0.417913,0.063769,-0.811149,-0.270158,-0.193317,1.718695,-0.035650,0.261800,-0.064749,0.060283,0.446401,-0.085338,0.494091,-0.509311,0.939722,0.448817,0.013016,0.111639,0.009379,-0.422656,0.437061,0.931145,-0.429384,-0.008751,-0.122176
0.018798,0.022572,0.783432,-0.146188,0.044187,-0.749362,0.644309,0.037968,0.247543,0.228194,0.516159,-0.417576,0.063857,-0.810275,-0.270138,-0.193915,1.717225,-0.035602,0.261800,-0.063775,0.059462,0.446381,-0.085883,0.491785,-0.510623,0.942111,0.449077,0.013350,0.111868,0.009182,-0.423606,0.436111,0.930893,-0.428445,-0.009200,-0.122620
0.018767,0.022909,0.783452,-0.145931,0.044289,-0.749389,0.644328,0.036652,0.247449,0.227972,0.516426,-0.417248,0.063946,-0.809487,-0.269962,-0.194393,1.715641,-0.035451,0.261800,-0.062774,0.058680,0.446267,-0.086326,0.489419,-0.511534,0.944640,0.449142,0.013651,0.112115,0.008860,-0.424510,0.435111,0.930732,-0.427488,-0.009809,-0.122885
0.018706,0.023207,0.783425,-0.145681,0.044375,-0.749430,0.644331,0.035397,0.247346,0.227786,0.516667,-0.416898,0.064031,-0.808697,-0.269713,-0.194783,1.714033,-0.035277,0.261800,-0.061714,0.057922,0.446114,-0.086587,0.486962,-0.511976,0.947178,0.449226,0.014014,0.112438,0.008444,-0.425388,0.434201,0.930637,-0.427094,-0.010273,-0.122997
0.018650,0.023624,0.783412,-0.145458,0.044410,-0.749480,0.644320,0.034416,0.247193,0.227706,0.516661,-0.416508,0.064109,-0.807813,-0.269480,-0.195121,1.712481,-0.035145,0.261800,-0.060638,0.057176,0.445995,-0.086661,0.484403,-0.511965,0.949663,0.449390,0.014532,0.112897,0.007900,-0.426262,0.433609,0.930598,-0.427819,-0.010284,-0.122985
0.018597,0.023909,0.783410,-0.145269,0.044392,-0.749548,0.644286,0.033770,0.246988,0.227771,0.516361,-0.416073,0.064200,-0.806806,-0.269254,-0.195396,1.710988,-0.035070,0.261800,-0.059519,0.056448,0.445926,-0.086427,0.481706,-0.511271,0.952010,0.449913,0.015300,0.113587,0.007210,-0.427145,0.433484,0.930640,-0.430514,-0.009560,-0.122640
0.018539,0.024249,0.783403,-0.145105,0.044336,-0.749632,0.644229,0.033352,0.246750,0.227942,0.515860,-0.415591,0.064300,-0.805730,-0.268998,-0.195595,1.709512,-0.035012,0.261800,-0.058379,0.055743,0.445866,-0.085976,0.478864,-0.510004,0.954336,0.450620,0.016247,0.114459,0.006367,-0.428048,0.433710,0.930776,-0.434642,-0.008328,-0.122016
0.018491,0.024595,0.783400,-0.144961,0.044245,-0.749713,0.644173,0.033074,0.246477,0.228138,0.515258,-0.415110,0.064361,-0.804611,-0.268763,-0.195754,1.708102,-0.034984,0.261800,-0.057273,0.055069,0.445809,-0.085397,0.475906,-0.508423,0.956659,0.451192,0.017205,0.115330,0.005439,-0.428964,0.434061,0.930909,-0.438663,-0.007063,-0.121534
0.018417,0.024931,0.783386,-0.144832,0.044123,-0.749773,0.644140,0.032864,0.246168,0.228285,0.514618,-0.414655,0.064334,-0.803475,-0.268600,-0.195915,1.706798,-0.034991,0.261800,-0.056252,0.054437,0.445756,-0.084803,0.472881,-0.506841,0.959004,0.451251,0.018006,0.116024,0.004532,-0.429862,0.434285,0.930897,-0.441055,-0.006224,-0.121623
0.018350,0.025269,0.783385,-0.144723,0.043961,-0.749810,0.644134,0.032754,0.245788,0.228364,0.513911,-0.414243,0.064177,-0.802311,-0.268492,-0.196040,1.705600,-0.035054,0.261800,-0.055292,0.053837,0.445719,-0.084189,0.469817,-0.505262,0.961305,0.450447,0.018570,0.116475,0.003652,-0.430730,0.434332,0.930731,-0.440943,-0.006032,-0.122717
0.018269,0.025633,0.783376,-0.144621,0.043747,-0.749833,0.644143,0.032772,0.245352,0.228421,0.513102,-0.413845,0.063923,-0.801116,-0.268428,-0.196123,1.704495,-0.035160,0.261800,-0.054362,0.053259,0.445696,-0.083538,0.466726,-0.503613,0.963581,0.449000,0.018996,0.116783,0.002767,-0.431574,0.434301,0.930462,-0.439311,-0.006210,-0.124483
0.018181,0.026008,0.783378,-0.144550,0.043534,-0.749839,0.644167,0.032820,0.244913,0.228454,0.512294,-0.413457,0.063648,-0.799910,-0.268449,-0.196247,1.703485,-0.035277,0.261800,-0.053475,0.052706,0.445662,-0.082813,0.463612,-0.501917,0.965860,0.447587,0.019393,0.117004,0.001895,-0.432374,0.434177,0.930102,-0.437395,-0.006477,-0.126203
0.018126,0.026396,0.783339,-0.144480,0.043323,-0.749831,0.644206,0.032798,0.244534,0.228461,0.511607,-0.413087,0.063427,-0.798726,-0.268599,-0.196490,1.702576,-0.035368,0.261800,-0.052645,0.052175,0.445578,-0.082111,0.460503,-0.500366,0.968285,0.446724,0.019866,0.117205,0.001019,-0.433115,0.433953,0.929707,-0.436434,-0.006549,-0.127167
0.018034,0.026756,0.783328,-0.144429,0.043147,-0.749799,0.644267,0.032681,0.244239,0.228441,0.511030,-0.412717,0.063313,-0.797549,-0.268913,-0.196929,1.701761,-0.035421,0.261800,-0.051873,0.051653,0.445424,-0.081422,0.457408,-0.498911,0.970933,0.446800,0.020461,0.117362,0.000148,-0.433785,0.433569,0.929250,-0.437085,-0.006242,-0.126824
0.017971,0.027100,0.783320,-0.144390,0.042978,-0.749745,0.644350,0.032520,0.243994,0.228392,0.510526,-0.412354,0.063253,-0.796367,-0.269357,-0.197504,1.701028,-0.035450,0.261800,-0.051150,0.051145,0.445229,-0.080696,0.454324,-0.497484,0.973694,0.447459,0.021113,0.117448,-0.000708,-0.434368,0.433045,0.928711,-0.438575,-0.005748,-0.125677
0.017889,0.027448,0.783290,-0.144368,0.042807,-0.749687,0.644434,0.032351,0.243763,0.228333,0.510093,-0.412001,0.063168,-0.795223,-0.269886,-0.198091,1.700417,-0.035480,0.261800,-0.050451,0.050647,0.445008,-0.079942,0.451261,-0.496202,0.976436,0.448153,0.021777,0.117528,-0.001605,-0.434874,0.432479,0.928216,-0.440025,-0.005325,-0.124587
0.017791,0.027832,0.783252,-0.144351,0.042610,-0.749642,0.644503,0.032224,0.243504,0.228281,0.509696,-0.411647,0.062978,-0.794147,-0.270457,-0.198575,1.699930,-0.035512,0.261800,-0.049748,0.050174,0.444793,-0.079138,0.448225,-0.495159,0.978992,0.448354,0.022406,0.117661,-0.002551,-0.435300,0.431953,0.927818,-0.440551,-0.005228,-0.124411
0.017717,0.028201,0.783209,-0.144338,0.042380,-0.749608,0.644561,0.032123,0.243199,0.228220,0.509378,-0.411275,0.062604,-0.793151,-0.271083,-0.198907,1.699609,-0.035550,0.261800,-0.049063,0.049706,0.444608,-0.078289,0.445227,-0.494365,0.981315,0.447749,0.023021,0.117888,-0.003591,-0.435643,0.431483,0.927607,-0.439624,-0.005694,-0.125722
0.017626,0.028569,0.783172,-0.144328,0.042123,-0.749577,0.644616,0.032028,0.242868,0.228147,0.509148,-0.410903,0.062109,-0.792216,-0.271781,-0.199160,1.699434,-0.035584,0.261800,-0.048396,0.049238,0.444433,-0.077350,0.442260,-0.493712,0.983450,0.446735,0.023636,0.118166,-0.004703,-0.435900,0.431025,0.927524,-0.437813,-0.006533,-0.127945
0.017529,0.028976,0.783153,-0.144335,0.041860,-0.749560,0.644651,0.032000,0.242548,0.228099,0.508892,-0.410542,0.061620,-0.791332,-0.272504,-0.199379,1.699342,-0.035633,0.261800,-0.047710,0.048813,0.444223,-0.076416,0.439340,-0.493361,0.985538,0.445608,0.024190,0.118439,-0.005838,-0.436084,0.430595,0.927458,-0.435873,-0.007360,-0.130229
0.017446,0.029331,0.783112,-0.144364,0.041598,-0.749571,0.644648,0.032064,0.242281,0.228112,0.508572,-0.410238,0.061267,-0.790493,-0.273199,-0.199616,1.699263,-0.035707,0.261800,-0.046951,0.048488,0.443941,-0.075524,0.436474,-0.493393,0.987647,0.444757,0.024622,0.118646,-0.006888,-0.436203,0.430171,0.927235,-0.434564,-0.007783,-0.131715
0.017349,0.029662,0.783074,-0.144423,0.041341,-0.749622,0.644592,0.032290,0.242078,0.228219,0.508117,-0.410005,0.061157,-0.789675,-0.273911,-0.199935,1.699224,-0.035841,0.261800,-0.046047,0.048293,0.443562,-0.074726,0.433672,-0.493947,0.989846,0.444231,0.024895,0.118803,-0.007821,-0.436277,0.429750,0.926820,-0.433990,-0.007586,-0.132157
0.017294,0.030037,0.783061,-0.144507,0.041082,-0.749705,0.644494,0.032618,0.241919,0.228390,0.507612,-0.409837,0.061197,-0.788894,-0.274651,-0.200293,1.699256,-0.036019,0.261800,-0.045033,0.048206,0.443119,-0.073982,0.430929,-0.494941,0.992058,0.443846,0.025047,0.118930,-0.008648,-0.436304,0.429316,0.926244,-0.433781,-0.007015,-0.132011
0.017195,0.030434,0.783027,-0.144606,0.040831,-0.749794,0.644384,0.032993,0.241785,0.228579,0.507055,-0.409667,0.061214,-0.788182,-0.275307,-0.200575,1.699263,-0.036179,0.261800,-0.044030,0.048165,0.442643,-0.073235,0.428241,-0.496172,0.994219,0.443601,0.025136,0.118972,-0.009446,-0.436279,0.428882,0.925589,-0.433961,-0.006366,-0.131492
0.017096,0.030796,0.783012,-0.144700,0.040585,-0.749866,0.644295,0.033366,0.241648,0.228742,0.506422,-0.409412,0.061037,-0.787561,-0.275770,-0.200669,1.699159,-0.036263,0.261800,-0.043168,0.048103,0.442160,-0.072445,0.425611,-0.497474,0.996286,0.443443,0.025220,0.118876,-0.010316,-0.436203,0.428486,0.924958,-0.434549,-0.005930,-0.130820
0.016992,0.031194,0.783007,-0.144781,0.040351,-0.749910,0.644241,0.033682,0.241507,0.228841,0.505752,-0.409041,0.060545,-0.787071,-0.275973,-0.200529,1.698931,-0.036260,0.261800,-0.042525,0.048006,0.441678,-0.071535,0.423036,-0.498706,0.998247,0.443444,0.025285,0.118560,-0.011281,-0.436052,0.428130,0.924340,-0.436166,-0.005755,-0.129697
0.016854,0.031610,0.783017,-0.144868,0.040135,-0.749940,0.644200,0.033990,0.241375,0.228907,0.505024,-0.408587,0.059855,-0.786688,-0.275985,-0.200217,1.698629,-0.036206,0.261800,-0.042030,0.047897,0.441176,-0.070545,0.420519,-0.499987,1.000132,0.443595,0.025311,0.118076,-0.012345,-0.435831,0.427836,0.923751,-0.438585,-0.005697,-0.128130
0.016778,0.031964,0.783009,-0.144946,0.039904,-0.749972,0.644158,0.034359,0.241242,0.229006,0.504196,-0.408116,0.059152,-0.786351,-0.275908,-0.199788,1.698234,-0.036087,0.261800,-0.041580,0.047791,0.440666,-0.069522,0.418071,-0.501419,1.001859,0.443829,0.025338,0.117561,-0.013415,-0.435541,0.427582,0.923156,-0.440587,-0.005762,-0.126782
0.016670,0.032368,0.782998,-0.145045,0.039667,-0.750019,0.644097,0.034849,0.241098,0.229199,0.503247,-0.407701,0.058622,-0.786012,-0.275840,-0.199296,1.697760,-0.035916,0.261800,-0.041078,0.047685,0.440188,-0.068416,0.415774,-0.503036,1.003202,0.444128,0.025409,0.117135,-0.014411,-0.435193,0.427363,0.922501,-0.440917,-0.005954,-0.126309
0.016565,0.032743,0.783008,-0.145154,0.039408,-0.750086,0.644010,0.035459,0.240983,0.229503,0.502202,-0.407404,0.058407,-0.785688,-0.275741,-0.198725,1.697211,-0.035620,0.261800,-0.040499,0.047631,0.439766,-0.067286,0.413610,-0.504911,1.004165,0.444597,0.025563,0.116824,-0.015298,-0.434783,0.427133,0.921757,-0.438317,-0.006434,-0.127276
0.016486,0.033137,0.782997,-0.145271,0.039137,-0.750165,0.643908,0.036164,0.240878,0.229887,0.501058,-0.407170,0.058379,-0.785400,-0.275581,-0.198049,1.696594,-0.035225,0.261800,-0.040001,0.047476,0.439563,-0.065542,0.412162,-0.506686,1.003932,0.445178,0.025747,0.116433,-0.016070,-0.434430,0.426981,0.920601,-0.433698,-0.007168,-0.129148
0.016356,0.033546,0.782977,-0.145384,0.038841,-0.750253,0.643798,0.036976,0.240719,0.230333,0.499778,-0.406911,0.058311,-0.785085,-0.275473,-0.197333,1.695863,-0.034858,0.261800,-0.039370,0.047370,0.439199,-0.064178,0.410414,-0.508911,1.004104,0.445630,0.025932,0.116191,-0.016812,-0.433934,0.426819,0.919679,-0.429290,-0.007809,-0.131105
0.016234,0.033915,0.782943,-0.145476,0.038509,-0.750347,0.643687,0.037907,0.240434,0.230823,0.498338,-0.406544,0.057980,-0.784687,-0.275529,-0.196631,1.695000,-0.034651,0.261800,-0.038588,0.047330,0.438492,-0.063563,0.407890,-0.511676,1.005390,0.445739,0.026062,0.116197,-0.017633,-0.433178,0.426709,0.919328,-0.427257,-0.008016,-0.132285
0.016087,0.034295,0.782924,-0.145533,0.038141,-0.750459,0.643566,0.038942,0.240022,0.231368,0.496754,-0.406090,0.057230,-0.784204,-0.275842,-0.196020,1.693985,-0.034684,0.261800,-0.037869,0.047128,0.437702,-0.062671,0.405570,-0.514469,1.006274,0.445168,0.026059,0.116325,-0.018522,-0.432484,0.426898,0.918968,-0.428809,-0.007541,-0.132065
0.015951,0.034636,0.782897,-0.145564,0.037741,-0.750585,0.643435,0.040083,0.239510,0.231971,0.495021,-0.405570,0.056215,-0.783664,-0.276331,-0.195449,1.692837,-0.034870,0.261800,-0.037147,0.046831,0.436849,-0.061642,0.403402,-0.517428,1.006863,0.444093,0.025974,0.116558,-0.019383,-0.431824,0.427250,0.918562,-0.432568,-0.006624,-0.131024
0.015831,0.034987,0.782903,-0.145583,0.037296,-0.750708,0.643314,0.041344,0.238867,0.232607,0.493138,-0.404941,0.055170,-0.783077,-0.276861,-0.194764,1.691601,-0.035110,0.261800,-0.036519,0.046367,0.436104,-0.060214,0.401722,-0.520229,1.006705,0.442977,0.025839,0.116642,-0.020123,-0.431265,0.427728,0.917917,-0.436515,-0.005689,-0.129887
0.015724,0.035337,0.782921,-0.145590,0.036784,-0.750811,0.643220,0.042723,0.238066,0.233243,0.491132,-0.404169,0.054331,-0.782446,-0.277292,-0.193815,1.690312,-0.035282,0.261800,-0.035971,0.045779,0.435454,-0.058684,0.400268,-0.522857,1.006254,0.442318,0.025709,0.116452,-0.020724,-0.430699,0.428206,0.917238,-0.438708,-0.005134,-0.129446
0.015606,0.035627,0.782949,-0.145578,0.036161,-0.750878,0.643180,0.044312,0.236995,0.233886,0.488881,-0.403178,0.053761,-0.781750,-0.277679,-0.192486,1.689017,-0.035409,0.261800,-0.035450,0.045054,0.434763,-0.057580,0.398554,-0.525534,1.006303,0.442371,0.025616,0.115968,-0.021315,-0.429921,0.428729,0.916967,-0.438450,-0.005127,-0.130176
0.015484,0.035941,0.782967,-0.145542,0.035443,-0.750922,0.643178,0.046080,0.235701,0.234549,0.486416,-0.402012,0.053335,-0.780991,-0.278064,-0.190876,1.687681,-0.035531,0.261800,-0.035100,0.044122,0.434202,-0.056245,0.397142,-0.527921,1.005879,0.442874,0.025507,0.115177,-0.021843,-0.429176,0.429417,0.916635,-0.436794,-0.005440,-0.131527
0.015371,0.036237,0.782993,-0.145511,0.034729,-0.750971,0.643166,0.047857,0.234404,0.235207,0.483962,-0.400791,0.053002,-0.780218,-0.278300,-0.189184,1.686239,-0.035588,0.261800,-0.034668,0.043245,0.433440,-0.055324,0.395369,-0.530535,1.006096,0.443466,0.025415,0.114451,-0.022452,-0.428094,0.430030,0.916844,-0.434702,-0.005823,-0.133044
0.015263,0.036528,0.783048,-0.145502,0.034101,-0.751055,0.643104,0.049473,0.233330,0.235839,0.481748,-0.399636,0.052712,-0.779483,-0.278235,-0.187597,1.684643,-0.035530,0.261800,-0.034145,0.042560,0.432557,-0.054463,0.393577,-0.533273,1.006423,0.443767,0.025315,0.113916,-0.022968,-0.426832,0.430363,0.917191,-0.433023,-0.006053,-0.134105
0.015140,0.036833,0.783082,-0.145528,0.033590,-0.751188,0.642969,0.050873,0.232566,0.236426,0.479874,-0.398578,0.052435,-0.778785,-0.277732,-0.186122,1.682799,-0.035303,0.261800,-0.033681,0.042085,0.431855,-0.052821,0.392547,-0.535775,1.005473,0.443643,0.025178,0.113449,-0.023037,-0.425968,0.430439,0.916749,-0.431704,-0.006078,-0.134431
0.015005,0.037117,0.783128,-0.145578,0.033150,-0.751355,0.642787,0.052161,0.231984,0.236985,0.478196,-0.397550,0.052201,-0.778086,-0.276899,-0.184676,1.680740,-0.034943,0.261800,-0.032654,0.041863,0.430647,-0.052326,0.390733,-0.539386,1.006166,0.443156,0.025103,0.113336,-0.023131,-0.424234,0.429913,0.917359,-0.430762,-0.005978,-0.134619
0.014866,0.037373,0.783182,-0.145628,0.032746,-0.751532,0.642589,0.053357,0.231487,0.237546,0.476631,-0.396548,0.052056,-0.777444,-0.275964,-0.183301,1.678688,-0.034553,0.261800,-0.032006,0.041655,0.429730,-0.050913,0.389620,-0.542115,1.005516,0.442738,0.024962,0.113111,-0.022992,-0.423044,0.429520,0.917202,-0.429659,-0.005872,-0.134443
0.014724,0.037657,0.783220,-0.145659,0.032345,-0.751699,0.642406,0.054499,0.230973,0.238146,0.475063,-0.395554,0.052045,-0.776891,-0.275154,-0.182044,1.676829,-0.034224,0.261800,-0.030960,0.041482,0.428409,-0.050601,0.387736,-0.545315,1.006522,0.442376,0.024832,0.113104,-0.023061,-0.420877,0.428680,0.918174,-0.428894,-0.005807,-0.134315
0.014575,0.037915,0.783265,-0.145669,0.031946,-0.751864,0.642231,0.055587,0.230453,0.238815,0.473506,-0.394609,0.052245,-0.776437,-0.274492,-0.180942,1.675200,-0.033979,0.261800,-0.030329,0.041285,0.427281,-0.049717,0.386232,-0.547599,1.006822,0.442167,0.024529,0.113057,-0.023056,-0.419011,0.427941,0.918716,-0.427858,-0.005861,-0.133887
0.014449,0.038177,0.783329,-0.145667,0.031562,-0.752033,0.642053,0.056628,0.229963,0.239535,0.471956,-0.393685,0.052610,-0.776054,-0.273868,-0.179961,1.673687,-0.033762,0.261800,-0.029666,0.041111,0.425998,-0.049134,0.384503,-0.549791,1.007683,0.441985,0.024139,0.113145,-0.023176,-0.416701,0.426986,0.919760,-0.426884,-0.005967,-0.133304
0.014328,0.038464,0.783389,-0.145651,0.031191,-0.752185,0.641897,0.057572,0.229468,0.240235,0.470480,-0.392758,0.053000,-0.775764,-0.273306,-0.179057,1.672326,-0.033580,0.261800,-0.029103,0.040908,0.424752,-0.048428,0.382868,-0.551493,1.008327,0.442012,0.023846,0.113156,-0.023275,-0.414393,0.426140,0.920764,-0.426084,-0.006042,-0.132669
0.014214,0.038753,0.783472,-0.145611,0.030828,-0.752301,0.641787,0.058373,0.228936,0.240845,0.469122,-0.391792,0.053275,-0.775595,-0.272823,-0.178178,1.671155,-0.033435,0.261800,-0.028690,0.040681,0.423793,-0.047149,0.381734,-0.552382,1.007809,0.442409,0.023832,0.112853,-0.022925,-0.412753,0.425538,0.920839,-0.425586,-0.006015,-0.132027
0.014100,0.039028,0.783538,-0.145519,0.030458,-0.752377,0.641736,0.059039,0.228299,0.241416,0.467785,-0.390664,0.053419,-0.775612,-0.272472,-0.177275,1.670194,-0.033331,0.261800,-0.028107,0.040252,0.422548,-0.046389,0.380011,-0.552834,1.008105,0.443655,0.024343,0.112404,-0.023081,-0.410297,0.425226,0.922037,-0.426163,-0.005730,-0.131650
0.014013,0.039299,0.783619,-0.145384,0.030087,-0.752426,0.641726,0.059559,0.227605,0.241957,0.466530,-0.389459,0.053500,-0.775794,-0.272224,-0.176385,1.669436,-0.033273,0.261800,-0.027652,0.039739,0.421366,-0.045393,0.378342,-0.552464,1.007983,0.445542,0.025185,0.111730,-0.023208,-0.407989,0.425217,0.923109,-0.427276,-0.005289,-0.131270
0.013899,0.039551,0.783680,-0.145268,0.029739,-0.752443,0.641749,0.060000,0.226952,0.242359,0.465400,-0.388320,0.053503,-0.775974,-0.271988,-0.175605,1.668790,-0.033230,0.261800,-0.027298,0.039312,0.420362,-0.044209,0.376946,-0.551835,1.007346,0.447187,0.026042,0.110960,-0.022992,-0.406086,0.425326,0.923586,-0.428251,-0.004899,-0.130991
0.013760,0.039812,0.783727,-0.145223,0.029425,-0.752424,0.641796,0.060415,0.226436,0.242508,0.464459,-0.387407,0.053415,-0.775991,-0.271678,-0.175028,1.668177,-0.033183,0.261800,-0.027085,0.039009,0.419334,-0.043315,0.375451,-0.551548,1.007159,0.447823,0.026634,0.110364,-0.022904,-0.404006,0.425663,0.924319,-0.428598,-0.004730,-0.131127
0.013649,0.040055,0.783742,-0.145279,0.029173,-0.752365,0.641864,0.060821,0.226116,0.242318,0.463700,-0.386798,0.053153,-0.775813,-0.271228,-0.174714,1.667591,-0.033133,0.261800,-0.027002,0.038957,0.418412,-0.042489,0.374160,-0.551677,1.006890,0.446794,0.026838,0.109866,-0.022600,-0.402137,0.426146,0.924697,-0.427955,-0.004940,-0.131842
0.013521,0.040317,0.783717,-0.145387,0.028953,-0.752271,0.641960,0.061182,0.225929,0.241866,0.463109,-0.386402,0.052751,-0.775508,-0.270699,-0.174602,1.667060,-0.033090,0.261800,-0.027015,0.039013,0.417418,-0.041950,0.372745,-0.552066,1.007056,0.444688,0.026847,0.109477,-0.022477,-0.399988,0.426877,0.925447,-0.426812,-0.005378,-0.133088
0.013410,0.040580,0.783651,-0.145525,0.028734,-0.752147,0.642085,0.061491,0.225794,0.241294,0.462711,-0.386113,0.052368,-0.775133,-0.270186,-0.174591,1.666592,-0.033038,0.261800,-0.027078,0.039135,0.416584,-0.041438,0.371561,-0.552562,1.007082,0.442449,0.026752,0.109167,-0.022056,-0.398084,0.427574,0.925781,-0.425408,-0.005854,-0.134270
0.013252,0.040822,0.783598,-0.145658,0.028479,-0.751998,0.642240,0.061760,0.225618,0.240748,0.462473,-0.385790,0.052166,-0.774710,-0.269791,-0.174588,1.666159,-0.032956,0.261800,-0.027138,0.039200,0.415923,-0.041018,0.370564,-0.553107,1.007128,0.441085,0.026659,0.109005,-0.021333,-0.396389,0.428081,0.925782,-0.424131,-0.006151,-0.134927
0.013113,0.041050,0.783612,-0.145781,0.028170,-0.751824,0.642429,0.061927,0.225409,0.240247,0.462577,-0.385488,0.052268,-0.774216,-0.269540,-0.174600,1.665756,-0.032834,0.261800,-0.027186,0.039198,0.415509,-0.040657,0.369786,-0.553569,1.007134,0.440941,0.026546,0.109020,-0.020198,-0.395002,0.428280,0.925271,-0.422905,-0.006210,-0.134871
0.012992,0.041283,0.783651,-0.145915,0.027829,-0.751621,0.642651,0.062031,0.225188,0.239727,0.462924,-0.385220,0.052563,-0.773651,-0.269389,-0.174661,1.665389,-0.032682,0.261800,-0.027123,0.039000,0.414845,-0.041049,0.368490,-0.554303,1.008563,0.441562,0.026417,0.109364,-0.019671,-0.392601,0.428437,0.926135,-0.421895,-0.006105,-0.134660
0.012846,0.041540,0.783695,-0.146054,0.027477,-0.751395,0.642899,0.062147,0.224937,0.239185,0.463271,-0.384908,0.052854,-0.773072,-0.269295,-0.174721,1.665090,-0.032525,0.261800,-0.027131,0.038794,0.414292,-0.041558,0.367370,-0.555268,1.010020,0.442417,0.026307,0.109808,-0.018951,-0.390406,0.428636,0.926764,-0.421025,-0.005919,-0.134213
0.012735,0.041799,0.783763,-0.146183,0.027119,-0.751150,0.643170,0.062343,0.224640,0.238617,0.463390,-0.384485,0.052943,-0.772534,-0.269227,-0.174738,1.664859,-0.032375,0.261800,-0.027320,0.038681,0.413969,-0.041942,0.366716,-0.556569,1.010920,0.443051,0.026267,0.110223,-0.017734,-0.389002,0.429007,0.926506,-0.420396,-0.005716,-0.133588
0.012616,0.042069,0.783775,-0.146300,0.026758,-0.750882,0.643473,0.062700,0.224249,0.238055,0.463058,-0.383809,0.052730,-0.772050,-0.269207,-0.174684,1.664686,-0.032219,0.261800,-0.027410,0.038382,0.413234,-0.043317,0.365727,-0.559199,1.013366,0.443215,0.026399,0.110897,-0.017184,-0.386618,0.429651,0.927719,-0.420905,-0.005320,-0.133055
0.012475,0.042322,0.783764,-0.146412,0.026392,-0.750587,0.643806,0.063135,0.223805,0.237484,0.462509,-0.382995,0.052337,-0.771590,-0.269237,-0.174598,1.664568,-0.032052,0.261800,-0.027774,0.038131,0.412730,-0.044567,0.365152,-0.562126,1.015380,0.443292,0.026584,0.111592,-0.016224,-0.384948,0.430535,0.928120,-0.421868,-0.004799,-0.132200
0.012348,0.042546,0.783766,-0.146529,0.026019,-0.750284,0.644148,0.063607,0.223334,0.236865,0.461905,-0.382178,0.051899,-0.771159,-0.269281,-0.174468,1.664549,-0.031915,0.261800,-0.027908,0.037795,0.412030,-0.046362,0.364454,-0.565573,1.018092,0.443382,0.026854,0.112398,-0.015579,-0.382648,0.431413,0.929431,-0.422777,-0.004392,-0.131603
0.012251,0.042770,0.783769,-0.146661,0.025646,-0.749988,0.644477,0.064038,0.222896,0.236152,0.461496,-0.381544,0.051547,-0.770766,-0.269297,-0.174297,1.664653,-0.031826,0.261800,-0.028049,0.037530,0.411438,-0.047980,0.363857,-0.568437,1.020371,0.443864,0.027136,0.113115,-0.014935,-0.380511,0.432430,0.930788,-0.422542,-0.004375,-0.131398
0.012153,0.043019,0.783749,-0.146829,0.025272,-0.749715,0.644772,0.064515,0.222456,0.235324,0.461218,-0.381124,0.051288,-0.770419,-0.269224,-0.174005,1.664939,-0.031812,0.261800,-0.028134,0.037416,0.411079,-0.049425,0.363397,-0.570746,1.022085,0.444925,0.027435,0.113795,-0.014071,-0.378853,0.433557,0.931881,-0.420251,-0.005063,-0.131937
0.012063,0.043229,0.783723,-0.147016,0.024884,-0.749449,0.645053,0.065045,0.221995,0.234409,0.460979,-0.380823,0.051061,-0.770109,-0.269108,-0.173615,1.665361,-0.031845,0.261800,-0.028068,0.037284,0.410654,-0.051138,0.362804,-0.573010,1.024118,0.446372,0.027793,0.114551,-0.013500,-0.376820,0.434815,0.933730,-0.416765,-0.006218,-0.133125
0.011953,0.043461,0.783698,-0.147209,0.024520,-0.749172,0.645344,0.065441,0.221619,0.233439,0.460969,-0.380627,0.050898,-0.769829,-0.269029,-0.173290,1.665844,-0.031907,0.261800,-0.028113,0.037341,0.410379,-0.052610,0.362379,-0.574742,1.025494,0.447863,0.028142,0.115112,-0.012552,-0.375384,0.436094,0.934920,-0.413276,-0.007341,-0.134028
0.011831,0.043685,0.783679,-0.147414,0.024226,-0.748863,0.645667,0.065532,0.221413,0.232448,0.461340,-0.380505,0.050833,-0.769575,-0.269082,-0.173187,1.666306,-0.031976,0.261800,-0.028253,0.037543,0.410054,-0.053907,0.362027,-0.575935,1.026385,0.449006,0.028469,0.115357,-0.011372,-0.374204,0.437276,0.935697,-0.411269,-0.007893,-0.133995
0.011709,0.043911,0.783673,-0.147611,0.024013,-0.748515,0.646034,0.065211,0.221425,0.231486,0.462180,-0.380459,0.050922,-0.769360,-0.269382,-0.173426,1.666744,-0.032061,0.261800,-0.028511,0.037750,0.409306,-0.055273,0.361475,-0.576649,1.027486,0.449724,0.028818,0.115190,-0.010674,-0.372360,0.438542,0.937303,-0.411354,-0.007586,-0.132811
0.011557,0.044124,0.783671,-0.147798,0.023851,-0.748141,0.646431,0.064595,0.221599,0.230522,0.463384,-0.380501,0.051133,-0.769177,-0.269848,-0.173905,1.667192,-0.032165,0.261800,-0.028899,0.038088,0.408489,-0.056433,0.360989,-0.576723,1.028120,0.450296,0.029172,0.114658,-0.009860,-0.370667,0.439780,0.938668,-0.412633,-0.006758,-0.130754
0.011442,0.044406,0.783644,-0.148014,0.023723,-0.747744,0.646844,0.063851,0.221852,0.229473,0.464803,-0.380592,0.051363,-0.769019,-0.270288,-0.174398,1.667640,-0.032268,0.261800,-0.029389,0.038371,0.407588,-0.057553,0.360469,-0.576369,1.028694,0.450633,0.029481,0.114104,-0.009355,-0.368668,0.441193,0.940495,-0.414691,-0.005768,-0.128525
0.011312,0.044638,0.783599,-0.148258,0.023572,-0.747335,0.647267,0.063140,0.222104,0.228257,0.466297,-0.380705,0.051510,-0.768891,-0.270510,-0.174692,1.668103,-0.032360,0.261800,-0.029813,0.038744,0.406985,-0.058535,0.360167,-0.575791,1.028645,0.450651,0.029662,0.113756,-0.008349,-0.367298,0.442481,0.941508,-0.416900,-0.005016,-0.126516
0.011203,0.044913,0.783557,-0.148530,0.023392,-0.746907,0.647704,0.062449,0.222309,0.226779,0.467911,-0.380816,0.051592,-0.768820,-0.270444,-0.174674,1.668603,-0.032427,0.261800,-0.030369,0.038903,0.406453,-0.059414,0.359878,-0.574735,1.028491,0.450345,0.029784,0.113837,-0.007803,-0.365584,0.444190,0.943196,-0.420095,-0.004455,-0.124897
0.011084,0.045148,0.783509,-0.148825,0.023208,-0.746460,0.648159,0.061690,0.222533,0.225101,0.469735,-0.380975,0.051647,-0.768800,-0.270195,-0.174488,1.669132,-0.032483,0.261800,-0.030735,0.039258,0.406209,-0.060300,0.359763,-0.573602,1.027736,0.449595,0.029844,0.114102,-0.006447,-0.364622,0.445556,0.943790,-0.424171,-0.003974,-0.123154
0.010934,0.045433,0.783457,-0.149151,0.023014,-0.746006,0.648613,0.061007,0.222790,0.223407,0.471510,-0.381136,0.051609,-0.768770,-0.269850,-0.174251,1.669635,-0.032536,0.261800,-0.031496,0.039270,0.405838,-0.060867,0.359679,-0.571731,1.026994,0.448850,0.029731,0.114405,-0.006252,-0.362821,0.447651,0.945763,-0.427602,-0.003641,-0.121985
0.010794,0.045710,0.783433,-0.149512,0.022811,-0.745563,0.649047,0.060478,0.223148,0.221863,0.473108,-0.381328,0.051405,-0.768670,-0.269480,-0.174112,1.670049,-0.032594,0.261800,-0.031756,0.039601,0.405679,-0.061748,0.359714,-0.570451,1.026033,0.447899,0.029320,0.114493,-0.005085,-0.361818,0.448835,0.946343,-0.428791,-0.003673,-0.121298
0.010639,0.046041,0.783374,-0.149939,0.022587,-0.745140,0.649442,0.060269,0.223599,0.220592,0.474347,-0.381530,0.051005,-0.768455,-0.269038,-0.174037,1.670377,-0.032695,0.261800,-0.032093,0.039750,0.405515,-0.062389,0.359917,-0.568796,1.024932,0.446905,0.028406,0.114247,-0.004720,-0.360253,0.450165,0.947678,-0.426259,-0.004226,-0.121868
0.010449,0.046357,0.783313,-0.150406,0.022336,-0.744729,0.649814,0.060244,0.224145,0.219466,0.475428,-0.381781,0.050449,-0.768170,-0.268498,-0.173989,1.670642,-0.032821,0.261800,-0.032037,0.040133,0.405536,-0.063260,0.360165,-0.567428,1.023654,0.445634,0.027112,0.113806,-0.003749,-0.359173,0.450833,0.948111,-0.421185,-0.005213,-0.123155
0.010234,0.046640,0.783281,-0.150884,0.022101,-0.744308,0.650193,0.060225,0.224743,0.218330,0.476448,-0.382020,0.049777,-0.767882,-0.268006,-0.174037,1.670836,-0.032909,0.261800,-0.032087,0.040382,0.405501,-0.064045,0.360603,-0.566049,1.022302,0.444464,0.025813,0.113361,-0.003081,-0.357934,0.451622,0.948805,-0.416075,-0.006223,-0.124517
0.010018,0.046969,0.783222,-0.151325,0.021911,-0.743860,0.650610,0.059989,0.225366,0.217016,0.477568,-0.382223,0.049029,-0.767644,-0.267697,-0.174265,1.670934,-0.032888,0.261800,-0.032332,0.040444,0.405298,-0.064777,0.361310,-0.564916,1.020964,0.443625,0.024887,0.113111,-0.002616,-0.356563,0.452632,0.949723,-0.413411,-0.006863,-0.125151
0.009803,0.047323,0.783174,-0.151726,0.021788,-0.743371,0.651080,0.059432,0.226028,0.215423,0.478926,-0.382429,0.048227,-0.767495,-0.267662,-0.174753,1.670988,-0.032739,0.261800,-0.032737,0.040566,0.404961,-0.065760,0.361962,-0.564293,1.019897,0.443271,0.024480,0.113301,-0.001828,-0.355638,0.453707,0.950235,-0.414054,-0.007010,-0.124683
0.009552,0.047654,0.783168,-0.152090,0.021689,-0.742856,0.651585,0.058701,0.226719,0.213666,0.480366,-0.382612,0.047345,-0.767397,-0.267817,-0.175430,1.670991,-0.032499,0.261800,-0.033405,0.040459,0.404509,-0.066534,0.362994,-0.563745,1.018630,0.443255,0.024378,0.113714,-0.001393,-0.354514,0.455124,0.951101,-0.416631,-0.006871,-0.123681
0.009319,0.047996,0.783171,-0.152447,0.021631,-0.742329,0.652104,0.057886,0.227456,0.211869,0.481791,-0.382769,0.046345,-0.767301,-0.268001,-0.176190,1.670836,-0.032187,0.261800,-0.034023,0.040455,0.403953,-0.067648,0.363823,-0.563568,1.017786,0.443348,0.024397,0.114088,-0.000635,-0.353815,0.456330,0.951485,-0.420106,-0.006582,-0.122298
0.009065,0.048348,0.783192,-0.152783,0.021585,-0.741810,0.652617,0.057108,0.228210,0.210165,0.483013,-0.382838,0.045197,-0.767200,-0.268083,-0.176888,1.670472,-0.031835,0.261800,-0.034724,0.040077,0.403296,-0.068286,0.365368,-0.563321,1.016442,0.443228,0.024366,0.113948,-0.000380,-0.352802,0.457668,0.952219,-0.423484,-0.006256,-0.120951
0.008794,0.048700,0.783229,-0.153111,0.021568,-0.741301,0.653119,0.056313,0.229052,0.208602,0.484144,-0.382830,0.043861,-0.767046,-0.268054,-0.177609,1.669821,-0.031402,0.261800,-0.035224,0.039837,0.402490,-0.069461,0.366458,-0.563443,1.015872,0.442955,0.024278,0.113214,0.000199,-0.352282,0.458631,0.952386,-0.426808,-0.005823,-0.119262
0.008526,0.049056,0.783306,-0.153418,0.021573,-0.740795,0.653621,0.055473,0.229943,0.207108,0.485201,-0.382753,0.042365,-0.766882,-0.267992,-0.178364,1.668958,-0.030900,0.261800,-0.035749,0.039256,0.401646,-0.070173,0.368365,-0.563604,1.014643,0.442495,0.024214,0.111926,0.000521,-0.351603,0.459636,0.952547,-0.430529,-0.005261,-0.117282
0.008215,0.049454,0.783375,-0.153709,0.021593,-0.740288,0.654126,0.054718,0.230816,0.205622,0.485970,-0.382608,0.040776,-0.766727,-0.267825,-0.179008,1.667937,-0.030389,0.261800,-0.036272,0.038577,0.400720,-0.070788,0.370535,-0.563870,1.013344,0.442007,0.024116,0.110562,0.000825,-0.351082,0.460508,0.952587,-0.434162,-0.004761,-0.115528
0.007956,0.049795,0.783343,-0.153992,0.021626,-0.739777,0.654636,0.054179,0.231591,0.204085,0.486221,-0.382387,0.039165,-0.766618,-0.267487,-0.179387,1.666842,-0.029940,0.261800,-0.036833,0.037948,0.399651,-0.071523,0.372614,-0.564294,1.012402,0.441557,0.023923,0.109585,0.001180,-0.350826,0.461219,0.952595,-0.437196,-0.004501,-0.114558
0.007600,0.050128,0.783392,-0.154258,0.021673,-0.739251,0.655166,0.053932,0.232278,0.202429,0.485782,-0.382131,0.037445,-0.766544,-0.266897,-0.179474,1.665650,-0.029567,0.261800,-0.037495,0.037298,0.398470,-0.072071,0.374955,-0.564800,1.011357,0.441052,0.023511,0.109006,0.001615,-0.350789,0.461845,0.952471,-0.439416,-0.004591,-0.114773
0.007321,0.050459,0.783430,-0.154519,0.021745,-0.738714,0.655707,0.053898,0.232912,0.200701,0.484804,-0.381821,0.035617,-0.766500,-0.266109,-0.179345,1.664347,-0.029239,0.261800,-0.038229,0.036660,0.397153,-0.072641,0.377357,-0.565472,1.010493,0.440471,0.022946,0.108659,0.002110,-0.350992,0.462389,0.952228,-0.441102,-0.004905,-0.115795
0.007031,0.050795,0.783456,-0.154753,0.021804,-0.738191,0.656239,0.053947,0.233454,0.199015,0.483591,-0.381386,0.033880,-0.766493,-0.265268,-0.179011,1.662955,-0.028938,0.261800,-0.038925,0.035990,0.395770,-0.073226,0.379821,-0.566201,1.009763,0.440061,0.022461,0.108527,0.002594,-0.351446,0.462682,0.951955,-0.442543,-0.005292,-0.116995
0.006740,0.051145,0.783518,-0.154954,0.021829,-0.737707,0.656735,0.053929,0.233869,0.197481,0.482507,-0.380784,0.032430,-0.766533,-0.264524,-0.178472,1.661504,-0.028646,0.261800,-0.039476,0.035253,0.394393,-0.073860,0.382340,-0.566914,1.009162,0.440025,0.022285,0.108594,0.002982,-0.352175,0.462577,0.951763,-0.444016,-0.005612,-0.117747
0.006469,0.051457,0.783606,-0.155088,0.021794,-0.737263,0.657203,0.053810,0.234101,0.196116,0.481551,-0.379913,0.031308,-0.766649,-0.263906,-0.177673,1.659980,-0.028349,0.261800,-0.039854,0.034404,0.393006,-0.074641,0.384928,-0.567879,1.008776,0.440483,0.022615,0.108953,0.003277,-0.353194,0.462073,0.951651,-0.445722,-0.005798,-0.117801
0.006183,0.051840,0.783775,-0.155181,0.021731,-0.736846,0.657650,0.053665,0.234182,0.194869,0.480570,-0.378831,0.030411,-0.766829,-0.263341,-0.176632,1.658370,-0.028055,0.261800,-0.040103,0.033471,0.391581,-0.075548,0.387591,-0.569081,1.008602,0.441271,0.023287,0.109584,0.003516,-0.354521,0.461222,0.951574,-0.447472,-0.005941,-0.117515
0.005925,0.052200,0.783942,-0.155263,0.021643,-0.736467,0.658059,0.053519,0.234213,0.193735,0.479656,-0.377699,0.029729,-0.767011,-0.262805,-0.175470,1.656725,-0.027795,0.261800,-0.040244,0.032568,0.390197,-0.076367,0.390285,-0.569919,1.008394,0.442263,0.023976,0.110282,0.003794,-0.356132,0.459948,0.951396,-0.448945,-0.006121,-0.117166
0.005677,0.052546,0.784079,-0.155367,0.021540,-0.736136,0.658407,0.053411,0.234290,0.192717,0.478871,-0.376675,0.029251,-0.767146,-0.262287,-0.174309,1.655084,-0.027598,0.261800,-0.040312,0.031778,0.388908,-0.076904,0.392956,-0.569795,1.007982,0.443310,0.024361,0.110860,0.004100,-0.358016,0.458227,0.951116,-0.449808,-0.006416,-0.117040
0.005449,0.052929,0.784183,-0.155496,0.021404,-0.735851,0.658700,0.053384,0.234426,0.191813,0.478184,-0.375750,0.029025,-0.767149,-0.261826,-0.173192,1.653426,-0.027517,0.261800,-0.040348,0.031099,0.387741,-0.077109,0.395566,-0.568468,1.007353,0.444625,0.024371,0.111320,0.004523,-0.360126,0.455869,0.950633,-0.449675,-0.006934,-0.117264
0.005223,0.053340,0.784254,-0.155647,0.021250,-0.735607,0.658942,0.053404,0.234574,0.191019,0.477586,-0.374864,0.029039,-0.767070,-0.261416,-0.172053,1.651728,-0.027513,0.261800,-0.040340,0.030488,0.386646,-0.077109,0.398114,-0.566285,1.006657,0.446186,0.024170,0.111757,0.004985,-0.362451,0.452985,0.950056,-0.448813,-0.007602,-0.117676
0.005037,0.053732,0.784323,-0.155796,0.021084,-0.735415,0.659127,0.053401,0.234742,0.190355,0.477146,-0.374074,0.029194,-0.767061,-0.260961,-0.170845,1.650075,-0.027506,0.261800,-0.040246,0.029992,0.385581,-0.076887,0.400600,-0.563432,1.005870,0.447612,0.023799,0.112098,0.005318,-0.365053,0.449963,0.949580,-0.447901,-0.008230,-0.118121
0.004906,0.054084,0.784299,-0.155951,0.020946,-0.735280,0.659245,0.053312,0.234940,0.189836,0.476928,-0.373434,0.029389,-0.767268,-0.260365,-0.169523,1.648538,-0.027406,0.261800,-0.040049,0.029679,0.384523,-0.076467,0.403030,-0.560158,1.004979,0.448430,0.023291,0.112271,0.005368,-0.368016,0.447232,0.949340,-0.447579,-0.008630,-0.118437
0.004747,0.054462,0.784311,-0.156097,0.020851,-0.735217,0.659283,0.053087,0.235214,0.189450,0.476960,-0.372980,0.029597,-0.767751,-0.259560,-0.168086,1.647110,-0.027183,0.261800,-0.039725,0.029628,0.383419,-0.075799,0.405403,-0.556365,1.003931,0.448376,0.022469,0.112174,0.005114,-0.371442,0.444981,0.949329,-0.448267,-0.008667,-0.118544
0.004627,0.054825,0.784279,-0.156261,0.020803,-0.735214,0.659249,0.052785,0.235544,0.189197,0.477178,-0.372661,0.029871,-0.768430,-0.258613,-0.166553,1.645765,-0.026887,0.261800,-0.039310,0.029809,0.382320,-0.074878,0.407712,-0.551965,1.002720,0.447728,0.021370,0.111867,0.004689,-0.375346,0.442965,0.949374,-0.449513,-0.008473,-0.118523
0.004514,0.055171,0.784271,-0.156408,0.020712,-0.735260,0.659166,0.052440,0.235852,0.189100,0.477643,-0.372477,0.030235,-0.769227,-0.257622,-0.164916,1.644546,-0.026549,0.261800,-0.038853,0.030106,0.381337,-0.073776,0.409957,-0.547202,1.001396,0.446881,0.020364,0.111530,0.004156,-0.379677,0.440952,0.949425,-0.450678,-0.008254,-0.118460
0.004416,0.055538,0.784257,-0.156563,0.020556,-0.735337,0.659049,0.052121,0.236053,0.189191,0.478344,-0.372392,0.030711,-0.770066,-0.256679,-0.163161,1.643506,-0.026206,0.261800,-0.038392,0.030404,0.380575,-0.072599,0.412143,-0.542344,1.000038,0.446209,0.019814,0.111343,0.003563,-0.384325,0.438695,0.949467,-0.451127,-0.008223,-0.118444
0.004348,0.055864,0.784194,-0.156701,0.020312,-0.735437,0.658911,0.051723,0.236122,0.189471,0.479456,-0.372466,0.031362,-0.771030,-0.255710,-0.161140,1.642698,-0.025812,0.261800,-0.037923,0.030651,0.380037,-0.071356,0.414261,-0.537358,0.998627,0.445776,0.020011,0.111373,0.002803,-0.389222,0.436088,0.949652,-0.450284,-0.008492,-0.118618
0.004265,0.056251,0.784122,-0.156831,0.020009,-0.735570,0.658741,0.051263,0.236110,0.189927,0.480902,-0.372686,0.032157,-0.772127,-0.254694,-0.158905,1.642079,-0.025360,0.261800,-0.037414,0.030905,0.379659,-0.070041,0.416310,-0.532185,0.997186,0.445364,0.020700,0.111523,0.001864,-0.394350,0.433263,0.950012,-0.448646,-0.008930,-0.118907
0.004273,0.056642,0.784033,-0.156965,0.019636,-0.735748,0.658522,0.050938,0.236023,0.190565,0.482406,-0.372954,0.032983,-0.773164,-0.253827,-0.156747,1.641565,-0.024963,0.261800,-0.036844,0.031172,0.379429,-0.068671,0.418310,-0.527001,0.995840,0.444997,0.021422,0.111722,0.000870,-0.399694,0.430332,0.950430,-0.447195,-0.009375,-0.119086
0.004302,0.057005,0.783933,-0.157135,0.019199,-0.735979,0.658236,0.050969,0.235871,0.191399,0.483644,-0.373146,0.033727,-0.773959,-0.253314,-0.154955,1.641069,-0.024723,0.261800,-0.036184,0.031460,0.379344,-0.067266,0.420289,-0.522006,0.994697,0.444682,0.021727,0.111897,-0.000022,-0.405228,0.427381,0.950760,-0.446927,-0.009669,-0.118931
0.004282,0.057402,0.783813,-0.157322,0.018665,-0.736282,0.657868,0.051407,0.235647,0.192459,0.484587,-0.373215,0.034410,-0.774425,-0.253259,-0.153637,1.640572,-0.024727,0.261800,-0.035377,0.031744,0.379443,-0.065773,0.422259,-0.517072,0.993696,0.444369,0.021394,0.112105,-0.000720,-0.410922,0.424353,0.950917,-0.448711,-0.009740,-0.118200
0.004293,0.057771,0.783690,-0.157524,0.018048,-0.736646,0.657429,0.052148,0.235347,0.193730,0.485363,-0.373221,0.035075,-0.774671,-0.253539,-0.152632,1.640111,-0.024899,0.261800,-0.034457,0.032009,0.379709,-0.064208,0.424228,-0.512174,0.992810,0.444046,0.020699,0.112357,-0.001355,-0.416775,0.421234,0.951045,-0.451823,-0.009686,-0.117081
0.004323,0.058133,0.783536,-0.157754,0.017382,-0.737041,0.656949,0.053126,0.234987,0.195148,0.486000,-0.373250,0.035637,-0.774823,-0.254009,-0.151808,1.639718,-0.025106,0.261800,-0.033519,0.032319,0.380072,-0.062627,0.426212,-0.507578,0.992124,0.443861,0.019930,0.112509,-0.002042,-0.422782,0.418160,0.951229,-0.454856,-0.009597,-0.115985
0.004402,0.058473,0.783394,-0.158019,0.016695,-0.737438,0.656458,0.054316,0.234580,0.196649,0.486435,-0.373346,0.036016,-0.774985,-0.254531,-0.151045,1.639399,-0.025212,0.261800,-0.032657,0.032726,0.380446,-0.061142,0.428237,-0.503609,0.991785,0.443910,0.019378,0.112426,-0.002917,-0.428949,0.415260,0.951595,-0.456417,-0.009555,-0.115329
0.004472,0.058788,0.783229,-0.158320,0.015949,-0.737838,0.655954,0.055857,0.234062,0.198278,0.486553,-0.373559,0.036120,-0.775171,-0.255120,-0.150253,1.639231,-0.025198,0.261800,-0.031853,0.033215,0.380844,-0.059776,0.430330,-0.500503,0.991864,0.444368,0.019061,0.111972,-0.004070,-0.435316,0.412659,0.952240,-0.455585,-0.009646,-0.115362
0.004519,0.059121,0.783095,-0.158652,0.015143,-0.738253,0.655426,0.057714,0.233441,0.200045,0.486407,-0.373848,0.036016,-0.775326,-0.255838,-0.149518,1.639181,-0.025128,0.261800,-0.031064,0.033770,0.381305,-0.058476,0.432491,-0.498049,0.992253,0.445128,0.018842,0.111253,-0.005392,-0.441884,0.410255,0.953042,-0.453286,-0.009805,-0.115810
0.004581,0.059435,0.782945,-0.159007,0.014355,-0.738675,0.654882,0.059579,0.232864,0.201843,0.486285,-0.374166,0.035858,-0.775468,-0.256594,-0.148971,1.639120,-0.025018,0.261800,-0.030348,0.034435,0.381786,-0.057227,0.434705,-0.495890,0.992831,0.445861,0.018784,0.110486,-0.006739,-0.448593,0.407828,0.953839,-0.450896,-0.009885,-0.116315
0.004685,0.059702,0.782802,-0.159352,0.013638,-0.739098,0.654336,0.061141,0.232467,0.203563,0.486466,-0.374456,0.035800,-0.775627,-0.257302,-0.148736,1.638933,-0.024876,0.261800,-0.029750,0.035248,0.382236,-0.055943,0.436938,-0.493568,0.993412,0.446352,0.018946,0.109883,-0.007973,-0.455331,0.405160,0.954499,-0.449798,-0.009742,-0.116518
0.004797,0.060042,0.782683,-0.159712,0.013023,-0.739514,0.653790,0.062313,0.232316,0.205197,0.487083,-0.374724,0.035872,-0.775741,-0.258018,-0.148946,1.638581,-0.024693,0.261800,-0.029334,0.036223,0.382668,-0.054666,0.439172,-0.491178,0.994125,0.446392,0.019498,0.109615,-0.009183,-0.462000,0.402316,0.955211,-0.450640,-0.009168,-0.116351
0.004933,0.060391,0.782574,-0.160084,0.012471,-0.739928,0.653241,0.063255,0.232326,0.206798,0.487983,-0.374998,0.035994,-0.775819,-0.258763,-0.149498,1.638138,-0.024473,0.261800,-0.029053,0.037312,0.383074,-0.053374,0.441402,-0.488815,0.995009,0.446239,0.020360,0.109532,-0.010473,-0.468577,0.399392,0.956098,-0.452613,-0.008296,-0.116015
0.005050,0.060716,0.782476,-0.160450,0.011972,-0.740353,0.652679,0.064053,0.232416,0.208347,0.488971,-0.375245,0.036162,-0.775977,-0.259396,-0.150182,1.637607,-0.024231,0.261800,-0.028838,0.038461,0.383374,-0.052138,0.443664,-0.486344,0.995980,0.446008,0.021219,0.109389,-0.011789,-0.475103,0.396263,0.956961,-0.454898,-0.007476,-0.115570
0.005186,0.061067,0.782379,-0.160789,0.011519,-0.740797,0.652100,0.064799,0.232511,0.209827,0.489837,-0.375420,0.036366,-0.776334,-0.259778,-0.150786,1.636998,-0.023995,0.261800,-0.028621,0.039640,0.383514,-0.050983,0.446011,-0.483594,0.996869,0.445838,0.021764,0.108931,-0.013015,-0.481642,0.392785,0.957502,-0.456651,-0.007064,-0.115065
0.005328,0.061404,0.782276,-0.161108,0.011119,-0.741264,0.651497,0.065480,0.232615,0.211170,0.490638,-0.375542,0.036611,-0.776874,-0.259863,-0.151327,1.636285,-0.023815,0.261800,-0.028349,0.040827,0.383470,-0.049793,0.448459,-0.480307,0.997523,0.445516,0.021912,0.107861,-0.014002,-0.488221,0.388765,0.957514,-0.457563,-0.007233,-0.114345
0.005472,0.061744,0.782177,-0.161407,0.010768,-0.741749,0.650876,0.066063,0.232760,0.212405,0.491438,-0.375619,0.036899,-0.777546,-0.259725,-0.151892,1.635463,-0.023660,0.261800,-0.028072,0.042049,0.383297,-0.048515,0.451005,-0.476571,0.997956,0.445099,0.021828,0.106379,-0.014791,-0.494841,0.384306,0.957110,-0.458098,-0.007771,-0.113427
0.005630,0.062106,0.782091,-0.161679,0.010458,-0.742247,0.650246,0.066586,0.232921,0.213663,0.492108,-0.375631,0.037223,-0.778422,-0.259417,-0.152385,1.634603,-0.023441,0.261800,-0.027881,0.043333,0.383046,-0.047365,0.453712,-0.472880,0.998361,0.444992,0.021567,0.104976,-0.015614,-0.501570,0.379752,0.956541,-0.458572,-0.008451,-0.112622
0.005780,0.062483,0.782030,-0.161925,0.010193,-0.742751,0.649613,0.067062,0.233075,0.215075,0.492563,-0.375587,0.037579,-0.779581,-0.258988,-0.152700,1.633784,-0.023073,0.261800,-0.027849,0.044715,0.382789,-0.046414,0.456645,-0.469566,0.998764,0.445762,0.021181,0.104130,-0.016595,-0.508478,0.375378,0.955928,-0.459331,-0.009049,-0.112228
0.005950,0.062837,0.781971,-0.162134,0.009978,-0.743277,0.648963,0.067499,0.233244,0.216733,0.492737,-0.375505,0.037996,-0.781100,-0.258300,-0.152762,1.633011,-0.022472,0.261800,-0.028019,0.046264,0.382509,-0.045693,0.459869,-0.466994,0.999171,0.447514,0.020544,0.103923,-0.017750,-0.515594,0.371227,0.955220,-0.460489,-0.009460,-0.112565
0.006141,0.063198,0.781947,-0.162304,0.009809,-0.743822,0.648298,0.067882,0.233436,0.218552,0.492700,-0.375385,0.038467,-0.782925,-0.257384,-0.152639,1.632257,-0.021707,0.261800,-0.028320,0.047936,0.382196,-0.045065,0.463380,-0.464822,0.999439,0.450032,0.019675,0.104102,-0.018943,-0.522916,0.367098,0.954288,-0.461872,-0.009823,-0.113382
0.006348,0.063616,0.781925,-0.162457,0.009661,-0.744354,0.647651,0.068234,0.233581,0.220385,0.492501,-0.375157,0.038927,-0.784897,-0.256515,-0.152468,1.631503,-0.020903,0.261800,-0.028724,0.049619,0.381949,-0.044636,0.467162,-0.462648,0.999623,0.453026,0.018834,0.104656,-0.020190,-0.530470,0.363067,0.953212,-0.463281,-0.010272,-0.114122
0.006564,0.064036,0.781932,-0.162587,0.009489,-0.744842,0.647059,0.068567,0.233623,0.222094,0.492214,-0.374761,0.039311,-0.786879,-0.255982,-0.152382,1.630763,-0.020204,0.261800,-0.029203,0.051194,0.381858,-0.044374,0.471173,-0.459898,0.999671,0.456368,0.018287,0.105571,-0.021533,-0.538305,0.359224,0.952093,-0.464510,-0.010951,-0.114224
0.006798,0.064470,0.781965,-0.162711,0.009297,-0.745279,0.646527,0.068806,0.233564,0.223624,0.492003,-0.374142,0.039837,-0.788750,-0.255938,-0.152544,1.629965,-0.019604,0.261800,-0.029818,0.052688,0.381937,-0.044165,0.475380,-0.456460,0.999505,0.460393,0.018083,0.106938,-0.022921,-0.546465,0.355647,0.950838,-0.465415,-0.012067,-0.113394
0.007026,0.064924,0.782024,-0.162815,0.009095,-0.745683,0.646038,0.068985,0.233431,0.225065,0.491751,-0.373330,0.040461,-0.790614,-0.256201,-0.152836,1.629124,-0.019046,0.261800,-0.030590,0.054158,0.382146,-0.044024,0.479782,-0.452563,0.999159,0.465083,0.018096,0.108732,-0.024370,-0.554962,0.352308,0.949422,-0.466110,-0.013491,-0.111970
0.007267,0.065447,0.782047,-0.162892,0.008881,-0.746055,0.645592,0.069242,0.233193,0.226455,0.491176,-0.372426,0.040727,-0.792648,-0.256561,-0.152992,1.628376,-0.018566,0.261800,-0.031448,0.055538,0.382500,-0.044172,0.484385,-0.448239,0.998797,0.469683,0.018306,0.110763,-0.025967,-0.563775,0.349102,0.947987,-0.466801,-0.014854,-0.110347
0.007494,0.065948,0.782090,-0.162916,0.008635,-0.746401,0.645190,0.069740,0.232813,0.227843,0.489941,-0.371504,0.040178,-0.795034,-0.256796,-0.152734,1.627847,-0.018200,0.261800,-0.032310,0.056755,0.383011,-0.044715,0.489188,-0.443376,0.998492,0.473586,0.018691,0.112829,-0.027793,-0.572856,0.345922,0.946681,-0.467688,-0.015790,-0.108919
0.007731,0.066501,0.782101,-0.162898,0.008329,-0.746731,0.644816,0.070647,0.232215,0.229285,0.487811,-0.370486,0.038711,-0.797862,-0.256829,-0.151845,1.627635,-0.017979,0.261800,-0.033109,0.057808,0.383763,-0.045776,0.494181,-0.437985,0.998323,0.476678,0.019290,0.115089,-0.029851,-0.582213,0.342805,0.945417,-0.468901,-0.016133,-0.107665
0.007900,0.067080,0.782107,-0.162834,0.007973,-0.747043,0.644475,0.071833,0.231442,0.230736,0.485017,-0.369372,0.036566,-0.801023,-0.256778,-0.150518,1.627651,-0.017877,0.261800,-0.033890,0.058720,0.384711,-0.047209,0.499352,-0.432038,0.998198,0.479354,0.020099,0.117574,-0.032093,-0.591856,0.339768,0.944169,-0.470313,-0.016100,-0.106421
0.008029,0.067655,0.782093,-0.162723,0.007638,-0.747309,0.644198,0.073041,0.230629,0.232110,0.481854,-0.368309,0.033796,-0.804393,-0.256726,-0.149102,1.627742,-0.017842,0.261800,-0.034780,0.059474,0.385690,-0.048918,0.504728,-0.425631,0.998094,0.481448,0.021029,0.119903,-0.034535,-0.601692,0.336711,0.943204,-0.471749,-0.015899,-0.105366
0.008109,0.068243,0.782087,-0.162554,0.007390,-0.747508,0.644013,0.074020,0.229907,0.233319,0.478611,-0.367446,0.030455,-0.807833,-0.256758,-0.147950,1.627746,-0.017824,0.261800,-0.035895,0.060025,0.386524,-0.050837,0.510365,-0.418908,0.998004,0.482758,0.021992,0.121697,-0.037230,-0.611561,0.333539,0.942836,-0.473071,-0.015729,-0.104697
0.008160,0.068803,0.782083,-0.162259,0.007236,-0.747628,0.643951,0.074599,0.229233,0.234334,0.475325,-0.366825,0.026524,-0.811544,-0.256926,-0.147001,1.627730,-0.017861,0.261800,-0.037246,0.060262,0.387104,-0.052985,0.516327,-0.411854,0.997907,0.483187,0.023103,0.122924,-0.040428,-0.621422,0.330592,0.943485,-0.474310,-0.015715,-0.104671
0.008138,0.069416,0.782124,-0.161879,0.007161,-0.747681,0.643985,0.074964,0.228562,0.235213,0.471824,-0.366358,0.021988,-0.815512,-0.257176,-0.146122,1.627743,-0.017970,0.261800,-0.038790,0.060195,0.387534,-0.055366,0.522637,-0.404418,0.997798,0.482821,0.024359,0.123755,-0.044151,-0.631266,0.327888,0.945005,-0.475515,-0.015720,-0.105140
0.008053,0.069994,0.782153,-0.161518,0.007137,-0.747684,0.644073,0.075329,0.228045,0.235977,0.468218,-0.366066,0.016905,-0.819314,-0.257440,-0.145541,1.627604,-0.018041,0.261800,-0.040506,0.059943,0.387927,-0.057789,0.529277,-0.396575,0.997636,0.481883,0.025501,0.124116,-0.047998,-0.640951,0.324720,0.946833,-0.476668,-0.015551,-0.105692
0.007971,0.070603,0.782199,-0.161272,0.007130,-0.747656,0.644167,0.075968,0.227816,0.236665,0.464490,-0.365887,0.011331,-0.822508,-0.257656,-0.145491,1.627115,-0.017965,0.261800,-0.042318,0.059614,0.388384,-0.060149,0.536218,-0.388380,0.997453,0.480597,0.026275,0.123941,-0.051577,-0.650287,0.320353,0.948482,-0.477746,-0.015021,-0.105931
0.007847,0.071163,0.782205,-0.161184,0.007165,-0.747608,0.644244,0.076977,0.227954,0.237366,0.460591,-0.365916,0.004907,-0.825021,-0.257770,-0.146049,1.626226,-0.017723,0.261800,-0.044165,0.059227,0.388901,-0.062471,0.543467,-0.379685,0.997314,0.478661,0.026463,0.122851,-0.054921,-0.659108,0.314454,0.950116,-0.478954,-0.013837,-0.105837
0.007731,0.071725,0.782239,-0.161180,0.007231,-0.747531,0.644334,0.078253,0.228356,0.238052,0.456443,-0.366084,-0.002273,-0.827070,-0.257833,-0.147084,1.625035,-0.017367,0.261800,-0.046048,0.058682,0.389389,-0.064849,0.551053,-0.370582,0.997263,0.476080,0.026260,0.121005,-0.058183,-0.667405,0.307390,0.952005,-0.480332,-0.012175,-0.105623
0.007534,0.072298,0.782246,-0.161246,0.007314,-0.747401,0.644467,0.079553,0.228935,0.238547,0.452439,-0.366338,-0.009477,-0.828667,-0.257935,-0.148520,1.623612,-0.016917,0.261800,-0.047983,0.057945,0.389853,-0.067401,0.558975,-0.361621,0.997392,0.473412,0.026030,0.119154,-0.061371,-0.675266,0.299693,0.953983,-0.481382,-0.010548,-0.105232
0.007306,0.072817,0.782284,-0.161383,0.007411,-0.747197,0.644668,0.080709,0.229587,0.238680,0.448825,-0.366553,-0.015977,-0.829824,-0.258165,-0.150280,1.622007,-0.016379,0.261800,-0.049982,0.057020,0.390297,-0.070165,0.567168,-0.353236,0.997720,0.471340,0.026129,0.118055,-0.064212,-0.682795,0.291677,0.955632,-0.481722,-0.009470,-0.104588
0.007066,0.073341,0.782280,-0.161600,0.007515,-0.746887,0.644972,0.081663,0.230303,0.238286,0.445726,-0.366733,-0.021689,-0.830385,-0.258641,-0.152525,1.620156,-0.015741,0.261800,-0.052176,0.055909,0.390760,-0.073269,0.575603,-0.345611,0.998515,0.469966,0.026583,0.117949,-0.066696,-0.690053,0.283183,0.956900,-0.481018,-0.009181,-0.103550
0.006779,0.073841,0.782347,-0.161895,0.007629,-0.746491,0.645355,0.082517,0.231130,0.237496,0.442979,-0.366927,-0.026969,-0.830395,-0.259284,-0.155237,1.618043,-0.014996,0.261800,-0.054480,0.054669,0.391244,-0.076758,0.584259,-0.338565,0.999728,0.468958,0.027221,0.118432,-0.068972,-0.697045,0.274163,0.958007,-0.479439,-0.009373,-0.102179
0.006487,0.074302,0.782441,-0.162233,0.007758,-0.746067,0.645759,0.083289,0.232064,0.236555,0.440506,-0.367122,-0.031734,-0.830162,-0.259878,-0.158067,1.615857,-0.014198,0.261800,-0.056690,0.053338,0.391632,-0.080547,0.593078,-0.332028,1.001034,0.468256,0.028108,0.119298,-0.070692,-0.703815,0.264827,0.958651,-0.477692,-0.009737,-0.100721
0.006199,0.074743,0.782554,-0.162572,0.007903,-0.745678,0.646121,0.083993,0.233099,0.235711,0.438253,-0.367321,-0.035905,-0.829994,-0.260217,-0.160670,1.613763,-0.013391,0.261800,-0.058492,0.051982,0.391871,-0.084679,0.601992,-0.326021,1.002132,0.467797,0.029311,0.120358,-0.072224,-0.710493,0.255976,0.959142,-0.475971,-0.009955,-0.099426
0.005871,0.075122,0.782694,-0.162908,0.008065,-0.745321,0.646446,0.084661,0.234197,0.235021,0.436136,-0.367563,-0.039383,-0.829891,-0.260337,-0.163048,1.611779,-0.012575,0.261800,-0.060030,0.050589,0.391839,-0.089226,0.611007,-0.320944,1.003188,0.467548,0.031093,0.121791,-0.073143,-0.717126,0.247470,0.959088,-0.474487,-0.009938,-0.098235
0.005528,0.075471,0.782860,-0.163248,0.008235,-0.744971,0.646762,0.085280,0.235367,0.234353,0.434205,-0.367835,-0.042236,-0.829723,-0.260324,-0.165355,1.609833,-0.011735,0.261800,-0.061292,0.049179,0.391660,-0.094286,0.620120,-0.316767,1.004304,0.467557,0.033339,0.123639,-0.073960,-0.723754,0.239420,0.958935,-0.472688,-0.009849,-0.097051
0.005145,0.075838,0.783013,-0.163620,0.008431,-0.744647,0.647038,0.085774,0.236693,0.233664,0.432620,-0.368056,-0.044640,-0.829575,-0.260019,-0.167467,1.607924,-0.010875,0.261800,-0.062310,0.047823,0.391412,-0.099410,0.629179,-0.312438,1.005108,0.467799,0.035549,0.125481,-0.074108,-0.730308,0.231272,0.958137,-0.471239,-0.009796,-0.096042
0.004748,0.076206,0.783142,-0.164049,0.008676,-0.744373,0.647241,0.086075,0.238253,0.232922,0.431529,-0.368136,-0.046748,-0.829554,-0.259275,-0.169257,1.606086,-0.010015,0.261800,-0.062991,0.046606,0.391251,-0.104493,0.638033,-0.307190,1.005427,0.468128,0.037230,0.126930,-0.073986,-0.736805,0.223183,0.956986,-0.470272,-0.009862,-0.095402
0.004351,0.076568,0.783283,-0.164555,0.008996,-0.744171,0.647341,0.086099,0.240190,0.232074,0.431108,-0.368020,-0.048605,-0.829650,-0.257874,-0.170777,1.604213,-0.009051,0.261800,-0.063108,0.045650,0.391250,-0.109485,0.646560,-0.300529,1.005117,0.469029,0.038262,0.127830,-0.074516,-0.743303,0.215692,0.956248,-0.469433,-0.010193,-0.095306
0.003953,0.076924,0.783376,-0.165123,0.009375,-0.744024,0.647360,0.085906,0.242426,0.231148,0.431235,-0.367765,-0.050120,-0.829821,-0.255956,-0.172069,1.602326,-0.008007,0.261800,-0.063224,0.044873,0.391188,-0.114699,0.654825,-0.293277,1.004896,0.469859,0.038921,0.128446,-0.074016,-0.749728,0.207809,0.954379,-0.469537,-0.010723,-0.095623
0.003576,0.077299,0.783517,-0.165707,0.009752,-0.743892,0.647357,0.085645,0.244691,0.230221,0.431583,-0.367449,-0.051319,-0.830095,-0.253901,-0.172992,1.600624,-0.007095,0.261800,-0.063050,0.044170,0.391175,-0.119599,0.662782,-0.285301,1.004024,0.470839,0.039271,0.128956,-0.073497,-0.756144,0.200322,0.952514,-0.469766,-0.011147,-0.096048
0.003204,0.077618,0.783643,-0.166244,0.010055,-0.743739,0.647390,0.085500,0.246710,0.229381,0.431762,-0.367114,-0.052211,-0.830502,-0.252091,-0.173416,1.599312,-0.006526,0.261800,-0.063159,0.043345,0.391059,-0.123786,0.670447,-0.276819,1.002528,0.471272,0.039400,0.129566,-0.071643,-0.762528,0.192683,0.949525,-0.470660,-0.011205,-0.096308
0.002827,0.077927,0.783803,-0.166733,0.010274,-0.743560,0.647467,0.085513,0.248431,0.228705,0.431703,-0.366748,-0.052647,-0.831036,-0.250452,-0.173163,1.598390,-0.006448,0.261800,-0.063163,0.042523,0.391303,-0.128870,0.678076,-0.269520,1.001125,0.470003,0.039193,0.130418,-0.072012,-0.769153,0.187318,0.948334,-0.470985,-0.010490,-0.096333
0.002464,0.078230,0.783947,-0.167205,0.010445,-0.743371,0.647559,0.085605,0.249990,0.228130,0.431574,-0.366322,-0.052669,-0.831678,-0.248839,-0.172351,1.597764,-0.006713,0.261800,-0.063177,0.041675,0.391594,-0.133412,0.685513,-0.261833,0.998955,0.468230,0.038628,0.131332,-0.072876,-0.775876,0.183047,0.947522,-0.471460,-0.009287,-0.096264
0.002107,0.078525,0.784123,-0.167644,0.010576,-0.743175,0.647668,0.085672,0.251418,0.227523,0.431514,-0.365941,-0.052593,-0.832469,-0.247521,-0.171298,1.597517,-0.007105,0.261800,-0.063379,0.040745,0.391832,-0.137484,0.692646,-0.253402,0.996345,0.466218,0.038008,0.132178,-0.072839,-0.782579,0.178645,0.945858,-0.472062,-0.008209,-0.096124
0.001779,0.078787,0.784247,-0.168056,0.010695,-0.742971,0.647794,0.085662,0.252724,0.226759,0.431534,-0.365644,-0.052732,-0.833451,-0.246756,-0.170315,1.597721,-0.007403,0.261800,-0.063536,0.039796,0.392246,-0.142395,0.699412,-0.244805,0.994188,0.463866,0.037653,0.132851,-0.073120,-0.789269,0.174399,0.944337,-0.471769,-0.007820,-0.095913
0.001464,0.079053,0.784346,-0.168427,0.010816,-0.742764,0.647933,0.085438,0.253930,0.225732,0.431828,-0.365521,-0.053062,-0.834764,-0.246687,-0.169448,1.598524,-0.007427,0.261800,-0.063181,0.038852,0.392460,-0.145740,0.705366,-0.233495,0.990418,0.463195,0.037649,0.133177,-0.072765,-0.795806,0.169639,0.942673,-0.470206,-0.008483,-0.095650
0.001135,0.079337,0.784430,-0.168769,0.010930,-0.742550,0.648087,0.085073,0.255024,0.224533,0.432301,-0.365510,-0.053451,-0.836353,-0.247145,-0.168547,1.599848,-0.007333,0.261800,-0.062846,0.037936,0.392658,-0.149321,0.710679,-0.221304,0.986729,0.462569,0.037884,0.133342,-0.072118,-0.802323,0.164880,0.940731,-0.467881,-0.009799,-0.095357
0.000861,0.079594,0.784452,-0.169088,0.010997,-0.742324,0.648262,0.084791,0.255980,0.223325,0.432676,-0.365506,-0.054051,-0.837941,-0.247943,-0.167607,1.601426,-0.007418,0.261800,-0.062603,0.037047,0.393030,-0.153574,0.715573,-0.209508,0.983528,0.461478,0.038186,0.133618,-0.071925,-0.808871,0.160484,0.939050,-0.465434,-0.011268,-0.094961
0.000552,0.079851,0.784495,-0.169397,0.010984,-0.742079,0.648462,0.084789,0.256776,0.222263,0.432732,-0.365433,-0.055011,-0.839285,-0.248903,-0.166620,1.603017,-0.007975,0.261800,-0.062580,0.036111,0.393604,-0.157804,0.720255,-0.198565,0.980406,0.459872,0.038373,0.134255,-0.071968,-0.815387,0.156294,0.937438,-0.463788,-0.012405,-0.094410
0.000256,0.080122,0.784549,-0.169726,0.010893,-0.741813,0.648681,0.085167,0.257410,0.221400,0.432393,-0.365262,-0.056427,-0.840282,-0.250090,-0.165629,1.604592,-0.009278,0.261800,-0.062725,0.035106,0.394492,-0.161854,0.724843,-0.188396,0.977065,0.457428,0.038328,0.135292,-0.072364,-0.821820,0.152357,0.935949,-0.463215,-0.013104,-0.093626
-0.000010,0.080376,0.784579,-0.170043,0.010718,-0.741534,0.648921,0.085787,0.257893,0.220642,0.431821,-0.365059,-0.058199,-0.841080,-0.251574,-0.164622,1.606276,-0.011108,0.261800,-0.062908,0.033997,0.395569,-0.165360,0.729306,-0.178370,0.973148,0.454537,0.038150,0.136567,-0.072885,-0.828125,0.148550,0.934509,-0.463273,-0.013620,-0.092666
-0.000244,0.080635,0.784585,-0.170327,0.010483,-0.741232,0.649195,0.086574,0.258206,0.219961,0.430981,-0.364801,-0.060189,-0.841791,-0.253147,-0.163507,1.608025,-0.013013,0.261800,-0.063260,0.032744,0.396821,-0.168930,0.733710,-0.169127,0.969357,0.451507,0.037987,0.138022,-0.073840,-0.834266,0.145001,0.933295,-0.463599,-0.013999,-0.091678
-0.000503,0.080902,0.784628,-0.170562,0.010212,-0.740903,0.649513,0.087433,0.258337,0.219313,0.429872,-0.364476,-0.062260,-0.842515,-0.254608,-0.162201,1.609784,-0.014540,0.261800,-0.063769,0.031283,0.398084,-0.172556,0.738097,-0.160985,0.965897,0.448956,0.037979,0.139611,-0.075073,-0.840176,0.141565,0.932291,-0.463889,-0.014284,-0.090818
-0.000757,0.081142,0.784627,-0.170730,0.009865,-0.740546,0.649882,0.088416,0.258214,0.218718,0.428435,-0.364035,-0.064365,-0.843327,-0.255925,-0.160512,1.611644,-0.015588,0.261800,-0.064369,0.029592,0.399353,-0.175799,0.742484,-0.153894,0.962370,0.447133,0.038268,0.141505,-0.076633,-0.845816,0.138213,0.931709,-0.464108,-0.014477,-0.090160
-0.001043,0.081396,0.784657,-0.170843,0.009445,-0.740163,0.650294,0.089556,0.257867,0.218189,0.426666,-0.363487,-0.066580,-0.844148,-0.257195,-0.158539,1.613588,-0.016388,0.261800,-0.065101,0.027664,0.400716,-0.179065,0.746890,-0.147881,0.959024,0.445606,0.038747,0.143660,-0.078563,-0.851190,0.135005,0.931445,-0.464434,-0.014555,-0.089629
-0.001384,0.081656,0.784663,-0.170915,0.009019,-0.739757,0.650743,0.090717,0.257429,0.217675,0.424699,-0.362951,-0.068947,-0.844888,-0.258415,-0.156638,1.615442,-0.016997,0.261800,-0.065879,0.025547,0.402043,-0.182356,0.751296,-0.142732,0.955890,0.444373,0.039161,0.145730,-0.080576,-0.856240,0.131818,0.931161,-0.464837,-0.014520,-0.089126
-0.001738,0.081907,0.784647,-0.170944,0.008643,-0.739338,0.651217,0.091765,0.257039,0.217131,0.422648,-0.362530,-0.071505,-0.845451,-0.259579,-0.155158,1.617031,-0.017466,0.261800,-0.066600,0.023286,0.403201,-0.185568,0.755684,-0.138188,0.952904,0.443456,0.039252,0.147375,-0.082391,-0.860888,0.128514,0.930539,-0.465301,-0.014370,-0.088565
-0.002114,0.082142,0.784629,-0.170907,0.008330,-0.738902,0.651725,0.092708,0.256667,0.216603,0.420350,-0.362246,-0.074263,-0.845926,-0.260738,-0.154145,1.618357,-0.017724,0.261800,-0.067264,0.020857,0.404178,-0.188853,0.760064,-0.134317,0.950160,0.442946,0.038858,0.148560,-0.084079,-0.865113,0.125134,0.929582,-0.465844,-0.014026,-0.087900
-0.002529,0.082362,0.784653,-0.170818,0.008060,-0.738451,0.652262,0.093596,0.256265,0.216094,0.417814,-0.362049,-0.077199,-0.846333,-0.261879,-0.153425,1.619504,-0.017774,0.261800,-0.067922,0.018230,0.405035,-0.192210,0.764449,-0.131203,0.947654,0.442805,0.038150,0.149448,-0.085714,-0.868921,0.121707,0.928405,-0.466488,-0.013509,-0.087197
-0.002927,0.082568,0.784641,-0.170712,0.007804,-0.737980,0.652827,0.094407,0.255931,0.215507,0.415340,-0.361896,-0.080310,-0.846435,-0.262898,-0.153038,1.620394,-0.017771,0.261800,-0.068551,0.015448,0.405802,-0.195516,0.768826,-0.128714,0.945319,0.442822,0.037377,0.149989,-0.087237,-0.872278,0.118171,0.927012,-0.467197,-0.012972,-0.086532
-0.003367,0.082801,0.784615,-0.170647,0.007556,-0.737486,0.653404,0.095099,0.255757,0.214740,0.413260,-0.361763,-0.083590,-0.846011,-0.263689,-0.153013,1.620960,-0.017878,0.261800,-0.069146,0.012538,0.406532,-0.198752,0.773180,-0.126745,0.943171,0.442775,0.036792,0.150135,-0.088650,-0.875137,0.114486,0.925423,-0.467943,-0.012560,-0.085985
-0.003869,0.082983,0.784589,-0.170639,0.007311,-0.736954,0.654009,0.095727,0.255791,0.213776,0.411551,-0.361675,-0.087403,-0.844923,-0.264131,-0.153332,1.621134,-0.018229,0.261800,-0.069761,0.009485,0.407232,-0.201813,0.777534,-0.125330,0.941180,0.442735,0.036588,0.149815,-0.090006,-0.877472,0.110595,0.923654,-0.468763,-0.012249,-0.085485
-0.004372,0.083195,0.784553,-0.170657,0.007073,-0.736392,0.654639,0.096304,0.255972,0.212675,0.410061,-0.361638,-0.091630,-0.843322,-0.264311,-0.153983,1.620974,-0.018712,0.261800,-0.070385,0.006273,0.407887,-0.204777,0.781898,-0.124507,0.939361,0.442772,0.036589,0.149071,-0.091281,-0.879264,0.106527,0.921670,-0.469659,-0.011982,-0.085027
-0.004934,0.083419,0.784503,-0.170686,0.006850,-0.735827,0.655269,0.096681,0.256234,0.211430,0.408972,-0.361606,-0.095549,-0.841392,-0.264432,-0.155026,1.620581,-0.019105,0.261800,-0.070887,0.002906,0.408466,-0.207716,0.786242,-0.124134,0.937692,0.442694,0.036493,0.148035,-0.092395,-0.880551,0.102396,0.919494,-0.470591,-0.011842,-0.084802
-0.005500,0.083612,0.784475,-0.170696,0.006634,-0.735290,0.655872,0.096706,0.256522,0.210037,0.408499,-0.361547,-0.098437,-0.839320,-0.264703,-0.156524,1.620061,-0.019192,0.261800,-0.071154,-0.000571,0.408932,-0.210515,0.790504,-0.123969,0.936011,0.442320,0.035993,0.146845,-0.093187,-0.881368,0.098304,0.917084,-0.471496,-0.011919,-0.084987
-0.006084,0.083790,0.784464,-0.170698,0.006408,-0.734786,0.656438,0.096356,0.256790,0.208462,0.408759,-0.361400,-0.099996,-0.837067,-0.265305,-0.158642,1.619412,-0.018826,0.261800,-0.071181,-0.004216,0.409317,-0.213239,0.794680,-0.124012,0.934397,0.441401,0.034790,0.145345,-0.093644,-0.881743,0.094306,0.914423,-0.472441,-0.012319,-0.085669
-0.006685,0.083943,0.784463,-0.170698,0.006176,-0.734298,0.656986,0.095694,0.257085,0.206713,0.409647,-0.361208,-0.100651,-0.834566,-0.266086,-0.161300,1.618594,-0.018155,0.261800,-0.071034,-0.008001,0.409632,-0.215804,0.798770,-0.124304,0.932799,0.440109,0.033121,0.143529,-0.093869,-0.881664,0.090369,0.911547,-0.473410,-0.012970,-0.086730
-0.007307,0.084086,0.784444,-0.170676,0.005986,-0.733829,0.657517,0.094767,0.257450,0.204863,0.410878,-0.360998,-0.100757,-0.831944,-0.266739,-0.164183,1.617631,-0.017394,0.261800,-0.070757,-0.011802,0.409816,-0.218218,0.802715,-0.124773,0.931191,0.438900,0.031490,0.141756,-0.093925,-0.881172,0.086495,0.908475,-0.474244,-0.013687,-0.088061
-0.007959,0.084210,0.784435,-0.170638,0.005903,-0.733377,0.658032,0.093615,0.257943,0.202984,0.412196,-0.360816,-0.100671,-0.829347,-0.266971,-0.166978,1.616569,-0.016764,0.261800,-0.070407,-0.015465,0.409827,-0.220520,0.806409,-0.125331,0.929574,0.438255,0.030407,0.140394,-0.093889,-0.880330,0.082697,0.905229,-0.474765,-0.014292,-0.089544
-0.008624,0.084329,0.784447,-0.170582,0.005984,-0.732927,0.658547,0.092101,0.258692,0.201038,0.413651,-0.360718,-0.100385,-0.826755,-0.266620,-0.169755,1.615301,-0.016286,0.261800,-0.070062,-0.018865,0.409588,-0.222652,0.809834,-0.126107,0.927980,0.438510,0.030024,0.139695,-0.093759,-0.879215,0.079015,0.901769,-0.474841,-0.014711,-0.091273
-0.009288,0.084396,0.784467,-0.170521,0.006194,-0.732485,0.659052,0.090244,0.259630,0.198998,0.415353,-0.360673,-0.099740,-0.824111,-0.265870,-0.172628,1.613838,-0.015854,0.261800,-0.069687,-0.022067,0.409147,-0.224646,0.812975,-0.127100,0.926443,0.439352,0.030066,0.139423,-0.093422,-0.877830,0.075403,0.898027,-0.474566,-0.015055,-0.093254
-0.009915,0.084475,0.784489,-0.170426,0.006412,-0.732078,0.659527,0.088337,0.260523,0.196970,0.417094,-0.360568,-0.098867,-0.821511,-0.264941,-0.175355,1.612407,-0.015505,0.261800,-0.069139,-0.025202,0.408607,-0.226533,0.815746,-0.128003,0.924821,0.440305,0.030402,0.139238,-0.092915,-0.876169,0.071778,0.894128,-0.474142,-0.015419,-0.095238
-0.010484,0.084521,0.784493,-0.170287,0.006535,-0.731730,0.659947,0.086654,0.261144,0.195049,0.418706,-0.360310,-0.097898,-0.819037,-0.264053,-0.177695,1.611219,-0.015270,0.261800,-0.068299,-0.028379,0.408066,-0.228211,0.818033,-0.128432,0.922894,0.440902,0.030897,0.138814,-0.092184,-0.874212,0.068039,0.890110,-0.473753,-0.015894,-0.096979
-0.011059,0.084549,0.784480,-0.170104,0.006531,-0.731451,0.660305,0.085306,0.261376,0.193189,0.420120,-0.359791,-0.096823,-0.816693,-0.263208,-0.179534,1.610306,-0.015142,0.261800,-0.067129,-0.031673,0.407531,-0.229712,0.819767,-0.128321,0.920638,0.440941,0.031677,0.138027,-0.091212,-0.871950,0.064124,0.885979,-0.473406,-0.016562,-0.098399
-0.011576,0.084565,0.784473,-0.169867,0.006441,-0.731227,0.660614,0.084129,0.261364,0.191358,0.421442,-0.359093,-0.095586,-0.814449,-0.262314,-0.181017,1.609573,-0.015112,0.261800,-0.065700,-0.034970,0.406961,-0.231034,0.820956,-0.127832,0.918137,0.440727,0.032764,0.137086,-0.090006,-0.869392,0.060085,0.881692,-0.473017,-0.017354,-0.099635
-0.012091,0.084548,0.784441,-0.169605,0.006331,-0.731048,0.660880,0.083027,0.261261,0.189706,0.422704,-0.358374,-0.094252,-0.812305,-0.261436,-0.182303,1.609002,-0.015200,0.261800,-0.064066,-0.038159,0.406365,-0.232116,0.821627,-0.126939,0.915429,0.440561,0.033886,0.136147,-0.088591,-0.866620,0.056027,0.877249,-0.472665,-0.018124,-0.100772
-0.012595,0.084561,0.784480,-0.169344,0.006259,-0.730903,0.661108,0.081897,0.261225,0.188372,0.423954,-0.357796,-0.092884,-0.810287,-0.260651,-0.183540,1.608612,-0.015438,0.261800,-0.062305,-0.041135,0.405773,-0.232878,0.821809,-0.125571,0.912539,0.440739,0.034767,0.135357,-0.087084,-0.863768,0.052101,0.872693,-0.472422,-0.018735,-0.101887
-0.013049,0.084522,0.784449,-0.169074,0.006259,-0.730806,0.661284,0.080686,0.261362,0.187510,0.425155,-0.357431,-0.091538,-0.808443,-0.259946,-0.184832,1.608368,-0.015893,0.261800,-0.060361,-0.043806,0.405142,-0.233253,0.821442,-0.123455,0.909351,0.441501,0.035410,0.134603,-0.085528,-0.860878,0.048356,0.868049,-0.472225,-0.019088,-0.102830
-0.013500,0.084468,0.784493,-0.168785,0.006295,-0.730761,0.661407,0.079469,0.261568,0.187008,0.426277,-0.357175,-0.090167,-0.806751,-0.259293,-0.186073,1.608276,-0.016528,0.261800,-0.058272,-0.046234,0.404472,-0.233227,0.820499,-0.120624,0.905871,0.442651,0.035933,0.133852,-0.083821,-0.857959,0.044734,0.863223,-0.472034,-0.019289,-0.103603
-0.013884,0.084416,0.784501,-0.168493,0.006302,-0.730729,0.661517,0.078302,0.261684,0.186607,0.427431,-0.356949,-0.088680,-0.805103,-0.258741,-0.187123,1.608396,-0.017219,0.261800,-0.056180,-0.048488,0.403883,-0.232732,0.819099,-0.117504,0.902147,0.443790,0.036229,0.133377,-0.082128,-0.855051,0.041291,0.858351,-0.471934,-0.019497,-0.104486
-0.014253,0.084384,0.784496,-0.168207,0.006210,-0.730677,0.661648,0.077277,0.261542,0.186059,0.428660,-0.356646,-0.086987,-0.803398,-0.258339,-0.187838,1.608790,-0.017832,0.261800,-0.054235,-0.050660,0.403499,-0.231743,0.817403,-0.114544,0.898286,0.444493,0.036179,0.133425,-0.080527,-0.852165,0.038067,0.853494,-0.471986,-0.019883,-0.105755
-0.014584,0.084286,0.784501,-0.167939,0.005986,-0.730588,0.661817,0.076491,0.261051,0.185299,0.429905,-0.356191,-0.085056,-0.801614,-0.258114,-0.188062,1.609546,-0.018301,0.261800,-0.052455,-0.052837,0.403383,-0.230190,0.815487,-0.111820,0.894198,0.444449,0.035632,0.134252,-0.079041,-0.849266,0.035057,0.848691,-0.472237,-0.020547,-0.107612
-0.014887,0.084193,0.784433,-0.167668,0.005660,-0.730482,0.662005,0.075872,0.260314,0.184458,0.431162,-0.355658,-0.082934,-0.799803,-0.258037,-0.187912,1.610610,-0.018705,0.261800,-0.050759,-0.054993,0.403453,-0.228120,0.813337,-0.109144,0.889875,0.443904,0.034683,0.135638,-0.077535,-0.846319,0.032206,0.843825,-0.472636,-0.021383,-0.109872
-0.015177,0.084099,0.784369,-0.167400,0.005302,-0.730381,0.662188,0.075259,0.259460,0.183591,0.432569,-0.355168,-0.080656,-0.797978,-0.258080,-0.187640,1.611820,-0.019145,0.261800,-0.049104,-0.057044,0.403639,-0.225685,0.810993,-0.106584,0.885480,0.443278,0.033578,0.137125,-0.076079,-0.843348,0.029537,0.838938,-0.473135,-0.022248,-0.112214
-0.015427,0.084002,0.784267,-0.167121,0.004964,-0.730307,0.662343,0.074444,0.258632,0.182737,0.434355,-0.354888,-0.078253,-0.796160,-0.258213,-0.187502,1.613031,-0.019721,0.261800,-0.047457,-0.058895,0.403861,-0.223059,0.808502,-0.104235,0.881200,0.442966,0.032566,0.138248,-0.074659,-0.840377,0.027053,0.833996,-0.473654,-0.023009,-0.114313
-0.015646,0.083895,0.784174,-0.166833,0.004672,-0.730260,0.662469,0.073299,0.257845,0.181809,0.436679,-0.354816,-0.075510,-0.794346,-0.258452,-0.187569,1.614210,-0.020509,0.261800,-0.045812,-0.060505,0.404108,-0.220211,0.805865,-0.102040,0.877002,0.443153,0.031606,0.138857,-0.073340,-0.837394,0.024682,0.829039,-0.474228,-0.023679,-0.116084
-0.015819,0.083771,0.784055,-0.166552,0.004404,-0.730231,0.662574,0.071931,0.257039,0.180809,0.439444,-0.354913,-0.072483,-0.792530,-0.258804,-0.187705,1.615442,-0.021443,0.261800,-0.044186,-0.061939,0.404417,-0.217074,0.803078,-0.099982,0.872813,0.443596,0.030604,0.139205,-0.072069,-0.834404,0.022425,0.824035,-0.474886,-0.024313,-0.117700
-0.015992,0.083641,0.783912,-0.166264,0.004121,-0.730223,0.662656,0.070622,0.256215,0.179949,0.442217,-0.355141,-0.069608,-0.790712,-0.259234,-0.187850,1.616716,-0.022396,0.261800,-0.042559,-0.063252,0.404788,-0.213718,0.800188,-0.098214,0.868702,0.444018,0.029712,0.139427,-0.070729,-0.831436,0.020421,0.818926,-0.475509,-0.024846,-0.119211
-0.016154,0.083486,0.783797,-0.165968,0.003795,-0.730241,0.662713,0.069642,0.255380,0.179432,0.444591,-0.355468,-0.067330,-0.788883,-0.259707,-0.187947,1.618025,-0.023247,0.261800,-0.040901,-0.064508,0.405223,-0.210246,0.797267,-0.096914,0.864765,0.444137,0.029085,0.139656,-0.069283,-0.828545,0.018844,0.813721,-0.475990,-0.025212,-0.120666
-0.016299,0.083319,0.783661,-0.165682,0.003450,-0.730295,0.662726,0.069031,0.254601,0.179377,0.446508,-0.355952,-0.065867,-0.787052,-0.260249,-0.188064,1.619373,-0.023963,0.261800,-0.039142,-0.065663,0.405751,-0.206660,0.794355,-0.096168,0.860952,0.443734,0.028786,0.139907,-0.067830,-0.825787,0.017873,0.808478,-0.476171,-0.025296,-0.121986
-0.016462,0.083174,0.783534,-0.165391,0.003078,-0.730381,0.662706,0.068652,0.253851,0.179647,0.448174,-0.356588,-0.064954,-0.785206,-0.260864,-0.188202,1.620756,-0.024609,0.261800,-0.037321,-0.066708,0.406368,-0.202917,0.791438,-0.095873,0.857239,0.442991,0.028721,0.140106,-0.066516,-0.823159,0.017464,0.803306,-0.476127,-0.025173,-0.123167
-0.016577,0.082974,0.783376,-0.165094,0.002661,-0.730476,0.662677,0.068502,0.252984,0.180084,0.449568,-0.357224,-0.064311,-0.783362,-0.261498,-0.188203,1.622181,-0.025205,0.261800,-0.035602,-0.067757,0.406991,-0.198964,0.788491,-0.095882,0.853724,0.442201,0.028801,0.140247,-0.065029,-0.820567,0.017318,0.798021,-0.476100,-0.025061,-0.124365
-0.016663,0.082741,0.783200,-0.164772,0.002165,-0.730556,0.662672,0.068588,0.251851,0.180531,0.450652,-0.357699,-0.063655,-0.781517,-0.262091,-0.187907,1.623653,-0.025779,0.261800,-0.034005,-0.068909,0.407666,-0.194943,0.785504,-0.096172,0.850481,0.441664,0.028941,0.140327,-0.063994,-0.817916,0.017403,0.793232,-0.476365,-0.025160,-0.125728
-0.016760,0.082511,0.783028,-0.164409,0.001534,-0.730624,0.662689,0.069086,0.250312,0.181037,0.451195,-0.357922,-0.063026,-0.779729,-0.262588,-0.187075,1.625279,-0.026302,0.261800,-0.032594,-0.070280,0.408372,-0.190733,0.782469,-0.096709,0.847514,0.441417,0.029194,0.140375,-0.063149,-0.815119,0.017654,0.788720,-0.477019,-0.025505,-0.127327
-0.016830,0.082275,0.782813,-0.164018,0.000800,-0.730688,0.662716,0.069915,0.248479,0.181653,0.451323,-0.358010,-0.062536,-0.777978,-0.263038,-0.185860,1.627025,-0.026776,0.261800,-0.031309,-0.071816,0.409114,-0.186392,0.779410,-0.097559,0.844827,0.441328,0.029585,0.140386,-0.062382,-0.812188,0.018099,0.784358,-0.477955,-0.025980,-0.129090
-0.016927,0.082046,0.782625,-0.163620,0.000058,-0.730739,0.662759,0.070754,0.246584,0.182220,0.451429,-0.358072,-0.062010,-0.776147,-0.263520,-0.184685,1.628660,-0.027248,0.261800,-0.030103,-0.073356,0.409841,-0.182026,0.776355,-0.098711,0.842420,0.441418,0.029987,0.140313,-0.061730,-0.809127,0.018656,0.780224,-0.479092,-0.026583,-0.130966
-0.016988,0.081808,0.782411,-0.163243,-0.000593,-0.730761,0.662827,0.071261,0.244868,0.182583,0.451961,-0.358245,-0.061272,-0.774125,-0.264119,-0.183972,1.629970,-0.027772,0.261800,-0.028951,-0.074755,0.410487,-0.177747,0.773347,-0.100144,0.840333,0.441716,0.030272,0.140112,-0.061052,-0.805967,0.019167,0.776242,-0.480363,-0.027310,-0.132907
-0.017052,0.081556,0.782223,-0.162871,-0.001164,-0.730747,0.662933,0.071306,0.243343,0.182654,0.453129,-0.358570,-0.060205,-0.771831,-0.264948,-0.183857,1.630881,-0.028443,0.261800,-0.027837,-0.076024,0.411076,-0.173666,0.770400,-0.101961,0.838617,0.442328,0.030414,0.139774,-0.060310,-0.802705,0.019623,0.772432,-0.481958,-0.028299,-0.134990
-0.017105,0.081325,0.782052,-0.162491,-0.001700,-0.730704,0.663072,0.071091,0.241902,0.182535,0.454666,-0.358973,-0.058924,-0.769337,-0.265929,-0.184108,1.631515,-0.029209,0.261800,-0.026818,-0.077248,0.411561,-0.169574,0.767523,-0.104105,0.837217,0.443188,0.030476,0.139321,-0.058988,-0.799324,0.019867,0.768326,-0.483870,-0.029511,-0.137217
-0.017175,0.081071,0.781938,-0.162135,-0.002165,-0.730653,0.663215,0.070722,0.240602,0.182338,0.456372,-0.359458,-0.057610,-0.766771,-0.266874,-0.184601,1.631944,-0.029892,0.261800,-0.026154,-0.078435,0.411678,-0.165214,0.764687,-0.106232,0.836259,0.444107,0.030462,0.138727,-0.054996,-0.795753,0.019063,0.762002,-0.485781,-0.030692,-0.139431
-0.017238,0.080793,0.781781,-0.161797,-0.002543,-0.730613,0.663340,0.070311,0.239488,0.182177,0.458011,-0.360010,-0.056442,-0.764284,-0.267603,-0.185204,1.632247,-0.030314,0.261800,-0.024819,-0.079149,0.412420,-0.161819,0.761871,-0.108891,0.835404,0.444857,0.030379,0.137972,-0.056518,-0.792161,0.019907,0.760434,-0.486888,-0.031515,-0.141288
-0.017279,0.080495,0.781673,-0.161499,-0.002790,-0.730578,0.663450,0.069831,0.238646,0.182045,0.459582,-0.360679,-0.055507,-0.761865,-0.268114,-0.186035,1.632404,-0.030327,0.261800,-0.024183,-0.079709,0.412602,-0.157817,0.759017,-0.111060,0.835092,0.445407,0.030105,0.136917,-0.055621,-0.788389,0.019989,0.756554,-0.487253,-0.031862,-0.142913
-0.017347,0.080212,0.781558,-0.161226,-0.002935,-0.730542,0.663555,0.069223,0.238026,0.181893,0.461211,-0.361466,-0.054697,-0.759455,-0.268485,-0.187114,1.632377,-0.030057,0.261800,-0.023664,-0.080014,0.412716,-0.153811,0.756150,-0.113216,0.835096,0.445874,0.029684,0.135621,-0.054632,-0.784471,0.019784,0.752507,-0.487114,-0.031898,-0.144321
-0.017381,0.079906,0.781388,-0.160977,-0.003044,-0.730522,0.663637,0.068637,0.237491,0.181773,0.462799,-0.362256,-0.053896,-0.757073,-0.268657,-0.188169,1.632242,-0.029745,0.261800,-0.023646,-0.080383,0.412258,-0.149310,0.753271,-0.115045,0.835512,0.446359,0.029350,0.134349,-0.049023,-0.780292,0.017876,0.744584,-0.487111,-0.031915,-0.145662
-0.017415,0.079586,0.781268,-0.160719,-0.003188,-0.730539,0.663680,0.068160,0.236892,0.181736,0.464312,-0.362971,-0.052991,-0.754767,-0.268570,-0.188920,1.632071,-0.029643,0.261800,-0.022341,-0.080468,0.412780,-0.146333,0.750476,-0.117795,0.835705,0.446899,0.029357,0.133389,-0.050736,-0.776289,0.018408,0.743464,-0.486811,-0.032070,-0.146815
-0.017434,0.079290,0.781133,-0.160464,-0.003391,-0.730609,0.663665,0.067870,0.236258,0.181833,0.465712,-0.363629,-0.052037,-0.752477,-0.268137,-0.189338,1.631832,-0.029853,0.261800,-0.021207,-0.080701,0.412904,-0.143084,0.747691,-0.120351,0.836038,0.447443,0.029884,0.132783,-0.050461,-0.772304,0.018752,0.741015,-0.486784,-0.032584,-0.147995
-0.017478,0.078992,0.780980,-0.160222,-0.003602,-0.730718,0.663601,0.067698,0.235646,0.182026,0.467020,-0.364254,-0.051068,-0.750208,-0.267411,-0.189554,1.631499,-0.030227,0.261800,-0.020007,-0.080916,0.412879,-0.139834,0.744909,-0.122906,0.836465,0.447993,0.030761,0.132389,-0.048816,-0.768297,0.018630,0.737690,-0.486895,-0.033298,-0.149089
-0.017526,0.078653,0.780849,-0.159982,-0.003825,-0.730835,0.663529,0.067540,0.234972,0.182224,0.468343,-0.364810,-0.049933,-0.748048,-0.266548,-0.189553,1.631166,-0.030643,0.261800,-0.018748,-0.081124,0.412882,-0.136817,0.742152,-0.125477,0.837061,0.448692,0.031676,0.132172,-0.047018,-0.764280,0.018435,0.734475,-0.487000,-0.034006,-0.150081
-0.017615,0.078338,0.780712,-0.159702,-0.004090,-0.730933,0.663488,0.067313,0.234155,0.182342,0.469738,-0.365236,-0.048485,-0.746068,-0.265687,-0.189314,1.630910,-0.030966,0.261800,-0.017602,-0.081399,0.412938,-0.133841,0.739467,-0.127848,0.837749,0.449700,0.032313,0.132085,-0.045447,-0.760285,0.018352,0.731612,-0.487019,-0.034506,-0.150984
-0.017640,0.078049,0.780634,-0.159384,-0.004416,-0.730991,0.663498,0.067027,0.233091,0.182342,0.471216,-0.365518,-0.046746,-0.744307,-0.264888,-0.188740,1.630808,-0.031167,0.261800,-0.016655,-0.081825,0.413140,-0.130876,0.736881,-0.129916,0.838546,0.451288,0.032495,0.132162,-0.044532,-0.756303,0.018600,0.729372,-0.486825,-0.034691,-0.151719
-0.017649,0.077716,0.780535,-0.159038,-0.004792,-0.731029,0.663537,0.066730,0.231849,0.182281,0.472725,-0.365682,-0.044768,-0.742706,-0.264063,-0.187874,1.630779,-0.031307,0.261800,-0.015921,-0.082401,0.413369,-0.127818,0.734397,-0.131666,0.839440,0.453297,0.032417,0.132398,-0.043545,-0.752314,0.018952,0.727159,-0.486548,-0.034689,-0.152325
-0.017678,0.077417,0.780467,-0.158682,-0.005152,-0.731073,0.663570,0.066318,0.230622,0.182187,0.474372,-0.365780,-0.042468,-0.741252,-0.263158,-0.186907,1.630757,-0.031423,0.261800,-0.015207,-0.082933,0.413611,-0.124778,0.732007,-0.133227,0.840275,0.455221,0.032319,0.132690,-0.042961,-0.748349,0.019508,0.725523,-0.486237,-0.034642,-0.152939
-0.017661,0.077115,0.780358,-0.158340,-0.005424,-0.731150,0.663566,0.065724,0.229578,0.182101,0.476192,-0.365828,-0.039748,-0.739931,-0.262109,-0.186029,1.630655,-0.031549,0.261800,-0.014506,-0.083281,0.413716,-0.121805,0.729677,-0.134646,0.841076,0.456555,0.032440,0.132928,-0.042148,-0.744418,0.020012,0.724000,-0.486063,-0.034706,-0.153715
-0.017652,0.076835,0.780312,-0.158012,-0.005571,-0.731272,0.663508,0.064836,0.228814,0.182022,0.478327,-0.365876,-0.036440,-0.738743,-0.260848,-0.185297,1.630412,-0.031716,0.261800,-0.013690,-0.083318,0.413669,-0.118925,0.727356,-0.135945,0.841733,0.456927,0.032919,0.133096,-0.041517,-0.740506,0.020506,0.723049,-0.485890,-0.034983,-0.154794
-0.017693,0.076536,0.780239,-0.157693,-0.005632,-0.731423,0.663416,0.063731,0.228215,0.181933,0.480686,-0.365881,-0.032656,-0.737698,-0.259423,-0.184605,1.630087,-0.031900,0.261800,-0.012849,-0.083160,0.413499,-0.116170,0.725041,-0.137113,0.842388,0.456700,0.033610,0.133256,-0.040868,-0.736626,0.020961,0.722416,-0.485740,-0.035369,-0.156070
-0.017690,0.076218,0.780189,-0.157370,-0.005679,-0.731585,0.663315,0.062576,0.227672,0.181853,0.483083,-0.365808,-0.028641,-0.736768,-0.257955,-0.183917,1.629761,-0.032040,0.261800,-0.012026,-0.082888,0.413319,-0.113567,0.722781,-0.138249,0.843080,0.456443,0.034310,0.133427,-0.040158,-0.732831,0.021486,0.721974,-0.485790,-0.035712,-0.157270
-0.017682,0.075853,0.780103,-0.157072,-0.005749,-0.731734,0.663220,0.061529,0.227076,0.181802,0.485353,-0.365628,-0.024642,-0.735933,-0.256571,-0.183190,1.629502,-0.032067,0.261800,-0.011217,-0.082598,0.413274,-0.111153,0.720661,-0.139469,0.843813,0.456718,0.034812,0.133625,-0.039727,-0.729240,0.022339,0.721940,-0.486162,-0.035857,-0.158121
-0.017691,0.075555,0.780025,-0.156785,-0.005877,-0.731877,0.663129,0.060687,0.226410,0.181828,0.487349,-0.365234,-0.020648,-0.735187,-0.255339,-0.182474,1.629330,-0.031903,0.261800,-0.010490,-0.082304,0.413358,-0.108771,0.718695,-0.140614,0.844499,0.457682,0.034979,0.133738,-0.039338,-0.725856,0.023483,0.722122,-0.487206,-0.035767,-0.158448
-0.017706,0.075293,0.779973,-0.156511,-0.006026,-0.732021,0.663033,0.059949,0.225730,0.181911,0.489196,-0.364679,-0.016551,-0.734539,-0.254176,-0.181769,1.629194,-0.031602,0.261800,-0.009827,-0.081970,0.413531,-0.106445,0.716869,-0.141662,0.845143,0.459023,0.034941,0.133786,-0.039073,-0.722669,0.024886,0.722605,-0.488725,-0.035525,-0.158423
-0.017677,0.074962,0.779970,-0.156246,-0.006176,-0.732150,0.662952,0.059181,0.225033,0.181957,0.491101,-0.364153,-0.012460,-0.733987,-0.252992,-0.180971,1.629102,-0.031299,0.261800,-0.009216,-0.081586,0.413776,-0.104272,0.715200,-0.142825,0.845816,0.460586,0.034895,0.133959,-0.038936,-0.719712,0.026566,0.723311,-0.490049,-0.035178,-0.158283
-0.017631,0.074655,0.779940,-0.155989,-0.006311,-0.732240,0.662912,0.058244,0.224315,0.181870,0.493282,-0.363856,-0.008477,-0.733511,-0.251692,-0.179981,1.629031,-0.031122,0.261800,-0.008658,-0.081154,0.414055,-0.102343,0.713711,-0.144324,0.846619,0.462204,0.035036,0.134451,-0.038687,-0.717033,0.028435,0.723956,-0.490551,-0.034775,-0.158259
-0.017597,0.074360,0.779883,-0.155720,-0.006433,-0.732268,0.662943,0.056958,0.223521,0.181515,0.495998,-0.363850,-0.004376,-0.733155,-0.250212,-0.178667,1.629021,-0.031125,0.261800,-0.008159,-0.080690,0.414344,-0.100733,0.712456,-0.146417,0.847627,0.464048,0.035460,0.135469,-0.038072,-0.714716,0.030489,0.724298,-0.489824,-0.034253,-0.158405
-0.017505,0.074081,0.779844,-0.155442,-0.006553,-0.732249,0.663028,0.055464,0.222671,0.180981,0.499041,-0.364029,-0.000178,-0.732911,-0.248618,-0.177118,1.629073,-0.031242,0.261800,-0.007682,-0.080164,0.414693,-0.099498,0.711419,-0.149006,0.848839,0.466098,0.036047,0.136849,-0.037356,-0.712759,0.032776,0.724620,-0.488227,-0.033622,-0.158581
-0.017453,0.073807,0.779761,-0.155191,-0.006661,-0.732235,0.663101,0.054042,0.221895,0.180486,0.502039,-0.364392,0.003633,-0.732688,-0.246990,-0.175568,1.629099,-0.031385,0.261800,-0.007287,-0.079417,0.415352,-0.097793,0.710749,-0.151114,0.849266,0.467841,0.036564,0.138029,-0.036197,-0.711569,0.034750,0.724383,-0.486132,-0.033160,-0.158494
-0.017402,0.073517,0.779648,-0.154993,-0.006754,-0.732281,0.663096,0.053021,0.221293,0.180249,0.504526,-0.364883,0.006567,-0.732403,-0.245426,-0.174244,1.629023,-0.031484,0.261800,-0.006767,-0.078574,0.415764,-0.096451,0.709811,-0.153311,0.850160,0.469127,0.037072,0.139095,-0.035721,-0.709998,0.037037,0.725202,-0.484678,-0.032768,-0.158608
-0.017335,0.073230,0.779538,-0.154869,-0.006805,-0.732399,0.662994,0.052475,0.220995,0.180307,0.506364,-0.365555,0.008208,-0.732023,-0.243902,-0.173288,1.628787,-0.031510,0.261800,-0.006175,-0.077492,0.416180,-0.094833,0.708752,-0.154866,0.850701,0.469722,0.037510,0.139749,-0.035500,-0.708315,0.039124,0.726443,-0.483980,-0.032638,-0.158723
-0.017281,0.072952,0.779403,-0.154805,-0.006817,-0.732561,0.662830,0.052247,0.220901,0.180550,0.507770,-0.366387,0.008905,-0.731596,-0.242393,-0.172552,1.628438,-0.031500,0.261800,-0.005585,-0.076291,0.416528,-0.093265,0.707469,-0.156092,0.851315,0.469992,0.037984,0.140280,-0.035716,-0.706324,0.041325,0.728273,-0.483839,-0.032606,-0.158986
-0.017248,0.072661,0.779268,-0.154749,-0.006864,-0.732758,0.662624,0.052238,0.220810,0.180970,0.508969,-0.367261,0.009309,-0.731169,-0.240960,-0.171817,1.628089,-0.031500,0.261800,-0.004934,-0.075024,0.417054,-0.091455,0.706366,-0.157010,0.851471,0.470027,0.038324,0.140636,-0.035874,-0.704609,0.043335,0.730109,-0.483705,-0.032637,-0.159147
-0.017213,0.072350,0.779137,-0.154657,-0.007013,-0.732981,0.662398,0.052383,0.220507,0.181565,0.510105,-0.368023,0.010075,-0.730780,-0.239672,-0.170864,1.627826,-0.031543,0.261800,-0.004186,-0.073916,0.417673,-0.089729,0.705368,-0.158033,0.851603,0.470236,0.038517,0.141072,-0.036140,-0.702952,0.045402,0.732203,-0.483502,-0.032502,-0.159341
-0.017205,0.072050,0.779006,-0.154515,-0.007309,-0.733228,0.662154,0.052721,0.219932,0.182382,0.511222,-0.368666,0.011363,-0.730416,-0.238631,-0.169630,1.627748,-0.031658,0.261800,-0.003214,-0.073010,0.418478,-0.088021,0.704605,-0.159163,0.851483,0.470592,0.038527,0.141607,-0.036243,-0.701493,0.047397,0.734390,-0.483239,-0.032114,-0.159581
-0.017220,0.071793,0.778903,-0.154356,-0.007702,-0.733504,0.661881,0.053286,0.219183,0.183410,0.512197,-0.369234,0.012829,-0.730067,-0.237772,-0.168230,1.627775,-0.031816,0.261800,-0.002083,-0.072353,0.419240,-0.086573,0.703845,-0.160488,0.851605,0.471091,0.038464,0.142309,-0.036676,-0.699699,0.049656,0.737226,-0.483258,-0.031477,-0.160067
-0.017131,0.071454,0.778795,-0.154183,-0.008125,-0.733807,0.661581,0.053934,0.218345,0.184551,0.513087,-0.369752,0.014366,-0.729768,-0.236922,-0.166721,1.627765,-0.031984,0.261800,-0.000907,-0.071710,0.420108,-0.085048,0.703264,-0.161821,0.851537,0.471619,0.038248,0.142921,-0.037103,-0.698028,0.051717,0.740070,-0.483071,-0.030890,-0.160402
-0.017047,0.071155,0.778692,-0.153995,-0.008521,-0.734133,0.661258,0.054537,0.217492,0.185712,0.513933,-0.370230,0.015871,-0.729537,-0.235905,-0.165168,1.627546,-0.032113,0.261800,0.000140,-0.071012,0.420901,-0.083470,0.702692,-0.163255,0.851589,0.472299,0.037915,0.143435,-0.037843,-0.696199,0.053715,0.743116,-0.482563,-0.030490,-0.160531
-0.016933,0.070878,0.778597,-0.153777,-0.008904,-0.734479,0.660918,0.055102,0.216586,0.186886,0.514704,-0.370630,0.017324,-0.729379,-0.234731,-0.163531,1.627080,-0.032212,0.261800,0.001004,-0.070195,0.421685,-0.081613,0.702175,-0.164731,0.851556,0.473230,0.037372,0.143795,-0.038691,-0.694506,0.055424,0.746092,-0.481386,-0.030454,-0.160239
-0.016825,0.070598,0.778496,-0.153550,-0.009280,-0.734848,0.660556,0.055686,0.215608,0.188117,0.515393,-0.370963,0.018780,-0.729272,-0.233475,-0.161799,1.626440,-0.032294,0.261800,0.001757,-0.069330,0.422447,-0.079694,0.701662,-0.166320,0.851597,0.474373,0.036662,0.144085,-0.039717,-0.692827,0.056996,0.749182,-0.479782,-0.030628,-0.159695
-0.016705,0.070300,0.778429,-0.153317,-0.009629,-0.735244,0.660165,0.056243,0.214666,0.189386,0.516055,-0.371313,0.020239,-0.729240,-0.232057,-0.160061,1.625676,-0.032333,0.261800,0.002547,-0.068513,0.422989,-0.078141,0.701005,-0.168217,0.852155,0.475607,0.035995,0.144431,-0.041185,-0.690486,0.058695,0.752826,-0.478477,-0.030702,-0.159301
-0.016567,0.070008,0.778304,-0.153107,-0.009908,-0.735670,0.659735,0.056693,0.213893,0.190669,0.516808,-0.371809,0.021697,-0.729309,-0.230397,-0.158422,1.624861,-0.032312,0.261800,0.003405,-0.067450,0.423612,-0.076497,0.700397,-0.169877,0.852335,0.476528,0.035387,0.144582,-0.042422,-0.688252,0.060070,0.756123,-0.477512,-0.030638,-0.158883
-0.016432,0.069748,0.778180,-0.152933,-0.010090,-0.736119,0.659272,0.057040,0.213287,0.191927,0.517560,-0.372445,0.023154,-0.729486,-0.228467,-0.156896,1.623961,-0.032241,0.261800,0.004263,-0.066109,0.424256,-0.074820,0.699721,-0.171309,0.852207,0.476875,0.034843,0.144499,-0.043681,-0.685946,0.061153,0.759331,-0.477023,-0.030341,-0.158469
-0.016273,0.069479,0.778037,-0.152763,-0.010216,-0.736593,0.658779,0.057315,0.212796,0.193185,0.518297,-0.373170,0.024610,-0.729756,-0.226310,-0.155432,1.622962,-0.032119,0.261800,0.005101,-0.064551,0.424906,-0.073132,0.698983,-0.172607,0.851897,0.476863,0.034317,0.144235,-0.044978,-0.683611,0.061983,0.762478,-0.476822,-0.029914,-0.158012
-0.016087,0.069200,0.777920,-0.152613,-0.010297,-0.737107,0.658238,0.057504,0.212455,0.194516,0.519204,-0.374022,0.026068,-0.730104,-0.223950,-0.154043,1.621916,-0.031920,0.261800,0.006058,-0.062864,0.425497,-0.071559,0.698176,-0.173898,0.851654,0.477058,0.033910,0.143997,-0.046224,-0.681157,0.062877,0.765581,-0.476909,-0.029398,-0.157689
-0.015961,0.068941,0.777794,-0.152504,-0.010345,-0.737676,0.657625,0.057585,0.212303,0.195989,0.520469,-0.375035,0.027535,-0.730511,-0.221401,-0.152733,1.620889,-0.031620,0.261800,0.007233,-0.061070,0.426055,-0.070038,0.697389,-0.175169,0.851473,0.477931,0.033681,0.143910,-0.047317,-0.678867,0.064148,0.768534,-0.477092,-0.028890,-0.157563
-0.015788,0.068682,0.777668,-0.152436,-0.010329,-0.738327,0.656909,0.057438,0.212460,0.197671,0.522305,-0.376288,0.029066,-0.731030,-0.218545,-0.151533,1.619847,-0.031140,0.261800,0.008718,-0.059058,0.426520,-0.068582,0.696609,-0.176344,0.851343,0.479805,0.033621,0.143852,-0.048170,-0.676881,0.065906,0.771337,-0.477331,-0.028389,-0.157770
-0.015622,0.068383,0.777540,-0.152407,-0.010249,-0.739044,0.656111,0.057103,0.212878,0.199505,0.524581,-0.377754,0.030643,-0.731650,-0.215413,-0.150431,1.618780,-0.030522,0.261800,0.010444,-0.056707,0.427068,-0.066880,0.695953,-0.177243,0.850758,0.482243,0.033634,0.143670,-0.048466,-0.675556,0.067690,0.773538,-0.477465,-0.027956,-0.158019
-0.015450,0.068085,0.777420,-0.152398,-0.010185,-0.739778,0.655286,0.056839,0.213329,0.201383,0.526881,-0.379256,0.032164,-0.732251,-0.212250,-0.149379,1.617748,-0.029897,0.261800,0.012068,-0.054463,0.427449,-0.065523,0.695024,-0.178330,0.850855,0.484994,0.033899,0.143929,-0.049421,-0.673874,0.070281,0.776300,-0.477882,-0.027428,-0.158475
-0.015285,0.067804,0.777289,-0.152402,-0.010206,-0.740484,0.654487,0.056883,0.213601,0.203192,0.528847,-0.380642,0.033522,-0.732713,-0.209293,-0.148333,1.616817,-0.029397,0.261800,0.013466,-0.052375,0.428041,-0.064026,0.694145,-0.179458,0.850931,0.487406,0.034353,0.144700,-0.050487,-0.672291,0.073040,0.778767,-0.478270,-0.026983,-0.158580
-0.015128,0.067533,0.777177,-0.152433,-0.010311,-0.741177,0.653693,0.057297,0.213657,0.204947,0.530450,-0.381901,0.034642,-0.733041,-0.206534,-0.147252,1.616008,-0.029062,0.261800,0.014681,-0.050447,0.428988,-0.062516,0.693442,-0.180566,0.850925,0.488924,0.034964,0.146051,-0.051470,-0.670998,0.075796,0.780570,-0.478311,-0.026775,-0.157900
-0.014925,0.067259,0.777017,-0.152473,-0.010489,-0.741873,0.652891,0.057964,0.213606,0.206695,0.531842,-0.383091,0.035595,-0.733291,-0.203868,-0.146167,1.615285,-0.028815,0.261800,0.015777,-0.048665,0.430067,-0.060949,0.692796,-0.181648,0.850961,0.490030,0.035763,0.147906,-0.052635,-0.669780,0.078858,0.782187,-0.478230,-0.026682,-0.156809
-0.014747,0.066986,0.776878,-0.152544,-0.010707,-0.742521,0.652134,0.058810,0.213445,0.208367,0.533018,-0.384212,0.036489,-0.733409,-0.201402,-0.145150,1.614636,-0.028636,0.261800,0.016686,-0.046874,0.431525,-0.059229,0.692391,-0.182855,0.850733,0.491263,0.036685,0.149924,-0.053435,-0.668919,0.081706,0.783082,-0.478273,-0.026606,-0.155676
-0.014556,0.066745,0.776758,-0.152626,-0.010978,-0.743070,0.651484,0.059792,0.213164,0.209904,0.533903,-0.385234,0.037432,-0.733346,-0.199243,-0.144266,1.614048,-0.028499,0.261800,0.017127,-0.045163,0.433158,-0.057478,0.692111,-0.184531,0.850738,0.493317,0.037783,0.151991,-0.054558,-0.668079,0.084916,0.784103,-0.478914,-0.026274,-0.155253
-0.014360,0.066524,0.776612,-0.152731,-0.011325,-0.743499,0.650963,0.061005,0.212686,0.211305,0.534375,-0.386129,0.038471,-0.733020,-0.197495,-0.143521,1.613557,-0.028454,0.261800,0.017031,-0.043698,0.434908,-0.056082,0.691981,-0.186952,0.851461,0.496465,0.039141,0.154299,-0.056489,-0.666980,0.089052,0.785911,-0.480538,-0.025480,-0.156047
-0.014182,0.066282,0.776506,-0.152853,-0.011745,-0.743839,0.650539,0.062438,0.212036,0.212602,0.534494,-0.386915,0.039539,-0.732484,-0.196085,-0.142882,1.613162,-0.028504,0.261800,0.016655,-0.042396,0.436981,-0.054581,0.692157,-0.189709,0.852120,0.500364,0.040703,0.156787,-0.058422,-0.665833,0.093336,0.787571,-0.482863,-0.024420,-0.157507
-0.014017,0.066070,0.776420,-0.152987,-0.012171,-0.744114,0.650185,0.063872,0.211354,0.213768,0.534529,-0.387645,0.040577,-0.731891,-0.194821,-0.142358,1.612779,-0.028522,0.261800,0.015956,-0.040895,0.439583,-0.052848,0.692475,-0.192531,0.852382,0.504598,0.042306,0.159020,-0.059510,-0.665210,0.096670,0.787798,-0.485298,-0.023457,-0.158810
-0.013840,0.065885,0.776321,-0.153116,-0.012543,-0.744356,0.649871,0.065120,0.210750,0.214787,0.534683,-0.388339,0.041527,-0.731401,-0.193543,-0.141938,1.612341,-0.028393,0.261800,0.014788,-0.039642,0.441527,-0.051697,0.693212,-0.196804,0.854141,0.508091,0.043901,0.160840,-0.061884,-0.664190,0.100934,0.789152,-0.487098,-0.022679,-0.159929
-0.013697,0.065710,0.776249,-0.153264,-0.012855,-0.744554,0.649603,0.066145,0.210255,0.215623,0.535066,-0.389013,0.042363,-0.730999,-0.192234,-0.141667,1.611834,-0.028063,0.261800,0.013192,-0.038535,0.443438,-0.050713,0.694510,-0.202065,0.856490,0.510780,0.045431,0.162042,-0.064359,-0.662920,0.104659,0.789923,-0.488423,-0.022329,-0.160275
-0.013494,0.065521,0.776149,-0.153416,-0.013149,-0.744701,0.649393,0.067031,0.209809,0.216292,0.535569,-0.389664,0.043122,-0.730622,-0.190972,-0.141534,1.611294,-0.027598,0.261800,0.011212,-0.037443,0.445482,-0.049740,0.696184,-0.208019,0.859090,0.513125,0.046945,0.162800,-0.066642,-0.661723,0.107780,0.789903,-0.489501,-0.022270,-0.160115
-0.013296,0.065333,0.776091,-0.153545,-0.013393,-0.744820,0.649220,0.067791,0.209391,0.216868,0.536046,-0.390265,0.043835,-0.730355,-0.189729,-0.141451,1.610720,-0.027076,0.261800,0.009116,-0.036372,0.447397,-0.048871,0.698166,-0.214480,0.862006,0.515528,0.048428,0.163168,-0.068699,-0.660437,0.110588,0.789566,-0.490383,-0.022245,-0.160031
-0.013093,0.065130,0.776044,-0.153633,-0.013548,-0.744938,0.649062,0.068432,0.208983,0.217421,0.536355,-0.390791,0.044533,-0.730293,-0.188469,-0.141330,1.610122,-0.026577,0.261800,0.007057,-0.035257,0.449077,-0.048200,0.700216,-0.221022,0.865240,0.518500,0.049879,0.163199,-0.070445,-0.659036,0.113243,0.789139,-0.491184,-0.022000,-0.160564
-0.012859,0.064921,0.776027,-0.153651,-0.013615,-0.745035,0.648945,0.068892,0.208598,0.217895,0.536531,-0.391263,0.045191,-0.730448,-0.187198,-0.141206,1.609479,-0.026083,0.261800,0.004935,-0.034070,0.450470,-0.047892,0.702285,-0.227785,0.869061,0.522546,0.051365,0.162859,-0.071971,-0.657492,0.115949,0.788762,-0.491886,-0.021376,-0.162207
-0.012646,0.064701,0.776038,-0.153628,-0.013602,-0.745106,0.648869,0.069208,0.208239,0.218281,0.536585,-0.391661,0.045803,-0.730770,-0.185925,-0.141106,1.608790,-0.025565,0.261800,0.002704,-0.032823,0.451598,-0.047628,0.704381,-0.234752,0.873237,0.527429,0.052867,0.162162,-0.073360,-0.655809,0.118634,0.788394,-0.492454,-0.020527,-0.164576
-0.012402,0.064461,0.776039,-0.153559,-0.013544,-0.745200,0.648779,0.069462,0.207876,0.218710,0.536499,-0.391997,0.046432,-0.731265,-0.184638,-0.140939,1.608088,-0.025073,0.261800,0.000537,-0.031559,0.452487,-0.047498,0.706448,-0.241745,0.877668,0.532183,0.054280,0.161234,-0.074551,-0.653984,0.121101,0.787965,-0.493000,-0.019660,-0.166913
-0.012181,0.064204,0.776045,-0.153448,-0.013464,-0.745364,0.648618,0.069759,0.207481,0.219314,0.536208,-0.392263,0.047139,-0.731940,-0.183313,-0.140611,1.607408,-0.024665,0.261800,-0.001403,-0.030307,0.453163,-0.047646,0.708403,-0.248631,0.882306,0.535824,0.055502,0.160215,-0.075463,-0.652017,0.123145,0.787384,-0.493652,-0.018987,-0.168460
-0.011923,0.063952,0.776055,-0.153275,-0.013360,-0.745610,0.648378,0.070098,0.207026,0.220106,0.535647,-0.392431,0.047972,-0.732857,-0.181929,-0.140068,1.606770,-0.024374,0.261800,-0.003038,-0.029029,0.453534,-0.047862,0.710208,-0.255496,0.887070,0.538019,0.056338,0.158978,-0.076022,-0.649924,0.124612,0.786592,-0.494488,-0.018557,-0.168843
-0.011682,0.063691,0.776072,-0.153035,-0.013231,-0.745914,0.648087,0.070423,0.206538,0.221019,0.534889,-0.392533,0.048888,-0.733996,-0.180501,-0.139369,1.606158,-0.024167,0.261800,-0.004520,-0.027700,0.453650,-0.048594,0.711889,-0.262661,0.892399,0.539124,0.056911,0.157520,-0.076252,-0.647718,0.125631,0.785562,-0.495451,-0.018264,-0.168521
-0.011427,0.063416,0.776110,-0.152776,-0.013088,-0.746268,0.647744,0.070802,0.206050,0.222085,0.533987,-0.392576,0.049806,-0.735222,-0.179065,-0.138600,1.605527,-0.023979,0.261800,-0.005750,-0.026344,0.453608,-0.049434,0.713374,-0.269385,0.897675,0.539997,0.057572,0.156171,-0.076244,-0.645422,0.126359,0.784543,-0.496375,-0.018070,-0.167983
-0.011192,0.063103,0.776139,-0.152533,-0.012948,-0.746665,0.647347,0.071278,0.205604,0.223325,0.533048,-0.392602,0.050653,-0.736416,-0.177661,-0.137835,1.604863,-0.023762,0.261800,-0.006784,-0.024987,0.453541,-0.050144,0.714571,-0.274961,0.902465,0.541364,0.058670,0.155255,-0.076167,-0.643048,0.127072,0.783739,-0.497110,-0.017937,-0.167720
-0.010934,0.062796,0.776202,-0.152314,-0.012805,-0.747117,0.646879,0.071782,0.205244,0.224806,0.532250,-0.392712,0.051405,-0.737602,-0.176299,-0.137099,1.604172,-0.023484,0.261800,-0.007664,-0.023648,0.453434,-0.050439,0.715404,-0.279040,0.906593,0.543852,0.060564,0.154928,-0.076141,-0.640595,0.127907,0.783283,-0.497518,-0.017897,-0.167913
-0.010676,0.062488,0.776291,-0.152085,-0.012667,-0.747627,0.646347,0.072383,0.204911,0.226508,0.531344,-0.392770,0.052110,-0.738831,-0.174958,-0.136343,1.603459,-0.023172,0.261800,-0.008488,-0.022321,0.453252,-0.050665,0.715902,-0.282102,0.910491,0.546807,0.062986,0.154999,-0.076274,-0.638100,0.128891,0.783148,-0.497691,-0.017948,-0.168297
-0.010391,0.062180,0.776361,-0.151875,-0.012528,-0.748158,0.645784,0.073038,0.204614,0.228269,0.530440,-0.392836,0.052771,-0.740009,-0.173623,-0.135571,1.602717,-0.022890,0.261800,-0.009111,-0.020949,0.452953,-0.050097,0.716025,-0.283617,0.913406,0.549975,0.065323,0.155253,-0.076246,-0.635565,0.129786,0.783152,-0.497854,-0.018018,-0.168668
-0.010100,0.061851,0.776425,-0.151695,-0.012391,-0.748679,0.645225,0.073764,0.204337,0.229942,0.529518,-0.392898,0.053394,-0.741044,-0.172281,-0.134779,1.601921,-0.022686,0.261800,-0.009750,-0.019499,0.452699,-0.049714,0.715891,-0.284334,0.916014,0.551910,0.066995,0.155491,-0.076212,-0.633140,0.130714,0.783157,-0.498163,-0.018026,-0.168822
-0.009820,0.061539,0.776490,-0.151559,-0.012272,-0.749189,0.644666,0.074593,0.204064,0.231486,0.528606,-0.392957,0.053960,-0.741883,-0.170898,-0.133925,1.601078,-0.022650,0.261800,-0.010197,-0.018019,0.452431,-0.049110,0.715471,-0.283790,0.917929,0.552747,0.067780,0.155767,-0.075990,-0.630628,0.131465,0.783178,-0.498829,-0.017964,-0.168592
-0.009530,0.061223,0.776552,-0.151445,-0.012177,-0.749702,0.644098,0.075533,0.203802,0.232982,0.527655,-0.392993,0.054471,-0.742588,-0.169493,-0.133022,1.600194,-0.022727,0.261800,-0.010436,-0.016485,0.452140,-0.047916,0.714737,-0.281721,0.918863,0.553099,0.068002,0.156134,-0.075559,-0.628156,0.132047,0.783203,-0.499648,-0.017887,-0.168087
-0.009211,0.060901,0.776594,-0.151350,-0.012057,-0.750213,0.643529,0.076457,0.203592,0.234455,0.526727,-0.393060,0.054969,-0.743232,-0.168126,-0.132156,1.599261,-0.022767,0.261800,-0.010827,-0.014879,0.451897,-0.047396,0.713865,-0.279532,0.919966,0.552174,0.067914,0.156451,-0.075231,-0.625848,0.132806,0.783237,-0.500414,-0.017756,-0.167650
-0.008925,0.060607,0.776637,-0.151251,-0.011885,-0.750715,0.642968,0.077289,0.203457,0.235939,0.525808,-0.393173,0.055495,-0.743899,-0.166867,-0.131406,1.598272,-0.022611,0.261800,-0.011011,-0.013168,0.451410,-0.045346,0.712644,-0.275807,0.919457,0.551797,0.067698,0.156533,-0.074655,-0.623521,0.133513,0.783400,-0.500952,-0.017546,-0.167626
-0.008624,0.060300,0.776692,-0.151150,-0.011643,-0.751221,0.642406,0.078001,0.203456,0.237459,0.524903,-0.393369,0.056086,-0.744629,-0.165691,-0.130821,1.597213,-0.022150,0.261800,-0.011522,-0.011287,0.451038,-0.044704,0.711479,-0.272773,0.919641,0.549450,0.067344,0.156243,-0.074322,-0.621594,0.134659,0.783500,-0.501019,-0.017210,-0.168267
-0.008339,0.059956,0.776741,-0.151053,-0.011357,-0.751729,0.641840,0.078660,0.203550,0.239000,0.523982,-0.393613,0.056712,-0.745363,-0.164583,-0.130345,1.596079,-0.021478,0.261800,-0.011826,-0.009360,0.450371,-0.042395,0.709796,-0.267678,0.918159,0.547641,0.066754,0.155743,-0.073967,-0.619401,0.135917,0.783993,-0.500994,-0.016728,-0.169461
-0.008057,0.059623,0.776798,-0.150942,-0.011050,-0.752216,0.641299,0.079245,0.203646,0.240499,0.523086,-0.393860,0.057310,-0.746072,-0.163596,-0.129914,1.594932,-0.020795,0.261800,-0.012445,-0.007472,0.449604,-0.040242,0.707888,-0.262594,0.916737,0.545400,0.066150,0.155283,-0.074051,-0.617179,0.137585,0.784873,-0.500982,-0.016202,-0.170709
-0.007746,0.059244,0.776834,-0.150800,-0.010750,-0.752661,0.640816,0.079721,0.203666,0.241900,0.522300,-0.394100,0.057820,-0.746715,-0.162788,-0.129465,1.593836,-0.020296,0.261800,-0.012817,-0.005486,0.448833,-0.038480,0.706394,-0.258765,0.915107,0.542878,0.065582,0.154863,-0.073152,-0.615541,0.138484,0.785005,-0.500785,-0.015907,-0.171204
-0.007444,0.058881,0.776883,-0.150613,-0.010445,-0.753056,0.640401,0.080042,0.203561,0.243187,0.521611,-0.394286,0.058235,-0.747335,-0.162164,-0.128947,1.592787,-0.020051,0.261800,-0.013696,-0.003776,0.447775,-0.036525,0.704396,-0.255137,0.913678,0.540828,0.065321,0.154906,-0.073123,-0.613317,0.139827,0.786067,-0.501197,-0.015633,-0.171231
-0.007129,0.058512,0.776931,-0.150373,-0.010150,-0.753416,0.640039,0.080221,0.203389,0.244387,0.521027,-0.394462,0.058586,-0.747941,-0.161697,-0.128404,1.591768,-0.019948,0.261800,-0.014225,-0.001977,0.446678,-0.034987,0.702921,-0.252691,0.911922,0.538124,0.065045,0.154897,-0.072011,-0.611649,0.140317,0.786348,-0.501380,-0.015588,-0.170566
-0.006826,0.058090,0.776979,-0.150137,-0.009854,-0.753745,0.639711,0.080392,0.203190,0.245517,0.520460,-0.394632,0.058865,-0.748418,-0.161402,-0.127912,1.590766,-0.019920,0.261800,-0.014916,-0.000305,0.445445,-0.033535,0.701105,-0.250500,0.910420,0.535982,0.064868,0.155135,-0.071254,-0.609556,0.141020,0.787115,-0.501878,-0.015475,-0.169911
-0.006558,0.057737,0.776981,-0.149932,-0.009583,-0.754051,0.639403,0.080679,0.203007,0.246593,0.519854,-0.394817,0.059065,-0.748689,-0.161299,-0.127545,1.589839,-0.019876,0.261800,-0.015352,0.001462,0.444421,-0.032138,0.699829,-0.248997,0.908543,0.534131,0.064527,0.155229,-0.069759,-0.608115,0.141389,0.787167,-0.501864,-0.015441,-0.169123
-0.006290,0.057355,0.777009,-0.149785,-0.009338,-0.754327,0.639115,0.081151,0.202853,0.247620,0.519179,-0.395007,0.059131,-0.748665,-0.161442,-0.127371,1.588974,-0.019828,0.261800,-0.016106,0.003055,0.443245,-0.030928,0.697735,-0.247544,0.907516,0.533894,0.064257,0.155769,-0.069296,-0.605810,0.142534,0.788363,-0.502282,-0.015089,-0.168909
-0.006018,0.056994,0.777041,-0.149670,-0.009117,-0.754573,0.638855,0.081725,0.202708,0.248587,0.518491,-0.395211,0.059084,-0.748413,-0.161803,-0.127334,1.588163,-0.019811,0.261800,-0.016762,0.004694,0.442148,-0.029810,0.695871,-0.246693,0.906374,0.534155,0.063874,0.156327,-0.068482,-0.603838,0.143578,0.789280,-0.502383,-0.014733,-0.168626
-0.005695,0.056535,0.777039,-0.149555,-0.008902,-0.754802,0.638615,0.082314,0.202548,0.249495,0.517773,-0.395418,0.059035,-0.748060,-0.162275,-0.127331,1.587385,-0.019786,0.261800,-0.017408,0.006310,0.441027,-0.028794,0.693985,-0.246274,0.905328,0.534690,0.063538,0.156920,-0.067594,-0.601924,0.144693,0.790217,-0.502499,-0.014418,-0.168335
-0.005427,0.056151,0.777046,-0.149410,-0.008675,-0.755023,0.638390,0.082826,0.202346,0.250337,0.517018,-0.395625,0.059092,-0.747721,-0.162749,-0.127253,1.586602,-0.019710,0.261800,-0.017797,0.007898,0.439746,-0.026845,0.691994,-0.245438,0.903458,0.535828,0.063303,0.157409,-0.066414,-0.600086,0.145725,0.791173,-0.502670,-0.014266,-0.167953
-0.005166,0.055756,0.777048,-0.149230,-0.008428,-0.755232,0.638188,0.083228,0.202069,0.251087,0.516213,-0.395842,0.059306,-0.747423,-0.163227,-0.127052,1.585805,-0.019536,0.261800,-0.018723,0.009429,0.438783,-0.027466,0.690697,-0.247226,0.903637,0.534357,0.063283,0.157828,-0.065540,-0.598767,0.147238,0.791872,-0.502773,-0.014380,-0.167379
-0.004919,0.055334,0.777076,-0.149030,-0.008175,-0.755427,0.638007,0.083594,0.201722,0.251761,0.515328,-0.396046,0.059612,-0.747100,-0.163765,-0.126783,1.585013,-0.019300,0.261800,-0.018980,0.010909,0.437294,-0.026447,0.688783,-0.248100,0.902614,0.534709,0.063400,0.158336,-0.064172,-0.597020,0.148425,0.793005,-0.503103,-0.014613,-0.166852
-0.004688,0.054918,0.777110,-0.148828,-0.007906,-0.755617,0.637832,0.083907,0.201405,0.252403,0.514482,-0.396269,0.059944,-0.746748,-0.164299,-0.126528,1.584235,-0.019082,0.261800,-0.019329,0.012374,0.435793,-0.025585,0.686830,-0.249230,0.901794,0.535103,0.063580,0.158761,-0.062970,-0.595362,0.149880,0.794265,-0.503564,-0.014841,-0.166348
-0.004442,0.054489,0.777147,-0.148630,-0.007615,-0.755820,0.637642,0.084137,0.201214,0.253055,0.513825,-0.396554,0.060237,-0.746370,-0.164775,-0.126362,1.583505,-0.018984,0.261800,-0.019757,0.013878,0.434433,-0.025291,0.685206,-0.250891,0.901320,0.535152,0.063701,0.158910,-0.061834,-0.594005,0.151546,0.795357,-0.504078,-0.014955,-0.165856
-0.004214,0.054066,0.777180,-0.148467,-0.007271,-0.756040,0.637423,0.084252,0.201208,0.253735,0.513449,-0.396925,0.060495,-0.745921,-0.165221,-0.126404,1.582750,-0.019034,0.261800,-0.020074,0.015450,0.432851,-0.025256,0.683293,-0.252760,0.901309,0.536014,0.063876,0.158953,-0.061093,-0.592480,0.153497,0.797093,-0.503966,-0.015047,-0.165376
-0.003983,0.053670,0.777233,-0.148301,-0.006908,-0.756271,0.637192,0.084269,0.201324,0.254416,0.513274,-0.397363,0.060747,-0.745432,-0.165660,-0.126574,1.582026,-0.019183,0.261800,-0.020217,0.017042,0.431253,-0.024430,0.681482,-0.254112,0.900508,0.537738,0.064028,0.158727,-0.060166,-0.591138,0.155377,0.798724,-0.503324,-0.015223,-0.164747
-0.003769,0.053259,0.777272,-0.148138,-0.006535,-0.756498,0.636964,0.084278,0.201464,0.255084,0.513093,-0.397797,0.060962,-0.744956,-0.166002,-0.126668,1.581394,-0.019385,0.261800,-0.020309,0.018609,0.429565,-0.023424,0.679485,-0.255213,0.899656,0.539714,0.064111,0.158366,-0.059330,-0.589744,0.157576,0.800491,-0.504085,-0.015001,-0.164497
-0.003575,0.052843,0.777300,-0.147966,-0.006172,-0.756713,0.636752,0.084363,0.201539,0.255724,0.512705,-0.398160,0.061105,-0.744554,-0.166164,-0.126487,1.580930,-0.019590,0.261800,-0.020527,0.020116,0.427968,-0.023131,0.677520,-0.256695,0.899409,0.540652,0.064021,0.157864,-0.058654,-0.588378,0.160331,0.802135,-0.508007,-0.013972,-0.165009
-0.003372,0.052443,0.777323,-0.147783,-0.005823,-0.756912,0.636562,0.084587,0.201531,0.256350,0.511985,-0.398411,0.061098,-0.744226,-0.166047,-0.125935,1.580629,-0.019815,0.261800,-0.020588,0.021552,0.426119,-0.022592,0.674909,-0.257454,0.899244,0.542006,0.063787,0.157333,-0.058131,-0.586645,0.163758,0.804060,-0.516515,-0.011700,-0.166786
-0.003163,0.052016,0.777359,-0.147599,-0.005472,-0.757102,0.636381,0.084875,0.201492,0.256961,0.511093,-0.398605,0.060981,-0.743948,-0.165722,-0.125132,1.580458,-0.020075,0.261800,-0.020684,0.022933,0.424364,-0.022336,0.672359,-0.258196,0.899244,0.542867,0.063401,0.156609,-0.057609,-0.584991,0.167643,0.805719,-0.528204,-0.008551,-0.169321
-0.002998,0.051622,0.777386,-0.147401,-0.005135,-0.757280,0.636218,0.085168,0.201407,0.257527,0.510157,-0.398775,0.060904,-0.743726,-0.165360,-0.124199,1.580461,-0.020333,0.261800,-0.020786,0.024235,0.422594,-0.021784,0.669775,-0.258709,0.899025,0.543309,0.062831,0.155715,-0.057141,-0.583323,0.171778,0.807429,-0.541148,-0.005100,-0.172011
-0.002810,0.051215,0.777416,-0.147201,-0.004805,-0.757443,0.636073,0.085365,0.201276,0.258007,0.509375,-0.398979,0.061018,-0.743582,-0.165130,-0.123256,1.580684,-0.020546,0.261800,-0.021013,0.025455,0.420842,-0.020952,0.667263,-0.259309,0.898620,0.542787,0.062053,0.154661,-0.056815,-0.581651,0.175999,0.809351,-0.553401,-0.001956,-0.174243
-0.002631,0.050820,0.777455,-0.146966,-0.004505,-0.757597,0.635946,0.085390,0.201073,0.258367,0.508877,-0.399266,0.061472,-0.743566,-0.165050,-0.122245,1.581194,-0.020694,0.261800,-0.021451,0.026551,0.419045,-0.020063,0.664794,-0.260349,0.898330,0.540711,0.061140,0.153581,-0.056957,-0.579944,0.180699,0.811854,-0.565759,0.000910,-0.176132
-0.002453,0.050435,0.777509,-0.146717,-0.004219,-0.757737,0.635839,0.085320,0.200801,0.258638,0.508516,-0.399583,0.062151,-0.743664,-0.165036,-0.121129,1.581956,-0.020800,0.261800,-0.021999,0.027535,0.417177,-0.018973,0.662274,-0.261507,0.898025,0.537632,0.060085,0.152435,-0.057431,-0.578134,0.185829,0.814809,-0.578839,0.003765,-0.177926
-0.002279,0.050024,0.777565,-0.146477,-0.003935,-0.757860,0.635749,0.085254,0.200525,0.258871,0.508152,-0.399889,0.062805,-0.743750,-0.165115,-0.120066,1.582828,-0.020896,0.261800,-0.022624,0.028470,0.415351,-0.017966,0.659806,-0.262803,0.897835,0.534059,0.058782,0.151028,-0.057900,-0.576246,0.190730,0.817774,-0.590471,0.006355,-0.179284
-0.002137,0.049602,0.777611,-0.146262,-0.003651,-0.757960,0.635681,0.085317,0.200296,0.259121,0.507587,-0.400110,0.063188,-0.743719,-0.165309,-0.119213,1.583686,-0.021021,0.261800,-0.023170,0.029416,0.413571,-0.016825,0.657252,-0.263763,0.897555,0.531106,0.057129,0.149194,-0.058005,-0.574149,0.194702,0.820468,-0.598521,0.008431,-0.179929
-0.001960,0.049200,0.777674,-0.146075,-0.003377,-0.758036,0.635635,0.085572,0.200121,0.259436,0.506739,-0.400229,0.063212,-0.743537,-0.165691,-0.118644,1.584533,-0.021182,0.261800,-0.023584,0.030388,0.411865,-0.015791,0.654543,-0.264329,0.897385,0.528899,0.054933,0.146682,-0.057693,-0.571765,0.197555,0.822852,-0.602113,0.010043,-0.179654
-0.001791,0.048822,0.777738,-0.145915,-0.003101,-0.758090,0.635609,0.085946,0.199972,0.259778,0.505719,-0.400285,0.063018,-0.743247,-0.166221,-0.118274,1.585386,-0.021367,0.261800,-0.023854,0.031351,0.410166,-0.014548,0.651635,-0.264408,0.897085,0.527290,0.052306,0.143656,-0.057057,-0.569096,0.199567,0.825085,-0.602535,0.011280,-0.178689
-0.001651,0.048432,0.777808,-0.145778,-0.002811,-0.758123,0.635602,0.086345,0.199865,0.260064,0.504644,-0.400289,0.062694,-0.742902,-0.166774,-0.117985,1.586258,-0.021554,0.261800,-0.024209,0.032321,0.408464,-0.013492,0.648664,-0.264775,0.897074,0.525684,0.049634,0.140633,-0.056366,-0.566227,0.201108,0.827321,-0.600862,0.011959,-0.177428
-0.001519,0.048054,0.777841,-0.145642,-0.002510,-0.758136,0.635619,0.086694,0.199813,0.260223,0.503609,-0.400253,0.062327,-0.742551,-0.167218,-0.117664,1.587146,-0.021722,0.261800,-0.024673,0.033304,0.406702,-0.012281,0.645693,-0.265553,0.897080,0.524157,0.047275,0.138079,-0.055619,-0.563225,0.202311,0.829583,-0.598155,0.011876,-0.176236
-0.001356,0.047670,0.777887,-0.145534,-0.002168,-0.758127,0.635656,0.086965,0.199854,0.260205,0.502664,-0.400177,0.061848,-0.742185,-0.167454,-0.117263,1.588050,-0.021889,0.261800,-0.025377,0.034347,0.404924,-0.011176,0.642814,-0.267062,0.897384,0.522256,0.045240,0.136123,-0.054853,-0.560107,0.203101,0.831805,-0.593467,0.010459,-0.175120
-0.001224,0.047296,0.777929,-0.145449,-0.001801,-0.758096,0.635714,0.087208,0.199970,0.260059,0.501740,-0.400051,0.061243,-0.741787,-0.167576,-0.116848,1.588973,-0.022058,0.261800,-0.026148,0.035418,0.403127,-0.009864,0.639966,-0.268816,0.897638,0.520428,0.043346,0.134478,-0.053889,-0.556836,0.203302,0.833898,-0.586628,0.007978,-0.173883
-0.001099,0.046939,0.777985,-0.145362,-0.001431,-0.758045,0.635796,0.087420,0.200100,0.259849,0.500827,-0.399907,0.060677,-0.741384,-0.167729,-0.116483,1.589913,-0.022190,0.261800,-0.026985,0.036458,0.401311,-0.008769,0.637218,-0.271226,0.898092,0.518538,0.041711,0.133080,-0.052895,-0.553475,0.203347,0.836021,-0.579856,0.005525,-0.172623
-0.000971,0.046567,0.778057,-0.145270,-0.001067,-0.757972,0.635904,0.087599,0.200183,0.259638,0.499916,-0.399768,0.060319,-0.741004,-0.168065,-0.116226,1.590858,-0.022249,0.261800,-0.027742,0.037405,0.399441,-0.007709,0.634555,-0.274133,0.898439,0.517013,0.040426,0.131829,-0.051852,-0.550074,0.203517,0.838251,-0.575340,0.004170,-0.171438
-0.000858,0.046216,0.778137,-0.145152,-0.000717,-0.757872,0.636050,0.087679,0.200222,0.259420,0.499100,-0.399687,0.060287,-0.740676,-0.168680,-0.116155,1.591844,-0.022171,0.261800,-0.028479,0.038252,0.397505,-0.006760,0.632008,-0.277805,0.898716,0.515752,0.039671,0.130789,-0.050822,-0.546666,0.203952,0.840619,-0.574178,0.004454,-0.170339
-0.000714,0.045842,0.778226,-0.145020,-0.000374,-0.757747,0.636230,0.087697,0.200238,0.259176,0.498316,-0.399611,0.060466,-0.740368,-0.169474,-0.116218,1.592844,-0.021987,0.261800,-0.029232,0.039038,0.395523,-0.005938,0.629580,-0.282198,0.899003,0.514613,0.039340,0.129979,-0.049770,-0.543244,0.204472,0.843062,-0.575013,0.005710,-0.169279
-0.000610,0.045456,0.778309,-0.144898,-0.000029,-0.757611,0.636419,0.087743,0.200224,0.258918,0.497470,-0.399506,0.060677,-0.740064,-0.170308,-0.116279,1.593856,-0.021823,0.261800,-0.029914,0.039761,0.393527,-0.005119,0.627206,-0.286804,0.899246,0.513808,0.039106,0.129244,-0.048642,-0.539806,0.204975,0.845556,-0.576367,0.007204,-0.168285
-0.000519,0.045127,0.778419,-0.144786,0.000298,-0.757484,0.636597,0.087934,0.200177,0.258667,0.496414,-0.399306,0.060733,-0.739704,-0.171029,-0.116209,1.594778,-0.021788,0.261800,-0.030505,0.040434,0.391562,-0.004287,0.624827,-0.291208,0.899493,0.513423,0.038650,0.128438,-0.047464,-0.536367,0.205443,0.848122,-0.576746,0.008208,-0.167392
-0.000380,0.044768,0.778507,-0.144671,0.000594,-0.757358,0.636772,0.088312,0.200045,0.258397,0.495031,-0.398962,0.060546,-0.739285,-0.171640,-0.115942,1.595651,-0.021936,0.261800,-0.031042,0.041045,0.389636,-0.003369,0.622383,-0.295219,0.899690,0.513616,0.037776,0.127399,-0.046203,-0.532914,0.205793,0.850742,-0.575963,0.008579,-0.166698
-0.000253,0.044435,0.778594,-0.144569,0.000882,-0.757229,0.636949,0.088818,0.199848,0.258109,0.493418,-0.398516,0.060226,-0.738832,-0.172204,-0.115557,1.596486,-0.022193,0.261800,-0.031540,0.041597,0.387720,-0.002340,0.619866,-0.299004,0.899806,0.514376,0.036696,0.126255,-0.044932,-0.529468,0.206123,0.853475,-0.574720,0.008696,-0.166160
-0.000140,0.044110,0.778690,-0.144483,0.001165,-0.757114,0.637104,0.089383,0.199682,0.257858,0.491784,-0.398058,0.059892,-0.738350,-0.172676,-0.115141,1.597248,-0.022508,0.261800,-0.031986,0.042147,0.385809,-0.001355,0.617321,-0.302798,0.900013,0.515389,0.035687,0.125292,-0.043676,-0.526082,0.206589,0.856302,-0.572938,0.008599,-0.165598
-0.000020,0.043775,0.778805,-0.144434,0.001455,-0.757029,0.637216,0.089944,0.199642,0.257706,0.490325,-0.397673,0.059664,-0.737850,-0.173019,-0.114775,1.597897,-0.022826,0.261800,-0.032335,0.042739,0.383901,-0.000475,0.614796,-0.306751,0.900387,0.516422,0.035023,0.124783,-0.042492,-0.522830,0.207364,0.859228,-0.570497,0.008331,-0.164826
0.000075,0.043425,0.778914,-0.144442,0.001763,-0.756987,0.637263,0.090526,0.199788,0.257702,0.489088,-0.397381,0.059550,-0.737283,-0.173201,-0.114515,1.598383,-0.023163,0.261800,-0.032554,0.043414,0.382002,0.000314,0.612325,-0.310985,0.900936,0.517746,0.034866,0.125027,-0.041327,-0.519766,0.208506,0.862217,-0.566955,0.007713,-0.163778
0.000219,0.043115,0.779026,-0.144493,0.002079,-0.756976,0.637264,0.091149,0.200058,0.257803,0.487968,-0.397135,0.059493,-0.736657,-0.173246,-0.114302,1.598735,-0.023539,0.261800,-0.032670,0.044150,0.380167,0.001189,0.609955,-0.315286,0.901402,0.519379,0.035022,0.125759,-0.040099,-0.516964,0.209892,0.865139,-0.562436,0.006766,-0.162506
0.000334,0.042815,0.779155,-0.144565,0.002406,-0.756978,0.637244,0.091749,0.200365,0.257933,0.486927,-0.396922,0.059518,-0.736078,-0.173209,-0.114063,1.599036,-0.023890,0.261800,-0.032705,0.044879,0.378279,0.001949,0.607471,-0.319540,0.902054,0.520816,0.035288,0.126532,-0.038920,-0.514189,0.211409,0.868193,-0.557915,0.005890,-0.161144
0.000453,0.042511,0.779277,-0.144598,0.002708,-0.756981,0.637231,0.092254,0.200617,0.258007,0.485929,-0.396726,0.059650,-0.735642,-0.173132,-0.113725,1.599353,-0.024150,0.261800,-0.032754,0.045544,0.376408,0.002859,0.604961,-0.323308,0.902502,0.521477,0.035407,0.126771,-0.037772,-0.511559,0.212952,0.871182,-0.554158,0.005426,-0.159701
0.000571,0.042237,0.779392,-0.144617,0.003017,-0.756990,0.637215,0.092633,0.200831,0.258017,0.485025,-0.396594,0.059965,-0.735395,-0.172975,-0.113260,1.599720,-0.024247,0.261800,-0.032803,0.046149,0.374523,0.004032,0.602376,-0.326425,0.902646,0.521074,0.035319,0.126221,-0.036666,-0.509035,0.214541,0.874129,-0.551560,0.005664,-0.158056
0.000660,0.041950,0.779486,-0.144631,0.003328,-0.757011,0.637185,0.092930,0.201042,0.258001,0.484208,-0.396508,0.060428,-0.735281,-0.172733,-0.112707,1.600099,-0.024237,0.261800,-0.032852,0.046712,0.372625,0.005369,0.599727,-0.329092,0.902627,0.519939,0.035157,0.125209,-0.035652,-0.506630,0.216264,0.877115,-0.549618,0.006355,-0.156238
0.000801,0.041709,0.779570,-0.144622,0.003620,-0.757021,0.637174,0.093177,0.201191,0.257953,0.483388,-0.396399,0.060891,-0.735230,-0.172500,-0.112105,1.600429,-0.024232,0.261800,-0.032946,0.047213,0.370751,0.006748,0.597024,-0.331441,0.902573,0.518587,0.034952,0.124087,-0.034656,-0.504328,0.218006,0.880060,-0.547881,0.007027,-0.154528
0.000926,0.041478,0.779686,-0.144582,0.003884,-0.756999,0.637207,0.093413,0.201212,0.257871,0.482465,-0.396189,0.061208,-0.735191,-0.172383,-0.111484,1.600686,-0.024355,0.261800,-0.033095,0.047610,0.369079,0.008482,0.594610,-0.333328,0.901970,0.517542,0.034688,0.123077,-0.033371,-0.502364,0.219526,0.882486,-0.545772,0.007155,-0.153094
0.001051,0.041269,0.779763,-0.144498,0.004101,-0.756937,0.637299,0.093674,0.201048,0.257759,0.481356,-0.395813,0.061329,-0.735155,-0.172392,-0.110792,1.600844,-0.024686,0.261800,-0.033313,0.047861,0.367234,0.009675,0.591643,-0.335138,0.902251,0.517371,0.034520,0.122597,-0.032407,-0.500085,0.221120,0.885511,-0.543263,0.006575,-0.152536
0.001188,0.041080,0.779836,-0.144381,0.004285,-0.756848,0.637430,0.093916,0.200749,0.257614,0.480162,-0.395343,0.061335,-0.735158,-0.172483,-0.110029,1.600943,-0.025151,0.261800,-0.033561,0.048009,0.365513,0.011045,0.588789,-0.336523,0.902232,0.517498,0.034325,0.122217,-0.031254,-0.498017,0.222578,0.888231,-0.540418,0.005476,-0.152387
0.001330,0.040882,0.779922,-0.144252,0.004466,-0.756737,0.637589,0.094134,0.200402,0.257435,0.478905,-0.394823,0.061280,-0.735164,-0.172652,-0.109321,1.600958,-0.025608,0.261800,-0.033873,0.048110,0.363787,0.012280,0.585819,-0.337833,0.902449,0.517520,0.034074,0.121906,-0.030203,-0.495995,0.223989,0.891005,-0.537853,0.004372,-0.152204
0.001475,0.040740,0.779998,-0.144129,0.004665,-0.756612,0.637765,0.094303,0.200098,0.257219,0.477659,-0.394320,0.061219,-0.735149,-0.172906,-0.108791,1.600872,-0.025912,0.261800,-0.034214,0.048238,0.362101,0.013554,0.582878,-0.339170,0.902681,0.517008,0.033690,0.121503,-0.029156,-0.494138,0.225247,0.893607,-0.536031,0.003720,-0.151418
0.001609,0.040578,0.780081,-0.144014,0.004897,-0.756468,0.637959,0.094407,0.199870,0.256941,0.476419,-0.393857,0.061155,-0.735109,-0.173256,-0.108493,1.600676,-0.026005,0.261800,-0.034572,0.048408,0.360447,0.014757,0.579955,-0.340550,0.903035,0.515580,0.033085,0.120999,-0.028115,-0.492466,0.226290,0.895971,-0.535355,0.003706,-0.149591
0.001786,0.040451,0.780172,-0.143903,0.005150,-0.756305,0.638176,0.094450,0.199671,0.256606,0.475189,-0.393414,0.061061,-0.735059,-0.173700,-0.108356,1.600375,-0.025965,0.261800,-0.034930,0.048591,0.358829,0.015975,0.577018,-0.341829,0.903414,0.513629,0.032316,0.120447,-0.027024,-0.490972,0.227122,0.898112,-0.535469,0.004052,-0.147098
0.001945,0.040286,0.780262,-0.143797,0.005408,-0.756129,0.638406,0.094501,0.199462,0.256272,0.473883,-0.392909,0.060957,-0.734986,-0.174208,-0.108311,1.599998,-0.025878,0.261800,-0.035351,0.048798,0.357254,0.017096,0.574103,-0.343345,0.903931,0.511506,0.031545,0.119850,-0.025960,-0.489617,0.227890,0.900197,-0.535748,0.004551,-0.144653
0.002073,0.040170,0.780343,-0.143675,0.005631,-0.755950,0.638643,0.094593,0.199201,0.255984,0.472488,-0.392302,0.060857,-0.734886,-0.174758,-0.108292,1.599575,-0.025830,0.261800,-0.035834,0.048973,0.355737,0.018264,0.571342,-0.345230,0.904427,0.509732,0.030918,0.119171,-0.024959,-0.488402,0.228688,0.902360,-0.535564,0.004987,-0.142960
0.002250,0.040071,0.780434,-0.143540,0.005826,-0.755767,0.638889,0.094750,0.198871,0.255776,0.470922,-0.391539,0.060827,-0.734738,-0.175361,-0.108298,1.599067,-0.025842,0.261800,-0.036394,0.049151,0.354190,0.019225,0.568565,-0.347687,0.905229,0.508462,0.030533,0.118515,-0.024158,-0.487216,0.229627,0.904906,-0.534900,0.005433,-0.142483
0.002394,0.039974,0.780543,-0.143405,0.006011,-0.755575,0.639145,0.094932,0.198493,0.255610,0.469251,-0.390675,0.060838,-0.734565,-0.176027,-0.108352,1.598490,-0.025874,0.261800,-0.037011,0.049300,0.352674,0.020148,0.565920,-0.350511,0.906092,0.507404,0.030274,0.117821,-0.023447,-0.486104,0.230595,0.907587,-0.534028,0.005946,-0.142736
0.002550,0.039882,0.780665,-0.143261,0.006167,-0.755380,0.639406,0.095156,0.198093,0.255450,0.467532,-0.389747,0.060768,-0.734369,-0.176725,-0.108444,1.597888,-0.025897,0.261800,-0.037705,0.049326,0.351366,0.021542,0.563801,-0.353375,0.906360,0.506339,0.030010,0.116877,-0.022648,-0.485188,0.231468,0.909911,-0.532791,0.006327,-0.143047
0.002704,0.039838,0.780765,-0.143145,0.006314,-0.755183,0.639662,0.095432,0.197697,0.255257,0.465830,-0.388796,0.060494,-0.734149,-0.177422,-0.108567,1.597322,-0.025890,0.261800,-0.038371,0.049383,0.349915,0.022181,0.561188,-0.357032,0.907808,0.505232,0.029764,0.115932,-0.022052,-0.484086,0.232241,0.912564,-0.531338,0.006540,-0.143043
0.002870,0.039778,0.780877,-0.143051,0.006426,-0.754986,0.639916,0.095855,0.197303,0.255054,0.464043,-0.387763,0.059869,-0.733876,-0.178154,-0.108754,1.596797,-0.025828,0.261800,-0.039112,0.049377,0.348629,0.022849,0.558751,-0.361030,0.909353,0.503814,0.029411,0.114690,-0.021407,-0.483094,0.232761,0.914895,-0.529498,0.006445,-0.142375
0.003036,0.039742,0.780946,-0.142980,0.006519,-0.754786,0.640166,0.096371,0.196898,0.254847,0.462216,-0.386675,0.058998,-0.733566,-0.178925,-0.108994,1.596297,-0.025735,0.261800,-0.039941,0.049262,0.347529,0.023806,0.556675,-0.365188,0.910638,0.502232,0.028991,0.113155,-0.020707,-0.482250,0.233097,0.916891,-0.527284,0.006119,-0.141342
0.003225,0.039697,0.781022,-0.142913,0.006610,-0.754585,0.640417,0.096856,0.196493,0.254587,0.460439,-0.385595,0.058132,-0.733261,-0.179655,-0.109222,1.595802,-0.025639,0.261800,-0.040702,0.049158,0.346385,0.024332,0.554468,-0.369965,0.912486,0.500667,0.028623,0.111619,-0.020016,-0.481373,0.233367,0.918898,-0.524791,0.005669,-0.140221
0.003383,0.039664,0.781113,-0.142833,0.006717,-0.754387,0.640667,0.097157,0.196088,0.254224,0.458868,-0.384615,0.057525,-0.733012,-0.180259,-0.109365,1.595290,-0.025577,0.261800,-0.041438,0.049041,0.345220,0.024758,0.552279,-0.375046,0.914427,0.499318,0.028350,0.110146,-0.019341,-0.480569,0.233805,0.920795,-0.521951,0.005135,-0.139151
0.003556,0.039650,0.781194,-0.142723,0.006827,-0.754193,0.640918,0.097247,0.195658,0.253700,0.457546,-0.383751,0.057256,-0.732849,-0.180698,-0.109356,1.594797,-0.025575,0.261800,-0.042276,0.048806,0.344180,0.025532,0.550495,-0.380181,0.915873,0.497975,0.028157,0.108562,-0.018689,-0.479954,0.234652,0.922343,-0.518335,0.004407,-0.138088
0.003747,0.039646,0.781316,-0.142613,0.006953,-0.754002,0.641166,0.097194,0.195216,0.253057,0.456408,-0.382966,0.057185,-0.732731,-0.181014,-0.109251,1.594293,-0.025606,0.261800,-0.042984,0.048595,0.343026,0.025750,0.548482,-0.386041,0.918005,0.496676,0.028075,0.107029,-0.018027,-0.479329,0.235607,0.923926,-0.514199,0.003546,-0.137054
0.003899,0.039632,0.781420,-0.142490,0.007090,-0.753810,0.641418,0.097016,0.194797,0.252396,0.455400,-0.382238,0.057238,-0.732661,-0.181292,-0.109148,1.593832,-0.025641,0.261800,-0.044038,0.048227,0.342193,0.027087,0.547223,-0.391162,0.918742,0.495733,0.027969,0.105389,-0.017517,-0.478949,0.236778,0.925033,-0.510045,0.002635,-0.135903
0.004056,0.039667,0.781539,-0.142374,0.007266,-0.753611,0.641675,0.096701,0.194471,0.251810,0.454526,-0.381581,0.057340,-0.732641,-0.181604,-0.109158,1.593460,-0.025642,0.261800,-0.044582,0.048228,0.340849,0.026594,0.545005,-0.397958,0.921555,0.495178,0.028005,0.104388,-0.016796,-0.478291,0.237349,0.926633,-0.506830,0.001989,-0.134953
0.004223,0.039710,0.781612,-0.142243,0.007489,-0.753412,0.641936,0.096182,0.194265,0.251379,0.453842,-0.381015,0.057561,-0.732712,-0.181971,-0.109323,1.593196,-0.025583,0.261800,-0.045505,0.048253,0.339683,0.026949,0.543232,-0.404256,0.923356,0.495597,0.028052,0.103661,-0.016362,-0.477767,0.237863,0.928010,-0.504622,0.001596,-0.133842
0.004376,0.039740,0.781699,-0.142111,0.007756,-0.753210,0.642198,0.095495,0.194146,0.251036,0.453306,-0.380519,0.057909,-0.732863,-0.182352,-0.109585,1.593019,-0.025490,0.261800,-0.046288,0.048441,0.338352,0.026714,0.541244,-0.411340,0.925769,0.496587,0.028194,0.103331,-0.015899,-0.477167,0.238025,0.929459,-0.503165,0.001400,-0.132718
0.004570,0.039776,0.781777,-0.141984,0.008028,-0.752999,0.642470,0.094751,0.194042,0.250656,0.452865,-0.380073,0.058222,-0.733007,-0.182743,-0.109875,1.592909,-0.025414,0.261800,-0.047379,0.048500,0.337306,0.027464,0.539823,-0.417379,0.926916,0.497829,0.028258,0.102928,-0.015602,-0.476713,0.238388,0.930625,-0.501908,0.001178,-0.131705
0.004748,0.039851,0.781831,-0.141872,0.008264,-0.752769,0.642762,0.094045,0.193906,0.250109,0.452485,-0.379668,0.058334,-0.733053,-0.183127,-0.110139,1.592826,-0.025398,0.261800,-0.047853,0.048747,0.336048,0.026812,0.537550,-0.423904,0.929457,0.498750,0.028302,0.102678,-0.014752,-0.475991,0.238202,0.931912,-0.500807,0.000860,-0.131234
0.004930,0.039909,0.781878,-0.141803,0.008496,-0.752510,0.643077,0.093352,0.193769,0.249306,0.452225,-0.379338,0.058102,-0.732980,-0.183480,-0.110390,1.592760,-0.025466,0.261800,-0.048560,0.048929,0.335045,0.026880,0.535312,-0.428875,0.931115,0.499668,0.028169,0.102209,-0.013967,-0.475346,0.238307,0.933099,-0.499589,0.000289,-0.131459
0.005101,0.039964,0.781922,-0.141756,0.008723,-0.752231,0.643411,0.092625,0.193644,0.248332,0.452101,-0.379087,0.057646,-0.732832,-0.183812,-0.110654,1.592720,-0.025584,0.261800,-0.049300,0.049143,0.334115,0.027022,0.532879,-0.433128,0.932634,0.500665,0.027939,0.101716,-0.013133,-0.474693,0.238449,0.934272,-0.498491,-0.000418,-0.132211
0.005293,0.040038,0.781944,-0.141718,0.008910,-0.751942,0.643755,0.091972,0.193441,0.247333,0.451960,-0.378835,0.057200,-0.732640,-0.184186,-0.110864,1.592772,-0.025745,0.261800,-0.050038,0.049276,0.333350,0.027382,0.530538,-0.436669,0.933732,0.501433,0.027670,0.101194,-0.012289,-0.474097,0.238687,0.935318,-0.497341,-0.001137,-0.132966
0.005480,0.040138,0.781976,-0.141667,0.009008,-0.751653,0.644102,0.091522,0.193064,0.246456,0.451596,-0.378473,0.056997,-0.732412,-0.184660,-0.110964,1.592936,-0.025932,0.261800,-0.050581,0.049336,0.332625,0.027435,0.527885,-0.439833,0.935122,0.501910,0.027460,0.100799,-0.011433,-0.473479,0.238922,0.936404,-0.496126,-0.001705,-0.133282
0.005670,0.040254,0.782006,-0.141603,0.008995,-0.751361,0.644456,0.091306,0.192437,0.245746,0.451006,-0.377994,0.057203,-0.732148,-0.185297,-0.110885,1.593272,-0.026181,0.261800,-0.050991,0.049158,0.332125,0.027619,0.525466,-0.442417,0.936099,0.501794,0.027274,0.100410,-0.010555,-0.472965,0.239247,0.937291,-0.494608,-0.002129,-0.132991
0.005835,0.040361,0.782051,-0.141518,0.008883,-0.751065,0.644822,0.091270,0.191622,0.245125,0.450250,-0.377427,0.057658,-0.731843,-0.186052,-0.110672,1.593744,-0.026492,0.261800,-0.051288,0.048745,0.331909,0.028231,0.523529,-0.444249,0.936216,0.501205,0.027066,0.099934,-0.009530,-0.472543,0.239570,0.937799,-0.492876,-0.002498,-0.132314
0.006028,0.040471,0.782107,-0.141456,0.008751,-0.750768,0.645183,0.091335,0.190764,0.244542,0.449398,-0.376825,0.058116,-0.731506,-0.186816,-0.110447,1.594263,-0.026773,0.261800,-0.051384,0.048538,0.331420,0.027650,0.520303,-0.446162,0.938009,0.500628,0.026972,0.099813,-0.008676,-0.471928,0.239913,0.938884,-0.491385,-0.002697,-0.131512
0.006189,0.040586,0.782162,-0.141408,0.008627,-0.750482,0.645528,0.091445,0.189973,0.243958,0.448481,-0.376216,0.058326,-0.731163,-0.187495,-0.110304,1.594760,-0.026944,0.261800,-0.051504,0.048407,0.331043,0.027458,0.517122,-0.447225,0.939251,0.500119,0.026917,0.099690,-0.007780,-0.471425,0.240244,0.939705,-0.490177,-0.002833,-0.130407
0.006349,0.040703,0.782194,-0.141385,0.008524,-0.750210,0.645850,0.091596,0.189264,0.243368,0.447525,-0.375606,0.058175,-0.730840,-0.188069,-0.110241,1.595250,-0.026919,0.261800,-0.051619,0.048361,0.330746,0.027629,0.513902,-0.447306,0.939990,0.499657,0.026917,0.099546,-0.006853,-0.470966,0.240454,0.940270,-0.489370,-0.002840,-0.128718
0.006510,0.040843,0.782217,-0.141374,0.008409,-0.749949,0.646158,0.091877,0.188556,0.242805,0.446379,-0.374966,0.057815,-0.730522,-0.188587,-0.110205,1.595763,-0.026765,0.261800,-0.051705,0.048345,0.330529,0.027999,0.510616,-0.446581,0.940404,0.499125,0.026965,0.099413,-0.005933,-0.470535,0.240611,0.940679,-0.488834,-0.002727,-0.126549
0.006663,0.041006,0.782225,-0.141377,0.008303,-0.749689,0.646460,0.092148,0.187900,0.242239,0.445260,-0.374345,0.057387,-0.730159,-0.189060,-0.110247,1.596247,-0.026627,0.261800,-0.051767,0.048386,0.330358,0.028422,0.507271,-0.445459,0.940688,0.498648,0.027052,0.099382,-0.005030,-0.470128,0.240896,0.941063,-0.488452,-0.002611,-0.124521
0.006832,0.041172,0.782246,-0.141404,0.008229,-0.749422,0.646765,0.092308,0.187333,0.241646,0.444313,-0.373784,0.057036,-0.729696,-0.189496,-0.110414,1.596649,-0.026658,0.261800,-0.051800,0.048488,0.330199,0.028714,0.503911,-0.444408,0.941064,0.498298,0.027172,0.099544,-0.004188,-0.469772,0.241499,0.941589,-0.488094,-0.002610,-0.123254
0.007001,0.041377,0.782271,-0.141441,0.008182,-0.749148,0.647074,0.092306,0.186908,0.241022,0.443626,-0.373320,0.056769,-0.729062,-0.189908,-0.110811,1.596914,-0.026968,0.261800,-0.051773,0.048686,0.330063,0.028837,0.500544,-0.443460,0.941544,0.498146,0.027383,0.100012,-0.003362,-0.469475,0.242511,0.942263,-0.487805,-0.002821,-0.123112
0.007146,0.041567,0.782283,-0.141506,0.008166,-0.748869,0.647383,0.092201,0.186590,0.240379,0.443110,-0.372923,0.056520,-0.728290,-0.190286,-0.111388,1.597065,-0.027473,0.261800,-0.051686,0.048962,0.329960,0.028880,0.497157,-0.442403,0.942024,0.498137,0.027669,0.100704,-0.002544,-0.469231,0.243809,0.943005,-0.487625,-0.003160,-0.123695
0.007324,0.041712,0.782330,-0.141566,0.008148,-0.748587,0.647696,0.092048,0.186286,0.239718,0.442662,-0.372551,0.056318,-0.727535,-0.190602,-0.111940,1.597222,-0.027957,0.261800,-0.051597,0.049269,0.329872,0.028846,0.493773,-0.441381,0.942537,0.498087,0.027908,0.101427,-0.001770,-0.469031,0.245237,0.943791,-0.487432,-0.003480,-0.124476
0.007447,0.041892,0.782342,-0.141610,0.008116,-0.748300,0.648018,0.091874,0.185910,0.239035,0.442221,-0.372183,0.056195,-0.726947,-0.190825,-0.112271,1.597509,-0.028226,0.261800,-0.051530,0.049555,0.329779,0.028794,0.490416,-0.440479,0.943055,0.497891,0.027978,0.101974,-0.001028,-0.468845,0.246599,0.944552,-0.487104,-0.003636,-0.124920
0.007597,0.042083,0.782378,-0.141631,0.008046,-0.748007,0.648353,0.091732,0.185417,0.238340,0.441735,-0.371804,0.056181,-0.726583,-0.190894,-0.112251,1.597994,-0.028172,0.261800,-0.051468,0.049805,0.329704,0.028682,0.487100,-0.439749,0.943622,0.497363,0.027765,0.102310,-0.000297,-0.468641,0.247865,0.945243,-0.486573,-0.003478,-0.124907
0.007729,0.042284,0.782417,-0.141637,0.007954,-0.747708,0.648697,0.091580,0.184863,0.237629,0.441265,-0.371436,0.056251,-0.726352,-0.190841,-0.112015,1.598595,-0.027916,0.261800,-0.051386,0.050027,0.329643,0.028491,0.483836,-0.439146,0.944234,0.496611,0.027363,0.102540,0.000412,-0.468430,0.249108,0.945926,-0.485941,-0.003119,-0.124723
0.007880,0.042513,0.782414,-0.141629,0.007869,-0.747408,0.649046,0.091367,0.184291,0.236892,0.440824,-0.371064,0.056354,-0.726199,-0.190786,-0.111746,1.599234,-0.027621,0.261800,-0.051319,0.050242,0.329558,0.028280,0.480639,-0.438686,0.944802,0.495884,0.026954,0.102653,0.001082,-0.468210,0.250307,0.946631,-0.485290,-0.002812,-0.124425
0.007995,0.042710,0.782432,-0.141602,0.007817,-0.747110,0.649396,0.091018,0.183748,0.236112,0.440461,-0.370694,0.056437,-0.726073,-0.190852,-0.111622,1.599828,-0.027447,0.261800,-0.051300,0.050468,0.329407,0.028051,0.477543,-0.438447,0.945282,0.495359,0.026723,0.102648,0.001694,-0.467981,0.251442,0.947401,-0.484711,-0.002809,-0.124077
0.008113,0.042931,0.782435,-0.141544,0.007814,-0.746818,0.649744,0.090456,0.183268,0.235267,0.440236,-0.370327,0.056538,-0.725993,-0.191014,-0.111687,1.600358,-0.027430,0.261800,-0.051336,0.050725,0.329163,0.027872,0.474553,-0.438306,0.945568,0.495256,0.026775,0.102406,0.002246,-0.467746,0.252506,0.948260,-0.484190,-0.003324,-0.123649
0.008242,0.043137,0.782429,-0.141468,0.007851,-0.746529,0.650092,0.089723,0.182825,0.234366,0.440144,-0.369975,0.056666,-0.725980,-0.191230,-0.111847,1.600869,-0.027485,0.261800,-0.051402,0.050975,0.328879,0.027802,0.471766,-0.438243,0.945573,0.495394,0.026988,0.101939,0.002757,-0.467507,0.253511,0.949139,-0.483662,-0.004178,-0.123113
0.008362,0.043359,0.782428,-0.141374,0.007884,-0.746239,0.650445,0.089003,0.182349,0.233464,0.439968,-0.369588,0.056732,-0.725963,-0.191576,-0.112077,1.601363,-0.027597,0.261800,-0.051516,0.051214,0.328551,0.027596,0.468988,-0.438548,0.945727,0.495467,0.027219,0.101533,0.003188,-0.467240,0.254471,0.950096,-0.483246,-0.005018,-0.122569
0.008509,0.043583,0.782432,-0.141272,0.007879,-0.745943,0.650807,0.088414,0.181779,0.232599,0.439627,-0.369178,0.056643,-0.725872,-0.192133,-0.112358,1.601846,-0.027755,0.261800,-0.051620,0.051357,0.328261,0.027262,0.466400,-0.439459,0.945987,0.495099,0.027309,0.101385,0.003621,-0.466953,0.255290,0.950979,-0.483031,-0.005513,-0.122079
0.008626,0.043785,0.782438,-0.141153,0.007813,-0.745647,0.651172,0.088032,0.181079,0.231806,0.439036,-0.368717,0.056377,-0.725688,-0.192965,-0.112699,1.602333,-0.027991,0.261800,-0.051694,0.051398,0.328053,0.026724,0.464047,-0.441221,0.946386,0.493893,0.027140,0.101547,0.004095,-0.466617,0.255855,0.951714,-0.483137,-0.005528,-0.121650
0.008729,0.044013,0.782452,-0.141020,0.007711,-0.745350,0.651542,0.087746,0.180291,0.231049,0.438324,-0.368246,0.055981,-0.725446,-0.194015,-0.113101,1.602815,-0.028302,0.261800,-0.051732,0.051331,0.327909,0.026123,0.462002,-0.443622,0.946719,0.492128,0.026816,0.101873,0.004605,-0.466234,0.256193,0.952319,-0.483480,-0.005262,-0.121239
0.008814,0.044239,0.782476,-0.140871,0.007592,-0.745043,0.651927,0.087527,0.179456,0.230287,0.437469,-0.367739,0.055475,-0.725174,-0.195189,-0.113540,1.603274,-0.028619,0.261800,-0.051843,0.051079,0.327866,0.025905,0.460544,-0.446113,0.946489,0.490375,0.026492,0.102254,0.005104,-0.465871,0.256559,0.952753,-0.483818,-0.004897,-0.120820
0.008914,0.044468,0.782471,-0.140721,0.007492,-0.744716,0.652334,0.087311,0.178635,0.229475,0.436525,-0.367209,0.054877,-0.724899,-0.196382,-0.113996,1.603692,-0.028873,0.261800,-0.051848,0.050845,0.327550,0.025083,0.458649,-0.448995,0.947250,0.489334,0.026423,0.102923,0.005525,-0.465341,0.257016,0.953610,-0.484105,-0.004531,-0.120532
0.008945,0.044687,0.782466,-0.140552,0.007404,-0.744367,0.652770,0.087030,0.177818,0.228588,0.435571,-0.366651,0.054328,-0.724673,-0.197563,-0.114405,1.604091,-0.029058,0.261800,-0.052060,0.050462,0.327217,0.024752,0.457159,-0.451603,0.947522,0.489391,0.026627,0.103802,0.005747,-0.464896,0.257886,0.954558,-0.484221,-0.004165,-0.120247
0.009033,0.044891,0.782467,-0.140360,0.007314,-0.744002,0.653227,0.086712,0.176990,0.227653,0.434609,-0.366087,0.053773,-0.724462,-0.198784,-0.114800,1.604472,-0.029206,0.261800,-0.052344,0.050021,0.326752,0.024315,0.455642,-0.454417,0.948079,0.490141,0.027030,0.104972,0.005802,-0.464397,0.258986,0.955765,-0.484311,-0.003711,-0.120029
0.009096,0.045095,0.782496,-0.140174,0.007230,-0.743618,0.653705,0.086511,0.176168,0.226701,0.433397,-0.365491,0.052936,-0.724181,-0.200089,-0.115291,1.604780,-0.029316,0.261800,-0.052712,0.049447,0.326363,0.024263,0.454503,-0.456914,0.948221,0.490986,0.027485,0.105993,0.005905,-0.463989,0.260166,0.956773,-0.484155,-0.003380,-0.119808
0.009122,0.045295,0.782518,-0.140010,0.007152,-0.743216,0.654199,0.086561,0.175384,0.225760,0.431745,-0.364858,0.051543,-0.723740,-0.201518,-0.115995,1.604972,-0.029394,0.261800,-0.052976,0.048852,0.325837,0.023817,0.453040,-0.459366,0.949141,0.491326,0.027925,0.106738,0.006097,-0.463430,0.261280,0.957897,-0.483672,-0.003289,-0.119711
0.009114,0.045473,0.782552,-0.139877,0.007076,-0.742793,0.654708,0.086866,0.174622,0.224834,0.429682,-0.364179,0.049723,-0.723091,-0.203139,-0.116989,1.605004,-0.029429,0.261800,-0.053190,0.048220,0.325321,0.023269,0.451424,-0.461428,0.950381,0.491155,0.028356,0.107023,0.006454,-0.462810,0.262283,0.958919,-0.482445,-0.003634,-0.119721
0.009141,0.045708,0.782597,-0.139752,0.006990,-0.742353,0.655235,0.087361,0.173876,0.223908,0.427295,-0.363464,0.047557,-0.722288,-0.204914,-0.118193,1.604923,-0.029431,0.261800,-0.053454,0.047462,0.325021,0.023324,0.450386,-0.462903,0.950807,0.490664,0.028770,0.106845,0.007116,-0.462386,0.263198,0.959372,-0.480570,-0.004337,-0.119691
0.009094,0.045876,0.782644,-0.139653,0.006938,-0.741892,0.655778,0.088067,0.173192,0.222980,0.424479,-0.362755,0.044696,-0.721410,-0.206709,-0.119498,1.604780,-0.029407,0.261800,-0.053678,0.046696,0.324427,0.022700,0.448712,-0.464548,0.952585,0.489868,0.029168,0.106664,0.007582,-0.461702,0.264238,0.960323,-0.478966,-0.005000,-0.119813
0.009071,0.046048,0.782670,-0.139547,0.006908,-0.741413,0.656343,0.089034,0.172597,0.222054,0.421094,-0.362104,0.040795,-0.720528,-0.208403,-0.120780,1.604634,-0.029368,0.261800,-0.054003,0.045778,0.323995,0.022662,0.447698,-0.465790,0.953699,0.488580,0.029364,0.106258,0.008284,-0.461284,0.265244,0.960625,-0.478217,-0.005440,-0.119756
0.009017,0.046243,0.782719,-0.139450,0.006924,-0.740919,0.656921,0.090250,0.172129,0.221152,0.417155,-0.361585,0.035546,-0.719691,-0.209853,-0.121929,1.604520,-0.029332,0.261800,-0.054325,0.044779,0.323289,0.022196,0.446299,-0.467066,0.955886,0.486792,0.029300,0.105924,0.008763,-0.460719,0.266503,0.961253,-0.478818,-0.005491,-0.119749
0.008937,0.046401,0.782754,-0.139362,0.006976,-0.740409,0.657514,0.091717,0.171760,0.220274,0.412690,-0.361164,0.029210,-0.718857,-0.211167,-0.123036,1.604417,-0.029290,0.261800,-0.054660,0.043652,0.322699,0.022103,0.445388,-0.467997,0.957667,0.484469,0.028999,0.105364,0.009504,-0.460354,0.267689,0.961304,-0.480248,-0.005389,-0.119620
0.008862,0.046540,0.782799,-0.139285,0.007060,-0.739870,0.658136,0.093350,0.171494,0.219359,0.407843,-0.360754,0.022289,-0.717929,-0.212559,-0.124313,1.604231,-0.029208,0.261800,-0.055158,0.042556,0.321734,0.021300,0.443680,-0.469175,0.961075,0.481970,0.028789,0.104932,0.009774,-0.459705,0.269203,0.962131,-0.482059,-0.005066,-0.119625
0.008757,0.046680,0.782860,-0.139244,0.007199,-0.739287,0.658798,0.095055,0.171323,0.218340,0.402796,-0.360278,0.015284,-0.716852,-0.214259,-0.125960,1.603925,-0.029058,0.261800,-0.055818,0.041501,0.320841,0.020657,0.442171,-0.470425,0.964458,0.479414,0.028849,0.104372,0.010261,-0.459168,0.270440,0.962579,-0.483717,-0.004665,-0.119507
0.008647,0.046806,0.782935,-0.139224,0.007386,-0.738653,0.659510,0.096800,0.171255,0.217172,0.397588,-0.359754,0.008152,-0.715592,-0.216363,-0.128101,1.603480,-0.028805,0.261800,-0.056769,0.040444,0.320104,0.020496,0.441253,-0.471729,0.967377,0.476471,0.029276,0.103464,0.010968,-0.458819,0.271440,0.962458,-0.485179,-0.004111,-0.119180
0.008482,0.046900,0.783026,-0.139229,0.007626,-0.737979,0.660261,0.098646,0.171296,0.215902,0.392111,-0.359204,0.000686,-0.714190,-0.218729,-0.130611,1.602928,-0.028473,0.261800,-0.057861,0.039447,0.319112,0.019827,0.439915,-0.473463,0.971491,0.473223,0.029979,0.102512,0.011501,-0.458284,0.272445,0.962694,-0.486757,-0.003339,-0.118865
0.008325,0.046997,0.783114,-0.139252,0.007893,-0.737272,0.661042,0.100594,0.171426,0.214600,0.386398,-0.358584,-0.006861,-0.712663,-0.221246,-0.133307,1.602267,-0.028128,0.261800,-0.059059,0.038425,0.318221,0.019416,0.438828,-0.475065,0.975374,0.470192,0.030782,0.101610,0.012206,-0.457842,0.273263,0.962623,-0.488210,-0.002606,-0.118499
0.008186,0.047107,0.783228,-0.139316,0.008191,-0.736543,0.661838,0.102626,0.171638,0.213324,0.380517,-0.357857,-0.014238,-0.711023,-0.223795,-0.136020,1.601490,-0.027836,0.261800,-0.060148,0.037399,0.317263,0.018746,0.437499,-0.476731,0.979704,0.467911,0.031570,0.101174,0.012970,-0.457318,0.273928,0.962734,-0.489359,-0.002079,-0.118267
0.008038,0.047189,0.783337,-0.139416,0.008502,-0.735785,0.662655,0.104864,0.171926,0.212106,0.374276,-0.356974,-0.021501,-0.709173,-0.226450,-0.138837,1.600552,-0.027584,0.261800,-0.061114,0.036403,0.316209,0.017585,0.435662,-0.478486,0.984851,0.466729,0.032249,0.101386,0.013846,-0.456670,0.274383,0.963113,-0.490160,-0.001856,-0.118296
0.007877,0.047268,0.783470,-0.139554,0.008838,-0.734995,0.663497,0.107266,0.172297,0.210904,0.367718,-0.355967,-0.028741,-0.707140,-0.229242,-0.141807,1.599472,-0.027347,0.261800,-0.062127,0.035374,0.315260,0.016637,0.433997,-0.480030,0.989784,0.466248,0.032875,0.101901,0.014921,-0.456153,0.274687,0.963273,-0.490607,-0.001861,-0.118397
0.007714,0.047347,0.783599,-0.139707,0.009203,-0.734191,0.664350,0.109617,0.172755,0.209675,0.361208,-0.354905,-0.035771,-0.705111,-0.231966,-0.144701,1.598335,-0.027175,0.261800,-0.063089,0.034398,0.314257,0.015493,0.432082,-0.481628,0.995081,0.466093,0.033629,0.102669,0.016022,-0.455647,0.274842,0.963486,-0.490917,-0.001910,-0.118452
0.007549,0.047412,0.783783,-0.139859,0.009603,-0.733387,0.665200,0.111705,0.173310,0.208393,0.355106,-0.353854,-0.042374,-0.703276,-0.234432,-0.147288,1.597214,-0.027118,0.261800,-0.064034,0.033470,0.313251,0.014386,0.430137,-0.483214,1.000318,0.465788,0.034655,0.103477,0.017040,-0.455252,0.274926,0.963640,-0.491182,-0.001862,-0.118241
0.007374,0.047502,0.783993,-0.139988,0.010027,-0.732566,0.666070,0.113486,0.173925,0.207005,0.349428,-0.352811,-0.048576,-0.701656,-0.236647,-0.149515,1.596097,-0.027257,0.261800,-0.065002,0.032556,0.312251,0.013338,0.428233,-0.484875,1.005549,0.465243,0.036107,0.104432,0.017999,-0.454977,0.274882,0.963676,-0.491465,-0.001617,-0.117545
0.007161,0.047574,0.784209,-0.140104,0.010471,-0.731726,0.666962,0.115067,0.174609,0.205544,0.344015,-0.351749,-0.054458,-0.700179,-0.238703,-0.151495,1.594994,-0.027542,0.261800,-0.065983,0.031640,0.311274,0.012382,0.426403,-0.486558,1.010719,0.464672,0.037863,0.105554,0.018962,-0.454804,0.274698,0.963585,-0.491691,-0.001277,-0.116518
0.006979,0.047627,0.784438,-0.140244,0.010954,-0.730909,0.667820,0.116461,0.175404,0.204075,0.338955,-0.350681,-0.059950,-0.698842,-0.240523,-0.153247,1.593893,-0.027829,0.261800,-0.066882,0.030782,0.310328,0.011581,0.424609,-0.488054,1.015523,0.464117,0.039659,0.106561,0.019874,-0.454722,0.274485,0.963420,-0.491755,-0.001007,-0.115520
0.006776,0.047696,0.784594,-0.140400,0.011445,-0.730161,0.668597,0.117665,0.176355,0.202660,0.334358,-0.349627,-0.064984,-0.697674,-0.242037,-0.154785,1.592839,-0.027993,0.261800,-0.067638,0.030004,0.309460,0.011126,0.422978,-0.489106,1.019446,0.463570,0.041226,0.107131,0.020641,-0.454733,0.274417,0.963208,-0.491513,-0.000971,-0.114907
0.006577,0.047785,0.784811,-0.140618,0.011995,-0.729500,0.669263,0.118674,0.177539,0.201332,0.330229,-0.348554,-0.069560,-0.696670,-0.243143,-0.156129,1.591763,-0.027948,0.261800,-0.068173,0.029529,0.308534,0.010535,0.420859,-0.489732,1.023246,0.463288,0.042570,0.107292,0.021276,-0.454900,0.274519,0.963076,-0.490758,-0.001344,-0.114876
0.006372,0.047881,0.784965,-0.140861,0.012577,-0.728902,0.669853,0.119475,0.178901,0.200049,0.326550,-0.347476,-0.073709,-0.695840,-0.243914,-0.157256,1.590691,-0.027790,0.261800,-0.068618,0.029174,0.307671,0.010270,0.418816,-0.489854,1.026326,0.463142,0.043794,0.107089,0.021769,-0.455219,0.274795,0.962872,-0.489565,-0.002008,-0.115178
0.006149,0.047994,0.785141,-0.141096,0.013138,-0.728344,0.670399,0.120119,0.180300,0.198775,0.323276,-0.346430,-0.077411,-0.695158,-0.244518,-0.158138,1.589713,-0.027616,0.261800,-0.068986,0.028784,0.306890,0.010327,0.417001,-0.489728,1.028588,0.462811,0.044835,0.106614,0.022126,-0.455607,0.275127,0.962651,-0.488421,-0.002633,-0.115593
0.005890,0.048109,0.785305,-0.141314,0.013653,-0.727803,0.670930,0.120591,0.181600,0.197471,0.320499,-0.345524,-0.080641,-0.694608,-0.245119,-0.158751,1.588947,-0.027529,0.261800,-0.069346,0.028318,0.306144,0.010454,0.415195,-0.489675,1.030367,0.462000,0.045645,0.106043,0.022328,-0.456077,0.275449,0.962551,-0.487817,-0.002870,-0.115917
0.005644,0.048189,0.785485,-0.141501,0.014090,-0.727277,0.671451,0.120874,0.182744,0.196089,0.318307,-0.344729,-0.083170,-0.694212,-0.245737,-0.159004,1.588451,-0.027553,0.261800,-0.069664,0.027792,0.305415,0.010494,0.413193,-0.489739,1.031821,0.460422,0.046245,0.105352,0.022414,-0.456695,0.275742,0.962589,-0.488068,-0.002477,-0.116079
0.005404,0.048277,0.785649,-0.141668,0.014476,-0.726778,0.671949,0.120972,0.183795,0.194663,0.316646,-0.344007,-0.085087,-0.693973,-0.246295,-0.158926,1.588143,-0.027638,0.261800,-0.069859,0.027002,0.304822,0.011003,0.411790,-0.489714,1.032074,0.458201,0.046641,0.104355,0.022342,-0.457204,0.275980,0.962682,-0.488904,-0.001695,-0.116215
0.005163,0.048351,0.785829,-0.141824,0.014842,-0.726300,0.672423,0.120978,0.184825,0.193283,0.315226,-0.343375,-0.086848,-0.693835,-0.246815,-0.158707,1.587959,-0.027763,0.261800,-0.070048,0.026192,0.304252,0.011630,0.410454,-0.489726,1.031880,0.455961,0.046792,0.103320,0.022138,-0.457756,0.276176,0.962832,-0.489825,-0.000886,-0.116368
0.004929,0.048416,0.785989,-0.141976,0.015219,-0.725845,0.672875,0.121018,0.185907,0.192046,0.313708,-0.342820,-0.088912,-0.693714,-0.247305,-0.158539,1.587765,-0.027903,0.261800,-0.070253,0.025559,0.303635,0.012070,0.408864,-0.489994,1.031797,0.454256,0.046652,0.102478,0.021901,-0.458518,0.276251,0.962960,-0.490320,-0.000419,-0.116571
0.004667,0.048506,0.786116,-0.142136,0.015630,-0.725416,0.673294,0.121123,0.187065,0.191008,0.311975,-0.342324,-0.091409,-0.693646,-0.247697,-0.158376,1.587569,-0.028087,0.261800,-0.070404,0.024805,0.303074,0.012963,0.407893,-0.490261,1.030813,0.453247,0.046060,0.101716,0.021475,-0.459064,0.276121,0.963140,-0.490345,-0.000471,-0.116973
0.004436,0.048590,0.786250,-0.142295,0.016055,-0.725013,0.673684,0.121236,0.188261,0.190107,0.310204,-0.341895,-0.094093,-0.693650,-0.248007,-0.158156,1.587410,-0.028312,0.261800,-0.070532,0.024059,0.302524,0.014016,0.407075,-0.490563,1.029357,0.452680,0.045094,0.101028,0.020914,-0.459604,0.275864,0.963364,-0.490114,-0.000816,-0.117493
0.004163,0.048669,0.786302,-0.142442,0.016462,-0.724621,0.674065,0.121354,0.189438,0.189280,0.308455,-0.341527,-0.096851,-0.693643,-0.248390,-0.158000,1.587266,-0.028533,0.261800,-0.070682,0.023337,0.301973,0.014999,0.406265,-0.491225,1.027822,0.452192,0.044035,0.100401,0.020309,-0.460240,0.275535,0.963582,-0.489735,-0.001234,-0.117944
0.003893,0.048771,0.786380,-0.142576,0.016835,-0.724224,0.674454,0.121430,0.190551,0.188449,0.306898,-0.341285,-0.099570,-0.693550,-0.249004,-0.158036,1.587117,-0.028705,0.261800,-0.070780,0.022750,0.301403,0.015484,0.405187,-0.492763,1.026780,0.451385,0.043166,0.099846,0.019989,-0.461242,0.275007,0.963551,-0.489307,-0.001515,-0.118096
0.003607,0.048868,0.786417,-0.142680,0.017167,-0.723815,0.674863,0.121503,0.191564,0.187612,0.305398,-0.341115,-0.102273,-0.693381,-0.249964,-0.158340,1.586990,-0.028830,0.261800,-0.071055,0.021843,0.300837,0.016171,0.404630,-0.494817,1.025352,0.449974,0.042554,0.099161,0.019251,-0.461922,0.274618,0.963914,-0.488808,-0.001561,-0.118012
0.003310,0.048914,0.786462,-0.142759,0.017465,-0.723400,0.675283,0.121506,0.192535,0.186787,0.304084,-0.341096,-0.105005,-0.693163,-0.251151,-0.158835,1.586884,-0.028929,0.261800,-0.071333,0.020878,0.300269,0.016744,0.404236,-0.497529,1.023838,0.448175,0.042051,0.098441,0.018505,-0.462598,0.274090,0.964285,-0.488183,-0.001514,-0.117715
0.003055,0.048974,0.786508,-0.142838,0.017729,-0.722996,0.675692,0.121596,0.193413,0.186008,0.302760,-0.341075,-0.107673,-0.692866,-0.252432,-0.159377,1.586755,-0.028990,0.261800,-0.071592,0.019784,0.299713,0.017212,0.403997,-0.500724,1.022459,0.446518,0.041616,0.097832,0.017680,-0.463232,0.273631,0.964756,-0.487732,-0.001409,-0.117358
0.002793,0.049011,0.786564,-0.142906,0.017915,-0.722622,0.676073,0.121860,0.194169,0.185297,0.301361,-0.340963,-0.110186,-0.692458,-0.253652,-0.159824,1.586554,-0.029000,0.261800,-0.071515,0.018697,0.299171,0.017237,0.403783,-0.504798,1.021652,0.445311,0.041209,0.097503,0.017242,-0.464025,0.273056,0.965001,-0.487701,-0.001310,-0.117020
0.002520,0.049020,0.786632,-0.142986,0.018030,-0.722282,0.676416,0.122276,0.194776,0.184633,0.300012,-0.340806,-0.112485,-0.691926,-0.254765,-0.160091,1.586265,-0.028919,0.261800,-0.071355,0.017459,0.298666,0.017072,0.403632,-0.509383,1.021328,0.444919,0.040806,0.097560,0.016781,-0.464804,0.272732,0.965349,-0.488356,-0.001211,-0.116802
0.002259,0.049044,0.786665,-0.143059,0.018070,-0.721968,0.676735,0.122850,0.195249,0.184022,0.298625,-0.340585,-0.114627,-0.691292,-0.255849,-0.160267,1.585920,-0.028769,0.261800,-0.071107,0.016106,0.298164,0.016698,0.403536,-0.514563,1.021409,0.445039,0.040432,0.097905,0.016300,-0.465560,0.272565,0.965812,-0.489480,-0.001090,-0.116629
0.001983,0.049030,0.786709,-0.143129,0.018072,-0.721672,0.677036,0.123540,0.195647,0.183478,0.297172,-0.340314,-0.116707,-0.690561,-0.256965,-0.160481,1.585520,-0.028620,0.261800,-0.070812,0.014669,0.297660,0.016143,0.403487,-0.520053,1.021882,0.445460,0.040110,0.098345,0.015727,-0.466276,0.272592,0.966402,-0.490708,-0.000921,-0.116470
0.001713,0.049022,0.786713,-0.143192,0.018064,-0.721386,0.677327,0.124262,0.196035,0.183009,0.295710,-0.340047,-0.118816,-0.689745,-0.258163,-0.160863,1.585072,-0.028543,0.261800,-0.070109,0.013407,0.297152,0.015037,0.403384,-0.526232,1.022923,0.445746,0.039864,0.098702,0.015752,-0.467267,0.272229,0.966501,-0.491681,-0.000720,-0.116176
0.001464,0.049012,0.786718,-0.143262,0.018058,-0.721098,0.677619,0.125093,0.196431,0.182640,0.294099,-0.339733,-0.121126,-0.688782,-0.259524,-0.161526,1.584539,-0.028578,0.261800,-0.069895,0.011928,0.296622,0.014252,0.403354,-0.531664,1.024181,0.446419,0.039658,0.098905,0.014850,-0.467980,0.272826,0.967347,-0.492392,-0.000350,-0.115902
0.001197,0.048983,0.786698,-0.143335,0.018041,-0.720817,0.677903,0.126012,0.196808,0.182354,0.292405,-0.339387,-0.123540,-0.687685,-0.260992,-0.162381,1.583925,-0.028677,0.261800,-0.069202,0.010625,0.296047,0.012837,0.403269,-0.538072,1.026119,0.446985,0.039525,0.099108,0.014610,-0.468997,0.273098,0.967734,-0.492924,0.000084,-0.115486
0.000945,0.048966,0.786723,-0.143390,0.017995,-0.720561,0.678165,0.126968,0.197124,0.182125,0.290716,-0.339018,-0.125739,-0.686578,-0.262438,-0.163229,1.583304,-0.028787,0.261800,-0.068643,0.009288,0.295507,0.011422,0.403160,-0.544270,1.028236,0.447736,0.039457,0.099253,0.014120,-0.470003,0.273586,0.968221,-0.493278,0.000502,-0.115093
0.000684,0.048906,0.786770,-0.143437,0.017936,-0.720348,0.678382,0.127921,0.197332,0.181934,0.289073,-0.338608,-0.127407,-0.685586,-0.263730,-0.163876,1.582746,-0.028853,0.261800,-0.067905,0.008099,0.295013,0.009742,0.402933,-0.550680,1.030527,0.448372,0.039496,0.099344,0.013928,-0.471207,0.273713,0.968304,-0.493313,0.000764,-0.114720
0.000449,0.048835,0.786827,-0.143435,0.017841,-0.720169,0.678576,0.128924,0.197376,0.181762,0.287260,-0.338094,-0.128518,-0.684729,-0.264931,-0.164326,1.582237,-0.028822,0.261800,-0.067567,0.006716,0.294477,0.008269,0.402775,-0.556759,1.032840,0.449026,0.039634,0.099328,0.012976,-0.472087,0.274303,0.968936,-0.492987,0.000957,-0.114527
0.000220,0.048770,0.786858,-0.143413,0.017733,-0.720018,0.678744,0.129907,0.197308,0.181610,0.285475,-0.337536,-0.129218,-0.683946,-0.266074,-0.164668,1.581755,-0.028735,0.261800,-0.067173,0.005324,0.293912,0.006553,0.402620,-0.563173,1.035450,0.449545,0.039874,0.099247,0.011999,-0.472932,0.274801,0.969563,-0.492373,0.001086,-0.114391
-0.000001,0.048690,0.786890,-0.143383,0.017584,-0.719924,0.678853,0.130896,0.197184,0.181530,0.283856,-0.336959,-0.129463,-0.683240,-0.267008,-0.164810,1.581337,-0.028682,0.261800,-0.066287,0.004173,0.293438,0.004404,0.402264,-0.569772,1.038298,0.450028,0.040221,0.099169,0.011678,-0.474035,0.274623,0.969520,-0.491598,0.001025,-0.114256
-0.000229,0.048634,0.786915,-0.143393,0.017399,-0.719914,0.678866,0.131809,0.197068,0.181553,0.282776,-0.336505,-0.129206,-0.682601,-0.267588,-0.164660,1.581016,-0.028746,0.261800,-0.065601,0.002914,0.293116,0.002858,0.401937,-0.574664,1.040636,0.451075,0.040657,0.099087,0.010642,-0.474809,0.274846,0.969843,-0.490838,0.000752,-0.114359
-0.000398,0.048530,0.786910,-0.143455,0.017172,-0.720001,0.678767,0.132746,0.196973,0.181705,0.282153,-0.336137,-0.128412,-0.681977,-0.267739,-0.164200,1.580743,-0.029003,0.261800,-0.064277,0.001997,0.292967,0.000997,0.401209,-0.578958,1.043118,0.452457,0.041213,0.099055,0.010311,-0.475867,0.274249,0.969376,-0.490022,0.000064,-0.114555
-0.000609,0.048465,0.786914,-0.143550,0.016905,-0.720169,0.678575,0.133682,0.196863,0.181957,0.281898,-0.335835,-0.127115,-0.681393,-0.267556,-0.163467,1.580528,-0.029388,0.261800,-0.062976,0.001081,0.292942,-0.000570,0.400383,-0.582015,1.045397,0.454331,0.041867,0.099003,0.009616,-0.476778,0.273754,0.969006,-0.489115,-0.000904,-0.114951
-0.000779,0.048399,0.786943,-0.143650,0.016602,-0.720400,0.678316,0.134536,0.196727,0.182300,0.282020,-0.335565,-0.125365,-0.680941,-0.267119,-0.162490,1.580451,-0.029782,0.261800,-0.061614,0.000146,0.293027,-0.001886,0.399607,-0.584197,1.047328,0.456368,0.042614,0.098994,0.008660,-0.477513,0.273376,0.968733,-0.488228,-0.001917,-0.115460
-0.000961,0.048355,0.786980,-0.143746,0.016284,-0.720678,0.678008,0.135196,0.196576,0.182718,0.282571,-0.335326,-0.123212,-0.680735,-0.266490,-0.161294,1.580612,-0.030070,0.261800,-0.059961,-0.000442,0.293173,-0.003647,0.398230,-0.586224,1.049595,0.458240,0.043436,0.099204,0.008091,-0.478649,0.272806,0.968049,-0.487403,-0.002776,-0.115867
-0.001119,0.048314,0.787050,-0.143823,0.015957,-0.721013,0.677643,0.135676,0.196406,0.183251,0.283453,-0.335087,-0.120759,-0.680887,-0.265644,-0.159823,1.581075,-0.030176,0.261800,-0.058299,-0.000988,0.293380,-0.005273,0.396784,-0.587622,1.051597,0.460271,0.044421,0.099617,0.007207,-0.479767,0.272688,0.967548,-0.486664,-0.003429,-0.116307
-0.001210,0.048239,0.787116,-0.143898,0.015619,-0.721409,0.677214,0.136037,0.196218,0.183900,0.284648,-0.334853,-0.117948,-0.681305,-0.264555,-0.158086,1.581766,-0.030174,0.261800,-0.056533,-0.001444,0.293663,-0.006828,0.395215,-0.588408,1.053413,0.462462,0.045546,0.100184,0.006179,-0.480931,0.272772,0.967068,-0.485975,-0.003995,-0.116790
-0.001366,0.048200,0.787139,-0.143976,0.015241,-0.721840,0.676747,0.136216,0.196003,0.184573,0.286356,-0.334676,-0.114583,-0.681811,-0.263322,-0.156196,1.582619,-0.030182,0.261800,-0.054764,-0.001860,0.294086,-0.008151,0.393649,-0.588410,1.054809,0.464308,0.046625,0.100774,0.005022,-0.482027,0.272886,0.966539,-0.485357,-0.004432,-0.117247
-0.001499,0.048163,0.787146,-0.144070,0.014810,-0.722278,0.676268,0.136134,0.195763,0.185167,0.288802,-0.334615,-0.110478,-0.682209,-0.262037,-0.154263,1.583524,-0.030298,0.261800,-0.053083,-0.002257,0.294699,-0.009110,0.392124,-0.587442,1.055623,0.465347,0.047470,0.101267,0.003795,-0.482990,0.272822,0.965865,-0.484847,-0.004700,-0.117597
-0.001620,0.048121,0.787135,-0.144222,0.014343,-0.722733,0.675760,0.136071,0.195570,0.185815,0.291538,-0.334624,-0.105980,-0.682450,-0.260618,-0.152305,1.584501,-0.030589,0.261800,-0.051497,-0.002505,0.295518,-0.009711,0.390401,-0.585160,1.055964,0.465302,0.048030,0.101718,0.002550,-0.483924,0.272453,0.964914,-0.484362,-0.004747,-0.117792
-0.001704,0.048079,0.787073,-0.144407,0.013838,-0.723215,0.675215,0.135918,0.195413,0.186507,0.294714,-0.334748,-0.101059,-0.682628,-0.259050,-0.150273,1.585575,-0.030983,0.261800,-0.049964,-0.002634,0.296501,-0.010042,0.388496,-0.581765,1.055929,0.464477,0.048406,0.102169,0.001232,-0.484804,0.271910,0.963802,-0.483930,-0.004605,-0.117892
-0.001799,0.048073,0.787021,-0.144576,0.013280,-0.723693,0.674678,0.135240,0.195145,0.186994,0.299004,-0.334937,-0.094945,-0.682788,-0.257522,-0.148182,1.586709,-0.031393,0.261800,-0.048549,-0.002756,0.297584,-0.010296,0.386478,-0.577916,1.055685,0.463332,0.048628,0.102541,-0.000227,-0.485644,0.271460,0.962745,-0.483635,-0.004367,-0.117936
-0.001888,0.048051,0.786938,-0.144670,0.012645,-0.724140,0.674190,0.133592,0.194620,0.187023,0.305103,-0.335178,-0.086862,-0.682976,-0.256229,-0.146063,1.587849,-0.031733,0.261800,-0.047286,-0.002996,0.298721,-0.010615,0.384510,-0.574275,1.055287,0.462322,0.048728,0.102736,-0.001868,-0.486454,0.271325,0.961930,-0.483564,-0.004131,-0.117965
-0.001975,0.048030,0.786888,-0.144667,0.011894,-0.724540,0.673774,0.130432,0.193713,0.186342,0.314071,-0.335487,-0.075473,-0.683187,-0.255353,-0.143903,1.589032,-0.031967,0.261800,-0.046240,-0.003463,0.299955,-0.010973,0.382640,-0.570840,1.054657,0.461496,0.048723,0.102593,-0.003766,-0.487285,0.271650,0.961460,-0.483854,-0.003835,-0.117871
-0.002035,0.048021,0.786808,-0.144606,0.011065,-0.724908,0.673406,0.126195,0.192561,0.185191,0.325115,-0.335849,-0.061545,-0.683394,-0.254739,-0.141734,1.590248,-0.032138,0.261800,-0.045343,-0.004072,0.301324,-0.011202,0.380988,-0.567338,1.053557,0.460592,0.048590,0.102176,-0.005813,-0.488070,0.272209,0.961137,-0.484442,-0.003462,-0.117666
-0.002085,0.048010,0.786761,-0.144545,0.010268,-0.725259,0.673054,0.121719,0.191455,0.183990,0.336522,-0.336393,-0.047463,-0.683623,-0.254052,-0.139635,1.591422,-0.032290,0.261800,-0.044605,-0.004545,0.302698,-0.011412,0.379339,-0.563885,1.052279,0.459716,0.048307,0.101785,-0.007952,-0.488907,0.272939,0.960832,-0.485007,-0.003172,-0.117552
-0.002108,0.047992,0.786677,-0.144524,0.009590,-0.725613,0.672687,0.117861,0.190628,0.183129,0.346587,-0.337202,-0.035627,-0.683905,-0.252991,-0.137638,1.592488,-0.032462,0.261800,-0.043812,-0.004741,0.304005,-0.011670,0.377834,-0.560828,1.050838,0.458846,0.047859,0.101677,-0.009904,-0.489693,0.273451,0.960272,-0.485357,-0.003123,-0.117753
-0.002121,0.047990,0.786534,-0.144557,0.009076,-0.725944,0.672329,0.114543,0.190153,0.182517,0.355343,-0.338392,-0.026536,-0.684295,-0.251422,-0.135684,1.593456,-0.032677,0.261800,-0.042768,-0.004776,0.305263,-0.011929,0.376910,-0.558393,1.048914,0.457796,0.047177,0.101909,-0.011466,-0.490167,0.273374,0.959252,-0.485458,-0.003498,-0.118425
-0.002107,0.048004,0.786361,-0.144612,0.008656,-0.726257,0.671984,0.111496,0.189876,0.181993,0.363393,-0.339838,-0.018964,-0.684739,-0.249522,-0.133763,1.594314,-0.032906,0.261800,-0.042130,-0.004371,0.306448,-0.012387,0.375339,-0.555727,1.047373,0.457020,0.046260,0.102474,-0.013162,-0.491025,0.273577,0.958075,-0.485213,-0.004164,-0.119350
-0.002122,0.048015,0.786177,-0.144680,0.008260,-0.726612,0.671591,0.108962,0.189673,0.181786,0.370520,-0.341400,-0.012705,-0.685189,-0.247504,-0.131913,1.595104,-0.033132,0.261800,-0.041086,-0.004000,0.307619,-0.012810,0.374401,-0.553871,1.045359,0.456071,0.045303,0.103089,-0.014574,-0.491528,0.273412,0.956824,-0.485051,-0.004811,-0.120433
-0.002121,0.047996,0.785945,-0.144756,0.007827,-0.727071,0.671083,0.107237,0.189445,0.182141,0.376406,-0.342904,-0.007568,-0.685565,-0.245549,-0.130206,1.595812,-0.033316,0.261800,-0.040018,-0.003536,0.308758,-0.013118,0.373465,-0.552293,1.043267,0.455376,0.044426,0.103683,-0.016121,-0.492024,0.273573,0.955859,-0.485000,-0.005134,-0.121438
-0.002156,0.047983,0.785723,-0.144860,0.007337,-0.727669,0.670417,0.106532,0.189219,0.183212,0.380823,-0.344402,-0.003912,-0.685858,-0.243583,-0.128613,1.596451,-0.033446,0.261800,-0.038799,-0.002926,0.309875,-0.013323,0.372559,-0.551158,1.041067,0.454841,0.043588,0.104334,-0.017846,-0.492488,0.274082,0.955279,-0.485107,-0.004966,-0.122512
-0.002130,0.047951,0.785445,-0.144988,0.006826,-0.728369,0.669634,0.106630,0.189022,0.184836,0.384018,-0.345934,-0.001720,-0.686107,-0.241549,-0.127108,1.597022,-0.033538,0.261800,-0.037523,-0.002127,0.310937,-0.013524,0.371537,-0.550366,1.038907,0.454476,0.042737,0.105100,-0.019712,-0.492968,0.274904,0.954971,-0.485247,-0.004501,-0.123683
-0.002114,0.047860,0.785221,-0.145087,0.006293,-0.729114,0.668807,0.107165,0.188741,0.186782,0.386407,-0.347343,-0.000237,-0.686314,-0.239673,-0.125757,1.597502,-0.033621,0.261800,-0.036096,-0.001428,0.311941,-0.013651,0.370871,-0.550104,1.036528,0.454210,0.042031,0.105727,-0.021454,-0.493240,0.275682,0.954759,-0.485513,-0.003954,-0.124648
-0.002114,0.047770,0.785048,-0.145111,0.005744,-0.729848,0.668005,0.107778,0.188285,0.188820,0.388402,-0.348475,0.001294,-0.686469,-0.238172,-0.124633,1.597853,-0.033718,0.261800,-0.034759,-0.000924,0.312809,-0.013761,0.370404,-0.550176,1.034188,0.454185,0.041599,0.106041,-0.023114,-0.493387,0.276555,0.954657,-0.485788,-0.003548,-0.125058
-0.002104,0.047665,0.784915,-0.145026,0.005157,-0.730575,0.667234,0.108441,0.187598,0.191006,0.390013,-0.349281,0.002964,-0.686582,-0.237154,-0.123763,1.598071,-0.033855,0.261800,-0.033489,-0.000707,0.313611,-0.013908,0.370161,-0.550639,1.031816,0.454629,0.041620,0.105862,-0.024568,-0.493433,0.277415,0.954544,-0.486178,-0.003354,-0.124581
-0.002094,0.047534,0.784790,-0.144875,0.004547,-0.731317,0.666458,0.109323,0.186745,0.193422,0.391037,-0.349837,0.004402,-0.686645,-0.236483,-0.123117,1.598160,-0.034010,0.261800,-0.032536,-0.000592,0.313939,-0.014091,0.369660,-0.551686,1.030019,0.455180,0.042018,0.105490,-0.026690,-0.493401,0.279360,0.955522,-0.486209,-0.003193,-0.123609
-0.002078,0.047381,0.784695,-0.144677,0.003933,-0.732054,0.665695,0.110334,0.185791,0.195881,0.391655,-0.350212,0.005679,-0.686651,-0.236015,-0.122656,1.598135,-0.034141,0.261800,-0.031584,-0.000527,0.314241,-0.014299,0.369290,-0.552834,1.028277,0.455894,0.042420,0.105023,-0.028458,-0.493211,0.280983,0.956221,-0.486436,-0.003075,-0.122504
-0.002064,0.047238,0.784578,-0.144475,0.003358,-0.732762,0.664963,0.111443,0.184802,0.198203,0.391916,-0.350407,0.006867,-0.686583,-0.235599,-0.122355,1.598005,-0.034207,0.261800,-0.030674,-0.000346,0.314579,-0.014341,0.369133,-0.553761,1.026402,0.456505,0.042509,0.104685,-0.029650,-0.493014,0.282051,0.956222,-0.486815,-0.002952,-0.121729
-0.001987,0.047096,0.784446,-0.144279,0.002818,-0.733434,0.664267,0.112748,0.183769,0.200357,0.391687,-0.350419,0.007748,-0.686360,-0.235298,-0.122281,1.597734,-0.034173,0.261800,-0.030027,-0.000039,0.314525,-0.014245,0.368923,-0.554798,1.025002,0.456595,0.042196,0.104678,-0.031018,-0.492517,0.283380,0.956619,-0.487158,-0.002718,-0.121693
-0.001914,0.046936,0.784317,-0.144067,0.002295,-0.734084,0.663596,0.114257,0.182662,0.202442,0.390937,-0.350219,0.008362,-0.686016,-0.235159,-0.122426,1.597328,-0.034064,0.261800,-0.029530,0.000329,0.314401,-0.014047,0.368768,-0.555713,1.023707,0.456647,0.041627,0.104775,-0.032109,-0.491870,0.284442,0.956729,-0.487716,-0.002447,-0.121969
-0.001849,0.046792,0.784207,-0.143833,0.001815,-0.734719,0.662946,0.115683,0.181538,0.204434,0.390104,-0.349902,0.009168,-0.685690,-0.235002,-0.122648,1.596849,-0.033946,0.261800,-0.029062,0.000739,0.314229,-0.013787,0.368677,-0.556462,1.022470,0.456728,0.040999,0.104940,-0.032762,-0.491164,0.285261,0.956348,-0.488192,-0.002182,-0.122280
-0.001770,0.046658,0.784153,-0.143541,0.001378,-0.735345,0.662315,0.116754,0.180429,0.206322,0.389571,-0.349524,0.010631,-0.685564,-0.234669,-0.122782,1.596372,-0.033877,0.261800,-0.028541,0.001018,0.313788,-0.013659,0.368600,-0.557021,1.021774,0.456869,0.040401,0.105144,-0.033780,-0.490079,0.286207,0.956637,-0.488319,-0.002130,-0.122470
-0.001740,0.046480,0.784134,-0.143197,0.001000,-0.735955,0.661713,0.117377,0.179294,0.208070,0.389453,-0.349033,0.013106,-0.685627,-0.234204,-0.122841,1.595877,-0.033920,0.261800,-0.027970,0.001172,0.313270,-0.013543,0.368580,-0.557208,1.021263,0.457363,0.039904,0.105343,-0.034506,-0.488839,0.287030,0.956627,-0.487877,-0.002207,-0.122329
-0.001701,0.046293,0.784159,-0.142797,0.000662,-0.736549,0.661138,0.117704,0.178132,0.209703,0.389546,-0.348431,0.016269,-0.685816,-0.233665,-0.122886,1.595339,-0.034027,0.261800,-0.027395,0.001365,0.312690,-0.013419,0.368609,-0.557173,1.020862,0.458005,0.039399,0.105552,-0.034846,-0.487720,0.287671,0.956200,-0.486962,-0.002432,-0.121945
-0.001662,0.046107,0.784183,-0.142385,0.000388,-0.737142,0.660566,0.117849,0.177067,0.211286,0.389751,-0.347858,0.019557,-0.686152,-0.232895,-0.122875,1.594814,-0.034094,0.261800,-0.026844,0.001503,0.311997,-0.013216,0.368702,-0.556742,1.020626,0.458643,0.038953,0.105825,-0.035281,-0.486261,0.288336,0.955910,-0.486127,-0.002717,-0.121619
-0.001645,0.045910,0.784199,-0.142009,0.000210,-0.737753,0.659966,0.117892,0.176264,0.212870,0.390053,-0.347504,0.022401,-0.686631,-0.231711,-0.122782,1.594316,-0.033995,0.261800,-0.026174,0.002124,0.311485,-0.012934,0.368758,-0.556045,1.020069,0.458952,0.038593,0.106145,-0.034780,-0.485503,0.288531,0.954325,-0.485553,-0.003089,-0.121220
-0.001610,0.045734,0.784198,-0.141671,0.000161,-0.738393,0.659322,0.117804,0.175777,0.214469,0.390421,-0.347400,0.024729,-0.687320,-0.229974,-0.122598,1.593826,-0.033666,0.261800,-0.025658,0.002830,0.310892,-0.012369,0.368854,-0.554474,1.019482,0.459142,0.038342,0.106659,-0.034748,-0.484293,0.288797,0.953068,-0.485907,-0.003540,-0.121082
-0.001585,0.045531,0.784201,-0.141348,0.000216,-0.739052,0.658652,0.117541,0.175543,0.216048,0.390922,-0.347478,0.026814,-0.688176,-0.227789,-0.122357,1.593311,-0.033165,0.261800,-0.025123,0.003740,0.310280,-0.011665,0.368972,-0.552423,1.018822,0.459144,0.038192,0.107319,-0.034440,-0.483030,0.288917,0.951334,-0.486664,-0.004055,-0.121007
-0.001526,0.045353,0.784164,-0.141043,0.000306,-0.739705,0.657985,0.117264,0.175399,0.217612,0.391418,-0.347629,0.028625,-0.689123,-0.225452,-0.122005,1.592911,-0.032634,0.261800,-0.024704,0.004555,0.309665,-0.010823,0.369186,-0.549975,1.018202,0.459011,0.038100,0.107893,-0.034343,-0.481509,0.289209,0.949869,-0.487523,-0.004548,-0.121120
-0.001537,0.045178,0.784108,-0.140744,0.000348,-0.740324,0.657351,0.117121,0.175195,0.219165,0.391803,-0.347752,0.030126,-0.690060,-0.223245,-0.121500,1.592736,-0.032197,0.261800,-0.024258,0.005390,0.309223,-0.010026,0.369396,-0.547611,1.017585,0.458685,0.038022,0.108141,-0.033893,-0.480374,0.289468,0.948195,-0.487916,-0.004992,-0.121306
-0.001571,0.045027,0.784085,-0.140451,0.000323,-0.740927,0.656735,0.117184,0.174922,0.220775,0.392035,-0.347833,0.031145,-0.691013,-0.221145,-0.120769,1.592859,-0.031853,0.261800,-0.023973,0.005924,0.308867,-0.009011,0.369730,-0.544843,1.016966,0.458246,0.037959,0.107933,-0.033823,-0.479104,0.290254,0.947113,-0.487665,-0.005364,-0.121844
-0.001554,0.044869,0.784036,-0.140154,0.000259,-0.741518,0.656131,0.117369,0.174647,0.222419,0.392158,-0.347902,0.031753,-0.692006,-0.219039,-0.119857,1.593195,-0.031542,0.261800,-0.023847,0.006258,0.308571,-0.007719,0.370241,-0.541646,1.016232,0.457656,0.037928,0.107400,-0.034038,-0.477661,0.291459,0.946427,-0.487034,-0.005695,-0.122663
-0.001592,0.044709,0.784018,-0.139872,0.000188,-0.742060,0.655578,0.117555,0.174336,0.223953,0.392274,-0.347976,0.032289,-0.692978,-0.217059,-0.118880,1.593652,-0.031312,0.261800,-0.023843,0.006514,0.308387,-0.006427,0.370872,-0.538508,1.015502,0.456956,0.037921,0.106739,-0.034236,-0.476244,0.292656,0.945880,-0.486439,-0.005921,-0.123478
-0.001607,0.044512,0.783990,-0.139581,0.000100,-0.742519,0.655120,0.117620,0.173959,0.225231,0.392491,-0.348074,0.033088,-0.693859,-0.215344,-0.117958,1.594120,-0.031205,0.261800,-0.024076,0.006687,0.308322,-0.005238,0.371658,-0.535697,1.014822,0.456239,0.037932,0.106127,-0.034463,-0.474751,0.293683,0.945566,-0.486345,-0.005951,-0.124080
-0.001642,0.044333,0.784014,-0.139282,-0.000005,-0.742878,0.654777,0.117548,0.173475,0.226228,0.392800,-0.348203,0.034317,-0.694662,-0.213948,-0.117057,1.594639,-0.031279,0.261800,-0.024558,0.006752,0.308405,-0.004164,0.372598,-0.533224,1.014182,0.455431,0.037907,0.105502,-0.034687,-0.473151,0.294384,0.945501,-0.487093,-0.005685,-0.124372
-0.001669,0.044177,0.783976,-0.138974,-0.000131,-0.743162,0.654520,0.117390,0.172923,0.227014,0.393176,-0.348368,0.035770,-0.695410,-0.212786,-0.116142,1.595237,-0.031492,0.261800,-0.025145,0.006892,0.308639,-0.003389,0.373439,-0.531137,1.013782,0.454494,0.037867,0.104838,-0.034585,-0.471791,0.294690,0.945317,-0.488323,-0.005214,-0.124407
-0.001714,0.044025,0.783914,-0.138674,-0.000259,-0.743384,0.654332,0.117181,0.172335,0.227605,0.393571,-0.348491,0.037230,-0.696067,-0.211813,-0.115299,1.595813,-0.031748,0.261800,-0.025940,0.006749,0.308915,-0.002518,0.374707,-0.529236,1.013297,0.453660,0.037922,0.104262,-0.034881,-0.469916,0.295158,0.945763,-0.489664,-0.004663,-0.124492
-0.001752,0.043882,0.783837,-0.138398,-0.000365,-0.743565,0.654184,0.116977,0.171772,0.228018,0.393902,-0.348490,0.038474,-0.696577,-0.210961,-0.114640,1.596233,-0.031936,0.261800,-0.026653,0.006725,0.309221,-0.002075,0.375976,-0.528076,1.013200,0.453040,0.038168,0.104027,-0.034848,-0.468213,0.295484,0.946049,-0.490520,-0.004251,-0.124595
-0.001801,0.043749,0.783793,-0.138135,-0.000460,-0.743688,0.654100,0.116789,0.171210,0.228161,0.394106,-0.348265,0.039390,-0.696866,-0.210364,-0.114295,1.596422,-0.032051,0.261800,-0.027378,0.006744,0.309541,-0.002061,0.377374,-0.527835,1.013501,0.452609,0.038683,0.104272,-0.034650,-0.466516,0.295749,0.946344,-0.490743,-0.004032,-0.124836
-0.001876,0.043619,0.783735,-0.137876,-0.000552,-0.743751,0.654083,0.116595,0.170634,0.228064,0.394227,-0.347880,0.040114,-0.696976,-0.210000,-0.114178,1.596447,-0.032135,0.261800,-0.028128,0.006812,0.309907,-0.002439,0.378833,-0.528348,1.014166,0.452319,0.039393,0.104866,-0.034257,-0.464886,0.295899,0.946613,-0.490574,-0.003909,-0.125114
-0.001916,0.043531,0.783740,-0.137646,-0.000625,-0.743791,0.654086,0.116365,0.170104,0.227896,0.394420,-0.347525,0.040798,-0.697061,-0.209602,-0.114048,1.596456,-0.032180,0.261800,-0.028788,0.006834,0.310317,-0.002898,0.380524,-0.529127,1.014830,0.452274,0.040186,0.105536,-0.033780,-0.463130,0.296019,0.947009,-0.490284,-0.003809,-0.125352
-0.001959,0.043399,0.783737,-0.137435,-0.000690,-0.743848,0.654066,0.116047,0.169698,0.227826,0.394892,-0.347419,0.041600,-0.697280,-0.208895,-0.113673,1.596600,-0.032174,0.261800,-0.029308,0.006924,0.310784,-0.003266,0.382259,-0.529629,1.015358,0.452661,0.040937,0.106048,-0.033188,-0.461434,0.296260,0.947441,-0.489986,-0.003671,-0.125394
-0.001996,0.043269,0.783719,-0.137249,-0.000755,-0.743906,0.654038,0.115648,0.169372,0.227869,0.395651,-0.347592,0.042588,-0.697674,-0.207848,-0.112920,1.596974,-0.032074,0.261800,-0.029722,0.007063,0.311316,-0.003558,0.383965,-0.529842,1.015809,0.453817,0.041659,0.106299,-0.032441,-0.459839,0.296665,0.947915,-0.489556,-0.003445,-0.125088
-0.002056,0.043135,0.783707,-0.137084,-0.000819,-0.743953,0.654019,0.115171,0.169104,0.227942,0.396643,-0.347963,0.043673,-0.698162,-0.206591,-0.111932,1.597485,-0.031901,0.261800,-0.030070,0.007172,0.311904,-0.003772,0.385795,-0.529938,1.016161,0.455582,0.042401,0.106418,-0.031637,-0.458206,0.297212,0.948529,-0.488985,-0.003170,-0.124569
-0.002095,0.042985,0.783672,-0.136955,-0.000839,-0.744030,0.653958,0.114599,0.169021,0.228073,0.397881,-0.348518,0.044765,-0.698709,-0.205097,-0.110909,1.597975,-0.031731,0.261800,-0.030307,0.007386,0.312515,-0.003885,0.387711,-0.529776,1.016367,0.457317,0.043099,0.106549,-0.030839,-0.456588,0.297890,0.949242,-0.488541,-0.002927,-0.124073
-0.002174,0.042837,0.783610,-0.136874,-0.000777,-0.744175,0.653810,0.113880,0.169248,0.228286,0.399447,-0.349281,0.045778,-0.699280,-0.203331,-0.110049,1.598281,-0.031641,0.261800,-0.030376,0.007905,0.313112,-0.003909,0.389521,-0.529169,1.016466,0.458493,0.043690,0.106856,-0.030068,-0.455158,0.298693,0.949956,-0.488445,-0.002809,-0.123816
-0.002218,0.042734,0.783540,-0.136887,-0.000565,-0.744413,0.653537,0.112969,0.169923,0.228637,0.401420,-0.350326,0.046697,-0.699881,-0.201183,-0.109440,1.598332,-0.031712,0.261800,-0.030254,0.008843,0.313658,-0.003819,0.391286,-0.528152,1.016420,0.458727,0.044207,0.107425,-0.029350,-0.453867,0.299640,0.950684,-0.489029,-0.002895,-0.123945
-0.002299,0.042630,0.783438,-0.136947,-0.000267,-0.744720,0.653175,0.111895,0.170955,0.229092,0.403753,-0.351633,0.047569,-0.700519,-0.198699,-0.108968,1.598221,-0.031875,0.261800,-0.029912,0.010257,0.314155,-0.003936,0.392671,-0.526947,1.016647,0.458415,0.044669,0.108218,-0.028442,-0.452947,0.300603,0.951267,-0.490049,-0.003126,-0.124263
-0.002367,0.042521,0.783328,-0.137039,0.000064,-0.745053,0.652776,0.110756,0.172095,0.229548,0.406259,-0.353021,0.048398,-0.701188,-0.196102,-0.108513,1.598047,-0.032011,0.261800,-0.029555,0.011592,0.314715,-0.003608,0.394343,-0.525061,1.016332,0.458063,0.044976,0.108984,-0.027808,-0.451942,0.301848,0.952086,-0.490989,-0.003353,-0.124660
-0.002466,0.042401,0.783212,-0.137125,0.000351,-0.745368,0.652398,0.109579,0.173133,0.229888,0.408911,-0.354397,0.049189,-0.701866,-0.193603,-0.107974,1.597911,-0.031999,0.261800,-0.029151,0.012787,0.315381,-0.003140,0.395960,-0.522588,1.015826,0.458133,0.045043,0.109643,-0.027215,-0.451066,0.303182,0.952944,-0.491300,-0.003449,-0.124889
-0.002522,0.042290,0.783158,-0.137195,0.000579,-0.745657,0.652053,0.108303,0.174027,0.230009,0.411826,-0.355737,0.049947,-0.702611,-0.191221,-0.107293,1.597883,-0.031740,0.261800,-0.028454,0.013960,0.316132,-0.002994,0.397071,-0.519642,1.015674,0.459068,0.044765,0.110261,-0.026345,-0.450534,0.304404,0.953649,-0.490623,-0.003363,-0.124795
-0.002580,0.042182,0.783088,-0.137267,0.000784,-0.745943,0.651710,0.106917,0.174880,0.229996,0.415021,-0.357116,0.050672,-0.703415,-0.188861,-0.106521,1.597904,-0.031321,0.261800,-0.028087,0.014775,0.317046,-0.001909,0.398639,-0.515286,1.014522,0.460623,0.044186,0.110708,-0.026174,-0.449908,0.306403,0.954812,-0.489238,-0.003148,-0.124607
-0.002606,0.042072,0.783016,-0.137351,0.000975,-0.746228,0.651366,0.105632,0.175704,0.230030,0.418082,-0.358449,0.051350,-0.704162,-0.186542,-0.105762,1.597857,-0.030903,0.261800,-0.027509,0.015663,0.317975,-0.001044,0.399966,-0.510973,1.013559,0.461932,0.043542,0.111134,-0.025756,-0.449446,0.308098,0.955860,-0.487821,-0.002903,-0.124416
-0.002641,0.041963,0.783001,-0.137428,0.001140,-0.746519,0.651016,0.104670,0.176484,0.230298,0.420571,-0.359643,0.051964,-0.704742,-0.184288,-0.105099,1.597638,-0.030645,0.261800,-0.027182,0.016504,0.318935,0.000199,0.401443,-0.506496,1.012193,0.462415,0.043010,0.111434,-0.025566,-0.448958,0.309819,0.957069,-0.486852,-0.002686,-0.124435
-0.002670,0.041874,0.782957,-0.137519,0.001272,-0.746818,0.650654,0.104191,0.177189,0.230931,0.422263,-0.360654,0.052468,-0.705097,-0.182126,-0.104528,1.597250,-0.030666,0.261800,-0.026894,0.017339,0.319939,0.001525,0.402976,-0.502177,1.010619,0.461469,0.042654,0.111567,-0.025336,-0.448428,0.311193,0.958304,-0.486519,-0.002573,-0.124857
-0.002713,0.041754,0.782903,-0.137620,0.001374,-0.747122,0.650283,0.104050,0.177835,0.231803,0.423418,-0.361529,0.052879,-0.705289,-0.180034,-0.104017,1.596737,-0.030851,0.261800,-0.026375,0.018312,0.320925,0.002475,0.404157,-0.498215,1.009398,0.459571,0.042388,0.111653,-0.024782,-0.447992,0.312022,0.959438,-0.486573,-0.002509,-0.125519
-0.002748,0.041664,0.782849,-0.137724,0.001493,-0.747423,0.649915,0.103986,0.178483,0.232719,0.424359,-0.362340,0.053276,-0.705413,-0.177973,-0.103605,1.596063,-0.031026,0.261800,-0.026076,0.019228,0.321881,0.003710,0.405466,-0.494138,1.007969,0.457572,0.042145,0.111719,-0.024505,-0.447500,0.312974,0.960810,-0.486908,-0.002370,-0.126120
-0.002784,0.041595,0.782765,-0.137804,0.001659,-0.747717,0.649558,0.103750,0.179202,0.233481,0.425394,-0.363153,0.053740,-0.705571,-0.175911,-0.103339,1.595204,-0.031018,0.261800,-0.025877,0.020144,0.322687,0.005014,0.406878,-0.490352,1.006649,0.456210,0.041898,0.111926,-0.024362,-0.446956,0.313954,0.962362,-0.487535,-0.002047,-0.126320
-0.002819,0.041474,0.782736,-0.137867,0.001884,-0.748020,0.649195,0.103347,0.179959,0.234105,0.426493,-0.363956,0.054338,-0.705838,-0.173785,-0.103160,1.594163,-0.030765,0.261800,-0.025805,0.020945,0.323384,0.006583,0.408635,-0.486787,1.005193,0.455703,0.041621,0.112311,-0.024568,-0.446270,0.315100,0.964274,-0.488712,-0.001389,-0.125927
-0.002887,0.041386,0.782688,-0.137920,0.002147,-0.748329,0.648827,0.102880,0.180754,0.234669,0.427550,-0.364736,0.055009,-0.706133,-0.171624,-0.103083,1.592926,-0.030356,0.261800,-0.025446,0.022022,0.323886,0.007404,0.409836,-0.484072,1.004726,0.455630,0.041368,0.112967,-0.024403,-0.445778,0.315768,0.966103,-0.490413,-0.000508,-0.125090
-0.002896,0.041266,0.782687,-0.137970,0.002469,-0.748609,0.648493,0.102251,0.181649,0.235080,0.428712,-0.365525,0.055648,-0.706358,-0.169546,-0.103215,1.591530,-0.029870,0.261800,-0.025237,0.023203,0.324206,0.008149,0.410933,-0.481671,1.004549,0.455737,0.041147,0.113687,-0.024249,-0.445324,0.316401,0.968000,-0.492051,0.000349,-0.124161
-0.002914,0.041148,0.782719,-0.138032,0.002880,-0.748825,0.648228,0.101355,0.182706,0.235243,0.430150,-0.366373,0.056148,-0.706425,-0.167679,-0.103664,1.590014,-0.029394,0.261800,-0.025499,0.024216,0.324407,0.009729,0.412693,-0.479024,1.003566,0.455779,0.040967,0.114193,-0.024423,-0.444577,0.317294,0.970061,-0.493092,0.000931,-0.123496
-0.002914,0.040997,0.782762,-0.138130,0.003397,-0.748963,0.648045,0.100097,0.184003,0.235093,0.432062,-0.367309,0.056466,-0.706290,-0.166015,-0.104512,1.588346,-0.028881,0.261800,-0.025792,0.025503,0.324355,0.010897,0.414185,-0.477163,1.003204,0.455581,0.040925,0.114723,-0.024087,-0.443902,0.317664,0.971795,-0.493395,0.001050,-0.123129
-0.002948,0.040852,0.782802,-0.138241,0.003991,-0.749047,0.647922,0.098599,0.185456,0.234704,0.434215,-0.368322,0.056670,-0.706029,-0.164506,-0.105669,1.586566,-0.028315,0.261800,-0.026222,0.026978,0.324097,0.011861,0.415487,-0.475813,1.003271,0.455339,0.040979,0.115291,-0.023540,-0.443285,0.317790,0.973415,-0.493217,0.000883,-0.122900
-0.002928,0.040698,0.782843,-0.138343,0.004660,-0.749087,0.647849,0.096942,0.187018,0.234151,0.436416,-0.369325,0.056801,-0.705645,-0.163175,-0.107051,1.584638,-0.027787,0.261800,-0.026737,0.028570,0.323582,0.012825,0.416749,-0.474709,1.003486,0.455136,0.041015,0.115775,-0.022877,-0.442673,0.317846,0.974987,-0.492842,0.000702,-0.122723
-0.002939,0.040510,0.782891,-0.138421,0.005406,-0.749100,0.647812,0.095217,0.188627,0.233514,0.438468,-0.370284,0.056903,-0.705147,-0.162029,-0.108577,1.582558,-0.027403,0.261800,-0.027213,0.030404,0.322705,0.013560,0.417672,-0.473840,1.004124,0.455031,0.040929,0.116139,-0.022037,-0.442230,0.317939,0.976492,-0.492500,0.000780,-0.122485
-0.002922,0.040345,0.782929,-0.138489,0.006267,-0.749082,0.647810,0.093392,0.190374,0.232781,0.440379,-0.371193,0.056901,-0.704463,-0.161088,-0.110399,1.580196,-0.027245,0.261800,-0.027695,0.032393,0.321504,0.014456,0.418650,-0.472912,1.004738,0.455043,0.040591,0.116289,-0.021192,-0.441782,0.318211,0.978015,-0.492137,0.001264,-0.122138
-0.002878,0.040153,0.783010,-0.138552,0.007234,-0.749027,0.647850,0.091438,0.192257,0.231920,0.442237,-0.372080,0.056798,-0.703614,-0.160335,-0.112505,1.577606,-0.027246,0.261800,-0.028209,0.034607,0.319986,0.015300,0.419478,-0.472135,1.005600,0.455122,0.040093,0.116311,-0.020233,-0.441417,0.318552,0.979475,-0.491639,0.001984,-0.121732
-0.002846,0.039946,0.783085,-0.138584,0.008235,-0.748943,0.647928,0.089470,0.194063,0.230989,0.443902,-0.372905,0.056759,-0.702743,-0.159745,-0.114556,1.575019,-0.027253,0.261800,-0.028770,0.036878,0.318161,0.016045,0.420122,-0.471574,1.006666,0.455296,0.039633,0.116213,-0.019172,-0.441154,0.318909,0.980926,-0.491260,0.002732,-0.121382
-0.002822,0.039670,0.783173,-0.138521,0.009158,-0.748842,0.648046,0.087617,0.195549,0.230043,0.445194,-0.373605,0.056948,-0.701997,-0.159310,-0.116193,1.572685,-0.027127,0.261800,-0.029588,0.038770,0.316150,0.017444,0.421254,-0.470936,1.006841,0.455500,0.039428,0.115857,-0.018409,-0.440743,0.319527,0.982641,-0.491207,0.003299,-0.121251
-0.002779,0.039402,0.783275,-0.138347,0.010035,-0.748701,0.648233,0.085802,0.196634,0.229013,0.446072,-0.374193,0.057528,-0.701477,-0.159095,-0.117338,1.570630,-0.026748,0.261800,-0.030501,0.040580,0.313727,0.018469,0.422014,-0.470928,1.007397,0.455720,0.039601,0.115255,-0.017470,-0.440519,0.320191,0.984394,-0.491803,0.003596,-0.121338
-0.002738,0.039072,0.783399,-0.138075,0.010883,-0.748526,0.648479,0.084019,0.197430,0.227904,0.446573,-0.374666,0.058374,-0.701089,-0.159094,-0.118166,1.568743,-0.026225,0.261800,-0.031582,0.042234,0.310966,0.019649,0.422812,-0.471208,1.007737,0.455962,0.040041,0.114377,-0.016593,-0.440351,0.321058,0.986306,-0.492821,0.003749,-0.121605
-0.002678,0.038711,0.783516,-0.137799,0.011693,-0.748355,0.648722,0.082411,0.198102,0.226866,0.446859,-0.375053,0.059207,-0.700668,-0.159144,-0.118764,1.567030,-0.025727,0.261800,-0.032669,0.043806,0.308094,0.021035,0.423687,-0.471443,1.007788,0.456299,0.040509,0.113550,-0.015663,-0.440195,0.321763,0.988153,-0.493766,0.003854,-0.121956
-0.002618,0.038384,0.783632,-0.137586,0.012428,-0.748226,0.648902,0.081148,0.198817,0.226056,0.447044,-0.375361,0.059752,-0.700050,-0.159083,-0.119219,1.565496,-0.025419,0.261800,-0.033590,0.045354,0.305342,0.022730,0.424654,-0.471258,1.007404,0.456883,0.040803,0.113099,-0.014622,-0.439997,0.321891,0.989791,-0.494198,0.004005,-0.122314
-0.002577,0.038053,0.783770,-0.137471,0.013102,-0.748153,0.648998,0.080316,0.199626,0.225541,0.447067,-0.375511,0.059848,-0.699141,-0.158865,-0.119576,1.564067,-0.025378,0.261800,-0.034276,0.046956,0.302694,0.024631,0.425487,-0.470502,1.006839,0.458114,0.040851,0.113335,-0.013393,-0.439757,0.321241,0.991198,-0.493954,0.004235,-0.122711
-0.002531,0.037725,0.783900,-0.137409,0.013723,-0.748113,0.649044,0.079826,0.200431,0.225233,0.446868,-0.375510,0.059672,-0.698043,-0.158577,-0.119779,1.562770,-0.025505,0.261800,-0.034808,0.048488,0.300088,0.026827,0.426402,-0.469338,1.005905,0.459800,0.040771,0.113979,-0.012061,-0.439404,0.320025,0.992465,-0.493326,0.004488,-0.123184
-0.002486,0.037385,0.784004,-0.137375,0.014275,-0.748096,0.649058,0.079545,0.201202,0.225046,0.446642,-0.375536,0.059449,-0.696895,-0.158254,-0.119765,1.561741,-0.025697,0.261800,-0.035312,0.050115,0.297394,0.028871,0.426907,-0.468218,1.005216,0.461254,0.040655,0.114725,-0.010751,-0.439144,0.318651,0.993803,-0.492423,0.004760,-0.123660
-0.002473,0.037041,0.784095,-0.137363,0.014752,-0.748089,0.649058,0.079405,0.201858,0.224906,0.446449,-0.375699,0.059404,-0.695833,-0.157945,-0.119445,1.561127,-0.025851,0.261800,-0.035744,0.051557,0.294928,0.031158,0.427762,-0.467065,1.003775,0.461915,0.040560,0.114971,-0.009415,-0.438708,0.316884,0.994922,-0.491784,0.005012,-0.124036
-0.002442,0.036703,0.784147,-0.137366,0.015140,-0.748100,0.649036,0.079390,0.202401,0.224815,0.446375,-0.376094,0.059631,-0.694896,-0.157555,-0.118691,1.560978,-0.025928,0.261800,-0.036180,0.052873,0.292496,0.033598,0.428812,-0.466211,1.001832,0.461141,0.040572,0.114630,-0.008233,-0.438197,0.315010,0.996139,-0.491158,0.005259,-0.124314
-0.002370,0.036298,0.784214,-0.137401,0.015456,-0.748129,0.648987,0.079554,0.202852,0.224807,0.446323,-0.376617,0.059998,-0.694008,-0.157097,-0.117578,1.561215,-0.025985,0.261800,-0.036594,0.054114,0.290119,0.036182,0.429948,-0.465460,0.999467,0.459444,0.040633,0.113948,-0.007107,-0.437665,0.312901,0.997337,-0.490473,0.005505,-0.124521
-0.002326,0.035948,0.784243,-0.137461,0.015721,-0.748164,0.648928,0.079855,0.203226,0.224850,0.446254,-0.377179,0.060390,-0.693147,-0.156770,-0.116362,1.561777,-0.026073,0.261800,-0.037005,0.055348,0.287807,0.038729,0.430955,-0.464679,0.997024,0.457597,0.040608,0.113120,-0.005963,-0.437198,0.310776,0.998412,-0.489819,0.005742,-0.124678
-0.002274,0.035581,0.784280,-0.137523,0.015939,-0.748188,0.648883,0.080249,0.203537,0.224902,0.446125,-0.377688,0.060693,-0.692306,-0.156774,-0.115302,1.562612,-0.026242,0.261800,-0.037481,0.056651,0.285467,0.040986,0.431529,-0.463833,0.995060,0.456303,0.040368,0.112380,-0.004880,-0.436920,0.309066,0.999497,-0.489158,0.005969,-0.124827
-0.002184,0.035193,0.784295,-0.137597,0.016113,-0.748207,0.648841,0.080762,0.203765,0.224976,0.445945,-0.378145,0.060973,-0.691477,-0.157166,-0.114422,1.563762,-0.026495,0.261800,-0.037669,0.057781,0.283444,0.043366,0.432460,-0.462639,0.992460,0.455931,0.039803,0.111469,-0.003395,-0.436515,0.306994,0.999941,-0.489035,0.006164,-0.124929
-0.002110,0.034849,0.784262,-0.137679,0.016231,-0.748225,0.648799,0.081379,0.203918,0.225076,0.445769,-0.378615,0.061258,-0.690680,-0.157844,-0.113601,1.565246,-0.026812,0.261800,-0.037806,0.058684,0.281551,0.046078,0.433842,-0.461195,0.989242,0.455858,0.038985,0.110355,-0.001949,-0.435970,0.305058,1.000271,-0.489061,0.006341,-0.125023
-0.002043,0.034527,0.784261,-0.137768,0.016309,-0.748228,0.648775,0.082121,0.203981,0.225205,0.445425,-0.378981,0.061382,-0.689906,-0.158768,-0.112839,1.566957,-0.027210,0.261800,-0.038036,0.059501,0.279749,0.048724,0.435171,-0.459718,0.986104,0.455906,0.038101,0.109310,-0.000616,-0.435454,0.303366,1.000559,-0.489054,0.006495,-0.125101
-0.001974,0.034214,0.784241,-0.137852,0.016350,-0.748200,0.648788,0.082966,0.203950,0.225353,0.444841,-0.379185,0.061176,-0.689170,-0.159909,-0.112129,1.568811,-0.027712,0.261800,-0.038380,0.060330,0.278047,0.050850,0.436164,-0.458613,0.983642,0.455743,0.037325,0.108570,0.000642,-0.435061,0.301835,1.000770,-0.488875,0.006602,-0.125142
-0.001842,0.033921,0.784241,-0.137916,0.016347,-0.748128,0.648858,0.083930,0.203780,0.225514,0.443920,-0.379166,0.060516,-0.688467,-0.161333,-0.111471,1.570833,-0.028390,0.261800,-0.038760,0.060985,0.276572,0.052729,0.437360,-0.457848,0.981228,0.455165,0.036629,0.108022,0.001981,-0.434579,0.300109,1.000636,-0.488506,0.006637,-0.125110
-0.001771,0.033646,0.784221,-0.137966,0.016294,-0.748022,0.648970,0.085013,0.203482,0.225690,0.442734,-0.378974,0.059517,-0.687802,-0.163038,-0.110860,1.573058,-0.029210,0.261800,-0.039061,0.061382,0.275298,0.054499,0.438994,-0.457412,0.978629,0.454255,0.035944,0.107556,0.003369,-0.433912,0.298225,1.000258,-0.488039,0.006613,-0.125041
-0.001667,0.033409,0.784200,-0.138016,0.016201,-0.747907,0.649095,0.086183,0.203139,0.225902,0.441435,-0.378705,0.058380,-0.687165,-0.164869,-0.110298,1.575395,-0.030043,0.261800,-0.039512,0.061862,0.274090,0.055828,0.440105,-0.457148,0.976818,0.453503,0.035370,0.107407,0.004610,-0.433432,0.296711,0.999938,-0.487633,0.006566,-0.124979
-0.001550,0.033210,0.784212,-0.138087,0.016081,-0.747806,0.649200,0.087459,0.202779,0.226185,0.440051,-0.378382,0.057306,-0.686559,-0.166700,-0.109756,1.577764,-0.030765,0.261800,-0.039760,0.062081,0.273137,0.057214,0.441722,-0.457098,0.974872,0.452983,0.034972,0.107441,0.005818,-0.432758,0.295299,0.999590,-0.487740,0.006488,-0.124987
-0.001420,0.032966,0.784214,-0.138176,0.015930,-0.747728,0.649274,0.088894,0.202399,0.226586,0.438502,-0.378007,0.056289,-0.686023,-0.168487,-0.109167,1.580194,-0.031325,0.261800,-0.040158,0.062352,0.272274,0.058300,0.442886,-0.457247,0.973727,0.453071,0.034826,0.107988,0.006673,-0.432310,0.294618,0.999558,-0.488604,0.006397,-0.125101
-0.001282,0.032747,0.784184,-0.138274,0.015744,-0.747660,0.649336,0.090431,0.201985,0.227069,0.436860,-0.377554,0.055243,-0.685551,-0.170308,-0.108562,1.582725,-0.031804,0.261800,-0.040506,0.062444,0.271618,0.059369,0.444342,-0.457662,0.972622,0.453416,0.034862,0.108832,0.007411,-0.431796,0.294219,0.999541,-0.490069,0.006268,-0.125282
-0.001176,0.032545,0.784139,-0.138401,0.015542,-0.747590,0.649394,0.091991,0.201591,0.227548,0.435268,-0.377110,0.054247,-0.685044,-0.172173,-0.108092,1.585233,-0.032238,0.261800,-0.040897,0.062588,0.271104,0.060133,0.445427,-0.458019,0.972121,0.453898,0.034994,0.109809,0.008060,-0.431428,0.294095,0.999528,-0.491298,0.006130,-0.125457
-0.001060,0.032395,0.784116,-0.138562,0.015332,-0.747508,0.649459,0.093500,0.201264,0.227942,0.433875,-0.376733,0.053380,-0.684425,-0.174110,-0.107902,1.587632,-0.032677,0.261800,-0.041204,0.062758,0.270779,0.060683,0.446298,-0.458063,0.972004,0.454226,0.035115,0.110599,0.008834,-0.431098,0.293936,0.999306,-0.491556,0.005988,-0.125556
-0.000988,0.032272,0.784099,-0.138772,0.015099,-0.747416,0.649525,0.095008,0.200999,0.228272,0.432667,-0.376429,0.052660,-0.683603,-0.176194,-0.108088,1.589894,-0.033137,0.261800,-0.041306,0.062694,0.270777,0.061466,0.447575,-0.457535,0.971570,0.454236,0.035213,0.111036,0.009679,-0.430516,0.293667,0.998869,-0.490208,0.005864,-0.125598
-0.000903,0.032147,0.784052,-0.139033,0.014855,-0.747317,0.649589,0.096554,0.200779,0.228570,0.431543,-0.376145,0.052048,-0.682650,-0.178390,-0.108561,1.592082,-0.033585,0.261800,-0.041358,0.062602,0.270973,0.062048,0.448631,-0.456651,0.971585,0.454185,0.035328,0.111380,0.010485,-0.429922,0.293535,0.998382,-0.487754,0.005753,-0.125602
-0.000815,0.032060,0.784058,-0.139303,0.014616,-0.747205,0.649665,0.097948,0.200623,0.228765,0.430688,-0.375954,0.051526,-0.681698,-0.180548,-0.109163,1.594178,-0.034027,0.261800,-0.041418,0.062651,0.271239,0.062198,0.449225,-0.455806,0.972290,0.454088,0.035484,0.111701,0.011378,-0.429511,0.293444,0.997773,-0.485319,0.005616,-0.125561
-0.000722,0.031964,0.784018,-0.139563,0.014415,-0.747073,0.649766,0.099056,0.200499,0.228795,0.430180,-0.375868,0.051084,-0.680912,-0.182554,-0.109710,1.596220,-0.034451,0.261800,-0.041678,0.062623,0.271584,0.062478,0.449905,-0.454908,0.972895,0.453979,0.035709,0.111907,0.012028,-0.428988,0.293478,0.997310,-0.484119,0.005425,-0.125558
-0.000605,0.031897,0.784010,-0.139801,0.014252,-0.746906,0.649911,0.099748,0.200414,0.228572,0.430211,-0.375946,0.050737,-0.680358,-0.184368,-0.110149,1.598270,-0.034875,0.261800,-0.042184,0.062599,0.271954,0.062623,0.450510,-0.454193,0.973768,0.453729,0.036043,0.112008,0.012534,-0.428489,0.293607,0.996930,-0.484817,0.005162,-0.125582
-0.000506,0.031824,0.783975,-0.140037,0.014125,-0.746710,0.650088,0.100133,0.200364,0.228153,0.430673,-0.376158,0.050483,-0.679949,-0.186066,-0.110570,1.600298,-0.035292,0.261800,-0.042860,0.062512,0.272416,0.062847,0.451171,-0.453444,0.974637,0.453383,0.036485,0.111979,0.012833,-0.427892,0.293831,0.996693,-0.486704,0.004841,-0.125636
-0.000389,0.031780,0.783964,-0.140264,0.014011,-0.746516,0.650265,0.100401,0.200368,0.227690,0.431244,-0.376405,0.050277,-0.679630,-0.187661,-0.111034,1.602256,-0.035685,0.261800,-0.043499,0.062454,0.272920,0.062844,0.451706,-0.452800,0.975780,0.453062,0.036895,0.111919,0.013198,-0.427380,0.294072,0.996325,-0.488693,0.004488,-0.125663
-0.000286,0.031744,0.783960,-0.140504,0.013925,-0.746345,0.650411,0.100706,0.200436,0.227328,0.431683,-0.376633,0.050080,-0.679298,-0.189167,-0.111602,1.603988,-0.036045,0.261800,-0.043960,0.062293,0.273453,0.062857,0.452394,-0.452115,0.976823,0.452916,0.037169,0.111839,0.013488,-0.426680,0.294417,0.995980,-0.489741,0.004132,-0.125699
-0.000193,0.031744,0.783952,-0.140757,0.013870,-0.746203,0.650520,0.101058,0.200627,0.227089,0.431978,-0.376858,0.049881,-0.678905,-0.190627,-0.112389,1.605465,-0.036388,0.261800,-0.044095,0.062233,0.274000,0.062523,0.452924,-0.451560,0.978170,0.453010,0.037207,0.111790,0.014085,-0.426107,0.294660,0.995253,-0.489308,0.003708,-0.125601
-0.000119,0.031767,0.783903,-0.141022,0.013850,-0.746076,0.650608,0.101378,0.200924,0.226903,0.432238,-0.377096,0.049702,-0.678497,-0.192010,-0.113340,1.606731,-0.036707,0.261800,-0.043999,0.062527,0.274531,0.061889,0.453037,-0.451343,0.979804,0.453172,0.037159,0.111829,0.014864,-0.425970,0.294754,0.994331,-0.487993,0.003144,-0.125300
-0.000069,0.031771,0.783873,-0.141277,0.013830,-0.745970,0.650675,0.101696,0.201234,0.226759,0.432448,-0.377320,0.049549,-0.678187,-0.193251,-0.114236,1.607906,-0.036980,0.261800,-0.043813,0.062555,0.275185,0.060860,0.453235,-0.450996,0.981785,0.453559,0.036987,0.111773,0.016039,-0.425707,0.294964,0.992806,-0.486497,0.002758,-0.125146
-0.000028,0.031806,0.783817,-0.141512,0.013797,-0.745888,0.650719,0.102050,0.201458,0.226664,0.432528,-0.377464,0.049430,-0.678103,-0.194272,-0.114857,1.609082,-0.037159,0.261800,-0.043674,0.062416,0.275785,0.060223,0.453613,-0.450727,0.983255,0.453917,0.037047,0.111773,0.016548,-0.425211,0.295466,0.992101,-0.485583,0.002512,-0.125248
0.000006,0.031843,0.783792,-0.141709,0.013737,-0.745833,0.650740,0.102418,0.201567,0.226592,0.432493,-0.377542,0.049384,-0.678324,-0.195031,-0.115120,1.610321,-0.037190,0.261800,-0.043516,0.062280,0.276398,0.059501,0.453874,-0.450826,0.984652,0.454350,0.037343,0.111893,0.016891,-0.424906,0.296178,0.991612,-0.485375,0.002489,-0.125698
0.000037,0.031885,0.783800,-0.141877,0.013659,-0.745801,0.650742,0.102815,0.201601,0.226556,0.432321,-0.377546,0.049395,-0.678777,-0.195580,-0.115140,1.611569,-0.037112,0.261800,-0.043382,0.061987,0.276955,0.058809,0.454241,-0.451173,0.985971,0.454770,0.037781,0.112078,0.016891,-0.424519,0.297307,0.991541,-0.485462,0.002652,-0.126464
0.000097,0.031929,0.783812,-0.142046,0.013587,-0.745793,0.650716,0.103203,0.201654,0.226578,0.432153,-0.377539,0.049382,-0.679314,-0.195953,-0.115053,1.612697,-0.037015,0.261800,-0.043199,0.061631,0.277518,0.058259,0.454646,-0.451440,0.987035,0.455113,0.038287,0.112209,0.016778,-0.424099,0.298476,0.991592,-0.485652,0.002868,-0.127181
0.000139,0.032021,0.783845,-0.142233,0.013530,-0.745809,0.650658,0.103607,0.201815,0.226692,0.432004,-0.377499,0.049260,-0.679781,-0.196167,-0.114997,1.613597,-0.037000,0.261800,-0.042936,0.061297,0.278111,0.057860,0.454995,-0.451363,0.987839,0.455255,0.038783,0.112196,0.016756,-0.423693,0.299411,0.991491,-0.485743,0.003014,-0.127481
0.000167,0.032077,0.783863,-0.142443,0.013506,-0.745857,0.650557,0.103958,0.202163,0.226923,0.432005,-0.377479,0.048966,-0.680170,-0.196198,-0.115030,1.614210,-0.037107,0.261800,-0.042360,0.061288,0.278689,0.057555,0.455076,-0.451178,0.988326,0.455012,0.039344,0.112052,0.017082,-0.423562,0.299637,0.991123,-0.485693,0.002985,-0.127041
0.000198,0.032172,0.783898,-0.142674,0.013462,-0.745945,0.650407,0.104424,0.202582,0.227315,0.431967,-0.377411,0.048558,-0.680501,-0.196031,-0.115008,1.614621,-0.037293,0.261800,-0.041892,0.060914,0.279388,0.057200,0.455217,-0.450269,0.988942,0.454675,0.039898,0.111667,0.017461,-0.423191,0.300213,0.990377,-0.485330,0.003164,-0.126315
0.000242,0.032296,0.783921,-0.142909,0.013444,-0.746037,0.650250,0.104839,0.203041,0.227697,0.431947,-0.377332,0.048137,-0.680840,-0.195763,-0.114977,1.614871,-0.037479,0.261800,-0.041590,0.060519,0.280022,0.057438,0.455365,-0.448944,0.988977,0.454393,0.040426,0.111264,0.017238,-0.422580,0.300873,0.990351,-0.485207,0.003200,-0.125578
0.000237,0.032382,0.783928,-0.143131,0.013431,-0.746115,0.650112,0.105242,0.203467,0.227990,0.431851,-0.377227,0.047800,-0.681167,-0.195454,-0.114909,1.614999,-0.037588,0.261800,-0.041132,0.060232,0.280646,0.057502,0.455398,-0.447945,0.988996,0.454186,0.040781,0.110901,0.017407,-0.422179,0.301205,0.989995,-0.485368,0.003085,-0.125056
0.000252,0.032509,0.783938,-0.143356,0.013418,-0.746180,0.649988,0.105685,0.203870,0.228160,0.431640,-0.377094,0.047544,-0.681454,-0.195045,-0.114769,1.614991,-0.037594,0.261800,-0.040682,0.059975,0.281280,0.057722,0.455355,-0.446800,0.988763,0.454255,0.040906,0.110557,0.017622,-0.421821,0.301417,0.989659,-0.485943,0.002691,-0.124934
0.000246,0.032615,0.783941,-0.143598,0.013421,-0.746241,0.649864,0.106152,0.204273,0.228262,0.431361,-0.376937,0.047326,-0.681713,-0.194527,-0.114572,1.614840,-0.037540,0.261800,-0.040417,0.059657,0.281949,0.058237,0.455206,-0.445169,0.988263,0.454628,0.040861,0.110200,0.017601,-0.421347,0.301710,0.989530,-0.486866,0.002129,-0.125071
0.000244,0.032746,0.783961,-0.143805,0.013427,-0.746291,0.649761,0.106539,0.204636,0.228337,0.431062,-0.376757,0.047186,-0.681995,-0.194044,-0.114379,1.614567,-0.037456,0.261800,-0.039958,0.059395,0.282504,0.058489,0.455050,-0.444208,0.987858,0.454783,0.040749,0.109884,0.017894,-0.421055,0.301816,0.989200,-0.487783,0.001587,-0.125231
0.000279,0.032842,0.784002,-0.143951,0.013434,-0.746318,0.649698,0.106751,0.204889,0.228413,0.430784,-0.376551,0.047170,-0.682344,-0.193773,-0.114252,1.614214,-0.037372,0.261800,-0.039683,0.059056,0.283083,0.058773,0.454909,-0.443545,0.987311,0.454968,0.040630,0.109614,0.018004,-0.420858,0.302032,0.988877,-0.488678,0.001311,-0.125257
0.000295,0.032958,0.784052,-0.144018,0.013451,-0.746312,0.649689,0.106708,0.204992,0.228534,0.430564,-0.376327,0.047400,-0.682815,-0.193809,-0.114199,1.613776,-0.037270,0.261800,-0.039766,0.058567,0.283653,0.059141,0.454767,-0.443175,0.986669,0.455308,0.040562,0.109414,0.017715,-0.420689,0.302645,0.988748,-0.489555,0.001538,-0.125164
0.000315,0.033080,0.784127,-0.144016,0.013471,-0.746287,0.649718,0.106472,0.204998,0.228674,0.430376,-0.376087,0.047813,-0.683391,-0.194038,-0.114193,1.613256,-0.037141,0.261800,-0.040336,0.057911,0.283942,0.059608,0.454441,-0.443035,0.986305,0.455601,0.040501,0.109328,0.016549,-0.420364,0.304265,0.989568,-0.490162,0.002118,-0.125154
0.000347,0.033248,0.784183,-0.143987,0.013489,-0.746249,0.649768,0.106173,0.204958,0.228761,0.430180,-0.375818,0.048180,-0.683934,-0.194321,-0.114229,1.612625,-0.037031,0.261800,-0.040500,0.057302,0.284506,0.059811,0.454375,-0.443348,0.985565,0.455836,0.040349,0.109195,0.016332,-0.420321,0.304772,0.989173,-0.491041,0.002633,-0.124939
0.000364,0.033408,0.784218,-0.143971,0.013514,-0.746204,0.649822,0.105953,0.204923,0.228723,0.429874,-0.375474,0.048271,-0.684338,-0.194524,-0.114298,1.611866,-0.036978,0.261800,-0.040760,0.056675,0.284775,0.060093,0.454250,-0.443931,0.985009,0.455640,0.040127,0.109203,0.015968,-0.420262,0.305543,0.989048,-0.491532,0.002888,-0.124838
0.000363,0.033577,0.784241,-0.143975,0.013542,-0.746155,0.649877,0.105878,0.204926,0.228486,0.429419,-0.375019,0.047892,-0.684524,-0.194626,-0.114452,1.610924,-0.037038,0.261800,-0.041006,0.056069,0.284942,0.060302,0.453965,-0.444565,0.984616,0.455080,0.039686,0.109357,0.015807,-0.420163,0.305956,0.988639,-0.492015,0.002718,-0.124785
0.000397,0.033743,0.784253,-0.143985,0.013577,-0.746097,0.649941,0.105856,0.204935,0.228103,0.428870,-0.374485,0.047211,-0.684557,-0.194692,-0.114686,1.609821,-0.037175,0.261800,-0.041295,0.055434,0.285225,0.060613,0.453779,-0.444978,0.983975,0.454429,0.039026,0.109534,0.015864,-0.420114,0.305862,0.987744,-0.492642,0.002240,-0.124671
0.000413,0.033921,0.784274,-0.143975,0.013599,-0.746033,0.650016,0.105836,0.204905,0.227711,0.428271,-0.373927,0.046533,-0.684562,-0.194711,-0.114883,1.608659,-0.037286,0.261800,-0.041189,0.054861,0.285363,0.060259,0.453327,-0.446136,0.983989,0.453746,0.038471,0.109847,0.016364,-0.420053,0.305273,0.986676,-0.493178,0.001736,-0.124630
0.000425,0.034062,0.784298,-0.143937,0.013612,-0.745964,0.650104,0.105711,0.204807,0.227416,0.427757,-0.373448,0.046167,-0.684653,-0.194667,-0.114952,1.607567,-0.037286,0.261800,-0.041274,0.054155,0.285629,0.060313,0.453054,-0.446965,0.983494,0.453597,0.038214,0.110030,0.016523,-0.420063,0.305108,0.985860,-0.493226,0.001390,-0.124683
0.000433,0.034213,0.784328,-0.143853,0.013601,-0.745887,0.650211,0.105467,0.204625,0.227288,0.427311,-0.373063,0.046292,-0.684876,-0.194519,-0.114815,1.606551,-0.037103,0.261800,-0.041064,0.053513,0.285724,0.059642,0.452490,-0.448699,0.983796,0.453934,0.038524,0.110267,0.016741,-0.420185,0.305114,0.985415,-0.492532,0.001290,-0.124935
0.000426,0.034394,0.784371,-0.143745,0.013581,-0.745801,0.650333,0.105141,0.204370,0.227249,0.426904,-0.372731,0.046715,-0.685171,-0.194293,-0.114535,1.605560,-0.036803,0.261800,-0.041059,0.052730,0.285900,0.059260,0.452056,-0.450256,0.983775,0.454795,0.039172,0.110422,0.016629,-0.420369,0.305553,0.985221,-0.491286,0.001304,-0.125312
0.000430,0.034526,0.784418,-0.143617,0.013553,-0.745716,0.650460,0.104780,0.204084,0.227223,0.426512,-0.372409,0.047168,-0.685465,-0.194053,-0.114246,1.604595,-0.036485,0.261800,-0.041065,0.051903,0.286076,0.059056,0.451678,-0.451620,0.983549,0.455716,0.039805,0.110539,0.016464,-0.420581,0.306089,0.985106,-0.489896,0.001378,-0.125708
0.000404,0.034685,0.784442,-0.143492,0.013540,-0.745640,0.650575,0.104425,0.203821,0.227132,0.426114,-0.372045,0.047382,-0.685689,-0.193858,-0.114091,1.603627,-0.036232,0.261800,-0.040944,0.051227,0.286121,0.058686,0.451021,-0.452894,0.983587,0.456189,0.040062,0.110709,0.016559,-0.420955,0.306470,0.984875,-0.488709,0.001461,-0.126008
0.000407,0.034839,0.784488,-0.143371,0.013548,-0.745576,0.650675,0.104058,0.203595,0.226941,0.425742,-0.371631,0.047266,-0.685846,-0.193718,-0.114100,1.602670,-0.036068,0.261800,-0.040781,0.050557,0.286193,0.058701,0.450428,-0.453372,0.983176,0.456333,0.039698,0.110879,0.016812,-0.421269,0.306580,0.984437,-0.487951,0.001568,-0.126156
0.000388,0.034995,0.784505,-0.143256,0.013580,-0.745520,0.650763,0.103656,0.203387,0.226693,0.425415,-0.371202,0.046968,-0.685955,-0.193593,-0.114210,1.601700,-0.035937,0.261800,-0.040571,0.050011,0.286183,0.058622,0.449522,-0.453520,0.982982,0.456294,0.038951,0.111127,0.017215,-0.421726,0.306602,0.983914,-0.487299,0.001724,-0.126211
0.000395,0.035158,0.784526,-0.143132,0.013599,-0.745464,0.650854,0.103273,0.203170,0.226431,0.425068,-0.370767,0.046584,-0.686019,-0.193508,-0.114382,1.600769,-0.035849,0.261800,-0.040405,0.049535,0.286172,0.058519,0.448388,-0.453511,0.982879,0.456119,0.038178,0.111327,0.017619,-0.422282,0.306608,0.983434,-0.486829,0.001862,-0.126260
0.000401,0.035330,0.784504,-0.143005,0.013595,-0.745400,0.650956,0.102987,0.202895,0.226208,0.424585,-0.370305,0.046210,-0.686034,-0.193481,-0.114569,1.599910,-0.035802,0.261800,-0.040303,0.049033,0.286203,0.058300,0.447154,-0.453682,0.982913,0.455750,0.037717,0.111364,0.017924,-0.422902,0.306648,0.983118,-0.486577,0.001914,-0.126383
0.000385,0.035482,0.784495,-0.142870,0.013555,-0.745321,0.651077,0.102826,0.202549,0.226024,0.423919,-0.369805,0.045822,-0.685976,-0.193500,-0.114747,1.599092,-0.035841,0.261800,-0.040258,0.048268,0.286361,0.058356,0.446403,-0.454014,0.982450,0.454885,0.037702,0.111026,0.017985,-0.423297,0.306713,0.983087,-0.486722,0.001796,-0.126737
0.000373,0.035635,0.784477,-0.142734,0.013500,-0.745233,0.651208,0.102733,0.202163,0.225856,0.423168,-0.369296,0.045385,-0.685874,-0.193559,-0.114943,1.598354,-0.035946,0.261800,-0.040251,0.047462,0.286548,0.058325,0.445609,-0.454473,0.982074,0.453673,0.037924,0.110491,0.018001,-0.423732,0.306759,0.983171,-0.487154,0.001566,-0.127203
0.000402,0.035792,0.784523,-0.142589,0.013422,-0.745145,0.651343,0.102704,0.201739,0.225715,0.422328,-0.368763,0.044978,-0.685742,-0.193701,-0.115191,1.597687,-0.036039,0.261800,-0.040224,0.046660,0.286768,0.058257,0.444775,-0.454996,0.981725,0.452527,0.038246,0.109930,0.018010,-0.424192,0.306787,0.983319,-0.487639,0.001366,-0.127584
0.000401,0.035928,0.784547,-0.142446,0.013336,-0.745066,0.651467,0.102696,0.201284,0.225605,0.421482,-0.368231,0.044682,-0.685615,-0.193966,-0.115520,1.597117,-0.036039,0.261800,-0.040106,0.045909,0.286975,0.058028,0.443765,-0.455536,0.981634,0.451929,0.038494,0.109547,0.018071,-0.424752,0.306803,0.983481,-0.487923,0.001348,-0.127674
0.000411,0.036077,0.784597,-0.142291,0.013224,-0.745004,0.651574,0.102730,0.200772,0.225566,0.420607,-0.367682,0.044599,-0.685521,-0.194394,-0.115937,1.596668,-0.035907,0.261800,-0.039859,0.045147,0.287214,0.057806,0.442717,-0.455924,0.981578,0.452159,0.038629,0.109377,0.018139,-0.425320,0.306846,0.983701,-0.487899,0.001629,-0.127355
0.000403,0.036214,0.784660,-0.142136,0.013099,-0.744952,0.651669,0.102796,0.200224,0.225576,0.419720,-0.367134,0.044658,-0.685434,-0.194948,-0.116430,1.596321,-0.035693,0.261800,-0.039543,0.044522,0.287433,0.057290,0.441219,-0.456299,0.981999,0.453006,0.038743,0.109398,0.018254,-0.426118,0.306922,0.983970,-0.487676,0.002108,-0.126740
0.000393,0.036375,0.784710,-0.141981,0.012972,-0.744896,0.651769,0.102900,0.199665,0.225578,0.418762,-0.366564,0.044683,-0.685317,-0.195570,-0.116993,1.596042,-0.035449,0.261800,-0.039280,0.043934,0.287644,0.056727,0.439669,-0.456756,0.982530,0.453921,0.038858,0.109462,0.018360,-0.426937,0.307010,0.984249,-0.487443,0.002589,-0.126023
0.000380,0.036504,0.784738,-0.141837,0.012865,-0.744820,0.651890,0.103040,0.199126,0.225506,0.417678,-0.365954,0.044496,-0.685132,-0.196206,-0.117610,1.595797,-0.035233,0.261800,-0.039159,0.043181,0.287872,0.056496,0.438639,-0.457335,0.982623,0.454375,0.038994,0.109385,0.018334,-0.427483,0.307094,0.984583,-0.487408,0.002877,-0.125421
0.000361,0.036648,0.784770,-0.141695,0.012760,-0.744719,0.652038,0.103291,0.198592,0.225358,0.416362,-0.365284,0.043982,-0.684841,-0.196873,-0.118306,1.595606,-0.035043,0.261800,-0.039261,0.042471,0.288084,0.056256,0.437683,-0.458261,0.982785,0.454194,0.039161,0.109247,0.018301,-0.427990,0.307161,0.984828,-0.487559,0.002888,-0.124904
0.000333,0.036785,0.784765,-0.141575,0.012671,-0.744601,0.652201,0.103636,0.198060,0.225165,0.414863,-0.364568,0.043258,-0.684470,-0.197588,-0.119082,1.595483,-0.034859,0.261800,-0.039428,0.041955,0.288229,0.055626,0.436393,-0.459675,0.983486,0.453658,0.039362,0.109171,0.018427,-0.428676,0.307101,0.984932,-0.487802,0.002735,-0.124364
0.000326,0.036906,0.784797,-0.141455,0.012612,-0.744470,0.652377,0.103893,0.197595,0.224903,0.413442,-0.363871,0.042494,-0.684087,-0.198282,-0.119905,1.595361,-0.034693,0.261800,-0.039637,0.041478,0.288338,0.055029,0.435161,-0.461127,0.984156,0.453108,0.039577,0.109047,0.018601,-0.429324,0.306980,0.984989,-0.488144,0.002517,-0.123870
0.000318,0.037069,0.784833,-0.141333,0.012608,-0.744329,0.652565,0.103879,0.197257,0.224554,0.412371,-0.363266,0.041858,-0.683766,-0.198894,-0.120744,1.595190,-0.034562,0.261800,-0.039883,0.040858,0.288430,0.054852,0.434412,-0.462249,0.984261,0.452789,0.039789,0.108780,0.018567,-0.429714,0.306969,0.985241,-0.488535,0.002335,-0.123511
0.000311,0.037198,0.784885,-0.141214,0.012689,-0.744171,0.652769,0.103477,0.197114,0.224078,0.411798,-0.362794,0.041397,-0.683504,-0.199413,-0.121666,1.594913,-0.034481,0.261800,-0.040039,0.040400,0.288369,0.054507,0.433505,-0.463393,0.984573,0.452865,0.040124,0.108476,0.018662,-0.430159,0.306863,0.985519,-0.489080,0.002196,-0.123279
0.000311,0.037333,0.784954,-0.141094,0.012831,-0.743996,0.652991,0.102793,0.197117,0.223494,0.411589,-0.362422,0.041020,-0.683272,-0.199872,-0.122665,1.594568,-0.034437,0.261800,-0.040239,0.040005,0.288230,0.054224,0.432624,-0.464430,0.984836,0.453188,0.040537,0.108106,0.018738,-0.430563,0.306769,0.985859,-0.489764,0.002054,-0.123153
0.000286,0.037480,0.785023,-0.140965,0.012986,-0.743822,0.653214,0.102022,0.197175,0.222878,0.411482,-0.362076,0.040688,-0.683086,-0.200254,-0.123602,1.594252,-0.034404,0.261800,-0.040446,0.039617,0.288077,0.054096,0.431849,-0.465320,0.984882,0.453578,0.040850,0.107700,0.018725,-0.430912,0.306703,0.986263,-0.490331,0.001925,-0.123079
0.000259,0.037628,0.785077,-0.140856,0.013149,-0.743660,0.653419,0.101311,0.197238,0.222295,0.411316,-0.361727,0.040358,-0.682955,-0.200525,-0.124364,1.594034,-0.034344,0.261800,-0.040489,0.039340,0.287892,0.053536,0.430870,-0.466354,0.985401,0.453801,0.040783,0.107355,0.018963,-0.431343,0.306504,0.986428,-0.490497,0.001826,-0.122953
0.000222,0.037758,0.785126,-0.140741,0.013292,-0.743519,0.653601,0.100674,0.197301,0.221748,0.411089,-0.361388,0.040048,-0.682902,-0.200640,-0.124900,1.593963,-0.034244,0.261800,-0.040424,0.039115,0.287753,0.052986,0.429887,-0.467240,0.985839,0.453890,0.040219,0.107005,0.019276,-0.431786,0.306214,0.986435,-0.490096,0.001783,-0.122780
0.000174,0.037919,0.785164,-0.140625,0.013434,-0.743389,0.653771,0.100049,0.197375,0.221211,0.410854,-0.361053,0.039773,-0.682918,-0.200635,-0.125269,1.593989,-0.034123,0.261800,-0.040384,0.038800,0.287683,0.052851,0.429263,-0.467795,0.985699,0.453899,0.039313,0.106570,0.019440,-0.432083,0.305996,0.986465,-0.489316,0.001784,-0.122620
0.000130,0.038048,0.785197,-0.140516,0.013581,-0.743264,0.653934,0.099437,0.197463,0.220688,0.410613,-0.360722,0.039484,-0.682967,-0.200587,-0.125540,1.594065,-0.034008,0.261800,-0.040214,0.038540,0.287577,0.052355,0.428542,-0.468498,0.985927,0.453843,0.038288,0.106201,0.019814,-0.432444,0.305667,0.986303,-0.488435,0.001764,-0.122432
0.000071,0.038176,0.785229,-0.140400,0.013707,-0.743136,0.654102,0.098913,0.197489,0.220200,0.410218,-0.360324,0.039146,-0.683011,-0.200610,-0.125731,1.594149,-0.033928,0.261800,-0.040151,0.038238,0.287526,0.052124,0.427965,-0.469128,0.985705,0.453780,0.037552,0.105916,0.020013,-0.432751,0.305432,0.986240,-0.487821,0.001649,-0.122246
0.000049,0.038305,0.785293,-0.140285,0.013824,-0.743008,0.654269,0.098454,0.197461,0.219757,0.409694,-0.359862,0.038731,-0.683072,-0.200659,-0.125802,1.594247,-0.033908,0.261800,-0.040199,0.037866,0.287530,0.052046,0.427516,-0.469664,0.985185,0.453762,0.037140,0.105735,0.020099,-0.433001,0.305299,0.986202,-0.487592,0.001403,-0.122042
-0.000006,0.038425,0.785332,-0.140163,0.013928,-0.742883,0.654435,0.098062,0.197399,0.219352,0.409049,-0.359348,0.038268,-0.683155,-0.200701,-0.125754,1.594366,-0.033922,0.261800,-0.040302,0.037546,0.287545,0.052031,0.427014,-0.470201,0.984501,0.453751,0.036953,0.105681,0.020102,-0.433305,0.305201,0.986221,-0.487565,0.001058,-0.121820
-0.000046,0.038541,0.785400,-0.140045,0.014023,-0.742753,0.654605,0.097713,0.197316,0.218953,0.408360,-0.358823,0.037789,-0.683223,-0.200845,-0.125699,1.594514,-0.033941,0.261800,-0.040399,0.037191,0.287547,0.051861,0.426561,-0.470785,0.983955,0.453682,0.036778,0.105664,0.020174,-0.433610,0.305151,0.986131,-0.487530,0.000706,-0.121601
-0.000100,0.038688,0.785460,-0.139926,0.014094,-0.742610,0.654792,0.097429,0.197191,0.218541,0.407622,-0.358285,0.037337,-0.683233,-0.201213,-0.125738,1.594689,-0.033937,0.261800,-0.040539,0.036769,0.287551,0.051873,0.426284,-0.471305,0.983143,0.453558,0.036603,0.105617,0.020103,-0.433841,0.305209,0.986146,-0.487372,0.000410,-0.121451
-0.000157,0.038807,0.785545,-0.139797,0.014120,-0.742453,0.654996,0.097248,0.197010,0.218124,0.406818,-0.357731,0.036944,-0.683173,-0.201918,-0.125935,1.594948,-0.033877,0.261800,-0.040621,0.036305,0.287493,0.051777,0.426071,-0.471947,0.982403,0.453289,0.036362,0.105557,0.020112,-0.434089,0.305375,0.986088,-0.486898,0.000199,-0.121363
-0.000223,0.038928,0.785612,-0.139695,0.014142,-0.742293,0.655199,0.097118,0.196884,0.217715,0.406061,-0.357220,0.036563,-0.683040,-0.202792,-0.126276,1.595252,-0.033772,0.261800,-0.040750,0.035727,0.287551,0.051785,0.426050,-0.472120,0.981478,0.453248,0.036044,0.105419,0.020062,-0.434126,0.305449,0.985942,-0.486569,0.000030,-0.121315
-0.000259,0.039068,0.785666,-0.139546,0.014124,-0.742109,0.655440,0.097085,0.196542,0.217275,0.405009,-0.356554,0.036196,-0.682924,-0.203871,-0.126511,1.595560,-0.033720,0.261800,-0.040759,0.035287,0.287297,0.051594,0.425953,-0.473415,0.980761,0.452478,0.035896,0.105452,0.020089,-0.434586,0.305932,0.985972,-0.485595,-0.000121,-0.121307
-0.000324,0.039191,0.785709,-0.139430,0.014164,-0.741927,0.655669,0.096928,0.196382,0.216788,0.404143,-0.355993,0.035722,-0.682767,-0.204698,-0.126735,1.595684,-0.033720,0.261800,-0.040945,0.034866,0.287270,0.051427,0.425964,-0.474073,0.980072,0.452120,0.035675,0.105414,0.019962,-0.434838,0.306138,0.985928,-0.485157,-0.000275,-0.121244
-0.000368,0.039314,0.785757,-0.139326,0.014243,-0.741730,0.655913,0.096678,0.196293,0.216222,0.403318,-0.355453,0.035141,-0.682585,-0.205329,-0.126861,1.595615,-0.033828,0.261800,-0.041194,0.034603,0.287254,0.051166,0.426067,-0.474966,0.979491,0.451544,0.035463,0.105373,0.019819,-0.435199,0.306314,0.985878,-0.484886,-0.000403,-0.121109
-0.000433,0.039427,0.785786,-0.139230,0.014351,-0.741522,0.656166,0.096359,0.196255,0.215600,0.402539,-0.354941,0.034486,-0.682375,-0.205861,-0.126934,1.595415,-0.034009,0.261800,-0.041470,0.034413,0.287299,0.050830,0.426264,-0.475928,0.978932,0.450854,0.035259,0.105320,0.019731,-0.435585,0.306388,0.985694,-0.484766,-0.000492,-0.120931
-0.000523,0.039539,0.785840,-0.139137,0.014479,-0.741316,0.656416,0.096003,0.196273,0.214964,0.401787,-0.354451,0.033778,-0.682161,-0.206282,-0.126986,1.595123,-0.034209,0.261800,-0.041823,0.034240,0.287345,0.050459,0.426481,-0.476726,0.978569,0.450411,0.035075,0.105318,0.019466,-0.435888,0.306455,0.985670,-0.484731,-0.000628,-0.120774
-0.000624,0.039676,0.785896,-0.139040,0.014625,-0.741126,0.656648,0.095642,0.196361,0.214369,0.401014,-0.353947,0.033036,-0.681969,-0.206563,-0.127058,1.594757,-0.034370,0.261800,-0.042124,0.034095,0.287294,0.050031,0.426748,-0.477493,0.978487,0.450283,0.034939,0.105421,0.019190,-0.436184,0.306506,0.985722,-0.484526,-0.000906,-0.120641
-0.000689,0.039755,0.785968,-0.138953,0.014823,-0.740956,0.656854,0.095243,0.196565,0.213825,0.400234,-0.353432,0.032254,-0.681817,-0.206650,-0.127166,1.594275,-0.034481,0.261800,-0.042128,0.034086,0.287154,0.049599,0.427369,-0.478686,0.978318,0.450293,0.034864,0.105627,0.019444,-0.436755,0.306256,0.985281,-0.483688,-0.001548,-0.120511
-0.000786,0.039854,0.786064,-0.138865,0.015051,-0.740796,0.657047,0.094805,0.196860,0.213305,0.399465,-0.352919,0.031427,-0.681680,-0.206574,-0.127292,1.593668,-0.034568,0.261800,-0.042225,0.034084,0.286992,0.049242,0.428060,-0.479554,0.978292,0.450844,0.034817,0.105931,0.019545,-0.437282,0.305959,0.984961,-0.482698,-0.002417,-0.120457
-0.000893,0.039958,0.786173,-0.138780,0.015278,-0.740646,0.657229,0.094407,0.197167,0.212808,0.398655,-0.352397,0.030572,-0.681556,-0.206435,-0.127397,1.593078,-0.034649,0.261800,-0.042309,0.034054,0.286825,0.048849,0.428782,-0.480252,0.978472,0.451529,0.034806,0.106249,0.019552,-0.437732,0.305740,0.984727,-0.481927,-0.003161,-0.120320
-0.000978,0.040101,0.786266,-0.138692,0.015466,-0.740504,0.657403,0.094114,0.197419,0.212326,0.397790,-0.351876,0.029702,-0.681459,-0.206328,-0.127443,1.592653,-0.034746,0.261800,-0.042337,0.033934,0.286674,0.048241,0.429350,-0.480713,0.979111,0.452168,0.034824,0.106517,0.019357,-0.438038,0.305690,0.984727,-0.481891,-0.003426,-0.119960
-0.001080,0.040167,0.786346,-0.138615,0.015608,-0.740370,0.657567,0.093994,0.197585,0.211872,0.396814,-0.351336,0.028781,-0.681363,-0.206247,-0.127389,1.592423,-0.034883,0.261800,-0.042151,0.033718,0.286699,0.047647,0.430197,-0.481031,0.979612,0.452600,0.034875,0.106592,0.019380,-0.438425,0.305645,0.984389,-0.483015,-0.002949,-0.119057
-0.001212,0.040278,0.786395,-0.138543,0.015720,-0.740244,0.657721,0.093985,0.197711,0.211439,0.395771,-0.350795,0.027814,-0.681280,-0.206147,-0.127267,1.592323,-0.035046,0.261800,-0.041882,0.033426,0.286806,0.047010,0.431118,-0.481100,0.980248,0.453054,0.034948,0.106574,0.019365,-0.438774,0.305690,0.984040,-0.484968,-0.001976,-0.117800
-0.001330,0.040385,0.786447,-0.138462,0.015815,-0.740125,0.657870,0.094014,0.197804,0.211024,0.394686,-0.350237,0.026886,-0.681232,-0.206089,-0.127145,1.592298,-0.035179,0.261800,-0.041607,0.033074,0.286945,0.046369,0.432076,-0.480952,0.981009,0.453409,0.035043,0.106532,0.019268,-0.439088,0.305800,0.983708,-0.486876,-0.000970,-0.116600
-0.001451,0.040480,0.786519,-0.138360,0.015906,-0.740010,0.658019,0.093998,0.197867,0.210617,0.393592,-0.349656,0.026085,-0.681245,-0.206129,-0.127093,1.592320,-0.035247,0.261800,-0.041390,0.032693,0.287050,0.045655,0.432936,-0.480661,0.982040,0.453558,0.035156,0.106558,0.018976,-0.439358,0.305977,0.983525,-0.487836,-0.000392,-0.115875
-0.001557,0.040577,0.786587,-0.138245,0.016015,-0.739897,0.658168,0.093928,0.197882,0.210206,0.392448,-0.349025,0.025466,-0.681367,-0.206317,-0.127128,1.592415,-0.035182,0.261800,-0.041259,0.032246,0.287161,0.045080,0.433876,-0.480130,0.983043,0.453383,0.035314,0.106676,0.018529,-0.439674,0.306241,0.983323,-0.487299,-0.000455,-0.115831
-0.001677,0.040662,0.786669,-0.138113,0.016122,-0.739789,0.658314,0.093809,0.197860,0.209788,0.391320,-0.348394,0.024973,-0.681577,-0.206608,-0.127215,1.592600,-0.035030,0.261800,-0.041195,0.031762,0.287294,0.044568,0.434831,-0.479354,0.984114,0.452982,0.035506,0.106847,0.017960,-0.440022,0.306607,0.983099,-0.485825,-0.000886,-0.116207
-0.001803,0.040769,0.786734,-0.137972,0.016220,-0.739683,0.658460,0.093701,0.197826,0.209409,0.390169,-0.347740,0.024521,-0.681774,-0.206930,-0.127339,1.592779,-0.034889,0.261800,-0.041206,0.031232,0.287497,0.044224,0.435968,-0.478337,0.985022,0.452474,0.035660,0.106913,0.017334,-0.440458,0.307000,0.982807,-0.484163,-0.001438,-0.116648
-0.001924,0.040864,0.786824,-0.137844,0.016315,-0.739576,0.658605,0.093602,0.197833,0.209091,0.389074,-0.347105,0.024026,-0.681868,-0.207216,-0.127491,1.592888,-0.034871,0.261800,-0.041137,0.030775,0.287651,0.043502,0.436844,-0.477444,0.986474,0.452058,0.035733,0.106871,0.016729,-0.440795,0.307187,0.982684,-0.483174,-0.001828,-0.116880
-0.002085,0.040961,0.786897,-0.137730,0.016396,-0.739465,0.658751,0.093572,0.197868,0.208893,0.387970,-0.346480,0.023415,-0.681783,-0.207500,-0.127702,1.592886,-0.035058,0.261800,-0.041058,0.030341,0.287854,0.042643,0.437697,-0.476510,0.988127,0.451617,0.035617,0.106525,0.016164,-0.441113,0.307167,0.982631,-0.483190,-0.001977,-0.116696
-0.002223,0.041069,0.786967,-0.137614,0.016458,-0.739353,0.658899,0.093577,0.197917,0.208780,0.386872,-0.345866,0.022749,-0.681583,-0.207808,-0.127964,1.592815,-0.035372,0.261800,-0.040978,0.029878,0.288152,0.041838,0.438721,-0.475416,0.989691,0.451114,0.035353,0.105916,0.015675,-0.441469,0.306959,0.982485,-0.483742,-0.002051,-0.116270
-0.002358,0.041160,0.787018,-0.137503,0.016530,-0.739245,0.659042,0.093513,0.198007,0.208653,0.385906,-0.345280,0.022147,-0.681392,-0.208031,-0.128211,1.592730,-0.035686,0.261800,-0.040860,0.029444,0.288439,0.040956,0.439758,-0.474374,0.991335,0.450725,0.035150,0.105335,0.015181,-0.441804,0.306687,0.982351,-0.484317,-0.002121,-0.115877
-0.002488,0.041279,0.787065,-0.137392,0.016638,-0.739144,0.659176,0.093257,0.198170,0.208409,0.385233,-0.344759,0.021722,-0.681315,-0.208068,-0.128377,1.592651,-0.035864,0.261800,-0.040791,0.028979,0.288826,0.040586,0.441343,-0.473222,0.992106,0.450554,0.035185,0.104894,0.014754,-0.442266,0.306478,0.981852,-0.484340,-0.002304,-0.115691
-0.002620,0.041360,0.787131,-0.137283,0.016795,-0.739047,0.659304,0.092725,0.198437,0.207974,0.384973,-0.344327,0.021534,-0.681425,-0.207838,-0.128417,1.592607,-0.035829,0.261800,-0.040682,0.028676,0.288934,0.039628,0.442336,-0.472517,0.993773,0.450882,0.035638,0.104990,0.014092,-0.442552,0.306413,0.981784,-0.483649,-0.002616,-0.116095
-0.002759,0.041460,0.787198,-0.137177,0.016987,-0.738955,0.659424,0.092017,0.198774,0.207423,0.384967,-0.343937,0.021511,-0.681642,-0.207410,-0.128375,1.592560,-0.035661,0.261800,-0.040592,0.028452,0.288962,0.038578,0.443235,-0.471931,0.995568,0.451550,0.036351,0.105346,0.013350,-0.442825,0.306423,0.981772,-0.482498,-0.003025,-0.116822
-0.002901,0.041547,0.787277,-0.137062,0.017181,-0.738873,0.659534,0.091209,0.199163,0.206858,0.385166,-0.343621,0.021574,-0.681871,-0.206910,-0.128328,1.592503,-0.035475,0.261800,-0.040468,0.028259,0.288951,0.037461,0.444096,-0.471374,0.997431,0.452308,0.037111,0.105802,0.012541,-0.443113,0.306469,0.981809,-0.481294,-0.003399,-0.117513
-0.003044,0.041622,0.787327,-0.136973,0.017380,-0.738805,0.659624,0.090473,0.199560,0.206406,0.385321,-0.343309,0.021640,-0.682008,-0.206459,-0.128347,1.592397,-0.035378,0.261800,-0.040309,0.028079,0.289019,0.036613,0.445044,-0.470605,0.998849,0.452973,0.037778,0.106184,0.011774,-0.443471,0.306516,0.981671,-0.480434,-0.003573,-0.117800
-0.003172,0.041711,0.787400,-0.136891,0.017564,-0.738752,0.659695,0.089780,0.199994,0.206082,0.385515,-0.343053,0.021704,-0.681982,-0.206074,-0.128491,1.592190,-0.035417,0.261800,-0.040015,0.027928,0.289077,0.035602,0.445880,-0.469781,1.000463,0.453523,0.038167,0.106498,0.010959,-0.443845,0.306564,0.981604,-0.479986,-0.003440,-0.117557
-0.003336,0.041786,0.787460,-0.136827,0.017756,-0.738708,0.659752,0.089104,0.200463,0.205836,0.385751,-0.342831,0.021802,-0.681857,-0.205695,-0.128709,1.591908,-0.035528,0.261800,-0.039761,0.027818,0.289230,0.034975,0.446786,-0.468660,1.001540,0.454112,0.038521,0.106794,0.010147,-0.444341,0.306678,0.981325,-0.479759,-0.003057,-0.116968
-0.003497,0.041851,0.787502,-0.136757,0.017934,-0.738683,0.659790,0.088436,0.200926,0.205648,0.386020,-0.342631,0.021924,-0.681748,-0.205323,-0.128908,1.591659,-0.035648,0.261800,-0.039503,0.027710,0.289416,0.034454,0.447763,-0.467400,1.002384,0.454622,0.038850,0.107053,0.009339,-0.444954,0.306818,0.980952,-0.479688,-0.002719,-0.116187
-0.003650,0.041911,0.787519,-0.136669,0.018093,-0.738678,0.659810,0.087803,0.201322,0.205510,0.386247,-0.342409,0.022060,-0.681756,-0.204965,-0.129002,1.591536,-0.035706,0.261800,-0.039219,0.027587,0.289572,0.033979,0.448665,-0.466096,1.003074,0.455048,0.039340,0.107342,0.008544,-0.445580,0.306891,0.980592,-0.479850,-0.002622,-0.115436
-0.003800,0.041987,0.787545,-0.136555,0.018241,-0.738696,0.659810,0.087190,0.201666,0.205430,0.386400,-0.342168,0.022165,-0.681953,-0.204609,-0.128971,1.591587,-0.035676,0.261800,-0.038952,0.027448,0.289674,0.033570,0.449509,-0.464716,1.003545,0.455392,0.040165,0.107707,0.007754,-0.446204,0.306854,0.980238,-0.480479,-0.002939,-0.114639
-0.003918,0.042036,0.787569,-0.136425,0.018380,-0.738732,0.659792,0.086597,0.201974,0.205412,0.386511,-0.341923,0.022259,-0.682261,-0.204254,-0.128859,1.591741,-0.035597,0.261800,-0.038619,0.027304,0.289674,0.033030,0.450166,-0.463385,1.004116,0.455680,0.041219,0.108169,0.006898,-0.446726,0.306736,0.980064,-0.481513,-0.003495,-0.113783
-0.004035,0.042083,0.787601,-0.136290,0.018489,-0.738788,0.659755,0.086060,0.202212,0.205434,0.386621,-0.341653,0.022425,-0.682593,-0.203930,-0.128676,1.591973,-0.035509,0.261800,-0.038381,0.027119,0.289850,0.032995,0.451089,-0.461684,1.003907,0.455870,0.042162,0.108480,0.006114,-0.447490,0.306700,0.979557,-0.482401,-0.004069,-0.112952
-0.004198,0.042159,0.787649,-0.136153,0.018537,-0.738862,0.659698,0.085618,0.202344,0.205472,0.386782,-0.341347,0.022744,-0.682851,-0.203655,-0.128432,1.592230,-0.035452,0.261800,-0.037986,0.026876,0.290038,0.032778,0.451882,-0.460185,1.003918,0.455822,0.042720,0.108676,0.005285,-0.448183,0.306743,0.979216,-0.482815,-0.004354,-0.112477
-0.004311,0.042155,0.787692,-0.136017,0.018494,-0.738958,0.659620,0.085354,0.202289,0.205510,0.386938,-0.340924,0.023295,-0.682985,-0.203488,-0.128088,1.592530,-0.035429,0.261800,-0.037413,0.026530,0.290297,0.032427,0.452531,-0.458749,1.004118,0.455523,0.042738,0.108690,0.004389,-0.448811,0.306940,0.979046,-0.482360,-0.004224,-0.112498
-0.004485,0.042188,0.787727,-0.135874,0.018378,-0.739074,0.659523,0.085180,0.202103,0.205552,0.387173,-0.340468,0.024014,-0.683056,-0.203401,-0.127655,1.592887,-0.035419,0.261800,-0.036596,0.026104,0.290513,0.031677,0.452922,-0.457605,1.004815,0.454962,0.042411,0.108632,0.003422,-0.449240,0.307151,0.979193,-0.481430,-0.003827,-0.112916
-0.004646,0.042250,0.787748,-0.135737,0.018256,-0.739206,0.659406,0.085040,0.201907,0.205652,0.387414,-0.340024,0.024776,-0.683130,-0.203287,-0.127204,1.593267,-0.035439,0.261800,-0.036030,0.025686,0.290888,0.031500,0.453492,-0.456051,1.004779,0.454406,0.041915,0.108430,0.002345,-0.449915,0.307646,0.979139,-0.480430,-0.003369,-0.113368
-0.004813,0.042277,0.787767,-0.135593,0.018171,-0.739350,0.659277,0.084844,0.201831,0.205863,0.387642,-0.339664,0.025452,-0.683279,-0.203047,-0.126805,1.593632,-0.035494,0.261800,-0.035550,0.025366,0.291243,0.031465,0.454137,-0.454674,1.004463,0.453853,0.041473,0.108231,0.001245,-0.450692,0.308181,0.979015,-0.480002,-0.003001,-0.113687
-0.004970,0.042321,0.787758,-0.135455,0.018157,-0.739505,0.659132,0.084537,0.201913,0.206222,0.387899,-0.339465,0.026036,-0.683541,-0.202653,-0.126450,1.594015,-0.035611,0.261800,-0.035064,0.025166,0.291518,0.031309,0.454746,-0.453753,1.004123,0.453264,0.041164,0.108083,0.000120,-0.451409,0.308642,0.978955,-0.480646,-0.002672,-0.113927
-0.005149,0.042355,0.787756,-0.135313,0.018171,-0.739675,0.658970,0.084182,0.202082,0.206701,0.388170,-0.339358,0.026587,-0.683876,-0.202158,-0.126110,1.594427,-0.035781,0.261800,-0.034678,0.025043,0.291877,0.031488,0.455600,-0.452901,1.003162,0.452585,0.040847,0.107850,-0.000943,-0.452368,0.309167,0.978612,-0.481829,-0.002352,-0.114089
-0.005292,0.042385,0.787755,-0.135175,0.018201,-0.739856,0.658794,0.083828,0.202306,0.207217,0.388430,-0.339267,0.027078,-0.684222,-0.201589,-0.125822,1.594783,-0.035949,0.261800,-0.034184,0.024958,0.292103,0.031341,0.456229,-0.452426,1.002618,0.451931,0.040516,0.107706,-0.002072,-0.453048,0.309533,0.978544,-0.483176,-0.002116,-0.114227
-0.005454,0.042411,0.787764,-0.135038,0.018226,-0.740049,0.658605,0.083469,0.202561,0.207685,0.388763,-0.339176,0.027486,-0.684536,-0.200967,-0.125625,1.595027,-0.036068,0.261800,-0.033741,0.024902,0.292325,0.031382,0.456881,-0.451836,1.001907,0.451439,0.040100,0.107576,-0.003164,-0.453749,0.309815,0.978376,-0.483951,-0.002121,-0.114149
-0.005631,0.042457,0.787789,-0.134931,0.018269,-0.740256,0.658393,0.083158,0.202836,0.208100,0.389087,-0.339017,0.027760,-0.684806,-0.200264,-0.125517,1.595104,-0.036148,0.261800,-0.033314,0.024869,0.292455,0.031423,0.457383,-0.451197,1.001369,0.451155,0.039543,0.107557,-0.004311,-0.454309,0.309930,0.978315,-0.484020,-0.002486,-0.113678
-0.005784,0.042437,0.787819,-0.134815,0.018305,-0.740481,0.658163,0.082864,0.203150,0.208500,0.389424,-0.338840,0.027929,-0.685066,-0.199478,-0.125481,1.595073,-0.036207,0.261800,-0.033004,0.024891,0.292623,0.031804,0.457976,-0.450344,1.000443,0.451034,0.038866,0.107543,-0.005406,-0.454994,0.309989,0.978031,-0.483588,-0.003138,-0.112846
-0.005965,0.042453,0.787842,-0.134716,0.018355,-0.740707,0.657927,0.082570,0.203496,0.208882,0.389785,-0.338665,0.028082,-0.685296,-0.198680,-0.125532,1.594979,-0.036210,0.261800,-0.032608,0.024935,0.292679,0.031880,0.458356,-0.449783,0.999955,0.450962,0.038209,0.107570,-0.006559,-0.455452,0.309977,0.978010,-0.483032,-0.003813,-0.112200
-0.006136,0.042465,0.787880,-0.134630,0.018412,-0.740919,0.657704,0.082229,0.203874,0.209236,0.390243,-0.338549,0.028313,-0.685495,-0.197932,-0.125682,1.594881,-0.036119,0.261800,-0.032192,0.024997,0.292735,0.031865,0.458655,-0.449427,0.999532,0.450892,0.037725,0.107530,-0.007691,-0.455818,0.310028,0.978051,-0.482535,-0.004263,-0.112132
-0.006309,0.042472,0.787900,-0.134560,0.018487,-0.741119,0.657491,0.081839,0.204302,0.209558,0.390796,-0.338485,0.028657,-0.685661,-0.197237,-0.125970,1.594790,-0.035872,0.261800,-0.031699,0.025096,0.292771,0.031621,0.458879,-0.449399,0.999307,0.450774,0.037416,0.107352,-0.008770,-0.456083,0.310139,0.978209,-0.482084,-0.004454,-0.113025
-0.006464,0.042481,0.787930,-0.134500,0.018571,-0.741312,0.657283,0.081420,0.204776,0.209852,0.391409,-0.338447,0.029063,-0.685805,-0.196567,-0.126375,1.594676,-0.035503,0.261800,-0.031202,0.025249,0.292834,0.031425,0.459246,-0.449595,0.998910,0.450541,0.037196,0.107031,-0.009774,-0.456492,0.310338,0.978303,-0.481454,-0.004547,-0.114488
-0.006627,0.042495,0.787896,-0.134453,0.018660,-0.741495,0.657084,0.080981,0.205254,0.210134,0.392084,-0.338456,0.029485,-0.685917,-0.195938,-0.126825,1.594553,-0.035141,0.261800,-0.030658,0.025411,0.292980,0.031358,0.459675,-0.449863,0.998224,0.450330,0.037079,0.106684,-0.010509,-0.456955,0.310455,0.978035,-0.480784,-0.004526,-0.115911
-0.006775,0.042497,0.787919,-0.134402,0.018729,-0.741670,0.656895,0.080608,0.205680,0.210438,0.392667,-0.338444,0.029881,-0.685998,-0.195376,-0.127245,1.594440,-0.034911,0.261800,-0.030125,0.025505,0.293136,0.031056,0.459908,-0.450033,0.997926,0.450363,0.036937,0.106456,-0.011369,-0.457219,0.310515,0.977896,-0.480335,-0.004469,-0.116735
-0.006940,0.042517,0.787899,-0.134339,0.018753,-0.741828,0.656729,0.080324,0.206026,0.210770,0.393126,-0.338387,0.030258,-0.686018,-0.194902,-0.127624,1.594334,-0.034873,0.261800,-0.029633,0.025510,0.293328,0.030694,0.460006,-0.450093,0.997808,0.450656,0.036759,0.106377,-0.012175,-0.457347,0.310536,0.977619,-0.480033,-0.004259,-0.116647
-0.007104,0.042515,0.787943,-0.134286,0.018767,-0.741969,0.656580,0.080057,0.206344,0.211100,0.393599,-0.338358,0.030632,-0.685985,-0.194496,-0.128012,1.594235,-0.034956,0.261800,-0.029190,0.025544,0.293716,0.030419,0.460284,-0.450085,0.997414,0.450976,0.036502,0.106272,-0.012974,-0.457794,0.310582,0.977055,-0.479575,-0.004026,-0.115867
-0.007296,0.042522,0.787952,-0.134230,0.018783,-0.742115,0.656426,0.079832,0.206632,0.211455,0.393981,-0.338309,0.030976,-0.685977,-0.194124,-0.128369,1.594147,-0.035074,0.261800,-0.028722,0.025501,0.293995,0.030106,0.460365,-0.450017,0.997227,0.451471,0.036387,0.106277,-0.013639,-0.457966,0.310571,0.976478,-0.479399,-0.003761,-0.115028
-0.007444,0.042508,0.787966,-0.134167,0.018812,-0.742282,0.656249,0.079569,0.206969,0.211808,0.394418,-0.338326,0.031256,-0.686060,-0.193737,-0.128711,1.594106,-0.035148,0.261800,-0.028310,0.025546,0.294396,0.029921,0.460480,-0.449680,0.996763,0.451947,0.036392,0.106222,-0.014416,-0.458324,0.310567,0.975864,-0.479300,-0.003807,-0.114331
-0.007623,0.042514,0.787957,-0.134090,0.018873,-0.742481,0.656038,0.079287,0.207334,0.212181,0.394797,-0.338370,0.031453,-0.686276,-0.193352,-0.129048,1.594107,-0.035150,0.261800,-0.027763,0.025573,0.294555,0.029684,0.460510,-0.449390,0.996483,0.452411,0.036684,0.106253,-0.015075,-0.458524,0.310535,0.975418,-0.479463,-0.004194,-0.114040
-0.007794,0.042499,0.787957,-0.134016,0.018958,-0.742698,0.655805,0.078990,0.207737,0.212562,0.395170,-0.338455,0.031583,-0.686564,-0.192977,-0.129396,1.594136,-0.035123,0.261800,-0.027510,0.025717,0.294954,0.029930,0.460497,-0.448306,0.995579,0.453180,0.037114,0.106230,-0.015813,-0.459049,0.310581,0.974646,-0.479749,-0.004909,-0.113708
-0.007960,0.042498,0.787935,-0.133927,0.019035,-0.742925,0.655563,0.078701,0.208124,0.212954,0.395537,-0.338547,0.031690,-0.686920,-0.192586,-0.129653,1.594208,-0.035098,0.261800,-0.027134,0.025820,0.295219,0.029975,0.460423,-0.447486,0.994970,0.453750,0.037590,0.106218,-0.016524,-0.459416,0.310642,0.974047,-0.480141,-0.005620,-0.113539
-0.008120,0.042493,0.787950,-0.133842,0.019098,-0.743149,0.655325,0.078412,0.208491,0.213348,0.395982,-0.338654,0.031810,-0.687325,-0.192140,-0.129740,1.594321,-0.035100,0.261800,-0.026874,0.025948,0.295567,0.030042,0.460265,-0.446583,0.994379,0.454148,0.037901,0.106088,-0.017293,-0.459867,0.310856,0.973388,-0.480507,-0.006150,-0.113407
-0.008280,0.042468,0.787937,-0.133740,0.019127,-0.743368,0.655097,0.078121,0.208795,0.213732,0.396515,-0.338744,0.031958,-0.687815,-0.191645,-0.129592,1.594514,-0.035153,0.261800,-0.026582,0.026026,0.295943,0.029937,0.460091,-0.445928,0.993966,0.454160,0.038020,0.105796,-0.018101,-0.460245,0.311108,0.972757,-0.480969,-0.006375,-0.113363
-0.008454,0.042450,0.787951,-0.133620,0.019131,-0.743590,0.654869,0.077826,0.209058,0.214113,0.397105,-0.338829,0.032112,-0.688387,-0.191113,-0.129263,1.594776,-0.035234,0.261800,-0.026186,0.026044,0.296325,0.029660,0.459964,-0.445503,0.993697,0.453872,0.038026,0.105379,-0.018891,-0.460474,0.311306,0.972165,-0.481576,-0.006439,-0.113421
-0.008626,0.042427,0.787942,-0.133514,0.019135,-0.743810,0.654641,0.077549,0.209336,0.214510,0.397725,-0.338953,0.032260,-0.688963,-0.190529,-0.128857,1.595038,-0.035319,0.261800,-0.025744,0.026039,0.296725,0.029344,0.459879,-0.445216,0.993449,0.453415,0.037988,0.104951,-0.019622,-0.460609,0.311488,0.971572,-0.482139,-0.006460,-0.113553
-0.008805,0.042390,0.787959,-0.133437,0.019146,-0.744027,0.654410,0.077332,0.209676,0.214943,0.398300,-0.339133,0.032388,-0.689468,-0.189877,-0.128474,1.595241,-0.035387,0.261800,-0.025380,0.026090,0.297177,0.029092,0.459749,-0.444852,0.993163,0.452968,0.037944,0.104608,-0.020363,-0.460786,0.311795,0.970994,-0.482438,-0.006582,-0.113714
-0.008979,0.042354,0.787949,-0.133420,0.019177,-0.744246,0.654163,0.077217,0.210125,0.215460,0.398805,-0.339406,0.032482,-0.689869,-0.189074,-0.128103,1.595359,-0.035425,0.261800,-0.025285,0.026278,0.297680,0.029072,0.459463,-0.444205,0.992822,0.452441,0.037861,0.104368,-0.021257,-0.461114,0.312551,0.970507,-0.482156,-0.006861,-0.113908
-0.009185,0.042332,0.787915,-0.133432,0.019211,-0.744469,0.653906,0.077193,0.210633,0.216048,0.399236,-0.339728,0.032553,-0.690210,-0.188159,-0.127697,1.595428,-0.035447,0.261800,-0.025116,0.026510,0.298187,0.028979,0.459150,-0.443718,0.992574,0.451699,0.037748,0.104184,-0.022018,-0.461424,0.313326,0.970003,-0.481594,-0.007219,-0.114174
-0.009354,0.042315,0.787893,-0.133463,0.019262,-0.744676,0.653662,0.077126,0.211158,0.216586,0.399741,-0.340094,0.032623,-0.690528,-0.187280,-0.127333,1.595466,-0.035466,0.261800,-0.025046,0.026781,0.298687,0.028861,0.458753,-0.443299,0.992381,0.451090,0.037668,0.104104,-0.022769,-0.461765,0.314168,0.969496,-0.481023,-0.007556,-0.114450
-0.009521,0.042292,0.787837,-0.133456,0.019299,-0.744854,0.653460,0.076928,0.211647,0.216965,0.400391,-0.340459,0.032715,-0.690839,-0.186595,-0.127086,1.595483,-0.035497,0.261800,-0.025044,0.027037,0.299170,0.028634,0.458330,-0.443084,0.992224,0.450901,0.037691,0.104170,-0.023467,-0.462085,0.314881,0.968930,-0.480779,-0.007777,-0.114690
-0.009695,0.042262,0.787834,-0.133420,0.019357,-0.744984,0.653317,0.076461,0.212101,0.217098,0.401356,-0.340861,0.032875,-0.691166,-0.186172,-0.127014,1.595472,-0.035568,0.261800,-0.025128,0.027249,0.299613,0.028286,0.457933,-0.443148,0.992057,0.451372,0.037923,0.104443,-0.024106,-0.462342,0.315451,0.968293,-0.481061,-0.007795,-0.114921
-0.009876,0.042218,0.787815,-0.133367,0.019428,-0.745082,0.653214,0.075846,0.212530,0.217072,0.402472,-0.341270,0.033078,-0.691487,-0.185924,-0.127056,1.595423,-0.035660,0.261800,-0.025235,0.027384,0.300068,0.027925,0.457680,-0.443416,0.991740,0.452291,0.038307,0.104856,-0.024665,-0.462484,0.315850,0.967577,-0.481720,-0.007679,-0.115163
-0.010056,0.042186,0.787821,-0.133317,0.019487,-0.745169,0.653124,0.075229,0.212932,0.217000,0.403637,-0.341704,0.033243,-0.691792,-0.185761,-0.127129,1.595386,-0.035732,0.261800,-0.025396,0.027472,0.300568,0.027617,0.457494,-0.443716,0.991308,0.453250,0.038644,0.105292,-0.025175,-0.462572,0.316139,0.966775,-0.482456,-0.007565,-0.115347
-0.010233,0.042152,0.787809,-0.133280,0.019506,-0.745267,0.653018,0.074828,0.213285,0.217016,0.404577,-0.342092,0.033284,-0.692078,-0.185597,-0.127139,1.595416,-0.035748,0.261800,-0.025580,0.027594,0.301072,0.027260,0.457271,-0.444073,0.991028,0.453752,0.038730,0.105654,-0.025743,-0.462641,0.316421,0.966082,-0.482890,-0.007617,-0.115415
-0.010409,0.042097,0.787795,-0.133255,0.019464,-0.745382,0.652893,0.074733,0.213526,0.217145,0.405181,-0.342393,0.033139,-0.692346,-0.185431,-0.127003,1.595554,-0.035682,0.261800,-0.025814,0.027607,0.301610,0.027209,0.457209,-0.444178,0.990509,0.453789,0.038421,0.105822,-0.026086,-0.462648,0.316454,0.965158,-0.483074,-0.007930,-0.115229
-0.010566,0.042062,0.787750,-0.133285,0.019440,-0.745490,0.652765,0.074679,0.213866,0.217241,0.405854,-0.342770,0.032837,-0.692560,-0.185229,-0.126935,1.595719,-0.035538,0.261800,-0.026159,0.027816,0.302333,0.026986,0.456951,-0.444437,0.990115,0.453336,0.037911,0.106129,-0.026786,-0.462651,0.316359,0.964413,-0.483093,-0.008362,-0.114831
-0.010732,0.042027,0.787670,-0.133297,0.019361,-0.745610,0.652627,0.074804,0.214081,0.217444,0.406311,-0.343083,0.032532,-0.692777,-0.185104,-0.126792,1.595920,-0.035392,0.261800,-0.026471,0.027904,0.303060,0.026897,0.456801,-0.444590,0.989580,0.452887,0.037355,0.106270,-0.027231,-0.462636,0.316299,0.963478,-0.483020,-0.008799,-0.114526
-0.010895,0.041996,0.787624,-0.133307,0.019255,-0.745747,0.652472,0.075055,0.214232,0.217775,0.406609,-0.343351,0.032334,-0.692987,-0.185058,-0.126656,1.596090,-0.035281,0.261800,-0.026616,0.027975,0.303839,0.026506,0.456572,-0.444928,0.989265,0.452528,0.036975,0.106321,-0.027725,-0.462596,0.316445,0.962737,-0.482912,-0.009103,-0.114570
-0.011065,0.041963,0.787553,-0.133303,0.019103,-0.745892,0.652312,0.075453,0.214288,0.218249,0.406725,-0.343584,0.032303,-0.693170,-0.185153,-0.126541,1.596205,-0.035205,0.261800,-0.026645,0.027976,0.304664,0.025955,0.456306,-0.445429,0.988990,0.452306,0.036951,0.106182,-0.028235,-0.462546,0.317073,0.962138,-0.482605,-0.009215,-0.115313
-0.011212,0.041899,0.787518,-0.133296,0.018919,-0.746046,0.652142,0.075987,0.214263,0.218839,0.406680,-0.343792,0.032365,-0.693339,-0.185355,-0.126435,1.596314,-0.035147,0.261800,-0.026709,0.027917,0.305443,0.025271,0.455961,-0.446041,0.988934,0.452049,0.037107,0.105920,-0.029028,-0.462475,0.318288,0.961968,-0.482014,-0.009226,-0.116545
-0.011364,0.041858,0.787513,-0.133275,0.018706,-0.746221,0.651952,0.076603,0.214198,0.219527,0.406545,-0.343961,0.032443,-0.693520,-0.185556,-0.126303,1.596406,-0.035117,0.261800,-0.026560,0.027815,0.306549,0.024751,0.455872,-0.446361,0.988315,0.452044,0.037204,0.105568,-0.029365,-0.462453,0.318963,0.961158,-0.481778,-0.009160,-0.117560
-0.011534,0.041777,0.787508,-0.133243,0.018487,-0.746432,0.651724,0.077283,0.214115,0.220316,0.406314,-0.344043,0.032458,-0.693747,-0.185657,-0.126106,1.596486,-0.035132,0.261800,-0.026751,0.027684,0.307132,0.024211,0.455469,-0.446872,0.988510,0.451656,0.037070,0.105526,-0.030649,-0.462291,0.321044,0.961600,-0.481112,-0.008825,-0.118144
-0.011692,0.041682,0.787519,-0.133192,0.018255,-0.746697,0.651437,0.078029,0.214016,0.221250,0.406002,-0.344028,0.032376,-0.694046,-0.185591,-0.125814,1.596547,-0.035213,0.261800,-0.026697,0.027542,0.307929,0.023781,0.455188,-0.447015,0.988459,0.451526,0.036514,0.105710,-0.031539,-0.462110,0.322469,0.961514,-0.481146,-0.008245,-0.117621
-0.011847,0.041634,0.787523,-0.133127,0.018007,-0.747003,0.651106,0.078852,0.213886,0.222313,0.405591,-0.343934,0.032245,-0.694390,-0.185432,-0.125458,1.596585,-0.035344,0.261800,-0.026700,0.027348,0.308629,0.023431,0.454807,-0.446962,0.988610,0.451452,0.035719,0.106089,-0.032705,-0.461771,0.324254,0.961774,-0.481337,-0.007417,-0.116546
